{
	"variants": {
		"normal": [
		{	"model": "minecraft:leaves/dark_oak/0", "weight": 99 },
		{	"model": "minecraft:leaves/dark_oak/0", "y": 90, "weight": 98 },
		{	"model": "minecraft:leaves/dark_oak/0", "y": 180, "weight": 95 },
		{	"model": "minecraft:leaves/dark_oak/0", "y": 270, "weight": 97 },
		                                                
		{	"model": "minecraft:leaves/dark_oak/1"	, "weight": 95 },
		{	"model": "minecraft:leaves/dark_oak/1", "y": 90, "weight": 96 },
		{	"model": "minecraft:leaves/dark_oak/1", "y": 180, "weight": 95 },
		{	"model": "minecraft:leaves/dark_oak/1", "y": 270, "weight": 99 },
		                                                
		{	"model": "minecraft:leaves/dark_oak/2"	, "weight": 92 },
		{	"model": "minecraft:leaves/dark_oak/2", "y": 90, "weight": 99 },
		{	"model": "minecraft:leaves/dark_oak/2", "y": 180, "weight": 94 },
		{	"model": "minecraft:leaves/dark_oak/2", "y": 270, "weight": 97 },
		                                                
		{	"model": "minecraft:leaves/dark_oak/3"	, "weight": 98 },
		{	"model": "minecraft:leaves/dark_oak/3", "y": 90, "weight": 93 },
		{	"model": "minecraft:leaves/dark_oak/3", "y": 180, "weight": 96 },
		{	"model": "minecraft:leaves/dark_oak/3", "y": 270, "weight": 98 },
		                                                
		{	"model": "minecraft:leaves/dark_oak/4"	, "weight": 96 },
		{	"model": "minecraft:leaves/dark_oak/4", "y": 90, "weight": 98 },
		{	"model": "minecraft:leaves/dark_oak/4", "y": 180, "weight": 94 },
		{	"model": "minecraft:leaves/dark_oak/4", "y": 270, "weight": 96 }
		]
	}
}