{
	"multipart":[
				{ "apply": [
							{ "model": "ores/gold_ore/1_1", "weight":	99	 },
							{ "model": "ores/gold_ore/1_2", "weight":	95	 }
							]
				},
				{ "apply": [
							{ "model": "ores/gold_ore/2_1", "weight":	97	 },
							{ "model": "ores/gold_ore/2_2", "weight":	92	 },
							{ "model": "_placeholder", "weight":	89	 }
							]
				},
				{ "apply": [
							{ "model": "ores/gold_ore/3_1", "weight":	77	 },
							{ "model": "ores/gold_ore/3_2", "weight":	75	 },
							{ "model": "_placeholder", "weight":	88	 }
							]
				},
				{ "apply": [
							{ "model": "ores/gold_ore/4_1", "weight":	85	 },
							{ "model": "ores/gold_ore/4_2", "weight":	82	 },
							{ "model": "_placeholder", "weight":	81	 }
							]
				},
				{ "apply": [
							{ "model": "ores/gold_ore/5_1", "weight":	96	 },
							{ "model": "ores/gold_ore/5_2", "weight":	91	 },
							{ "model": "_placeholder", "weight":	94	 }
							]
				},
				{ "apply": [
							{ "model": "ores/gold_ore/6_1", "weight":	95	 },
							{ "model": "ores/gold_ore/6_2", "weight":	91	 }
							]
				},
				{ "apply": [
							{ "model": "ores/gold_ore/7_1", "weight":	97	 },
							{ "model": "ores/gold_ore/7_2", "weight":	93	 },
							{ "model": "_placeholder", "weight":	87	 }
							]
				},
				{ "apply": [
							{ "model": "ores/gold_ore/8_1", "weight":	98	 },
							{ "model": "ores/gold_ore/8_2", "weight":	98	 }
							]
				},
				
				
				
				
				{ "apply": [
							{ "model": "ores/gold_ore/1_1", "y": 90 , "weight":	95	 },
							{ "model": "ores/gold_ore/1_2", "y": 90 , "weight":	93	 }
							]
				},
				{ "apply": [
							{ "model": "ores/gold_ore/2_1", "y": 90 , "weight":	97	 },
							{ "model": "ores/gold_ore/2_2", "y": 90 , "weight":	94	 },
							{ "model": "_placeholder", "weight":	84	 }
							]
				},
				{ "apply": [
							{ "model": "ores/gold_ore/3_1", "y": 90 , "weight":	77	 },
							{ "model": "ores/gold_ore/3_2", "y": 90 , "weight":	76	 },
							{ "model": "_placeholder", "weight":	84	 }
							]
				},
				{ "apply": [
							{ "model": "ores/gold_ore/4_1", "y": 90 , "weight":	88	 },
							{ "model": "ores/gold_ore/4_2", "y": 90 , "weight":	88	 },
							{ "model": "_placeholder", "weight":	80	 }
							]
				},
				{ "apply": [
							{ "model": "ores/gold_ore/5_1", "y": 90 , "weight":	95	 },
							{ "model": "ores/gold_ore/5_2", "y": 90 , "weight":	98	 },
							{ "model": "_placeholder", "weight":	96	 }
							]
				},
				{ "apply": [
							{ "model": "ores/gold_ore/6_1", "y": 90 , "weight":	99	 },
							{ "model": "ores/gold_ore/6_2", "y": 90 , "weight":	94	 }
							]
				},
				{ "apply": [
							{ "model": "ores/gold_ore/7_1", "y": 90 , "weight":	97	 },
							{ "model": "ores/gold_ore/7_2", "y": 90 , "weight":	97	 },
							{ "model": "_placeholder", "weight":	82	 }
							]
				},
				{ "apply": [
							{ "model": "ores/gold_ore/8_1", "y": 90 , "weight":	98	 },
							{ "model": "ores/gold_ore/8_2", "y": 90 , "weight":	93	 }
							]
				},
				
				
				
				{ "apply": [
							{ "model": "ores/gold_ore/1_1", "y": 180 , "weight":	92	 },
							{ "model": "ores/gold_ore/1_2", "y": 180 , "weight":	97	 }
							]
				},
				{ "apply": [
							{ "model": "ores/gold_ore/2_1", "y": 180 , "weight":	92	 },
							{ "model": "ores/gold_ore/2_2", "y": 180 , "weight":	96	 },
							{ "model": "_placeholder", "weight":	82	 }
							]
				},
				{ "apply": [
							{ "model": "ores/gold_ore/3_1", "y": 180 , "weight":	72	 },
							{ "model": "ores/gold_ore/3_2", "y": 180 , "weight":	76	 },
							{ "model": "_placeholder", "weight":	88	 }
							]
				},
				{ "apply": [
							{ "model": "ores/gold_ore/4_1", "y": 180 , "weight":	85	 },
							{ "model": "ores/gold_ore/4_2", "y": 180 , "weight":	82	 },
							{ "model": "_placeholder", "weight":	87	 }
							]
				},
				{ "apply": [
							{ "model": "ores/gold_ore/5_1", "y": 180 , "weight":	93	 },
							{ "model": "ores/gold_ore/5_2", "y": 180 , "weight":	96	 },
							{ "model": "_placeholder", "weight":	92	 }
							]
				},
				{ "apply": [
							{ "model": "ores/gold_ore/6_1", "y": 180 , "weight":	92	 },
							{ "model": "ores/gold_ore/6_2", "y": 180 , "weight":	96	 }
							]
				},
				{ "apply": [
							{ "model": "ores/gold_ore/7_1", "y": 180 , "weight":	90	 },
							{ "model": "ores/gold_ore/7_2", "y": 180 , "weight":	92	 },
							{ "model": "_placeholder", "weight":	84	 }
							]
				},
				{ "apply": [
							{ "model": "ores/gold_ore/8_1", "y": 180 , "weight":	98	 },
							{ "model": "ores/gold_ore/8_2", "y": 180 , "weight":	96	 }
							]
				},
				
				
				{ "apply": [
							{ "model": "ores/gold_ore/1_1", "y": 270 , "weight":	92	 },
							{ "model": "ores/gold_ore/1_2", "y": 270 , "weight":	95	 }
							]
				},
				{ "apply": [
							{ "model": "ores/gold_ore/2_1", "y": 270 , "weight":	92	 },
							{ "model": "ores/gold_ore/2_2", "y": 270 , "weight":	95	 },
							{ "model": "_placeholder", "weight":	87	 }
							]
				},
				{ "apply": [
							{ "model": "ores/gold_ore/3_1", "y": 270 , "weight":	73	 },
							{ "model": "ores/gold_ore/3_2", "y": 270 , "weight":	76	 },
							{ "model": "_placeholder", "weight":	80	 }
							]
				},
				{ "apply": [
							{ "model": "ores/gold_ore/4_1", "y": 270 , "weight":	82	 },
							{ "model": "ores/gold_ore/4_2", "y": 270 , "weight":	86	 },
							{ "model": "_placeholder", "weight":	88	 }
							]
				},
				{ "apply": [
							{ "model": "ores/gold_ore/5_1", "y": 270 , "weight":	92	 },
							{ "model": "ores/gold_ore/5_2", "y": 270 , "weight":	96	 },
							{ "model": "_placeholder", "weight":	96	 }
							]
				},
				{ "apply": [
							{ "model": "ores/gold_ore/6_1", "y": 270 , "weight":	99	 },
							{ "model": "ores/gold_ore/6_2", "y": 270 , "weight":	95	 }
							]
				},
				{ "apply": [
							{ "model": "ores/gold_ore/7_1", "y": 270 , "weight":	92	 },
							{ "model": "ores/gold_ore/7_2", "y": 270 , "weight":	95	 },
							{ "model": "_placeholder", "weight":	83	 }
							]
				},
				{ "apply": [
							{ "model": "ores/gold_ore/8_1", "y": 270 , "weight":	98	 },
							{ "model": "ores/gold_ore/8_2", "y": 270 , "weight":	93	 }
							]
				},
				
				
				{ "apply": [
							{ "model": "ores/gold_ore/1_1", "x": 90 , "weight":	96	 },
							{ "model": "ores/gold_ore/1_2", "x": 90 , "weight":	93	 }
							]
				},
				{ "apply": [
							{ "model": "ores/gold_ore/2_1", "x": 90 , "weight":	94	 },
							{ "model": "ores/gold_ore/2_2", "x": 90 , "weight":	92	 },
							{ "model": "_placeholder", "weight":	81	 }
							]
				},
				{ "apply": [
							{ "model": "ores/gold_ore/3_1", "x": 90 , "weight":	77	 },
							{ "model": "ores/gold_ore/3_2", "x": 90 , "weight":	73	 },
							{ "model": "_placeholder", "weight":	80	 }
							]
				},
				{ "apply": [
							{ "model": "ores/gold_ore/4_1", "x": 90 , "weight":	82	 },
							{ "model": "ores/gold_ore/4_2", "x": 90 , "weight":	85	 },
							{ "model": "_placeholder", "weight":	82	 }
							]
				},
				{ "apply": [
							{ "model": "ores/gold_ore/5_1", "x": 90 , "weight":	96	 },
							{ "model": "ores/gold_ore/5_2", "x": 90 , "weight":	92	 },
							{ "model": "_placeholder", "weight":	99	 }
							]
				},
				{ "apply": [
							{ "model": "ores/gold_ore/6_1", "x": 90 , "weight":	91	 },
							{ "model": "ores/gold_ore/6_2", "x": 90 , "weight":	96	 }
							]
				},
				{ "apply": [
							{ "model": "ores/gold_ore/7_1", "x": 90 , "weight":	97	 },
							{ "model": "ores/gold_ore/7_2", "x": 90 , "weight":	93	 },
							{ "model": "_placeholder", "weight":	88	 }
							]
				},
				{ "apply": [
							{ "model": "ores/gold_ore/8_1", "x": 90 , "weight":	98	 },
							{ "model": "ores/gold_ore/8_2", "x": 90 , "weight":	98	 }
							]
				},
				
				
				
				{ "apply": [
							{ "model": "ores/gold_ore/1_1", "x": 270 , "weight":	92	 },
							{ "model": "ores/gold_ore/1_2", "x": 270 , "weight":	98	 }
							]
				},
				{ "apply": [
							{ "model": "ores/gold_ore/2_1", "x": 270 , "weight":	92	 },
							{ "model": "ores/gold_ore/2_2", "x": 270 , "weight":	93	 },
							{ "model": "_placeholder", "weight":	82	 }
							]
				},
				{ "apply": [
							{ "model": "ores/gold_ore/3_1", "x": 270 , "weight":	78	 },
							{ "model": "ores/gold_ore/3_2", "x": 270 , "weight":	73	 },
							{ "model": "_placeholder", "weight":	83	 }
							]
				},
				{ "apply": [
							{ "model": "ores/gold_ore/4_1", "x": 270 , "weight":	81	 },
							{ "model": "ores/gold_ore/4_2", "x": 270 , "weight":	87	 },
							{ "model": "_placeholder", "weight":	89	 }
							]
				},
				{ "apply": [
							{ "model": "ores/gold_ore/5_1", "x": 270 , "weight":	95	 },
							{ "model": "ores/gold_ore/5_2", "x": 270 , "weight":	97	 },
							{ "model": "_placeholder", "weight":	90	 }
							]
				},
				{ "apply": [
							{ "model": "ores/gold_ore/6_1", "x": 270 , "weight":	96	 },
							{ "model": "ores/gold_ore/6_2", "x": 270 , "weight":	92	 }
							]
				},
				{ "apply": [
							{ "model": "ores/gold_ore/7_1", "x": 270 , "weight":	91	 },
							{ "model": "ores/gold_ore/7_2", "x": 270 , "weight":	98	 },
							{ "model": "_placeholder", "weight":	88	 }
							]
				},
				{ "apply": [
							{ "model": "ores/gold_ore/8_1", "x": 270 , "weight":	98	 },
							{ "model": "ores/gold_ore/8_2", "x": 270 , "weight":	98	 }
							]
				},
				{ "apply": { "model": "ores/gold_ore/gold_ore_blank"}}
		
	]
}