{
	"multipart":[
				{ "apply": [
							{ "model": "ores/iron_ore/1_1", "weight":	99	 },
							{ "model": "ores/iron_ore/1_2", "weight":	95	 },
							{ "model": "_placeholder", "weight":	99	 }
							]
				},
				{ "apply": [
							{ "model": "ores/iron_ore/2_1", "weight":	97	 },
							{ "model": "ores/iron_ore/2_2", "weight":	92	 },
							{ "model": "_placeholder", "weight":	97	 }
							]
				},
				{ "apply": [
							{ "model": "ores/iron_ore/3_1", "weight":	97	 },
							{ "model": "ores/iron_ore/3_2", "weight":	95	 },
							{ "model": "_placeholder", "weight":	97	 }
							]
				},
				{ "apply": [
							{ "model": "ores/iron_ore/4_1", "weight":	95	 },
							{ "model": "ores/iron_ore/4_2", "weight":	92	 },
							{ "model": "_placeholder", "weight":	71	 }
							]
				},
				{ "apply": [
							{ "model": "ores/iron_ore/5_1", "weight":	96	 },
							{ "model": "ores/iron_ore/5_2", "weight":	91	 },
							{ "model": "_placeholder", "weight":	74	 }
							]
				},
				{ "apply": [
							{ "model": "ores/iron_ore/6_1", "weight":	95	 },
							{ "model": "ores/iron_ore/6_2", "weight":	91	 },
							{ "model": "_placeholder", "weight":	77	 }
							]
				},
				{ "apply": [
							{ "model": "ores/iron_ore/7_1", "weight":	97	 },
							{ "model": "ores/iron_ore/7_2", "weight":	93	 },
							{ "model": "_placeholder", "weight":	97	 }
							]
				},
				{ "apply": [
							{ "model": "ores/iron_ore/8_1", "weight":	93	 },
							{ "model": "ores/iron_ore/8_2", "weight":	98	 },
							{ "model": "_placeholder", "weight":	92	 }
							]
				},






				{ "apply": [
							{ "model": "ores/iron_ore/1_1", "y": 90 , "weight":	95	 },
							{ "model": "ores/iron_ore/1_2", "y": 90 , "weight":	93	 },
							{ "model": "_placeholder", "weight":	99	 }
							]
				},
				{ "apply": [
							{ "model": "ores/iron_ore/2_1", "y": 90 , "weight":	97	 },
							{ "model": "ores/iron_ore/2_2", "y": 90 , "weight":	94	 },
							{ "model": "_placeholder", "weight":	97	 }
							]
				},
				{ "apply": [
							{ "model": "ores/iron_ore/3_1", "y": 90 , "weight":	97	 },
							{ "model": "ores/iron_ore/3_2", "y": 90 , "weight":	96	 },
							{ "model": "_placeholder", "weight":	97	 }
							]
				},
				{ "apply": [
							{ "model": "ores/iron_ore/4_1", "y": 90 , "weight":	98	 },
							{ "model": "ores/iron_ore/4_2", "y": 90 , "weight":	93	 },
							{ "model": "_placeholder", "weight":	70	 }
							]
				},
				{ "apply": [
							{ "model": "ores/iron_ore/5_1", "y": 90 , "weight":	95	 },
							{ "model": "ores/iron_ore/5_2", "y": 90 , "weight":	98	 },
							{ "model": "_placeholder", "weight":	76	 }
							]
				},
				{ "apply": [
							{ "model": "ores/iron_ore/6_1", "y": 90 , "weight":	99	 },
							{ "model": "ores/iron_ore/6_2", "y": 90 , "weight":	94	 },
							{ "model": "_placeholder", "weight":	77	 }
							]
				},
				{ "apply": [
							{ "model": "ores/iron_ore/7_1", "y": 90 , "weight":	97	 },
							{ "model": "ores/iron_ore/7_2", "y": 90 , "weight":	97	 },
							{ "model": "_placeholder", "weight":	92	 }
							]
				},
				{ "apply": [
							{ "model": "ores/iron_ore/8_1", "y": 90 , "weight":	98	 },
							{ "model": "ores/iron_ore/8_2", "y": 90 , "weight":	93	 },
							{ "model": "_placeholder", "weight":	92	 }
							]
				},
				
				
				
				{ "apply": [
							{ "model": "ores/iron_ore/1_1", "y": 180 , "weight":	92	 },
							{ "model": "ores/iron_ore/1_2", "y": 180 , "weight":	97	 },
							{ "model": "_placeholder", "weight":	97	 }
							]
				},
				{ "apply": [
							{ "model": "ores/iron_ore/2_1", "y": 180 , "weight":	92	 },
							{ "model": "ores/iron_ore/2_2", "y": 180 , "weight":	96	 },
							{ "model": "_placeholder", "weight":	97	 }
							]
				},
				{ "apply": [
							{ "model": "ores/iron_ore/3_1", "y": 180 , "weight":	92	 },
							{ "model": "ores/iron_ore/3_2", "y": 180 , "weight":	96	 },
							{ "model": "_placeholder", "weight":	97	 }
							]
				},
				{ "apply": [
							{ "model": "ores/iron_ore/4_1", "y": 180 , "weight":	95	 },
							{ "model": "ores/iron_ore/4_2", "y": 180 , "weight":	92	 },
							{ "model": "_placeholder", "weight":	77	 }
							]
				},
				{ "apply": [
							{ "model": "ores/iron_ore/5_1", "y": 180 , "weight":	93	 },
							{ "model": "ores/iron_ore/5_2", "y": 180 , "weight":	96	 },
							{ "model": "_placeholder", "weight":	72	 }
							]
				},
				{ "apply": [
							{ "model": "ores/iron_ore/6_1", "y": 180 , "weight":	92	 },
							{ "model": "ores/iron_ore/6_2", "y": 180 , "weight":	96	 },
							{ "model": "_placeholder", "weight":	77	 }
							]
				},
				{ "apply": [
							{ "model": "ores/iron_ore/7_1", "y": 180 , "weight":	90	 },
							{ "model": "ores/iron_ore/7_2", "y": 180 , "weight":	92	 },
							{ "model": "_placeholder", "weight":	94	 }
							]
				},
				{ "apply": [
							{ "model": "ores/iron_ore/8_1", "y": 180 , "weight":	92	 },
							{ "model": "ores/iron_ore/8_2", "y": 180 , "weight":	96	 },
							{ "model": "_placeholder", "weight":	94	 }
							]
				},
				
				
				
				
				{ "apply": [
							{ "model": "ores/iron_ore/1_1", "y": 270 , "weight":	92	 },
							{ "model": "ores/iron_ore/1_2", "y": 270 , "weight":	95	 },
							{ "model": "_placeholder", "weight":	92	 }
							]
				},
				{ "apply": [
							{ "model": "ores/iron_ore/2_1", "y": 270 , "weight":	92	 },
							{ "model": "ores/iron_ore/2_2", "y": 270 , "weight":	95	 },
							{ "model": "_placeholder", "weight":	97	 }
							]
				},
				{ "apply": [
							{ "model": "ores/iron_ore/3_1", "y": 270 , "weight":	93	 },
							{ "model": "ores/iron_ore/3_2", "y": 270 , "weight":	96	 },
							{ "model": "_placeholder", "weight":	97	 }
							]
				},
				{ "apply": [
							{ "model": "ores/iron_ore/4_1", "y": 270 , "weight":	92	 },
							{ "model": "ores/iron_ore/4_2", "y": 270 , "weight":	96	 },
							{ "model": "_placeholder", "weight":	78	 }
							]
				},
				{ "apply": [
							{ "model": "ores/iron_ore/5_1", "y": 270 , "weight":	92	 },
							{ "model": "ores/iron_ore/5_2", "y": 270 , "weight":	96	 },
							{ "model": "_placeholder", "weight":	76	 }
							]
				},
				{ "apply": [
							{ "model": "ores/iron_ore/6_1", "y": 270 , "weight":	99	 },
							{ "model": "ores/iron_ore/6_2", "y": 270 , "weight":	95	 },
							{ "model": "_placeholder", "weight":	77	 }
							]
				},
				{ "apply": [
							{ "model": "ores/iron_ore/7_1", "y": 270 , "weight":	92	 },
							{ "model": "ores/iron_ore/7_2", "y": 270 , "weight":	95	 },
							{ "model": "_placeholder", "weight":	93	 }
							]
				},
				{ "apply": [
							{ "model": "ores/iron_ore/8_1", "y": 270 , "weight":	93	 },
							{ "model": "ores/iron_ore/8_2", "y": 270 , "weight":	93	 },
							{ "model": "_placeholder", "weight":	98	 }
							]
				},
				
				
				
				
				{ "apply": [
							{ "model": "ores/iron_ore/1_1", "x": 90 , "weight":	96	 },
							{ "model": "ores/iron_ore/1_2", "x": 90 , "weight":	93	 },
							{ "model": "_placeholder", "weight":	99	 }
							]
				},
				{ "apply": [
							{ "model": "ores/iron_ore/2_1", "x": 90 , "weight":	94	 },
							{ "model": "ores/iron_ore/2_2", "x": 90 , "weight":	92	 },
							{ "model": "_placeholder", "weight":	97	 }
							]
				},
				{ "apply": [
							{ "model": "ores/iron_ore/3_1", "x": 90 , "weight":	97	 },
							{ "model": "ores/iron_ore/3_2", "x": 90 , "weight":	93	 },
							{ "model": "_placeholder", "weight":	97	 }
							]
				},
				{ "apply": [
							{ "model": "ores/iron_ore/4_1", "x": 90 , "weight":	92	 },
							{ "model": "ores/iron_ore/4_2", "x": 90 , "weight":	95	 },
							{ "model": "_placeholder", "weight":	72	 }
							]
				},
				{ "apply": [
							{ "model": "ores/iron_ore/5_1", "x": 90 , "weight":	96	 },
							{ "model": "ores/iron_ore/5_2", "x": 90 , "weight":	92	 },
							{ "model": "_placeholder", "weight":	79	 }
							]
				},
				{ "apply": [
							{ "model": "ores/iron_ore/6_1", "x": 90 , "weight":	91	 },
							{ "model": "ores/iron_ore/6_2", "x": 90 , "weight":	96	 },
							{ "model": "_placeholder", "weight":	77	 }
							]
				},
				{ "apply": [
							{ "model": "ores/iron_ore/7_1", "x": 90 , "weight":	97	 },
							{ "model": "ores/iron_ore/7_2", "x": 90 , "weight":	93	 },
							{ "model": "_placeholder", "weight":	98	 }
							]
				},
				{ "apply": [
							{ "model": "ores/iron_ore/8_1", "x": 90 , "weight":	92	 },
							{ "model": "ores/iron_ore/8_2", "x": 90 , "weight":	98	 },
							{ "model": "_placeholder", "weight":	99	 }
							]
				},
				
				
				
				
				{ "apply": [
							{ "model": "ores/iron_ore/1_1", "x": 270 , "weight":	92	 },
							{ "model": "ores/iron_ore/1_2", "x": 270 , "weight":	98	 },
							{ "model": "_placeholder", "weight":	99	 }
							]
				},
				{ "apply": [
							{ "model": "ores/iron_ore/2_1", "x": 270 , "weight":	92	 },
							{ "model": "ores/iron_ore/2_2", "x": 270 , "weight":	93	 },
							{ "model": "_placeholder", "weight":	97	 }
							]
				},
				{ "apply": [
							{ "model": "ores/iron_ore/3_1", "x": 270 , "weight":	98	 },
							{ "model": "ores/iron_ore/3_2", "x": 270 , "weight":	93	 },
							{ "model": "_placeholder", "weight":	97	 }
							]
				},
				{ "apply": [
							{ "model": "ores/iron_ore/4_1", "x": 270 , "weight":	91	 },
							{ "model": "ores/iron_ore/4_2", "x": 270 , "weight":	97	 },
							{ "model": "_placeholder", "weight":	79	 }
							]
				},
				{ "apply": [
							{ "model": "ores/iron_ore/5_1", "x": 270 , "weight":	95	 },
							{ "model": "ores/iron_ore/5_2", "x": 270 , "weight":	97	 },
							{ "model": "_placeholder", "weight":	70	 }
							]
				},
				{ "apply": [
							{ "model": "ores/iron_ore/6_1", "x": 270 , "weight":	96	 },
							{ "model": "ores/iron_ore/6_2", "x": 270 , "weight":	92	 },
							{ "model": "_placeholder", "weight":	77	 }
							]
				},
				{ "apply": [
							{ "model": "ores/iron_ore/7_1", "x": 270 , "weight":	91	 },
							{ "model": "ores/iron_ore/7_2", "x": 270 , "weight":	98	 },
							{ "model": "_placeholder", "weight":	98	 }
							]
				},
				{ "apply": [
							{ "model": "ores/iron_ore/8_1", "x": 270 , "weight":	93	 },
							{ "model": "ores/iron_ore/8_2", "x": 270 , "weight":	98	 },
							{ "model": "_placeholder", "weight":	92	 }
							]
				},
				{ "apply": { "model": "ores/iron_ore/iron_ore_blank"}}
		
	]
}