{
    "variants": {
        "shape=north_south": { "model": "rails/rail/rail" },
        "shape=east_west": { "model": "rails/rail/rail", "y": 90 },
        "shape=ascending_east": { "model": "rails/rail/rail_raised", "y": 270 },
        "shape=ascending_west": { "model": "rails/rail/rail_raised", "y": 90 },
        "shape=ascending_north": { "model": "rails/rail/rail_raised", "y": 180 },
        "shape=ascending_south": { "model": "rails/rail/rail_raised" },
        "shape=south_east": { "model": "rails/rail/rail_corner" },
        "shape=south_west": { "model": "rails/rail/rail_corner", "y": 90 },
        "shape=north_west": { "model": "rails/rail/rail_corner", "y": 180 },
        "shape=north_east": { "model": "rails/rail/rail_corner", "y": 270 }
    }
}
