{
	"credit": "Made by TheWaschtlPlays using Blockbench",
	"ambientocclusion": false,
	"textures": {
		"particle": "blocks/tallgrass",
		"crop": "blocks/tallgrass"
	},
	"elements": [
		{
			"name": "2_2",
			"from": [8, 0, 0.5],
			"to": [8, 16, 16.5],
			"shade": false,
			"rotation": {"angle": 22.5, "axis": "y", "origin": [7, 8, 8.5]},
			"faces": {
				"east": {"uv": [16, 0, 0, 16], "texture": "#crop", "tintindex": 0},
				"west": {"uv": [0, 0, 16, 16], "texture": "#crop", "tintindex": 0}
			}
		},
		{
			"name": "4_3",
			"from": [1, 0, 8],
			"to": [17, 16, 8],
			"shade": false,
			"rotation": {"angle": -22.5, "axis": "y", "origin": [9, 8, 6]},
			"faces": {
				"north": {"uv": [16, 0, 0, 16], "texture": "#crop", "tintindex": 0},
				"south": {"uv": [0, 0, 16, 16], "texture": "#crop", "tintindex": 0}
			}
		}
	]
}