{										
   "multipart": [										
				{ "apply": { "model": "block/bookshelf_frame"}},						
				{ "apply": [						
								{ "model": "block/bookshelf_slim/bookshelf_1_33_1", "y": 0 , "weight":	4	},
								{ "model": "block/bookshelf_slim/bookshelf_1_33_2", "y": 0 , "weight":	2	},
								{ "model": "block/bookshelf_slim/bookshelf_1_33_3", "y": 0 , "weight":	3	},
								{ "model": "block/bookshelf_slim/bookshelf_1_33_4", "y": 0 , "weight":	3	},
								{ "model": "block/bookshelf_slim/bookshelf_1_33_5", "y": 0 , "weight":	1	},
								{ "model": "block/bookshelf_slim/bookshelf_1_33_6", "y": 0 , "weight":	4	},
								{ "model": "block/bookshelf_slim/bookshelf_1_33_7", "y": 0 , "weight":	5	},
								{ "model": "block/bookshelf_slim/bookshelf_1_33_8", "y": 0 , "weight":	3	}
							]			
				},						
				{ "apply": [						
								{ "model": "block/bookshelf_slim/bookshelf_1_88_1", "y": 0 , "weight":	2	},
								{ "model": "block/bookshelf_slim/bookshelf_1_88_2", "y": 0 , "weight":	1	},
								{ "model": "block/bookshelf_slim/bookshelf_1_88_3", "y": 0 , "weight":	1	},
								{ "model": "block/bookshelf_slim/bookshelf_1_88_4", "y": 0 , "weight":	2	},
								{ "model": "block/bookshelf_slim/bookshelf_1_88_5", "y": 0 , "weight":	5	},
								{ "model": "block/bookshelf_slim/bookshelf_1_88_6", "y": 0 , "weight":	1	},
								{ "model": "block/bookshelf_slim/bookshelf_1_88_7", "y": 0 , "weight":	3	},
								{ "model": "block/bookshelf_slim/bookshelf_1_88_8", "y": 0 , "weight":	4	}
							]			
				},						
				{ "apply": [						
								{ "model": "block/bookshelf_slim/bookshelf_2_11_1", "y": 0 , "weight":	1	},
								{ "model": "block/bookshelf_slim/bookshelf_2_11_2", "y": 0 , "weight":	2	},
								{ "model": "block/bookshelf_slim/bookshelf_2_11_3", "y": 0 , "weight":	4	},
								{ "model": "block/bookshelf_slim/bookshelf_2_11_4", "y": 0 , "weight":	2	},
								{ "model": "block/bookshelf_slim/bookshelf_2_11_5", "y": 0 , "weight":	2	},
								{ "model": "block/bookshelf_slim/bookshelf_2_11_6", "y": 0 , "weight":	4	},
								{ "model": "block/bookshelf_slim/bookshelf_2_11_7", "y": 0 , "weight":	3	},
								{ "model": "block/bookshelf_slim/bookshelf_2_11_8", "y": 0 , "weight":	5	}
							]			
				},						
				{ "apply": [						
								{ "model": "block/bookshelf_slim/bookshelf_2_66_1", "y": 0 , "weight":	1	},
								{ "model": "block/bookshelf_slim/bookshelf_2_66_2", "y": 0 , "weight":	4	},
								{ "model": "block/bookshelf_slim/bookshelf_2_66_3", "y": 0 , "weight":	3	},
								{ "model": "block/bookshelf_slim/bookshelf_2_66_4", "y": 0 , "weight":	3	},
								{ "model": "block/bookshelf_slim/bookshelf_2_66_5", "y": 0 , "weight":	1	},
								{ "model": "block/bookshelf_slim/bookshelf_2_66_6", "y": 0 , "weight":	4	},
								{ "model": "block/bookshelf_slim/bookshelf_2_66_7", "y": 0 , "weight":	2	},
								{ "model": "block/bookshelf_slim/bookshelf_2_66_8", "y": 0 , "weight":	4	}
							]			
				},						
				{ "apply": [						
								{ "model": "block/bookshelf_slim/bookshelf_2_77_1", "y": 0 , "weight":	1	},
								{ "model": "block/bookshelf_slim/bookshelf_2_77_2", "y": 0 , "weight":	1	},
								{ "model": "block/bookshelf_slim/bookshelf_2_77_3", "y": 0 , "weight":	3	},
								{ "model": "block/bookshelf_slim/bookshelf_2_77_4", "y": 0 , "weight":	4	},
								{ "model": "block/bookshelf_slim/bookshelf_2_77_5", "y": 0 , "weight":	5	},
								{ "model": "block/bookshelf_slim/bookshelf_2_77_6", "y": 0 , "weight":	2	},
								{ "model": "block/bookshelf_slim/bookshelf_2_77_7", "y": 0 , "weight":	2	},
								{ "model": "block/bookshelf_slim/bookshelf_2_77_8", "y": 0 , "weight":	1	}
							]			
				},						
				{ "apply": [						
								{ "model": "block/bookshelf_slim/bookshelf_2_88_1", "y": 0 , "weight":	2	},
								{ "model": "block/bookshelf_slim/bookshelf_2_88_2", "y": 0 , "weight":	3	},
								{ "model": "block/bookshelf_slim/bookshelf_2_88_3", "y": 0 , "weight":	3	},
								{ "model": "block/bookshelf_slim/bookshelf_2_88_4", "y": 0 , "weight":	4	},
								{ "model": "block/bookshelf_slim/bookshelf_2_88_5", "y": 0 , "weight":	5	},
								{ "model": "block/bookshelf_slim/bookshelf_2_88_6", "y": 0 , "weight":	3	},
								{ "model": "block/bookshelf_slim/bookshelf_2_88_7", "y": 0 , "weight":	5	},
								{ "model": "block/bookshelf_slim/bookshelf_2_88_8", "y": 0 , "weight":	2	}
							]			
				},						
				{ "apply": [						
								{ "model": "block/bookshelf_slim/bookshelf_2_1111_1", "y": 0 , "weight":	3	},
								{ "model": "block/bookshelf_slim/bookshelf_2_1111_2", "y": 0 , "weight":	1	},
								{ "model": "block/bookshelf_slim/bookshelf_2_1111_3", "y": 0 , "weight":	1	},
								{ "model": "block/bookshelf_slim/bookshelf_2_1111_4", "y": 0 , "weight":	4	},
								{ "model": "block/bookshelf_slim/bookshelf_2_1111_5", "y": 0 , "weight":	2	},
								{ "model": "block/bookshelf_slim/bookshelf_2_1111_6", "y": 0 , "weight":	1	},
								{ "model": "block/bookshelf_slim/bookshelf_2_1111_7", "y": 0 , "weight":	3	},
								{ "model": "block/bookshelf_slim/bookshelf_2_1111_8", "y": 0 , "weight":	4	}
							]			
				},						
				{ "apply": [						
								{ "model": "block/bookshelf_slim/bookshelf_2_1414_1", "y": 0 , "weight":	3	},
								{ "model": "block/bookshelf_slim/bookshelf_2_1414_2", "y": 0 , "weight":	2	},
								{ "model": "block/bookshelf_slim/bookshelf_2_1414_3", "y": 0 , "weight":	2	},
								{ "model": "block/bookshelf_slim/bookshelf_2_1414_4", "y": 0 , "weight":	1	},
								{ "model": "block/bookshelf_slim/bookshelf_2_1414_5", "y": 0 , "weight":	1	},
								{ "model": "block/bookshelf_slim/bookshelf_2_1414_6", "y": 0 , "weight":	4	},
								{ "model": "block/bookshelf_slim/bookshelf_2_1414_7", "y": 0 , "weight":	5	},
								{ "model": "block/bookshelf_slim/bookshelf_2_1414_8", "y": 0 , "weight":	4	}
							]			
				},						
				{ "apply": [						
								{ "model": "block/bookshelf_wide/bookshelf_1_12_1", "y": 0 , "weight":	3	},
								{ "model": "block/bookshelf_wide/bookshelf_1_12_2", "y": 0 , "weight":	1	},
								{ "model": "block/bookshelf_wide/bookshelf_1_12_3", "y": 0 , "weight":	5	},
								{ "model": "block/bookshelf_wide/bookshelf_1_12_4", "y": 0 , "weight":	5	},
								{ "model": "block/bookshelf_wide/bookshelf_1_12_5", "y": 0 , "weight":	5	},
								{ "model": "block/bookshelf_wide/bookshelf_1_12_6", "y": 0 , "weight":	2	},
								{ "model": "block/bookshelf_wide/bookshelf_1_12_7", "y": 0 , "weight":	4	},
								{ "model": "block/bookshelf_wide/bookshelf_1_12_8", "y": 0 , "weight":	3	},
								{ "model": "block/bookshelf_wide/bookshelf_1_12_9", "y": 0 , "weight":	2	}
							]			
				},						
				{ "apply": [						
								{ "model": "block/bookshelf_wide/bookshelf_1_45_1", "y": 0 , "weight":	3	},
								{ "model": "block/bookshelf_wide/bookshelf_1_45_2", "y": 0 , "weight":	5	},
								{ "model": "block/bookshelf_wide/bookshelf_1_45_3", "y": 0 , "weight":	5	},
								{ "model": "block/bookshelf_wide/bookshelf_1_45_4", "y": 0 , "weight":	2	},
								{ "model": "block/bookshelf_wide/bookshelf_1_45_5", "y": 0 , "weight":	1	},
								{ "model": "block/bookshelf_wide/bookshelf_1_45_6", "y": 0 , "weight":	5	},
								{ "model": "block/bookshelf_wide/bookshelf_1_45_7", "y": 0 , "weight":	3	},
								{ "model": "block/bookshelf_wide/bookshelf_1_45_8", "y": 0 , "weight":	4	},
								{ "model": "block/bookshelf_wide/bookshelf_1_45_9", "y": 0 , "weight":	3	}
							]			
				},						
				{ "apply": [						
								{ "model": "block/bookshelf_wide/bookshelf_1_67_1", "y": 0 , "weight":	2	},
								{ "model": "block/bookshelf_wide/bookshelf_1_67_2", "y": 0 , "weight":	2	},
								{ "model": "block/bookshelf_wide/bookshelf_1_67_3", "y": 0 , "weight":	5	},
								{ "model": "block/bookshelf_wide/bookshelf_1_67_4", "y": 0 , "weight":	2	},
								{ "model": "block/bookshelf_wide/bookshelf_1_67_5", "y": 0 , "weight":	3	},
								{ "model": "block/bookshelf_wide/bookshelf_1_67_6", "y": 0 , "weight":	2	},
								{ "model": "block/bookshelf_wide/bookshelf_1_67_7", "y": 0 , "weight":	3	},
								{ "model": "block/bookshelf_wide/bookshelf_1_67_8", "y": 0 , "weight":	2	},
								{ "model": "block/bookshelf_wide/bookshelf_1_67_9", "y": 0 , "weight":	5	}
							]			
				},						
				{ "apply": [						
								{ "model": "block/bookshelf_wide/bookshelf_1_910_1", "y": 0 , "weight":	4	},
								{ "model": "block/bookshelf_wide/bookshelf_1_910_2", "y": 0 , "weight":	4	},
								{ "model": "block/bookshelf_wide/bookshelf_1_910_3", "y": 0 , "weight":	1	},
								{ "model": "block/bookshelf_wide/bookshelf_1_910_4", "y": 0 , "weight":	2	},
								{ "model": "block/bookshelf_wide/bookshelf_1_910_5", "y": 0 , "weight":	2	},
								{ "model": "block/bookshelf_wide/bookshelf_1_910_6", "y": 0 , "weight":	2	},
								{ "model": "block/bookshelf_wide/bookshelf_1_910_7", "y": 0 , "weight":	4	},
								{ "model": "block/bookshelf_wide/bookshelf_1_910_8", "y": 0 , "weight":	5	},
								{ "model": "block/bookshelf_wide/bookshelf_1_910_9", "y": 0 , "weight":	5	}
							]			
				},						
				{ "apply": [						
								{ "model": "block/bookshelf_wide/bookshelf_1_1112_1", "y": 0 , "weight":	5	},
								{ "model": "block/bookshelf_wide/bookshelf_1_1112_2", "y": 0 , "weight":	5	},
								{ "model": "block/bookshelf_wide/bookshelf_1_1112_3", "y": 0 , "weight":	2	},
								{ "model": "block/bookshelf_wide/bookshelf_1_1112_4", "y": 0 , "weight":	4	},
								{ "model": "block/bookshelf_wide/bookshelf_1_1112_5", "y": 0 , "weight":	4	},
								{ "model": "block/bookshelf_wide/bookshelf_1_1112_6", "y": 0 , "weight":	1	},
								{ "model": "block/bookshelf_wide/bookshelf_1_1112_7", "y": 0 , "weight":	1	},
								{ "model": "block/bookshelf_wide/bookshelf_1_1112_8", "y": 0 , "weight":	5	},
								{ "model": "block/bookshelf_wide/bookshelf_1_1112_9", "y": 0 , "weight":	2	}
							]			
				},						
				{ "apply": [						
								{ "model": "block/bookshelf_wide/bookshelf_1_1314_1", "y": 0 , "weight":	4	},
								{ "model": "block/bookshelf_wide/bookshelf_1_1314_2", "y": 0 , "weight":	2	},
								{ "model": "block/bookshelf_wide/bookshelf_1_1314_3", "y": 0 , "weight":	5	},
								{ "model": "block/bookshelf_wide/bookshelf_1_1314_4", "y": 0 , "weight":	3	},
								{ "model": "block/bookshelf_wide/bookshelf_1_1314_5", "y": 0 , "weight":	1	},
								{ "model": "block/bookshelf_wide/bookshelf_1_1314_6", "y": 0 , "weight":	2	},
								{ "model": "block/bookshelf_wide/bookshelf_1_1314_7", "y": 0 , "weight":	4	},
								{ "model": "block/bookshelf_wide/bookshelf_1_1314_8", "y": 0 , "weight":	1	},
								{ "model": "block/bookshelf_wide/bookshelf_1_1314_9", "y": 0 , "weight":	4	}
							]			
				},						
				{ "apply": [						
								{ "model": "block/bookshelf_wide/bookshelf_2_23_1", "y": 0 , "weight":	2	},
								{ "model": "block/bookshelf_wide/bookshelf_2_23_2", "y": 0 , "weight":	2	},
								{ "model": "block/bookshelf_wide/bookshelf_2_23_3", "y": 0 , "weight":	2	},
								{ "model": "block/bookshelf_wide/bookshelf_2_23_4", "y": 0 , "weight":	1	},
								{ "model": "block/bookshelf_wide/bookshelf_2_23_5", "y": 0 , "weight":	4	},
								{ "model": "block/bookshelf_wide/bookshelf_2_23_6", "y": 0 , "weight":	4	},
								{ "model": "block/bookshelf_wide/bookshelf_2_23_7", "y": 0 , "weight":	2	},
								{ "model": "block/bookshelf_wide/bookshelf_2_23_8", "y": 0 , "weight":	2	},
								{ "model": "block/bookshelf_wide/bookshelf_2_23_9", "y": 0 , "weight":	5	}
							]			
				},						
				{ "apply": [						
								{ "model": "block/bookshelf_wide/bookshelf_2_45_1", "y": 0 , "weight":	2	},
								{ "model": "block/bookshelf_wide/bookshelf_2_45_2", "y": 0 , "weight":	2	},
								{ "model": "block/bookshelf_wide/bookshelf_2_45_3", "y": 0 , "weight":	2	},
								{ "model": "block/bookshelf_wide/bookshelf_2_45_4", "y": 0 , "weight":	1	},
								{ "model": "block/bookshelf_wide/bookshelf_2_45_5", "y": 0 , "weight":	4	},
								{ "model": "block/bookshelf_wide/bookshelf_2_45_6", "y": 0 , "weight":	5	},
								{ "model": "block/bookshelf_wide/bookshelf_2_45_7", "y": 0 , "weight":	4	},
								{ "model": "block/bookshelf_wide/bookshelf_2_45_8", "y": 0 , "weight":	3	},
								{ "model": "block/bookshelf_wide/bookshelf_2_45_9", "y": 0 , "weight":	1	}
							]			
				},						
				{ "apply": [						
								{ "model": "block/bookshelf_wide/bookshelf_2_910_1", "y": 0 , "weight":	4	},
								{ "model": "block/bookshelf_wide/bookshelf_2_910_2", "y": 0 , "weight":	5	},
								{ "model": "block/bookshelf_wide/bookshelf_2_910_3", "y": 0 , "weight":	5	},
								{ "model": "block/bookshelf_wide/bookshelf_2_910_4", "y": 0 , "weight":	3	},
								{ "model": "block/bookshelf_wide/bookshelf_2_910_5", "y": 0 , "weight":	4	},
								{ "model": "block/bookshelf_wide/bookshelf_2_910_6", "y": 0 , "weight":	3	},
								{ "model": "block/bookshelf_wide/bookshelf_2_910_7", "y": 0 , "weight":	5	},
								{ "model": "block/bookshelf_wide/bookshelf_2_910_8", "y": 0 , "weight":	2	},
								{ "model": "block/bookshelf_wide/bookshelf_2_910_9", "y": 0 , "weight":	4	}
							]			
				},						
				{ "apply": [						
								{ "model": "block/bookshelf_wide/bookshelf_2_1213_1", "y": 0 , "weight":	4	},
								{ "model": "block/bookshelf_wide/bookshelf_2_1213_2", "y": 0 , "weight":	3	},
								{ "model": "block/bookshelf_wide/bookshelf_2_1213_3", "y": 0 , "weight":	2	},
								{ "model": "block/bookshelf_wide/bookshelf_2_1213_4", "y": 0 , "weight":	3	},
								{ "model": "block/bookshelf_wide/bookshelf_2_1213_5", "y": 0 , "weight":	2	},
								{ "model": "block/bookshelf_wide/bookshelf_2_1213_6", "y": 0 , "weight":	2	},
								{ "model": "block/bookshelf_wide/bookshelf_2_1213_7", "y": 0 , "weight":	2	},
								{ "model": "block/bookshelf_wide/bookshelf_2_1213_8", "y": 0 , "weight":	5	},
								{ "model": "block/bookshelf_wide/bookshelf_2_1213_9", "y": 0 , "weight":	4	}
							]			
				},						
										
										
										
										
										
										
										
				{ "apply": [						
								{ "model": "block/bookshelf_slim/bookshelf_1_33_1", "y": 90 , "weight":	2	},
								{ "model": "block/bookshelf_slim/bookshelf_1_33_2", "y": 90 , "weight":	3	},
								{ "model": "block/bookshelf_slim/bookshelf_1_33_3", "y": 90 , "weight":	4	},
								{ "model": "block/bookshelf_slim/bookshelf_1_33_4", "y": 90 , "weight":	3	},
								{ "model": "block/bookshelf_slim/bookshelf_1_33_5", "y": 90 , "weight":	1	},
								{ "model": "block/bookshelf_slim/bookshelf_1_33_6", "y": 90 , "weight":	2	},
								{ "model": "block/bookshelf_slim/bookshelf_1_33_7", "y": 90 , "weight":	1	},
								{ "model": "block/bookshelf_slim/bookshelf_1_33_8", "y": 90 , "weight":	2	}
							]			
				},						
				{ "apply": [						
								{ "model": "block/bookshelf_slim/bookshelf_1_88_1", "y": 90 , "weight":	3	},
								{ "model": "block/bookshelf_slim/bookshelf_1_88_2", "y": 90 , "weight":	4	},
								{ "model": "block/bookshelf_slim/bookshelf_1_88_3", "y": 90 , "weight":	3	},
								{ "model": "block/bookshelf_slim/bookshelf_1_88_4", "y": 90 , "weight":	2	},
								{ "model": "block/bookshelf_slim/bookshelf_1_88_5", "y": 90 , "weight":	2	},
								{ "model": "block/bookshelf_slim/bookshelf_1_88_6", "y": 90 , "weight":	5	},
								{ "model": "block/bookshelf_slim/bookshelf_1_88_7", "y": 90 , "weight":	4	},
								{ "model": "block/bookshelf_slim/bookshelf_1_88_8", "y": 90 , "weight":	5	}
							]			
				},						
				{ "apply": [						
								{ "model": "block/bookshelf_slim/bookshelf_2_11_1", "y": 90 , "weight":	5	},
								{ "model": "block/bookshelf_slim/bookshelf_2_11_2", "y": 90 , "weight":	5	},
								{ "model": "block/bookshelf_slim/bookshelf_2_11_3", "y": 90 , "weight":	3	},
								{ "model": "block/bookshelf_slim/bookshelf_2_11_4", "y": 90 , "weight":	4	},
								{ "model": "block/bookshelf_slim/bookshelf_2_11_5", "y": 90 , "weight":	1	},
								{ "model": "block/bookshelf_slim/bookshelf_2_11_6", "y": 90 , "weight":	5	},
								{ "model": "block/bookshelf_slim/bookshelf_2_11_7", "y": 90 , "weight":	5	},
								{ "model": "block/bookshelf_slim/bookshelf_2_11_8", "y": 90 , "weight":	1	}
							]			
				},						
				{ "apply": [						
								{ "model": "block/bookshelf_slim/bookshelf_2_66_1", "y": 90 , "weight":	5	},
								{ "model": "block/bookshelf_slim/bookshelf_2_66_2", "y": 90 , "weight":	2	},
								{ "model": "block/bookshelf_slim/bookshelf_2_66_3", "y": 90 , "weight":	3	},
								{ "model": "block/bookshelf_slim/bookshelf_2_66_4", "y": 90 , "weight":	3	},
								{ "model": "block/bookshelf_slim/bookshelf_2_66_5", "y": 90 , "weight":	3	},
								{ "model": "block/bookshelf_slim/bookshelf_2_66_6", "y": 90 , "weight":	1	},
								{ "model": "block/bookshelf_slim/bookshelf_2_66_7", "y": 90 , "weight":	1	},
								{ "model": "block/bookshelf_slim/bookshelf_2_66_8", "y": 90 , "weight":	5	}
							]			
				},						
				{ "apply": [						
								{ "model": "block/bookshelf_slim/bookshelf_2_77_1", "y": 90 , "weight":	3	},
								{ "model": "block/bookshelf_slim/bookshelf_2_77_2", "y": 90 , "weight":	4	},
								{ "model": "block/bookshelf_slim/bookshelf_2_77_3", "y": 90 , "weight":	5	},
								{ "model": "block/bookshelf_slim/bookshelf_2_77_4", "y": 90 , "weight":	3	},
								{ "model": "block/bookshelf_slim/bookshelf_2_77_5", "y": 90 , "weight":	3	},
								{ "model": "block/bookshelf_slim/bookshelf_2_77_6", "y": 90 , "weight":	3	},
								{ "model": "block/bookshelf_slim/bookshelf_2_77_7", "y": 90 , "weight":	3	},
								{ "model": "block/bookshelf_slim/bookshelf_2_77_8", "y": 90 , "weight":	3	}
							]			
				},						
				{ "apply": [						
								{ "model": "block/bookshelf_slim/bookshelf_2_88_1", "y": 90 , "weight":	1	},
								{ "model": "block/bookshelf_slim/bookshelf_2_88_2", "y": 90 , "weight":	5	},
								{ "model": "block/bookshelf_slim/bookshelf_2_88_3", "y": 90 , "weight":	4	},
								{ "model": "block/bookshelf_slim/bookshelf_2_88_4", "y": 90 , "weight":	3	},
								{ "model": "block/bookshelf_slim/bookshelf_2_88_5", "y": 90 , "weight":	4	},
								{ "model": "block/bookshelf_slim/bookshelf_2_88_6", "y": 90 , "weight":	3	},
								{ "model": "block/bookshelf_slim/bookshelf_2_88_7", "y": 90 , "weight":	5	},
								{ "model": "block/bookshelf_slim/bookshelf_2_88_8", "y": 90 , "weight":	3	}
							]			
				},						
				{ "apply": [						
								{ "model": "block/bookshelf_slim/bookshelf_2_1111_1", "y": 90 , "weight":	1	},
								{ "model": "block/bookshelf_slim/bookshelf_2_1111_2", "y": 90 , "weight":	3	},
								{ "model": "block/bookshelf_slim/bookshelf_2_1111_3", "y": 90 , "weight":	1	},
								{ "model": "block/bookshelf_slim/bookshelf_2_1111_4", "y": 90 , "weight":	1	},
								{ "model": "block/bookshelf_slim/bookshelf_2_1111_5", "y": 90 , "weight":	5	},
								{ "model": "block/bookshelf_slim/bookshelf_2_1111_6", "y": 90 , "weight":	2	},
								{ "model": "block/bookshelf_slim/bookshelf_2_1111_7", "y": 90 , "weight":	1	},
								{ "model": "block/bookshelf_slim/bookshelf_2_1111_8", "y": 90 , "weight":	2	}
							]			
				},						
				{ "apply": [						
								{ "model": "block/bookshelf_slim/bookshelf_2_1414_1", "y": 90 , "weight":	2	},
								{ "model": "block/bookshelf_slim/bookshelf_2_1414_2", "y": 90 , "weight":	1	},
								{ "model": "block/bookshelf_slim/bookshelf_2_1414_3", "y": 90 , "weight":	1	},
								{ "model": "block/bookshelf_slim/bookshelf_2_1414_4", "y": 90 , "weight":	2	},
								{ "model": "block/bookshelf_slim/bookshelf_2_1414_5", "y": 90 , "weight":	3	},
								{ "model": "block/bookshelf_slim/bookshelf_2_1414_6", "y": 90 , "weight":	1	},
								{ "model": "block/bookshelf_slim/bookshelf_2_1414_7", "y": 90 , "weight":	3	},
								{ "model": "block/bookshelf_slim/bookshelf_2_1414_8", "y": 90 , "weight":	1	}
							]			
				},						
				{ "apply": [						
								{ "model": "block/bookshelf_wide/bookshelf_1_12_1", "y": 90 , "weight":	2	},
								{ "model": "block/bookshelf_wide/bookshelf_1_12_2", "y": 90 , "weight":	3	},
								{ "model": "block/bookshelf_wide/bookshelf_1_12_3", "y": 90 , "weight":	5	},
								{ "model": "block/bookshelf_wide/bookshelf_1_12_4", "y": 90 , "weight":	1	},
								{ "model": "block/bookshelf_wide/bookshelf_1_12_5", "y": 90 , "weight":	1	},
								{ "model": "block/bookshelf_wide/bookshelf_1_12_6", "y": 90 , "weight":	5	},
								{ "model": "block/bookshelf_wide/bookshelf_1_12_7", "y": 90 , "weight":	3	},
								{ "model": "block/bookshelf_wide/bookshelf_1_12_8", "y": 90 , "weight":	5	},
								{ "model": "block/bookshelf_wide/bookshelf_1_12_9", "y": 90 , "weight":	1	}
							]			
				},						
				{ "apply": [						
								{ "model": "block/bookshelf_wide/bookshelf_1_45_1", "y": 90 , "weight":	1	},
								{ "model": "block/bookshelf_wide/bookshelf_1_45_2", "y": 90 , "weight":	5	},
								{ "model": "block/bookshelf_wide/bookshelf_1_45_3", "y": 90 , "weight":	3	},
								{ "model": "block/bookshelf_wide/bookshelf_1_45_4", "y": 90 , "weight":	2	},
								{ "model": "block/bookshelf_wide/bookshelf_1_45_5", "y": 90 , "weight":	1	},
								{ "model": "block/bookshelf_wide/bookshelf_1_45_6", "y": 90 , "weight":	1	},
								{ "model": "block/bookshelf_wide/bookshelf_1_45_7", "y": 90 , "weight":	4	},
								{ "model": "block/bookshelf_wide/bookshelf_1_45_8", "y": 90 , "weight":	3	},
								{ "model": "block/bookshelf_wide/bookshelf_1_45_9", "y": 90 , "weight":	4	}
							]			
				},						
				{ "apply": [						
								{ "model": "block/bookshelf_wide/bookshelf_1_67_1", "y": 90 , "weight":	2	},
								{ "model": "block/bookshelf_wide/bookshelf_1_67_2", "y": 90 , "weight":	5	},
								{ "model": "block/bookshelf_wide/bookshelf_1_67_3", "y": 90 , "weight":	5	},
								{ "model": "block/bookshelf_wide/bookshelf_1_67_4", "y": 90 , "weight":	2	},
								{ "model": "block/bookshelf_wide/bookshelf_1_67_5", "y": 90 , "weight":	1	},
								{ "model": "block/bookshelf_wide/bookshelf_1_67_6", "y": 90 , "weight":	5	},
								{ "model": "block/bookshelf_wide/bookshelf_1_67_7", "y": 90 , "weight":	4	},
								{ "model": "block/bookshelf_wide/bookshelf_1_67_8", "y": 90 , "weight":	2	},
								{ "model": "block/bookshelf_wide/bookshelf_1_67_9", "y": 90 , "weight":	4	}
							]			
				},						
				{ "apply": [						
								{ "model": "block/bookshelf_wide/bookshelf_1_910_1", "y": 90 , "weight":	5	},
								{ "model": "block/bookshelf_wide/bookshelf_1_910_2", "y": 90 , "weight":	2	},
								{ "model": "block/bookshelf_wide/bookshelf_1_910_3", "y": 90 , "weight":	3	},
								{ "model": "block/bookshelf_wide/bookshelf_1_910_4", "y": 90 , "weight":	4	},
								{ "model": "block/bookshelf_wide/bookshelf_1_910_5", "y": 90 , "weight":	4	},
								{ "model": "block/bookshelf_wide/bookshelf_1_910_6", "y": 90 , "weight":	1	},
								{ "model": "block/bookshelf_wide/bookshelf_1_910_7", "y": 90 , "weight":	1	},
								{ "model": "block/bookshelf_wide/bookshelf_1_910_8", "y": 90 , "weight":	1	},
								{ "model": "block/bookshelf_wide/bookshelf_1_910_9", "y": 90 , "weight":	4	}
							]			
				},						
				{ "apply": [						
								{ "model": "block/bookshelf_wide/bookshelf_1_1112_1", "y": 90 , "weight":	5	},
								{ "model": "block/bookshelf_wide/bookshelf_1_1112_2", "y": 90 , "weight":	3	},
								{ "model": "block/bookshelf_wide/bookshelf_1_1112_3", "y": 90 , "weight":	4	},
								{ "model": "block/bookshelf_wide/bookshelf_1_1112_4", "y": 90 , "weight":	3	},
								{ "model": "block/bookshelf_wide/bookshelf_1_1112_5", "y": 90 , "weight":	2	},
								{ "model": "block/bookshelf_wide/bookshelf_1_1112_6", "y": 90 , "weight":	3	},
								{ "model": "block/bookshelf_wide/bookshelf_1_1112_7", "y": 90 , "weight":	2	},
								{ "model": "block/bookshelf_wide/bookshelf_1_1112_8", "y": 90 , "weight":	2	},
								{ "model": "block/bookshelf_wide/bookshelf_1_1112_9", "y": 90 , "weight":	2	}
							]			
				},						
				{ "apply": [						
								{ "model": "block/bookshelf_wide/bookshelf_1_1314_1", "y": 90 , "weight":	2	},
								{ "model": "block/bookshelf_wide/bookshelf_1_1314_2", "y": 90 , "weight":	1	},
								{ "model": "block/bookshelf_wide/bookshelf_1_1314_3", "y": 90 , "weight":	3	},
								{ "model": "block/bookshelf_wide/bookshelf_1_1314_4", "y": 90 , "weight":	1	},
								{ "model": "block/bookshelf_wide/bookshelf_1_1314_5", "y": 90 , "weight":	1	},
								{ "model": "block/bookshelf_wide/bookshelf_1_1314_6", "y": 90 , "weight":	3	},
								{ "model": "block/bookshelf_wide/bookshelf_1_1314_7", "y": 90 , "weight":	4	},
								{ "model": "block/bookshelf_wide/bookshelf_1_1314_8", "y": 90 , "weight":	4	},
								{ "model": "block/bookshelf_wide/bookshelf_1_1314_9", "y": 90 , "weight":	4	}
							]			
				},						
				{ "apply": [						
								{ "model": "block/bookshelf_wide/bookshelf_2_23_1", "y": 90 , "weight":	1	},
								{ "model": "block/bookshelf_wide/bookshelf_2_23_2", "y": 90 , "weight":	2	},
								{ "model": "block/bookshelf_wide/bookshelf_2_23_3", "y": 90 , "weight":	5	},
								{ "model": "block/bookshelf_wide/bookshelf_2_23_4", "y": 90 , "weight":	2	},
								{ "model": "block/bookshelf_wide/bookshelf_2_23_5", "y": 90 , "weight":	1	},
								{ "model": "block/bookshelf_wide/bookshelf_2_23_6", "y": 90 , "weight":	1	},
								{ "model": "block/bookshelf_wide/bookshelf_2_23_7", "y": 90 , "weight":	4	},
								{ "model": "block/bookshelf_wide/bookshelf_2_23_8", "y": 90 , "weight":	5	},
								{ "model": "block/bookshelf_wide/bookshelf_2_23_9", "y": 90 , "weight":	1	}
							]			
				},						
				{ "apply": [						
								{ "model": "block/bookshelf_wide/bookshelf_2_45_1", "y": 90 , "weight":	4	},
								{ "model": "block/bookshelf_wide/bookshelf_2_45_2", "y": 90 , "weight":	4	},
								{ "model": "block/bookshelf_wide/bookshelf_2_45_3", "y": 90 , "weight":	3	},
								{ "model": "block/bookshelf_wide/bookshelf_2_45_4", "y": 90 , "weight":	2	},
								{ "model": "block/bookshelf_wide/bookshelf_2_45_5", "y": 90 , "weight":	5	},
								{ "model": "block/bookshelf_wide/bookshelf_2_45_6", "y": 90 , "weight":	5	},
								{ "model": "block/bookshelf_wide/bookshelf_2_45_7", "y": 90 , "weight":	1	},
								{ "model": "block/bookshelf_wide/bookshelf_2_45_8", "y": 90 , "weight":	5	},
								{ "model": "block/bookshelf_wide/bookshelf_2_45_9", "y": 90 , "weight":	4	}
							]			
				},						
				{ "apply": [						
								{ "model": "block/bookshelf_wide/bookshelf_2_910_1", "y": 90 , "weight":	4	},
								{ "model": "block/bookshelf_wide/bookshelf_2_910_2", "y": 90 , "weight":	4	},
								{ "model": "block/bookshelf_wide/bookshelf_2_910_3", "y": 90 , "weight":	1	},
								{ "model": "block/bookshelf_wide/bookshelf_2_910_4", "y": 90 , "weight":	1	},
								{ "model": "block/bookshelf_wide/bookshelf_2_910_5", "y": 90 , "weight":	3	},
								{ "model": "block/bookshelf_wide/bookshelf_2_910_6", "y": 90 , "weight":	5	},
								{ "model": "block/bookshelf_wide/bookshelf_2_910_7", "y": 90 , "weight":	1	},
								{ "model": "block/bookshelf_wide/bookshelf_2_910_8", "y": 90 , "weight":	1	},
								{ "model": "block/bookshelf_wide/bookshelf_2_910_9", "y": 90 , "weight":	2	}
							]			
				},						
				{ "apply": [						
								{ "model": "block/bookshelf_wide/bookshelf_2_1213_1", "y": 90 , "weight":	4	},
								{ "model": "block/bookshelf_wide/bookshelf_2_1213_2", "y": 90 , "weight":	1	},
								{ "model": "block/bookshelf_wide/bookshelf_2_1213_3", "y": 90 , "weight":	1	},
								{ "model": "block/bookshelf_wide/bookshelf_2_1213_4", "y": 90 , "weight":	2	},
								{ "model": "block/bookshelf_wide/bookshelf_2_1213_5", "y": 90 , "weight":	5	},
								{ "model": "block/bookshelf_wide/bookshelf_2_1213_6", "y": 90 , "weight":	2	},
								{ "model": "block/bookshelf_wide/bookshelf_2_1213_7", "y": 90 , "weight":	1	},
								{ "model": "block/bookshelf_wide/bookshelf_2_1213_8", "y": 90 , "weight":	3	},
								{ "model": "block/bookshelf_wide/bookshelf_2_1213_9", "y": 90 , "weight":	4	}
							]			
				},						
										
										
										
										
										
										
										
				{ "apply": [						
								{ "model": "block/bookshelf_slim/bookshelf_1_33_1", "y": 180 , "weight":	1	},
								{ "model": "block/bookshelf_slim/bookshelf_1_33_2", "y": 180 , "weight":	3	},
								{ "model": "block/bookshelf_slim/bookshelf_1_33_3", "y": 180 , "weight":	1	},
								{ "model": "block/bookshelf_slim/bookshelf_1_33_4", "y": 180 , "weight":	4	},
								{ "model": "block/bookshelf_slim/bookshelf_1_33_5", "y": 180 , "weight":	5	},
								{ "model": "block/bookshelf_slim/bookshelf_1_33_6", "y": 180 , "weight":	3	},
								{ "model": "block/bookshelf_slim/bookshelf_1_33_7", "y": 180 , "weight":	4	},
								{ "model": "block/bookshelf_slim/bookshelf_1_33_8", "y": 180 , "weight":	3	}
							]			
				},						
				{ "apply": [						
								{ "model": "block/bookshelf_slim/bookshelf_1_88_1", "y": 180 , "weight":	5	},
								{ "model": "block/bookshelf_slim/bookshelf_1_88_2", "y": 180 , "weight":	3	},
								{ "model": "block/bookshelf_slim/bookshelf_1_88_3", "y": 180 , "weight":	3	},
								{ "model": "block/bookshelf_slim/bookshelf_1_88_4", "y": 180 , "weight":	3	},
								{ "model": "block/bookshelf_slim/bookshelf_1_88_5", "y": 180 , "weight":	5	},
								{ "model": "block/bookshelf_slim/bookshelf_1_88_6", "y": 180 , "weight":	5	},
								{ "model": "block/bookshelf_slim/bookshelf_1_88_7", "y": 180 , "weight":	1	},
								{ "model": "block/bookshelf_slim/bookshelf_1_88_8", "y": 180 , "weight":	2	}
							]			
				},						
				{ "apply": [						
								{ "model": "block/bookshelf_slim/bookshelf_2_11_1", "y": 180 , "weight":	5	},
								{ "model": "block/bookshelf_slim/bookshelf_2_11_2", "y": 180 , "weight":	4	},
								{ "model": "block/bookshelf_slim/bookshelf_2_11_3", "y": 180 , "weight":	2	},
								{ "model": "block/bookshelf_slim/bookshelf_2_11_4", "y": 180 , "weight":	4	},
								{ "model": "block/bookshelf_slim/bookshelf_2_11_5", "y": 180 , "weight":	5	},
								{ "model": "block/bookshelf_slim/bookshelf_2_11_6", "y": 180 , "weight":	3	},
								{ "model": "block/bookshelf_slim/bookshelf_2_11_7", "y": 180 , "weight":	5	},
								{ "model": "block/bookshelf_slim/bookshelf_2_11_8", "y": 180 , "weight":	3	}
							]			
				},						
				{ "apply": [						
								{ "model": "block/bookshelf_slim/bookshelf_2_66_1", "y": 180 , "weight":	2	},
								{ "model": "block/bookshelf_slim/bookshelf_2_66_2", "y": 180 , "weight":	3	},
								{ "model": "block/bookshelf_slim/bookshelf_2_66_3", "y": 180 , "weight":	4	},
								{ "model": "block/bookshelf_slim/bookshelf_2_66_4", "y": 180 , "weight":	5	},
								{ "model": "block/bookshelf_slim/bookshelf_2_66_5", "y": 180 , "weight":	2	},
								{ "model": "block/bookshelf_slim/bookshelf_2_66_6", "y": 180 , "weight":	5	},
								{ "model": "block/bookshelf_slim/bookshelf_2_66_7", "y": 180 , "weight":	2	},
								{ "model": "block/bookshelf_slim/bookshelf_2_66_8", "y": 180 , "weight":	4	}
							]			
				},						
				{ "apply": [						
								{ "model": "block/bookshelf_slim/bookshelf_2_77_1", "y": 180 , "weight":	5	},
								{ "model": "block/bookshelf_slim/bookshelf_2_77_2", "y": 180 , "weight":	5	},
								{ "model": "block/bookshelf_slim/bookshelf_2_77_3", "y": 180 , "weight":	1	},
								{ "model": "block/bookshelf_slim/bookshelf_2_77_4", "y": 180 , "weight":	1	},
								{ "model": "block/bookshelf_slim/bookshelf_2_77_5", "y": 180 , "weight":	1	},
								{ "model": "block/bookshelf_slim/bookshelf_2_77_6", "y": 180 , "weight":	2	},
								{ "model": "block/bookshelf_slim/bookshelf_2_77_7", "y": 180 , "weight":	2	},
								{ "model": "block/bookshelf_slim/bookshelf_2_77_8", "y": 180 , "weight":	3	}
							]			
				},						
				{ "apply": [						
								{ "model": "block/bookshelf_slim/bookshelf_2_88_1", "y": 180 , "weight":	3	},
								{ "model": "block/bookshelf_slim/bookshelf_2_88_2", "y": 180 , "weight":	1	},
								{ "model": "block/bookshelf_slim/bookshelf_2_88_3", "y": 180 , "weight":	3	},
								{ "model": "block/bookshelf_slim/bookshelf_2_88_4", "y": 180 , "weight":	2	},
								{ "model": "block/bookshelf_slim/bookshelf_2_88_5", "y": 180 , "weight":	3	},
								{ "model": "block/bookshelf_slim/bookshelf_2_88_6", "y": 180 , "weight":	3	},
								{ "model": "block/bookshelf_slim/bookshelf_2_88_7", "y": 180 , "weight":	5	},
								{ "model": "block/bookshelf_slim/bookshelf_2_88_8", "y": 180 , "weight":	3	}
							]			
				},						
				{ "apply": [						
								{ "model": "block/bookshelf_slim/bookshelf_2_1111_1", "y": 180 , "weight":	2	},
								{ "model": "block/bookshelf_slim/bookshelf_2_1111_2", "y": 180 , "weight":	5	},
								{ "model": "block/bookshelf_slim/bookshelf_2_1111_3", "y": 180 , "weight":	4	},
								{ "model": "block/bookshelf_slim/bookshelf_2_1111_4", "y": 180 , "weight":	3	},
								{ "model": "block/bookshelf_slim/bookshelf_2_1111_5", "y": 180 , "weight":	1	},
								{ "model": "block/bookshelf_slim/bookshelf_2_1111_6", "y": 180 , "weight":	3	},
								{ "model": "block/bookshelf_slim/bookshelf_2_1111_7", "y": 180 , "weight":	4	},
								{ "model": "block/bookshelf_slim/bookshelf_2_1111_8", "y": 180 , "weight":	3	}
							]			
				},						
				{ "apply": [						
								{ "model": "block/bookshelf_slim/bookshelf_2_1414_1", "y": 180 , "weight":	1	},
								{ "model": "block/bookshelf_slim/bookshelf_2_1414_2", "y": 180 , "weight":	4	},
								{ "model": "block/bookshelf_slim/bookshelf_2_1414_3", "y": 180 , "weight":	3	},
								{ "model": "block/bookshelf_slim/bookshelf_2_1414_4", "y": 180 , "weight":	4	},
								{ "model": "block/bookshelf_slim/bookshelf_2_1414_5", "y": 180 , "weight":	4	},
								{ "model": "block/bookshelf_slim/bookshelf_2_1414_6", "y": 180 , "weight":	2	},
								{ "model": "block/bookshelf_slim/bookshelf_2_1414_7", "y": 180 , "weight":	3	},
								{ "model": "block/bookshelf_slim/bookshelf_2_1414_8", "y": 180 , "weight":	4	}
							]			
				},						
				{ "apply": [						
								{ "model": "block/bookshelf_wide/bookshelf_1_12_1", "y": 180 , "weight":	3	},
								{ "model": "block/bookshelf_wide/bookshelf_1_12_2", "y": 180 , "weight":	5	},
								{ "model": "block/bookshelf_wide/bookshelf_1_12_3", "y": 180 , "weight":	2	},
								{ "model": "block/bookshelf_wide/bookshelf_1_12_4", "y": 180 , "weight":	3	},
								{ "model": "block/bookshelf_wide/bookshelf_1_12_5", "y": 180 , "weight":	2	},
								{ "model": "block/bookshelf_wide/bookshelf_1_12_6", "y": 180 , "weight":	5	},
								{ "model": "block/bookshelf_wide/bookshelf_1_12_7", "y": 180 , "weight":	2	},
								{ "model": "block/bookshelf_wide/bookshelf_1_12_8", "y": 180 , "weight":	4	},
								{ "model": "block/bookshelf_wide/bookshelf_1_12_9", "y": 180 , "weight":	3	}
							]			
				},						
				{ "apply": [						
								{ "model": "block/bookshelf_wide/bookshelf_1_45_1", "y": 180 , "weight":	2	},
								{ "model": "block/bookshelf_wide/bookshelf_1_45_2", "y": 180 , "weight":	2	},
								{ "model": "block/bookshelf_wide/bookshelf_1_45_3", "y": 180 , "weight":	3	},
								{ "model": "block/bookshelf_wide/bookshelf_1_45_4", "y": 180 , "weight":	2	},
								{ "model": "block/bookshelf_wide/bookshelf_1_45_5", "y": 180 , "weight":	1	},
								{ "model": "block/bookshelf_wide/bookshelf_1_45_6", "y": 180 , "weight":	4	},
								{ "model": "block/bookshelf_wide/bookshelf_1_45_7", "y": 180 , "weight":	1	},
								{ "model": "block/bookshelf_wide/bookshelf_1_45_8", "y": 180 , "weight":	5	},
								{ "model": "block/bookshelf_wide/bookshelf_1_45_9", "y": 180 , "weight":	4	}
							]			
				},						
				{ "apply": [						
								{ "model": "block/bookshelf_wide/bookshelf_1_67_1", "y": 180 , "weight":	1	},
								{ "model": "block/bookshelf_wide/bookshelf_1_67_2", "y": 180 , "weight":	1	},
								{ "model": "block/bookshelf_wide/bookshelf_1_67_3", "y": 180 , "weight":	4	},
								{ "model": "block/bookshelf_wide/bookshelf_1_67_4", "y": 180 , "weight":	4	},
								{ "model": "block/bookshelf_wide/bookshelf_1_67_5", "y": 180 , "weight":	4	},
								{ "model": "block/bookshelf_wide/bookshelf_1_67_6", "y": 180 , "weight":	4	},
								{ "model": "block/bookshelf_wide/bookshelf_1_67_7", "y": 180 , "weight":	2	},
								{ "model": "block/bookshelf_wide/bookshelf_1_67_8", "y": 180 , "weight":	5	},
								{ "model": "block/bookshelf_wide/bookshelf_1_67_9", "y": 180 , "weight":	2	}
							]			
				},						
				{ "apply": [						
								{ "model": "block/bookshelf_wide/bookshelf_1_910_1", "y": 180 , "weight":	2	},
								{ "model": "block/bookshelf_wide/bookshelf_1_910_2", "y": 180 , "weight":	5	},
								{ "model": "block/bookshelf_wide/bookshelf_1_910_3", "y": 180 , "weight":	1	},
								{ "model": "block/bookshelf_wide/bookshelf_1_910_4", "y": 180 , "weight":	2	},
								{ "model": "block/bookshelf_wide/bookshelf_1_910_5", "y": 180 , "weight":	2	},
								{ "model": "block/bookshelf_wide/bookshelf_1_910_6", "y": 180 , "weight":	5	},
								{ "model": "block/bookshelf_wide/bookshelf_1_910_7", "y": 180 , "weight":	1	},
								{ "model": "block/bookshelf_wide/bookshelf_1_910_8", "y": 180 , "weight":	1	},
								{ "model": "block/bookshelf_wide/bookshelf_1_910_9", "y": 180 , "weight":	3	}
							]			
				},						
				{ "apply": [						
								{ "model": "block/bookshelf_wide/bookshelf_1_1112_1", "y": 180 , "weight":	4	},
								{ "model": "block/bookshelf_wide/bookshelf_1_1112_2", "y": 180 , "weight":	1	},
								{ "model": "block/bookshelf_wide/bookshelf_1_1112_3", "y": 180 , "weight":	5	},
								{ "model": "block/bookshelf_wide/bookshelf_1_1112_4", "y": 180 , "weight":	2	},
								{ "model": "block/bookshelf_wide/bookshelf_1_1112_5", "y": 180 , "weight":	4	},
								{ "model": "block/bookshelf_wide/bookshelf_1_1112_6", "y": 180 , "weight":	3	},
								{ "model": "block/bookshelf_wide/bookshelf_1_1112_7", "y": 180 , "weight":	3	},
								{ "model": "block/bookshelf_wide/bookshelf_1_1112_8", "y": 180 , "weight":	4	},
								{ "model": "block/bookshelf_wide/bookshelf_1_1112_9", "y": 180 , "weight":	1	}
							]			
				},						
				{ "apply": [						
								{ "model": "block/bookshelf_wide/bookshelf_1_1314_1", "y": 180 , "weight":	2	},
								{ "model": "block/bookshelf_wide/bookshelf_1_1314_2", "y": 180 , "weight":	3	},
								{ "model": "block/bookshelf_wide/bookshelf_1_1314_3", "y": 180 , "weight":	3	},
								{ "model": "block/bookshelf_wide/bookshelf_1_1314_4", "y": 180 , "weight":	1	},
								{ "model": "block/bookshelf_wide/bookshelf_1_1314_5", "y": 180 , "weight":	4	},
								{ "model": "block/bookshelf_wide/bookshelf_1_1314_6", "y": 180 , "weight":	4	},
								{ "model": "block/bookshelf_wide/bookshelf_1_1314_7", "y": 180 , "weight":	3	},
								{ "model": "block/bookshelf_wide/bookshelf_1_1314_8", "y": 180 , "weight":	3	},
								{ "model": "block/bookshelf_wide/bookshelf_1_1314_9", "y": 180 , "weight":	3	}
							]			
				},						
				{ "apply": [						
								{ "model": "block/bookshelf_wide/bookshelf_2_23_1", "y": 180 , "weight":	2	},
								{ "model": "block/bookshelf_wide/bookshelf_2_23_2", "y": 180 , "weight":	5	},
								{ "model": "block/bookshelf_wide/bookshelf_2_23_3", "y": 180 , "weight":	2	},
								{ "model": "block/bookshelf_wide/bookshelf_2_23_4", "y": 180 , "weight":	1	},
								{ "model": "block/bookshelf_wide/bookshelf_2_23_5", "y": 180 , "weight":	2	},
								{ "model": "block/bookshelf_wide/bookshelf_2_23_6", "y": 180 , "weight":	3	},
								{ "model": "block/bookshelf_wide/bookshelf_2_23_7", "y": 180 , "weight":	1	},
								{ "model": "block/bookshelf_wide/bookshelf_2_23_8", "y": 180 , "weight":	1	},
								{ "model": "block/bookshelf_wide/bookshelf_2_23_9", "y": 180 , "weight":	1	}
							]			
				},						
				{ "apply": [						
								{ "model": "block/bookshelf_wide/bookshelf_2_45_1", "y": 180 , "weight":	1	},
								{ "model": "block/bookshelf_wide/bookshelf_2_45_2", "y": 180 , "weight":	3	},
								{ "model": "block/bookshelf_wide/bookshelf_2_45_3", "y": 180 , "weight":	4	},
								{ "model": "block/bookshelf_wide/bookshelf_2_45_4", "y": 180 , "weight":	1	},
								{ "model": "block/bookshelf_wide/bookshelf_2_45_5", "y": 180 , "weight":	1	},
								{ "model": "block/bookshelf_wide/bookshelf_2_45_6", "y": 180 , "weight":	5	},
								{ "model": "block/bookshelf_wide/bookshelf_2_45_7", "y": 180 , "weight":	2	},
								{ "model": "block/bookshelf_wide/bookshelf_2_45_8", "y": 180 , "weight":	1	},
								{ "model": "block/bookshelf_wide/bookshelf_2_45_9", "y": 180 , "weight":	1	}
							]			
				},						
				{ "apply": [						
								{ "model": "block/bookshelf_wide/bookshelf_2_910_1", "y": 180 , "weight":	1	},
								{ "model": "block/bookshelf_wide/bookshelf_2_910_2", "y": 180 , "weight":	1	},
								{ "model": "block/bookshelf_wide/bookshelf_2_910_3", "y": 180 , "weight":	5	},
								{ "model": "block/bookshelf_wide/bookshelf_2_910_4", "y": 180 , "weight":	5	},
								{ "model": "block/bookshelf_wide/bookshelf_2_910_5", "y": 180 , "weight":	3	},
								{ "model": "block/bookshelf_wide/bookshelf_2_910_6", "y": 180 , "weight":	4	},
								{ "model": "block/bookshelf_wide/bookshelf_2_910_7", "y": 180 , "weight":	1	},
								{ "model": "block/bookshelf_wide/bookshelf_2_910_8", "y": 180 , "weight":	1	},
								{ "model": "block/bookshelf_wide/bookshelf_2_910_9", "y": 180 , "weight":	1	}
							]			
				},						
				{ "apply": [						
								{ "model": "block/bookshelf_wide/bookshelf_2_1213_1", "y": 180 , "weight":	3	},
								{ "model": "block/bookshelf_wide/bookshelf_2_1213_2", "y": 180 , "weight":	5	},
								{ "model": "block/bookshelf_wide/bookshelf_2_1213_3", "y": 180 , "weight":	4	},
								{ "model": "block/bookshelf_wide/bookshelf_2_1213_4", "y": 180 , "weight":	4	},
								{ "model": "block/bookshelf_wide/bookshelf_2_1213_5", "y": 180 , "weight":	5	},
								{ "model": "block/bookshelf_wide/bookshelf_2_1213_6", "y": 180 , "weight":	3	},
								{ "model": "block/bookshelf_wide/bookshelf_2_1213_7", "y": 180 , "weight":	2	},
								{ "model": "block/bookshelf_wide/bookshelf_2_1213_8", "y": 180 , "weight":	1	},
								{ "model": "block/bookshelf_wide/bookshelf_2_1213_9", "y": 180 , "weight":	5	}
							]			
				},						
										
										
										
										
										
										
										
				{ "apply": [						
								{ "model": "block/bookshelf_slim/bookshelf_1_33_1", "y": 270 , "weight":	5	},
								{ "model": "block/bookshelf_slim/bookshelf_1_33_2", "y": 270 , "weight":	3	},
								{ "model": "block/bookshelf_slim/bookshelf_1_33_3", "y": 270 , "weight":	1	},
								{ "model": "block/bookshelf_slim/bookshelf_1_33_4", "y": 270 , "weight":	1	},
								{ "model": "block/bookshelf_slim/bookshelf_1_33_5", "y": 270 , "weight":	5	},
								{ "model": "block/bookshelf_slim/bookshelf_1_33_6", "y": 270 , "weight":	4	},
								{ "model": "block/bookshelf_slim/bookshelf_1_33_7", "y": 270 , "weight":	1	},
								{ "model": "block/bookshelf_slim/bookshelf_1_33_8", "y": 270 , "weight":	5	}
							]			
				},						
				{ "apply": [						
								{ "model": "block/bookshelf_slim/bookshelf_1_88_1", "y": 270 , "weight":	2	},
								{ "model": "block/bookshelf_slim/bookshelf_1_88_2", "y": 270 , "weight":	5	},
								{ "model": "block/bookshelf_slim/bookshelf_1_88_3", "y": 270 , "weight":	4	},
								{ "model": "block/bookshelf_slim/bookshelf_1_88_4", "y": 270 , "weight":	5	},
								{ "model": "block/bookshelf_slim/bookshelf_1_88_5", "y": 270 , "weight":	4	},
								{ "model": "block/bookshelf_slim/bookshelf_1_88_6", "y": 270 , "weight":	3	},
								{ "model": "block/bookshelf_slim/bookshelf_1_88_7", "y": 270 , "weight":	4	},
								{ "model": "block/bookshelf_slim/bookshelf_1_88_8", "y": 270 , "weight":	3	}
							]			
				},						
				{ "apply": [						
								{ "model": "block/bookshelf_slim/bookshelf_2_11_1", "y": 270 , "weight":	5	},
								{ "model": "block/bookshelf_slim/bookshelf_2_11_2", "y": 270 , "weight":	2	},
								{ "model": "block/bookshelf_slim/bookshelf_2_11_3", "y": 270 , "weight":	3	},
								{ "model": "block/bookshelf_slim/bookshelf_2_11_4", "y": 270 , "weight":	3	},
								{ "model": "block/bookshelf_slim/bookshelf_2_11_5", "y": 270 , "weight":	1	},
								{ "model": "block/bookshelf_slim/bookshelf_2_11_6", "y": 270 , "weight":	5	},
								{ "model": "block/bookshelf_slim/bookshelf_2_11_7", "y": 270 , "weight":	3	},
								{ "model": "block/bookshelf_slim/bookshelf_2_11_8", "y": 270 , "weight":	1	}
							]			
				},						
				{ "apply": [						
								{ "model": "block/bookshelf_slim/bookshelf_2_66_1", "y": 270 , "weight":	3	},
								{ "model": "block/bookshelf_slim/bookshelf_2_66_2", "y": 270 , "weight":	4	},
								{ "model": "block/bookshelf_slim/bookshelf_2_66_3", "y": 270 , "weight":	2	},
								{ "model": "block/bookshelf_slim/bookshelf_2_66_4", "y": 270 , "weight":	2	},
								{ "model": "block/bookshelf_slim/bookshelf_2_66_5", "y": 270 , "weight":	4	},
								{ "model": "block/bookshelf_slim/bookshelf_2_66_6", "y": 270 , "weight":	2	},
								{ "model": "block/bookshelf_slim/bookshelf_2_66_7", "y": 270 , "weight":	1	},
								{ "model": "block/bookshelf_slim/bookshelf_2_66_8", "y": 270 , "weight":	1	}
							]			
				},						
				{ "apply": [						
								{ "model": "block/bookshelf_slim/bookshelf_2_77_1", "y": 270 , "weight":	4	},
								{ "model": "block/bookshelf_slim/bookshelf_2_77_2", "y": 270 , "weight":	4	},
								{ "model": "block/bookshelf_slim/bookshelf_2_77_3", "y": 270 , "weight":	4	},
								{ "model": "block/bookshelf_slim/bookshelf_2_77_4", "y": 270 , "weight":	2	},
								{ "model": "block/bookshelf_slim/bookshelf_2_77_5", "y": 270 , "weight":	3	},
								{ "model": "block/bookshelf_slim/bookshelf_2_77_6", "y": 270 , "weight":	3	},
								{ "model": "block/bookshelf_slim/bookshelf_2_77_7", "y": 270 , "weight":	3	},
								{ "model": "block/bookshelf_slim/bookshelf_2_77_8", "y": 270 , "weight":	4	}
							]			
				},						
				{ "apply": [						
								{ "model": "block/bookshelf_slim/bookshelf_2_88_1", "y": 270 , "weight":	5	},
								{ "model": "block/bookshelf_slim/bookshelf_2_88_2", "y": 270 , "weight":	4	},
								{ "model": "block/bookshelf_slim/bookshelf_2_88_3", "y": 270 , "weight":	1	},
								{ "model": "block/bookshelf_slim/bookshelf_2_88_4", "y": 270 , "weight":	5	},
								{ "model": "block/bookshelf_slim/bookshelf_2_88_5", "y": 270 , "weight":	5	},
								{ "model": "block/bookshelf_slim/bookshelf_2_88_6", "y": 270 , "weight":	5	},
								{ "model": "block/bookshelf_slim/bookshelf_2_88_7", "y": 270 , "weight":	4	},
								{ "model": "block/bookshelf_slim/bookshelf_2_88_8", "y": 270 , "weight":	1	}
							]			
				},						
				{ "apply": [						
								{ "model": "block/bookshelf_slim/bookshelf_2_1111_1", "y": 270 , "weight":	2	},
								{ "model": "block/bookshelf_slim/bookshelf_2_1111_2", "y": 270 , "weight":	4	},
								{ "model": "block/bookshelf_slim/bookshelf_2_1111_3", "y": 270 , "weight":	1	},
								{ "model": "block/bookshelf_slim/bookshelf_2_1111_4", "y": 270 , "weight":	5	},
								{ "model": "block/bookshelf_slim/bookshelf_2_1111_5", "y": 270 , "weight":	1	},
								{ "model": "block/bookshelf_slim/bookshelf_2_1111_6", "y": 270 , "weight":	4	},
								{ "model": "block/bookshelf_slim/bookshelf_2_1111_7", "y": 270 , "weight":	4	},
								{ "model": "block/bookshelf_slim/bookshelf_2_1111_8", "y": 270 , "weight":	2	}
							]			
				},						
				{ "apply": [						
								{ "model": "block/bookshelf_slim/bookshelf_2_1414_1", "y": 270 , "weight":	5	},
								{ "model": "block/bookshelf_slim/bookshelf_2_1414_2", "y": 270 , "weight":	1	},
								{ "model": "block/bookshelf_slim/bookshelf_2_1414_3", "y": 270 , "weight":	4	},
								{ "model": "block/bookshelf_slim/bookshelf_2_1414_4", "y": 270 , "weight":	5	},
								{ "model": "block/bookshelf_slim/bookshelf_2_1414_5", "y": 270 , "weight":	5	},
								{ "model": "block/bookshelf_slim/bookshelf_2_1414_6", "y": 270 , "weight":	2	},
								{ "model": "block/bookshelf_slim/bookshelf_2_1414_7", "y": 270 , "weight":	2	},
								{ "model": "block/bookshelf_slim/bookshelf_2_1414_8", "y": 270 , "weight":	2	}
							]			
				},						
				{ "apply": [						
								{ "model": "block/bookshelf_wide/bookshelf_1_12_1", "y": 270 , "weight":	1	},
								{ "model": "block/bookshelf_wide/bookshelf_1_12_2", "y": 270 , "weight":	3	},
								{ "model": "block/bookshelf_wide/bookshelf_1_12_3", "y": 270 , "weight":	4	},
								{ "model": "block/bookshelf_wide/bookshelf_1_12_4", "y": 270 , "weight":	1	},
								{ "model": "block/bookshelf_wide/bookshelf_1_12_5", "y": 270 , "weight":	2	},
								{ "model": "block/bookshelf_wide/bookshelf_1_12_6", "y": 270 , "weight":	5	},
								{ "model": "block/bookshelf_wide/bookshelf_1_12_7", "y": 270 , "weight":	1	},
								{ "model": "block/bookshelf_wide/bookshelf_1_12_8", "y": 270 , "weight":	5	},
								{ "model": "block/bookshelf_wide/bookshelf_1_12_9", "y": 270 , "weight":	2	}
							]			
				},						
				{ "apply": [						
								{ "model": "block/bookshelf_wide/bookshelf_1_45_1", "y": 270 , "weight":	4	},
								{ "model": "block/bookshelf_wide/bookshelf_1_45_2", "y": 270 , "weight":	4	},
								{ "model": "block/bookshelf_wide/bookshelf_1_45_3", "y": 270 , "weight":	1	},
								{ "model": "block/bookshelf_wide/bookshelf_1_45_4", "y": 270 , "weight":	3	},
								{ "model": "block/bookshelf_wide/bookshelf_1_45_5", "y": 270 , "weight":	5	},
								{ "model": "block/bookshelf_wide/bookshelf_1_45_6", "y": 270 , "weight":	5	},
								{ "model": "block/bookshelf_wide/bookshelf_1_45_7", "y": 270 , "weight":	4	},
								{ "model": "block/bookshelf_wide/bookshelf_1_45_8", "y": 270 , "weight":	2	},
								{ "model": "block/bookshelf_wide/bookshelf_1_45_9", "y": 270 , "weight":	2	}
							]			
				},						
				{ "apply": [						
								{ "model": "block/bookshelf_wide/bookshelf_1_67_1", "y": 270 , "weight":	4	},
								{ "model": "block/bookshelf_wide/bookshelf_1_67_2", "y": 270 , "weight":	5	},
								{ "model": "block/bookshelf_wide/bookshelf_1_67_3", "y": 270 , "weight":	2	},
								{ "model": "block/bookshelf_wide/bookshelf_1_67_4", "y": 270 , "weight":	2	},
								{ "model": "block/bookshelf_wide/bookshelf_1_67_5", "y": 270 , "weight":	5	},
								{ "model": "block/bookshelf_wide/bookshelf_1_67_6", "y": 270 , "weight":	1	},
								{ "model": "block/bookshelf_wide/bookshelf_1_67_7", "y": 270 , "weight":	2	},
								{ "model": "block/bookshelf_wide/bookshelf_1_67_8", "y": 270 , "weight":	5	},
								{ "model": "block/bookshelf_wide/bookshelf_1_67_9", "y": 270 , "weight":	3	}
							]			
				},						
				{ "apply": [						
								{ "model": "block/bookshelf_wide/bookshelf_1_910_1", "y": 270 , "weight":	4	},
								{ "model": "block/bookshelf_wide/bookshelf_1_910_2", "y": 270 , "weight":	1	},
								{ "model": "block/bookshelf_wide/bookshelf_1_910_3", "y": 270 , "weight":	4	},
								{ "model": "block/bookshelf_wide/bookshelf_1_910_4", "y": 270 , "weight":	1	},
								{ "model": "block/bookshelf_wide/bookshelf_1_910_5", "y": 270 , "weight":	3	},
								{ "model": "block/bookshelf_wide/bookshelf_1_910_6", "y": 270 , "weight":	2	},
								{ "model": "block/bookshelf_wide/bookshelf_1_910_7", "y": 270 , "weight":	5	},
								{ "model": "block/bookshelf_wide/bookshelf_1_910_8", "y": 270 , "weight":	4	},
								{ "model": "block/bookshelf_wide/bookshelf_1_910_9", "y": 270 , "weight":	1	}
							]			
				},						
				{ "apply": [						
								{ "model": "block/bookshelf_wide/bookshelf_1_1112_1", "y": 270 , "weight":	3	},
								{ "model": "block/bookshelf_wide/bookshelf_1_1112_2", "y": 270 , "weight":	4	},
								{ "model": "block/bookshelf_wide/bookshelf_1_1112_3", "y": 270 , "weight":	1	},
								{ "model": "block/bookshelf_wide/bookshelf_1_1112_4", "y": 270 , "weight":	3	},
								{ "model": "block/bookshelf_wide/bookshelf_1_1112_5", "y": 270 , "weight":	4	},
								{ "model": "block/bookshelf_wide/bookshelf_1_1112_6", "y": 270 , "weight":	3	},
								{ "model": "block/bookshelf_wide/bookshelf_1_1112_7", "y": 270 , "weight":	5	},
								{ "model": "block/bookshelf_wide/bookshelf_1_1112_8", "y": 270 , "weight":	4	},
								{ "model": "block/bookshelf_wide/bookshelf_1_1112_9", "y": 270 , "weight":	4	}
							]			
				},						
				{ "apply": [						
								{ "model": "block/bookshelf_wide/bookshelf_1_1314_1", "y": 270 , "weight":	3	},
								{ "model": "block/bookshelf_wide/bookshelf_1_1314_2", "y": 270 , "weight":	2	},
								{ "model": "block/bookshelf_wide/bookshelf_1_1314_3", "y": 270 , "weight":	2	},
								{ "model": "block/bookshelf_wide/bookshelf_1_1314_4", "y": 270 , "weight":	1	},
								{ "model": "block/bookshelf_wide/bookshelf_1_1314_5", "y": 270 , "weight":	2	},
								{ "model": "block/bookshelf_wide/bookshelf_1_1314_6", "y": 270 , "weight":	5	},
								{ "model": "block/bookshelf_wide/bookshelf_1_1314_7", "y": 270 , "weight":	2	},
								{ "model": "block/bookshelf_wide/bookshelf_1_1314_8", "y": 270 , "weight":	2	},
								{ "model": "block/bookshelf_wide/bookshelf_1_1314_9", "y": 270 , "weight":	5	}
							]			
				},						
				{ "apply": [						
								{ "model": "block/bookshelf_wide/bookshelf_2_23_1", "y": 270 , "weight":	3	},
								{ "model": "block/bookshelf_wide/bookshelf_2_23_2", "y": 270 , "weight":	4	},
								{ "model": "block/bookshelf_wide/bookshelf_2_23_3", "y": 270 , "weight":	3	},
								{ "model": "block/bookshelf_wide/bookshelf_2_23_4", "y": 270 , "weight":	2	},
								{ "model": "block/bookshelf_wide/bookshelf_2_23_5", "y": 270 , "weight":	2	},
								{ "model": "block/bookshelf_wide/bookshelf_2_23_6", "y": 270 , "weight":	2	},
								{ "model": "block/bookshelf_wide/bookshelf_2_23_7", "y": 270 , "weight":	3	},
								{ "model": "block/bookshelf_wide/bookshelf_2_23_8", "y": 270 , "weight":	4	},
								{ "model": "block/bookshelf_wide/bookshelf_2_23_9", "y": 270 , "weight":	5	}
							]			
				},						
				{ "apply": [						
								{ "model": "block/bookshelf_wide/bookshelf_2_45_1", "y": 270 , "weight":	2	},
								{ "model": "block/bookshelf_wide/bookshelf_2_45_2", "y": 270 , "weight":	5	},
								{ "model": "block/bookshelf_wide/bookshelf_2_45_3", "y": 270 , "weight":	3	},
								{ "model": "block/bookshelf_wide/bookshelf_2_45_4", "y": 270 , "weight":	3	},
								{ "model": "block/bookshelf_wide/bookshelf_2_45_5", "y": 270 , "weight":	1	},
								{ "model": "block/bookshelf_wide/bookshelf_2_45_6", "y": 270 , "weight":	4	},
								{ "model": "block/bookshelf_wide/bookshelf_2_45_7", "y": 270 , "weight":	4	},
								{ "model": "block/bookshelf_wide/bookshelf_2_45_8", "y": 270 , "weight":	5	},
								{ "model": "block/bookshelf_wide/bookshelf_2_45_9", "y": 270 , "weight":	4	}
							]			
				},						
				{ "apply": [						
								{ "model": "block/bookshelf_wide/bookshelf_2_910_1", "y": 270 , "weight":	4	},
								{ "model": "block/bookshelf_wide/bookshelf_2_910_2", "y": 270 , "weight":	3	},
								{ "model": "block/bookshelf_wide/bookshelf_2_910_3", "y": 270 , "weight":	3	},
								{ "model": "block/bookshelf_wide/bookshelf_2_910_4", "y": 270 , "weight":	1	},
								{ "model": "block/bookshelf_wide/bookshelf_2_910_5", "y": 270 , "weight":	1	},
								{ "model": "block/bookshelf_wide/bookshelf_2_910_6", "y": 270 , "weight":	4	},
								{ "model": "block/bookshelf_wide/bookshelf_2_910_7", "y": 270 , "weight":	2	},
								{ "model": "block/bookshelf_wide/bookshelf_2_910_8", "y": 270 , "weight":	5	},
								{ "model": "block/bookshelf_wide/bookshelf_2_910_9", "y": 270 , "weight":	4	}
							]			
				},						
				{ "apply": [						
								{ "model": "block/bookshelf_wide/bookshelf_2_1213_1", "y": 270 , "weight":	4	},
								{ "model": "block/bookshelf_wide/bookshelf_2_1213_2", "y": 270 , "weight":	4	},
								{ "model": "block/bookshelf_wide/bookshelf_2_1213_3", "y": 270 , "weight":	1	},
								{ "model": "block/bookshelf_wide/bookshelf_2_1213_4", "y": 270 , "weight":	1	},
								{ "model": "block/bookshelf_wide/bookshelf_2_1213_5", "y": 270 , "weight":	3	},
								{ "model": "block/bookshelf_wide/bookshelf_2_1213_6", "y": 270 , "weight":	5	},
								{ "model": "block/bookshelf_wide/bookshelf_2_1213_7", "y": 270 , "weight":	1	},
								{ "model": "block/bookshelf_wide/bookshelf_2_1213_8", "y": 270 , "weight":	4	},
								{ "model": "block/bookshelf_wide/bookshelf_2_1213_9", "y": 270 , "weight":	1	}
							]			
				}						
				]						
}										
										
										
										
