{
    "variants": {
        "": [
		    { "model": "block/lily_pad_flower1" },
            { "model": "block/lily_pad_flower1", "y": 90 },
            { "model": "block/lily_pad_flower1", "y": 180 },
            { "model": "block/lily_pad_flower1", "y": 270 },
			{ "model": "block/lily_pad_flower2" },
            { "model": "block/lily_pad_flower2", "y": 90 },
            { "model": "block/lily_pad_flower2", "y": 180 },
            { "model": "block/lily_pad_flower2", "y": 270 },
            { "model": "block/lily_pad" },
            { "model": "block/lily_pad", "y": 90 },
            { "model": "block/lily_pad", "y": 180 },
            { "model": "block/lily_pad", "y": 270 },
			{ "model": "block/lily_pad_alt1" },
			{ "model": "block/lily_pad_alt1", "y": 90 },
			{ "model": "block/lily_pad_alt1", "y": 180 },
			{ "model": "block/lily_pad_alt1", "y": 270 },
			{ "model": "block/lily_pad_alt2" },
			{ "model": "block/lily_pad_alt2", "y": 90 },
			{ "model": "block/lily_pad_alt2", "y": 180 },
			{ "model": "block/lily_pad_alt2", "y": 270 },
			{ "model": "block/lily_pad_alt3" },
			{ "model": "block/lily_pad_alt3", "y": 90 },
			{ "model": "block/lily_pad_alt3", "y": 180 },
			{ "model": "block/lily_pad_alt3", "y": 270 }
        ]
    }
}
