{
	"credit": "Made by TheWaschtlPlays using Blockbench",
	"textures": {
		"0": "blocks/iron_bars",
		"particle": "blocks/iron_bars"
	},
	"elements": [
		{
			"from": [7, 0, 7],
			"to": [9, 16, 9],
			"faces": {
				"north": {"uv": [7, 0, 9, 16], "texture": "#0"},
				"east": {"uv": [7, 0, 9, 16], "texture": "#0"},
				"south": {"uv": [7, 0, 9, 16], "texture": "#0"},
				"west": {"uv": [7, 0, 9, 16], "texture": "#0"},
				"up": {"uv": [7, 0, 9, 2], "texture": "#0", "cullface": "up"},
				"down": {"uv": [7, 14, 9, 16], "texture": "#0", "cullface": "down"}
			}
		},
		{
			"from": [7, 0, 2],
			"to": [9, 16, 4],
			"faces": {
				"north": {"uv": [12, 0, 14, 16], "texture": "#0"},
				"east": {"uv": [12, 0, 14, 16], "texture": "#0"},
				"south": {"uv": [12, 0, 14, 16], "texture": "#0"},
				"west": {"uv": [12, 0, 14, 16], "texture": "#0"},
				"up": {"uv": [12, 0, 14, 2], "texture": "#0"},
				"down": {"uv": [12, 14, 14, 16], "texture": "#0"}
			}
		},
		{
			"from": [7, 2, 4],
			"to": [9, 4, 7],
			"faces": {
				"east": {"uv": [9, 12, 12, 14], "texture": "#0"},
				"west": {"uv": [9, 12, 12, 14], "texture": "#0"},
				"up": {"uv": [9, 12, 12, 14], "rotation": 90, "texture": "#0"},
				"down": {"uv": [9, 12, 12, 14], "rotation": 90, "texture": "#0"}
			}
		},
		{
			"from": [7, 7, 0],
			"to": [9, 9, 2],
			"faces": {
				"north": {"uv": [0, 7, 2, 9], "texture": "#0", "cullface": "north"},
				"east": {"uv": [14, 7, 16, 9], "texture": "#0"},
				"west": {"uv": [14, 7, 16, 9], "texture": "#0"},
				"up": {"uv": [14, 7, 16, 9], "texture": "#0"},
				"down": {"uv": [14, 7, 16, 9], "texture": "#0"}
			}
		},
		{
			"from": [7, 0, 12],
			"to": [9, 16, 14],
			"faces": {
				"north": {"uv": [2, 0, 4, 16], "texture": "#0"},
				"east": {"uv": [2, 0, 4, 16], "texture": "#0"},
				"south": {"uv": [2, 0, 4, 16], "texture": "#0"},
				"west": {"uv": [2, 0, 4, 16], "texture": "#0"},
				"up": {"uv": [2, 0, 4, 2], "texture": "#0"},
				"down": {"uv": [2, 14, 4, 16], "texture": "#0"}
			}
		},
		{
			"from": [7, 12, 9],
			"to": [9, 14, 12],
			"faces": {
				"east": {"uv": [4, 2, 7, 4], "texture": "#0"},
				"west": {"uv": [4, 2, 7, 4], "texture": "#0"},
				"up": {"uv": [4, 2, 7, 4], "rotation": 90, "texture": "#0"},
				"down": {"uv": [4, 2, 7, 4], "rotation": 90, "texture": "#0"}
			}
		},
		{
			"from": [7, 7, 14],
			"to": [9, 9, 16],
			"faces": {
				"east": {"uv": [0, 7, 2, 9], "texture": "#0"},
				"south": {"uv": [0, 7, 2, 9], "texture": "#0", "cullface": "south"},
				"west": {"uv": [0, 7, 2, 9], "texture": "#0"},
				"up": {"uv": [2, 7, 0, 9], "rotation": 180, "texture": "#0"},
				"down": {"uv": [0, 7, 2, 9], "texture": "#0"}
			}
		},
		{
			"from": [12, 0, 7],
			"to": [14, 16, 9],
			"faces": {
				"north": {"uv": [2, 0, 4, 16], "texture": "#0"},
				"east": {"uv": [2, 0, 4, 16], "texture": "#0"},
				"south": {"uv": [2, 0, 4, 16], "texture": "#0"},
				"west": {"uv": [2, 0, 4, 16], "texture": "#0"},
				"up": {"uv": [2, 0, 4, 2], "rotation": 270, "texture": "#0"},
				"down": {"uv": [2, 14, 4, 16], "rotation": 90, "texture": "#0"}
			}
		},
		{
			"from": [9, 12, 7],
			"to": [12, 14, 9],
			"faces": {
				"north": {"uv": [4, 2, 7, 4], "texture": "#0"},
				"south": {"uv": [4, 2, 7, 4], "texture": "#0"},
				"up": {"uv": [4, 2, 7, 4], "texture": "#0"},
				"down": {"uv": [4, 2, 7, 4], "rotation": 180, "texture": "#0"}
			}
		},
		{
			"from": [14, 7, 7],
			"to": [16, 9, 9],
			"faces": {
				"north": {"uv": [0, 7, 2, 9], "texture": "#0"},
				"east": {"uv": [0, 7, 2, 9], "texture": "#0", "cullface": "south"},
				"south": {"uv": [0, 7, 2, 9], "texture": "#0"},
				"up": {"uv": [2, 7, 0, 9], "rotation": 90, "texture": "#0"},
				"down": {"uv": [0, 7, 2, 9], "rotation": 90, "texture": "#0"}
			}
		}
	],
	"groups": [0,
		{
			"name": "iron_bars_side",
			"origin": [8, 8, 8],
			"children": [1, 2, 3]
		},
		{
			"name": "iron_bars_side_alt",
			"origin": [8, 8, 8],
			"children": [4, 5, 6]
		},
		{
			"name": "iron_bars_side_alt",
			"origin": [8, 8, 8],
			"children": [7, 8, 9]
		}
	]
}