{
	"credit": "Made by TheWaschtlPlays using Blockbench",
	"textures": {
		"0": "custom_textures/bottle",
		"base": "blocks/brewing_stand_base",
		"particle": "blocks/brewing_stand",
		"stand": "blocks/brewing_stand"
	},
	"elements": [
		{
			"from": [7, 0, 7],
			"to": [9, 14, 9],
			"faces": {
				"north": {"uv": [7, 2, 9, 16], "texture": "#stand"},
				"east": {"uv": [7, 2, 9, 16], "texture": "#stand"},
				"south": {"uv": [7, 2, 9, 16], "texture": "#stand"},
				"west": {"uv": [7, 2, 9, 16], "texture": "#stand"},
				"up": {"uv": [7, 7, 9, 9], "texture": "#stand"},
				"down": {"uv": [7, 14, 9, 16], "texture": "#stand", "cullface": "down"}
			}
		},
		{
			"from": [9, 0, 5],
			"to": [15, 2, 11],
			"faces": {
				"north": {"uv": [9, 14, 15, 16], "texture": "#base"},
				"east": {"uv": [5, 14, 11, 16], "texture": "#base"},
				"south": {"uv": [9, 14, 15, 16], "texture": "#base"},
				"west": {"uv": [5, 14, 11, 16], "texture": "#base"},
				"up": {"uv": [9, 5, 15, 11], "texture": "#base"},
				"down": {"uv": [9, 5, 15, 11], "texture": "#base", "cullface": "down"}
			}
		},
		{
			"from": [2, 0, 1],
			"to": [8, 2, 7],
			"faces": {
				"north": {"uv": [2, 14, 8, 16], "texture": "#base"},
				"east": {"uv": [1, 14, 7, 16], "texture": "#base"},
				"south": {"uv": [2, 14, 8, 16], "texture": "#base"},
				"west": {"uv": [1, 14, 7, 16], "texture": "#base"},
				"up": {"uv": [2, 1, 8, 7], "texture": "#base"},
				"down": {"uv": [2, 1, 8, 7], "texture": "#base", "cullface": "down"}
			}
		},
		{
			"from": [2, 0, 9],
			"to": [8, 2, 15],
			"faces": {
				"north": {"uv": [2, 14, 8, 16], "texture": "#base"},
				"east": {"uv": [9, 14, 15, 16], "texture": "#base"},
				"south": {"uv": [2, 14, 8, 16], "texture": "#base"},
				"west": {"uv": [9, 14, 15, 16], "texture": "#base"},
				"up": {"uv": [2, 9, 8, 15], "texture": "#base"},
				"down": {"uv": [2, 9, 8, 15], "texture": "#base", "cullface": "down"}
			}
		},
		{
			"name": "Ring",
			"from": [6.75, 11, 6.75],
			"to": [9.25, 13, 9.25],
			"faces": {
				"north": {"uv": [7, 3, 9, 5], "texture": "#stand"},
				"east": {"uv": [7, 3, 9, 5], "texture": "#stand"},
				"south": {"uv": [7, 3, 9, 5], "texture": "#stand"},
				"west": {"uv": [7, 3, 9, 5], "texture": "#stand"},
				"up": {"uv": [7, 3, 8, 4], "texture": "#stand"},
				"down": {"uv": [8, 4, 9, 5], "texture": "#stand"}
			}
		},
		{
			"name": "Glass",
			"from": [7.2, 2, 1.5],
			"to": [10.2, 2.5, 4.5],
			"rotation": {"angle": 45, "axis": "y", "origin": [8, 8, 8]},
			"faces": {
				"north": {"uv": [0, 5, 6, 6], "texture": "#0"},
				"east": {"uv": [0, 0, 1, 6], "rotation": 270, "texture": "#0"},
				"south": {"uv": [0, 0, 6, 1], "rotation": 180, "texture": "#0"},
				"west": {"uv": [5, 0, 6, 6], "rotation": 90, "texture": "#0"},
				"up": {"uv": [6, 6, 0, 0], "rotation": 270, "texture": "#0"}
			}
		},
		{
			"name": "Glass",
			"from": [7.2, 5.5, 1.5],
			"to": [10.2, 6, 4.5],
			"rotation": {"angle": 45, "axis": "y", "origin": [8, 8, 8]},
			"faces": {
				"north": {"uv": [5, 0, 6, 6], "rotation": 90, "texture": "#0"},
				"east": {"uv": [0, 5, 6, 6], "texture": "#0"},
				"south": {"uv": [0, 0, 1, 6], "rotation": 270, "texture": "#0"},
				"west": {"uv": [0, 0, 6, 1], "rotation": 180, "texture": "#0"},
				"up": {"uv": [0, 0, 6, 6], "rotation": 270, "texture": "#0"}
			}
		},
		{
			"name": "Glass",
			"from": [7.2, 2.5, 1],
			"to": [10.2, 5.5, 1.5],
			"rotation": {"angle": 45, "axis": "y", "origin": [8, 8, 8]},
			"faces": {
				"north": {"uv": [0, 0, 6, 6], "texture": "#0"},
				"east": {"uv": [0, 0, 1, 6], "texture": "#0"},
				"south": {"uv": [0, 0, 6, 6], "texture": "#0"},
				"west": {"uv": [5, 0, 6, 6], "texture": "#0"},
				"up": {"uv": [0, 0, 6, 1], "rotation": 180, "texture": "#0"},
				"down": {"uv": [0, 5, 6, 6], "rotation": 180, "texture": "#0"}
			}
		},
		{
			"name": "Glass",
			"from": [10.2, 2.5, 1.5],
			"to": [10.7, 5.5, 4.5],
			"shade": false,
			"rotation": {"angle": 45, "axis": "y", "origin": [8, 8, 8]},
			"faces": {
				"north": {"uv": [0, 0, 1, 6], "texture": "#0"},
				"east": {"uv": [6, 0, 0, 6], "texture": "#0"},
				"south": {"uv": [5, 0, 6, 6], "texture": "#0"},
				"west": {"uv": [0, 0, 6, 6], "texture": "#0"},
				"up": {"uv": [0, 0, 6, 1], "rotation": 90, "texture": "#0"},
				"down": {"uv": [0, 5, 6, 6], "rotation": 270, "texture": "#0"}
			}
		},
		{
			"name": "Glass",
			"from": [7.2, 2.5, 4.5],
			"to": [10.2, 5.5, 5],
			"rotation": {"angle": 45, "axis": "y", "origin": [8, 8, 8]},
			"faces": {
				"north": {"uv": [0, 0, 6, 6], "texture": "#0"},
				"east": {"uv": [5, 0, 6, 6], "texture": "#0"},
				"south": {"uv": [0, 0, 6, 6], "texture": "#0"},
				"west": {"uv": [0, 0, 1, 6], "texture": "#0"},
				"up": {"uv": [0, 0, 6, 1], "texture": "#0"},
				"down": {"uv": [0, 5, 6, 6], "texture": "#0"}
			}
		},
		{
			"name": "Glass",
			"from": [6.7, 2.5, 1.5],
			"to": [7.2, 5.5, 4.5],
			"rotation": {"angle": 45, "axis": "y", "origin": [8, 8, 8]},
			"faces": {
				"north": {"uv": [0, 0, 1, 6], "texture": "#0"},
				"east": {"uv": [0, 0, 6, 6], "texture": "#0"},
				"south": {"uv": [5, 0, 6, 6], "texture": "#0"},
				"west": {"uv": [0, 0, 6, 6], "texture": "#0"},
				"up": {"uv": [0, 0, 6, 1], "rotation": 90, "texture": "#0"},
				"down": {"uv": [0, 5, 6, 6], "rotation": 270, "texture": "#0"}
			}
		},
		{
			"name": "Cap",
			"from": [8.2, 6, 2],
			"to": [9.2, 7, 2.5],
			"rotation": {"angle": 45, "axis": "y", "origin": [8, 8, 8]},
			"faces": {
				"north": {"uv": [9, 0, 10, 1], "texture": "#0"},
				"east": {"uv": [9, 0, 10, 1], "texture": "#0"},
				"south": {"uv": [9, 0, 10, 1], "texture": "#0"},
				"west": {"uv": [9, 0, 10, 1], "texture": "#0"},
				"up": {"uv": [9, 0, 10, 1], "rotation": 270, "texture": "#0"}
			}
		},
		{
			"name": "Cap",
			"from": [8.2, 6, 3.5],
			"to": [9.2, 7, 4],
			"rotation": {"angle": 45, "axis": "y", "origin": [8, 8, 8]},
			"faces": {
				"north": {"uv": [9, 0, 10, 1], "texture": "#0"},
				"east": {"uv": [9, 0, 10, 1], "texture": "#0"},
				"south": {"uv": [9, 0, 10, 1], "texture": "#0"},
				"west": {"uv": [9, 0, 10, 1], "texture": "#0"},
				"up": {"uv": [9, 0, 10, 1], "rotation": 270, "texture": "#0"}
			}
		},
		{
			"name": "Cap",
			"from": [7.7, 6, 2.5],
			"to": [8.2, 7, 3.5],
			"rotation": {"angle": 45, "axis": "y", "origin": [8, 8, 8]},
			"faces": {
				"north": {"uv": [9, 0, 10, 1], "texture": "#0"},
				"east": {"uv": [9, 0, 10, 1], "texture": "#0"},
				"south": {"uv": [9, 0, 10, 1], "texture": "#0"},
				"west": {"uv": [9, 0, 10, 1], "texture": "#0"},
				"up": {"uv": [9, 0, 10, 1], "rotation": 270, "texture": "#0"}
			}
		},
		{
			"name": "Cap",
			"from": [8.2, 6, 2.5],
			"to": [9.2, 7, 3.5],
			"rotation": {"angle": 45, "axis": "y", "origin": [8, 8, 8]},
			"faces": {
				"up": {"uv": [11, 1, 10, 0], "rotation": 270, "texture": "#0"}
			}
		},
		{
			"name": "Cap",
			"from": [9.2, 6, 2.5],
			"to": [9.7, 7, 3.5],
			"rotation": {"angle": 45, "axis": "y", "origin": [8, 8, 8]},
			"faces": {
				"north": {"uv": [9, 0, 10, 1], "texture": "#0"},
				"east": {"uv": [9, 0, 10, 1], "texture": "#0"},
				"south": {"uv": [9, 0, 10, 1], "texture": "#0"},
				"west": {"uv": [9, 0, 10, 1], "texture": "#0"},
				"up": {"uv": [9, 0, 10, 1], "rotation": 270, "texture": "#0"}
			}
		},
		{
			"from": [7.2, 2.5, 1.5],
			"to": [10.2, 4, 4.5],
			"rotation": {"angle": 45, "axis": "y", "origin": [8, 8, 8]},
			"faces": {
				"north": {"uv": [11, 0, 14, 1.5], "texture": "#0"},
				"east": {"uv": [11, 0, 14, 1.5], "texture": "#0"},
				"south": {"uv": [11, 0, 14, 1.5], "texture": "#0"},
				"west": {"uv": [11, 0, 14, 1.5], "texture": "#0"},
				"up": {"uv": [11, 0, 14, 3], "rotation": 270, "texture": "#0"}
			}
		},
		{
			"from": [7.5, 9, 6],
			"to": [8.5, 13.5, 7],
			"rotation": {"angle": 45, "axis": "y", "origin": [8, 8, 8]},
			"faces": {
				"north": {"uv": [9, 2, 10, 6.5], "texture": "#stand"},
				"east": {"uv": [9, 2, 10, 6.5], "texture": "#stand"},
				"south": {"uv": [9, 2, 10, 6.5], "texture": "#stand"},
				"west": {"uv": [9, 2, 10, 6.5], "texture": "#stand"},
				"up": {"uv": [9, 2, 10, 3], "rotation": 270, "texture": "#stand"},
				"down": {"uv": [9, 6, 10, 7], "rotation": 90, "texture": "#stand"}
			}
		},
		{
			"from": [7.5, 12, 3],
			"to": [8.5, 14, 6],
			"rotation": {"angle": 45, "axis": "y", "origin": [8, 8, 8]},
			"faces": {
				"north": {"uv": [12, 2, 13, 4], "texture": "#stand"},
				"east": {"uv": [10, 2, 13, 4], "texture": "#stand"},
				"south": {"uv": [5, 2, 6, 4], "texture": "#stand"},
				"west": {"uv": [3, 2, 6, 4], "texture": "#stand"},
				"up": {"uv": [10, 2, 13, 3], "rotation": 270, "texture": "#stand"},
				"down": {"uv": [10, 3, 13, 4], "rotation": 90, "texture": "#stand"}
			}
		},
		{
			"from": [7.5, 14, 3],
			"to": [8.5, 15, 5],
			"rotation": {"angle": 45, "axis": "y", "origin": [8, 8, 8]},
			"faces": {
				"north": {"uv": [3, 1, 4, 2], "texture": "#stand"},
				"east": {"uv": [3, 1, 5, 2], "texture": "#stand"},
				"south": {"uv": [4, 1, 5, 2], "texture": "#stand"},
				"west": {"uv": [3, 1, 5, 2], "texture": "#stand"},
				"up": {"uv": [11, 1, 13, 2], "rotation": 270, "texture": "#stand"}
			}
		},
		{
			"from": [7.5, 15, 3],
			"to": [8.5, 16, 4],
			"rotation": {"angle": 45, "axis": "y", "origin": [8, 8, 8]},
			"faces": {
				"north": {"uv": [12, 0, 13, 1], "texture": "#stand"},
				"east": {"uv": [12, 0, 13, 1], "texture": "#stand"},
				"south": {"uv": [12, 0, 13, 1], "texture": "#stand"},
				"west": {"uv": [12, 0, 13, 1], "texture": "#stand"},
				"up": {"uv": [12, 0, 13, 1], "rotation": 270, "texture": "#stand"},
				"down": {"uv": [12, 0, 13, 1], "rotation": 90, "texture": "#stand"}
			}
		},
		{
			"from": [7.75, 11.25, 2.5],
			"to": [8.25, 12.75, 3.25],
			"rotation": {"angle": 45, "axis": "y", "origin": [8, 8, 8]},
			"faces": {
				"north": {"uv": [13, 3, 14, 5], "texture": "#stand"},
				"east": {"uv": [13, 3, 14, 5], "texture": "#stand"},
				"south": {"uv": [13, 3, 14, 5], "texture": "#stand"},
				"west": {"uv": [13, 3, 14, 5], "texture": "#stand"},
				"up": {"uv": [13, 3, 13.5, 3.5], "rotation": 270, "texture": "#stand"},
				"down": {"uv": [13, 4, 13.5, 4.5], "rotation": 90, "texture": "#stand"}
			}
		},
		{
			"from": [7.75, 9, 3.25],
			"to": [8.25, 12, 3.75],
			"rotation": {"angle": 45, "axis": "y", "origin": [8, 8, 8]},
			"faces": {
				"north": {"uv": [12, 4, 12.5, 7], "texture": "#stand"},
				"east": {"uv": [12, 4, 12.5, 7], "texture": "#stand"},
				"south": {"uv": [12, 4, 12.5, 7], "texture": "#stand"},
				"west": {"uv": [12, 4, 12.5, 7], "texture": "#stand"},
				"down": {"uv": [12, 7, 12.5, 7.5], "rotation": 270, "texture": "#stand"}
			}
		},
		{
			"from": [8.45, 7, 2.75],
			"to": [8.95, 8, 3.25],
			"rotation": {"angle": 45, "axis": "y", "origin": [8, 8, 8]},
			"faces": {
				"north": {"uv": [12, 8, 12.5, 10], "texture": "#stand"},
				"east": {"uv": [12, 8, 12.5, 10], "texture": "#stand"},
				"south": {"uv": [12, 8, 12.5, 10], "texture": "#stand"},
				"west": {"uv": [12, 8, 12.5, 10], "texture": "#stand"},
				"up": {"uv": [12, 8, 12.5, 8.5], "rotation": 90, "texture": "#stand"}
			}
		},
		{
			"from": [8.1, 8, 3],
			"to": [8.6, 9, 3.5],
			"rotation": {"angle": 45, "axis": "y", "origin": [8, 8, 8]},
			"faces": {
				"north": {"uv": [12, 6, 12.5, 8], "texture": "#stand"},
				"east": {"uv": [12, 6, 12.5, 8], "texture": "#stand"},
				"south": {"uv": [12, 6, 12.5, 8], "texture": "#stand"},
				"west": {"uv": [12, 6, 12.5, 8], "texture": "#stand"},
				"up": {"uv": [12, 6, 12.5, 8], "rotation": 90, "texture": "#stand"},
				"down": {"uv": [12, 6, 12.5, 8], "rotation": 270, "texture": "#stand"}
			}
		},
		{
			"name": "Glass",
			"from": [7.2, 2, 11.5],
			"to": [10.2, 2.5, 14.5],
			"rotation": {"angle": -45, "axis": "y", "origin": [8, 8, 8]},
			"faces": {
				"north": {"uv": [0, 0, 6, 1], "rotation": 180, "texture": "#0"},
				"east": {"uv": [5, 0, 6, 6], "rotation": 90, "texture": "#0"},
				"south": {"uv": [0, 5, 6, 6], "texture": "#0"},
				"west": {"uv": [0, 0, 1, 6], "rotation": 270, "texture": "#0"},
				"up": {"uv": [6, 6, 0, 0], "rotation": 90, "texture": "#0"}
			}
		},
		{
			"name": "Glass",
			"from": [7.2, 5.5, 11.5],
			"to": [10.2, 6, 14.5],
			"rotation": {"angle": -45, "axis": "y", "origin": [8, 8, 8]},
			"faces": {
				"north": {"uv": [0, 0, 1, 6], "rotation": 270, "texture": "#0"},
				"east": {"uv": [0, 0, 6, 1], "rotation": 180, "texture": "#0"},
				"south": {"uv": [5, 0, 6, 6], "rotation": 90, "texture": "#0"},
				"west": {"uv": [0, 5, 6, 6], "texture": "#0"},
				"up": {"uv": [0, 0, 6, 6], "rotation": 90, "texture": "#0"}
			}
		},
		{
			"name": "Glass",
			"from": [7.2, 2.5, 14.5],
			"to": [10.2, 5.5, 15],
			"rotation": {"angle": -45, "axis": "y", "origin": [8, 8, 8]},
			"faces": {
				"north": {"uv": [0, 0, 6, 6], "texture": "#0"},
				"east": {"uv": [5, 0, 6, 6], "texture": "#0"},
				"south": {"uv": [0, 0, 6, 6], "texture": "#0"},
				"west": {"uv": [0, 0, 1, 6], "texture": "#0"},
				"up": {"uv": [0, 0, 6, 1], "texture": "#0"},
				"down": {"uv": [0, 5, 6, 6], "texture": "#0"}
			}
		},
		{
			"name": "Glass",
			"from": [6.7, 2.5, 11.5],
			"to": [7.2, 5.5, 14.5],
			"shade": false,
			"rotation": {"angle": -45, "axis": "y", "origin": [8, 8, 8]},
			"faces": {
				"north": {"uv": [5, 0, 6, 6], "texture": "#0"},
				"east": {"uv": [0, 0, 6, 6], "texture": "#0"},
				"south": {"uv": [0, 0, 1, 6], "texture": "#0"},
				"west": {"uv": [6, 0, 0, 6], "texture": "#0"},
				"up": {"uv": [0, 0, 6, 1], "rotation": 270, "texture": "#0"},
				"down": {"uv": [0, 5, 6, 6], "rotation": 90, "texture": "#0"}
			}
		},
		{
			"name": "Glass",
			"from": [7.2, 2.5, 11],
			"to": [10.2, 5.5, 11.5],
			"rotation": {"angle": -45, "axis": "y", "origin": [8, 8, 8]},
			"faces": {
				"north": {"uv": [0, 0, 6, 6], "texture": "#0"},
				"east": {"uv": [0, 0, 1, 6], "texture": "#0"},
				"south": {"uv": [0, 0, 6, 6], "texture": "#0"},
				"west": {"uv": [5, 0, 6, 6], "texture": "#0"},
				"up": {"uv": [0, 0, 6, 1], "rotation": 180, "texture": "#0"},
				"down": {"uv": [0, 5, 6, 6], "rotation": 180, "texture": "#0"}
			}
		},
		{
			"name": "Glass",
			"from": [10.2, 2.5, 11.5],
			"to": [10.7, 5.5, 14.5],
			"rotation": {"angle": -45, "axis": "y", "origin": [8, 8, 8]},
			"faces": {
				"north": {"uv": [5, 0, 6, 6], "texture": "#0"},
				"east": {"uv": [0, 0, 6, 6], "texture": "#0"},
				"south": {"uv": [0, 0, 1, 6], "texture": "#0"},
				"west": {"uv": [0, 0, 6, 6], "texture": "#0"},
				"up": {"uv": [0, 0, 6, 1], "rotation": 270, "texture": "#0"},
				"down": {"uv": [0, 5, 6, 6], "rotation": 90, "texture": "#0"}
			}
		},
		{
			"name": "Cap",
			"from": [8.2, 6, 13.5],
			"to": [9.2, 7, 14],
			"rotation": {"angle": -45, "axis": "y", "origin": [8, 8, 8]},
			"faces": {
				"north": {"uv": [9, 0, 10, 1], "texture": "#0"},
				"east": {"uv": [9, 0, 10, 1], "texture": "#0"},
				"south": {"uv": [9, 0, 10, 1], "texture": "#0"},
				"west": {"uv": [9, 0, 10, 1], "texture": "#0"},
				"up": {"uv": [9, 0, 10, 1], "rotation": 90, "texture": "#0"}
			}
		},
		{
			"name": "Cap",
			"from": [8.2, 6, 12],
			"to": [9.2, 7, 12.5],
			"rotation": {"angle": -45, "axis": "y", "origin": [8, 8, 8]},
			"faces": {
				"north": {"uv": [9, 0, 10, 1], "texture": "#0"},
				"east": {"uv": [9, 0, 10, 1], "texture": "#0"},
				"south": {"uv": [9, 0, 10, 1], "texture": "#0"},
				"west": {"uv": [9, 0, 10, 1], "texture": "#0"},
				"up": {"uv": [9, 0, 10, 1], "rotation": 90, "texture": "#0"}
			}
		},
		{
			"name": "Cap",
			"from": [9.2, 6, 12.5],
			"to": [9.7, 7, 13.5],
			"rotation": {"angle": -45, "axis": "y", "origin": [8, 8, 8]},
			"faces": {
				"north": {"uv": [9, 0, 10, 1], "texture": "#0"},
				"east": {"uv": [9, 0, 10, 1], "texture": "#0"},
				"south": {"uv": [9, 0, 10, 1], "texture": "#0"},
				"west": {"uv": [9, 0, 10, 1], "texture": "#0"},
				"up": {"uv": [9, 0, 10, 1], "rotation": 90, "texture": "#0"}
			}
		},
		{
			"name": "Cap",
			"from": [8.2, 6, 12.5],
			"to": [9.2, 7, 13.5],
			"rotation": {"angle": -45, "axis": "y", "origin": [8, 8, 8]},
			"faces": {
				"up": {"uv": [11, 1, 10, 0], "rotation": 90, "texture": "#0"}
			}
		},
		{
			"name": "Cap",
			"from": [7.7, 6, 12.5],
			"to": [8.2, 7, 13.5],
			"rotation": {"angle": -45, "axis": "y", "origin": [8, 8, 8]},
			"faces": {
				"north": {"uv": [9, 0, 10, 1], "texture": "#0"},
				"east": {"uv": [9, 0, 10, 1], "texture": "#0"},
				"south": {"uv": [9, 0, 10, 1], "texture": "#0"},
				"west": {"uv": [9, 0, 10, 1], "texture": "#0"},
				"up": {"uv": [9, 0, 10, 1], "rotation": 90, "texture": "#0"}
			}
		},
		{
			"from": [7.2, 2.5, 11.5],
			"to": [10.2, 4, 14.5],
			"rotation": {"angle": -45, "axis": "y", "origin": [8, 8, 8]},
			"faces": {
				"north": {"uv": [6, 0, 9, 1.5], "texture": "#0"},
				"east": {"uv": [6, 0, 9, 1.5], "texture": "#0"},
				"south": {"uv": [6, 0, 9, 1.5], "texture": "#0"},
				"west": {"uv": [6, 0, 9, 1.5], "texture": "#0"},
				"up": {"uv": [6, 0, 9, 3], "rotation": 90, "texture": "#0"}
			}
		},
		{
			"from": [6, 9, 7.5],
			"to": [7, 13.5, 8.5],
			"rotation": {"angle": 45, "axis": "y", "origin": [8, 8, 8]},
			"faces": {
				"north": {"uv": [9, 2, 10, 6.5], "texture": "#stand"},
				"east": {"uv": [9, 2, 10, 6.5], "texture": "#stand"},
				"south": {"uv": [9, 2, 10, 6.5], "texture": "#stand"},
				"west": {"uv": [9, 2, 10, 6.5], "texture": "#stand"},
				"up": {"uv": [9, 2, 10, 3], "rotation": 180, "texture": "#stand"},
				"down": {"uv": [9, 6, 10, 7], "rotation": 180, "texture": "#stand"}
			}
		},
		{
			"from": [3, 12, 7.5],
			"to": [6, 14, 8.5],
			"rotation": {"angle": 45, "axis": "y", "origin": [8, 8, 8]},
			"faces": {
				"north": {"uv": [10, 2, 13, 4], "texture": "#stand"},
				"east": {"uv": [5, 2, 6, 4], "texture": "#stand"},
				"south": {"uv": [3, 2, 6, 4], "texture": "#stand"},
				"west": {"uv": [12, 2, 13, 4], "texture": "#stand"},
				"up": {"uv": [10, 2, 13, 3], "rotation": 180, "texture": "#stand"},
				"down": {"uv": [10, 3, 13, 4], "rotation": 180, "texture": "#stand"}
			}
		},
		{
			"from": [3, 14, 7.5],
			"to": [5, 15, 8.5],
			"rotation": {"angle": 45, "axis": "y", "origin": [8, 8, 8]},
			"faces": {
				"north": {"uv": [3, 1, 5, 2], "texture": "#stand"},
				"east": {"uv": [4, 1, 5, 2], "texture": "#stand"},
				"south": {"uv": [3, 1, 5, 2], "texture": "#stand"},
				"west": {"uv": [3, 1, 4, 2], "texture": "#stand"},
				"up": {"uv": [11, 1, 13, 2], "rotation": 180, "texture": "#stand"}
			}
		},
		{
			"from": [3, 15, 7.5],
			"to": [4, 16, 8.5],
			"rotation": {"angle": 45, "axis": "y", "origin": [8, 8, 8]},
			"faces": {
				"north": {"uv": [12, 0, 13, 1], "texture": "#stand"},
				"east": {"uv": [12, 0, 13, 1], "texture": "#stand"},
				"south": {"uv": [12, 0, 13, 1], "texture": "#stand"},
				"west": {"uv": [12, 0, 13, 1], "texture": "#stand"},
				"up": {"uv": [12, 0, 13, 1], "rotation": 180, "texture": "#stand"},
				"down": {"uv": [12, 0, 13, 1], "rotation": 180, "texture": "#stand"}
			}
		},
		{
			"from": [2.5, 11.25, 7.75],
			"to": [3.25, 12.75, 8.25],
			"rotation": {"angle": 45, "axis": "y", "origin": [8, 8, 8]},
			"faces": {
				"north": {"uv": [13, 3, 14, 5], "texture": "#stand"},
				"east": {"uv": [13, 3, 14, 5], "texture": "#stand"},
				"south": {"uv": [13, 3, 14, 5], "texture": "#stand"},
				"west": {"uv": [13, 3, 14, 5], "texture": "#stand"},
				"up": {"uv": [13, 3, 13.5, 3.5], "rotation": 180, "texture": "#stand"},
				"down": {"uv": [13, 4, 13.5, 4.5], "rotation": 180, "texture": "#stand"}
			}
		},
		{
			"from": [3.25, 9, 7.75],
			"to": [3.75, 12, 8.25],
			"rotation": {"angle": 45, "axis": "y", "origin": [8, 8, 8]},
			"faces": {
				"north": {"uv": [12, 4, 12.5, 7], "texture": "#stand"},
				"east": {"uv": [12, 4, 12.5, 7], "texture": "#stand"},
				"south": {"uv": [12, 4, 12.5, 7], "texture": "#stand"},
				"west": {"uv": [12, 4, 12.5, 7], "texture": "#stand"},
				"down": {"uv": [12, 7, 12.5, 7.5], "texture": "#stand"}
			}
		},
		{
			"from": [2.75, 7, 8.46],
			"to": [3.25, 8, 8.96],
			"rotation": {"angle": 45, "axis": "y", "origin": [8, 8, 8]},
			"faces": {
				"north": {"uv": [12, 8, 12.5, 10], "texture": "#stand"},
				"east": {"uv": [12, 8, 12.5, 10], "texture": "#stand"},
				"south": {"uv": [12, 8, 12.5, 10], "texture": "#stand"},
				"west": {"uv": [12, 8, 12.5, 10], "texture": "#stand"},
				"up": {"uv": [12, 8, 12.5, 8.5], "texture": "#stand"}
			}
		},
		{
			"from": [3, 8, 8.1],
			"to": [3.5, 9, 8.6],
			"rotation": {"angle": 45, "axis": "y", "origin": [8, 8, 8]},
			"faces": {
				"north": {"uv": [12, 6, 12.5, 8], "texture": "#stand"},
				"east": {"uv": [12, 6, 12.5, 8], "texture": "#stand"},
				"south": {"uv": [12, 6, 12.5, 8], "texture": "#stand"},
				"west": {"uv": [12, 6, 12.5, 8], "texture": "#stand"},
				"up": {"uv": [12, 6, 12.5, 8], "texture": "#stand"},
				"down": {"uv": [12, 6, 12.5, 8], "texture": "#stand"}
			}
		},
		{
			"from": [9, 9, 7.5],
			"to": [10, 13.5, 8.5],
			"faces": {
				"north": {"uv": [9, 2, 10, 6.5], "texture": "#stand"},
				"east": {"uv": [9, 2, 10, 6.5], "texture": "#stand"},
				"south": {"uv": [9, 2, 10, 6.5], "texture": "#stand"},
				"west": {"uv": [9, 2, 10, 6.5], "texture": "#stand"},
				"up": {"uv": [9, 2, 10, 3], "texture": "#stand"},
				"down": {"uv": [9, 6, 10, 7], "texture": "#stand"}
			}
		},
		{
			"from": [10, 12, 7.5],
			"to": [13, 14, 8.5],
			"faces": {
				"north": {"uv": [3, 2, 6, 4], "texture": "#stand"},
				"east": {"uv": [12, 2, 13, 4], "texture": "#stand"},
				"south": {"uv": [10, 2, 13, 4], "texture": "#stand"},
				"west": {"uv": [5, 2, 6, 4], "texture": "#stand"},
				"up": {"uv": [10, 2, 13, 3], "texture": "#stand"},
				"down": {"uv": [10, 3, 13, 4], "texture": "#stand"}
			}
		},
		{
			"from": [11, 14, 7.5],
			"to": [13, 15, 8.5],
			"faces": {
				"north": {"uv": [3, 1, 5, 2], "texture": "#stand"},
				"east": {"uv": [3, 1, 4, 2], "texture": "#stand"},
				"south": {"uv": [3, 1, 5, 2], "texture": "#stand"},
				"west": {"uv": [4, 1, 5, 2], "texture": "#stand"},
				"up": {"uv": [11, 1, 13, 2], "texture": "#stand"}
			}
		},
		{
			"from": [12, 15, 7.5],
			"to": [13, 16, 8.5],
			"faces": {
				"north": {"uv": [12, 0, 13, 1], "texture": "#stand"},
				"east": {"uv": [12, 0, 13, 1], "texture": "#stand"},
				"south": {"uv": [12, 0, 13, 1], "texture": "#stand"},
				"west": {"uv": [12, 0, 13, 1], "texture": "#stand"},
				"up": {"uv": [12, 0, 13, 1], "texture": "#stand"},
				"down": {"uv": [12, 0, 13, 1], "texture": "#stand"}
			}
		},
		{
			"from": [12.75, 11.25, 7.75],
			"to": [13.5, 12.75, 8.25],
			"faces": {
				"north": {"uv": [13, 3, 14, 5], "texture": "#stand"},
				"east": {"uv": [13, 3, 14, 5], "texture": "#stand"},
				"south": {"uv": [13, 3, 14, 5], "texture": "#stand"},
				"west": {"uv": [13, 3, 14, 5], "texture": "#stand"},
				"up": {"uv": [13, 3, 13.5, 3.5], "texture": "#stand"},
				"down": {"uv": [13, 4, 13.5, 4.5], "texture": "#stand"}
			}
		},
		{
			"from": [12.25, 6, 7.75],
			"to": [12.75, 12, 8.25],
			"faces": {
				"north": {"uv": [12, 4, 12.5, 10], "texture": "#stand"},
				"east": {"uv": [12, 4, 12.5, 10], "texture": "#stand"},
				"south": {"uv": [12, 4, 12.5, 10], "texture": "#stand"},
				"west": {"uv": [12, 4, 12.5, 10], "texture": "#stand"},
				"down": {"uv": [12, 9, 12.5, 9.5], "texture": "#stand"}
			}
		}
	],
	"groups": [
		{
			"name": "brewing_stand",
			"origin": [8, 8, 8],
			"color": 0,
			"children": [
				{
					"name": "brewing_stand",
					"origin": [8, 8, 8],
					"color": 0,
					"children": [0, 1, 2, 3, 4]
				}
			]
		},
		{
			"name": "brewing_stand_bottle1",
			"origin": [8, 8, 8],
			"color": 0,
			"children": [
				{
					"name": "Bottle",
					"origin": [8, 8, 8],
					"color": 0,
					"children": [5, 6, 7, 8, 9, 10, 11, 12, 13, 14, 15, 16]
				},
				{
					"name": "3D_brewingstand_empty0",
					"origin": [8, 8, 8],
					"color": 0,
					"children": [17, 18, 19, 20, 21, 22, 23, 24]
				}
			]
		},
		{
			"name": "brewing_stand_bottle2",
			"origin": [8, 8, 8],
			"color": 0,
			"children": [
				{
					"name": "Bottle",
					"origin": [8, 8, 8],
					"color": 0,
					"children": [25, 26, 27, 28, 29, 30, 31, 32, 33, 34, 35, 36]
				},
				{
					"name": "3D_brewingstand_empty0",
					"origin": [8, 8, 8],
					"color": 0,
					"children": [37, 38, 39, 40, 41, 42, 43, 44]
				}
			]
		},
		{
			"name": "brewing_stand_empty0",
			"origin": [8, 8, 8],
			"color": 0,
			"children": [
				{
					"name": "brewing_stand",
					"origin": [8, 8, 8],
					"color": 0,
					"children": [
						{
							"name": "3D_brewingstand_empty0",
							"origin": [8, 8, 8],
							"color": 0,
							"children": [45, 46, 47, 48, 49, 50]
						}
					]
				}
			]
		}
	]
}