{
	"credit": "Made by TheWaschtlPlays using Blockbench",
	"textures": {
		"0": "blocks/crafting_table_front",
		"1": "blocks/crafting_table_side",
		"2": "blocks/crafting_table_top",
		"3": "custom_textures/crafting_table_blank",
		"4": "blocks/planks_oak",
		"5": "blocks/anvil_base",
		"6": "blocks/planks_spruce",
		"8": "blocks/wool_colored_yellow",
		"9": "blocks/iron_block",
		"10": "blocks/hardened_clay",
		"particle": "blocks/crafting_table_front",
		"3_5": "blocks/anvil_top_damaged_0"
	},
	"elements": [
		{
			"name": "body",
			"from": [1, 0.5, 1],
			"to": [15, 15.5, 15],
			"faces": {
				"up": {"uv": [1, 1, 15, 15], "texture": "#2", "cullface": "up"},
				"down": {"uv": [1, 1, 15, 15], "texture": "#4", "cullface": "down"}
			}
		},
		{
			"name": "Body",
			"from": [1, 1, 0.5],
			"to": [15, 15, 15.5],
			"faces": {
				"north": {"uv": [1, 1, 15, 15], "texture": "#3", "cullface": "north"},
				"south": {"uv": [1, 1, 15, 15], "texture": "#3", "cullface": "south"}
			}
		},
		{
			"name": "Body",
			"from": [0.5, 1, 1],
			"to": [15.5, 15, 15],
			"faces": {
				"east": {"uv": [1, 1, 15, 15], "texture": "#3", "cullface": "east"},
				"west": {"uv": [1, 1, 15, 15], "texture": "#3", "cullface": "west"}
			}
		},
		{
			"name": "frame",
			"from": [0, 0, 0],
			"to": [1, 16, 1],
			"faces": {
				"north": {"uv": [0, 0, 1, 16], "texture": "#3", "cullface": "north"},
				"east": {"uv": [0, 0, 1, 16], "texture": "#3", "cullface": "north"},
				"south": {"uv": [0, 0, 1, 16], "texture": "#3", "cullface": "west"},
				"west": {"uv": [0, 0, 1, 16], "texture": "#3", "cullface": "west"},
				"up": {"uv": [0, 0, 1, 1], "texture": "#3", "cullface": "up"},
				"down": {"uv": [0, 0, 1, 1], "texture": "#3", "cullface": "down"}
			}
		},
		{
			"name": "frame",
			"from": [0, 0, 15],
			"to": [1, 16, 16],
			"faces": {
				"north": {"uv": [0, 0, 1, 16], "texture": "#3", "cullface": "west"},
				"east": {"uv": [0, 0, 1, 16], "texture": "#3", "cullface": "south"},
				"south": {"uv": [0, 0, 1, 16], "texture": "#3", "cullface": "south"},
				"west": {"uv": [0, 0, 1, 16], "texture": "#3", "cullface": "west"},
				"up": {"uv": [0, 0, 1, 1], "texture": "#3", "cullface": "up"},
				"down": {"uv": [0, 0, 1, 1], "texture": "#3", "cullface": "down"}
			}
		},
		{
			"name": "frame",
			"from": [15, 0, 0],
			"to": [16, 16, 1],
			"faces": {
				"north": {"uv": [0, 0, 1, 16], "texture": "#3", "cullface": "north"},
				"east": {"uv": [0, 0, 1, 16], "texture": "#3", "cullface": "east"},
				"south": {"uv": [0, 0, 1, 16], "texture": "#3", "cullface": "east"},
				"west": {"uv": [0, 0, 1, 16], "texture": "#3", "cullface": "north"},
				"up": {"uv": [0, 0, 1, 1], "texture": "#3", "cullface": "up"},
				"down": {"uv": [0, 0, 1, 1], "texture": "#3", "cullface": "down"}
			}
		},
		{
			"name": "frame",
			"from": [15, 0, 15],
			"to": [16, 16, 16],
			"faces": {
				"north": {"uv": [0, 0, 1, 16], "texture": "#3", "cullface": "east"},
				"east": {"uv": [0, 0, 1, 16], "texture": "#3", "cullface": "east"},
				"south": {"uv": [0, 0, 1, 16], "texture": "#3", "cullface": "south"},
				"west": {"uv": [0, 0, 1, 16], "texture": "#3", "cullface": "south"},
				"up": {"uv": [0, 0, 1, 1], "texture": "#3", "cullface": "up"},
				"down": {"uv": [0, 0, 1, 1], "texture": "#3", "cullface": "down"}
			}
		},
		{
			"name": "frame",
			"from": [1, 0, 15],
			"to": [15, 1, 16],
			"faces": {
				"north": {"uv": [0, 0, 1, 16], "rotation": 90, "texture": "#3", "cullface": "down"},
				"south": {"uv": [0, 0, 1, 16], "rotation": 90, "texture": "#3", "cullface": "south"},
				"up": {"uv": [0, 0, 1, 14], "rotation": 90, "texture": "#3", "cullface": "south"},
				"down": {"uv": [0, 0, 1, 14], "rotation": 90, "texture": "#3", "cullface": "down"}
			}
		},
		{
			"name": "frame",
			"from": [1, 0, 0],
			"to": [15, 1, 1],
			"faces": {
				"north": {"uv": [0, 0, 1, 16], "rotation": 90, "texture": "#3", "cullface": "north"},
				"south": {"uv": [0, 0, 1, 16], "rotation": 90, "texture": "#3", "cullface": "down"},
				"up": {"uv": [0, 0, 1, 14], "rotation": 90, "texture": "#3", "cullface": "north"},
				"down": {"uv": [0, 0, 1, 14], "rotation": 90, "texture": "#3", "cullface": "down"}
			}
		},
		{
			"name": "frame",
			"from": [1, 15, 15],
			"to": [15, 16, 16],
			"faces": {
				"north": {"uv": [0, 0, 1, 16], "rotation": 90, "texture": "#3", "cullface": "up"},
				"south": {"uv": [0, 0, 1, 16], "rotation": 90, "texture": "#3", "cullface": "south"},
				"up": {"uv": [0, 0, 1, 14], "rotation": 90, "texture": "#3", "cullface": "up"},
				"down": {"uv": [0, 0, 1, 14], "rotation": 90, "texture": "#3", "cullface": "south"}
			}
		},
		{
			"name": "frame",
			"from": [1, 15, 0],
			"to": [15, 16, 1],
			"faces": {
				"north": {"uv": [0, 0, 1, 16], "rotation": 90, "texture": "#3", "cullface": "north"},
				"south": {"uv": [0, 0, 1, 16], "rotation": 90, "texture": "#3", "cullface": "up"},
				"up": {"uv": [0, 0, 1, 14], "rotation": 90, "texture": "#3", "cullface": "up"},
				"down": {"uv": [0, 0, 1, 14], "rotation": 90, "texture": "#3", "cullface": "north"}
			}
		},
		{
			"name": "frame",
			"from": [0, 15, 1],
			"to": [1, 16, 15],
			"faces": {
				"east": {"uv": [0, 1, 1, 15], "rotation": 90, "texture": "#3", "cullface": "up"},
				"west": {"uv": [0, 1, 1, 14], "rotation": 90, "texture": "#3", "cullface": "west"},
				"up": {"uv": [0, 1, 1, 14], "texture": "#3", "cullface": "up"},
				"down": {"uv": [0, 1, 1, 15], "texture": "#3", "cullface": "west"}
			}
		},
		{
			"name": "frame",
			"from": [15, 15, 1],
			"to": [16, 16, 15],
			"faces": {
				"east": {"uv": [0, 1, 1, 15], "rotation": 90, "texture": "#3", "cullface": "east"},
				"west": {"uv": [0, 1, 1, 14], "rotation": 90, "texture": "#3", "cullface": "up"},
				"up": {"uv": [0, 1, 1, 14], "texture": "#3", "cullface": "up"},
				"down": {"uv": [0, 1, 1, 15], "texture": "#3", "cullface": "east"}
			}
		},
		{
			"name": "frame",
			"from": [0, 0, 1],
			"to": [1, 1, 15],
			"faces": {
				"east": {"uv": [0, 1, 1, 15], "rotation": 90, "texture": "#3", "cullface": "down"},
				"west": {"uv": [0, 1, 1, 14], "rotation": 90, "texture": "#3", "cullface": "west"},
				"up": {"uv": [0, 1, 1, 14], "texture": "#3", "cullface": "west"},
				"down": {"uv": [0, 1, 1, 15], "texture": "#3", "cullface": "down"}
			}
		},
		{
			"name": "frame",
			"from": [15, 0, 1],
			"to": [16, 1, 15],
			"faces": {
				"east": {"uv": [0, 1, 1, 15], "rotation": 90, "texture": "#3", "cullface": "east"},
				"west": {"uv": [0, 1, 1, 14], "rotation": 90, "texture": "#3", "cullface": "down"},
				"up": {"uv": [0, 1, 1, 14], "texture": "#3", "cullface": "east"},
				"down": {"uv": [0, 1, 1, 15], "texture": "#3", "cullface": "down"}
			}
		},
		{
			"from": [3, 15.5, 3],
			"to": [4, 15.9, 13],
			"rotation": {"angle": 0, "axis": "y", "origin": [11, 23, 11]},
			"faces": {
				"north": {"uv": [3, 3, 4, 3.5], "texture": "#2", "cullface": "up"},
				"east": {"uv": [3, 3, 3.5, 13], "rotation": 90, "texture": "#2", "cullface": "up"},
				"south": {"uv": [3, 12, 4, 12.5], "texture": "#2", "cullface": "up"},
				"west": {"uv": [3, 3, 3.5, 13], "rotation": 270, "texture": "#2", "cullface": "up"},
				"up": {"uv": [3, 3, 4, 13], "texture": "#2", "cullface": "up"}
			}
		},
		{
			"from": [4, 15.5, 3],
			"to": [12, 15.9, 4],
			"rotation": {"angle": 0, "axis": "y", "origin": [6, 23, 11]},
			"faces": {
				"north": {"uv": [4, 3, 12, 3.5], "rotation": 180, "texture": "#2", "cullface": "up"},
				"south": {"uv": [4, 3, 12, 3.5], "texture": "#2", "cullface": "up"},
				"up": {"uv": [4, 3, 12, 4], "texture": "#2", "cullface": "up"}
			}
		},
		{
			"from": [4, 15.5, 6],
			"to": [12, 15.9, 7],
			"rotation": {"angle": 0, "axis": "y", "origin": [6, 23, 14]},
			"faces": {
				"north": {"uv": [4, 6, 12, 6.5], "rotation": 180, "texture": "#2", "cullface": "up"},
				"south": {"uv": [4, 6, 12, 6.5], "texture": "#2", "cullface": "up"},
				"up": {"uv": [4, 6, 12, 7], "texture": "#2", "cullface": "up"}
			}
		},
		{
			"from": [4, 15.5, 9],
			"to": [12, 15.9, 10],
			"rotation": {"angle": 0, "axis": "y", "origin": [6, 23, 17]},
			"faces": {
				"north": {"uv": [4, 9, 12, 9.5], "rotation": 180, "texture": "#2", "cullface": "up"},
				"south": {"uv": [4, 9, 12, 9.5], "texture": "#2", "cullface": "up"},
				"up": {"uv": [4, 9, 12, 10], "texture": "#2", "cullface": "up"}
			}
		},
		{
			"from": [4, 15.5, 12],
			"to": [12, 15.9, 13],
			"rotation": {"angle": 0, "axis": "y", "origin": [6, 23, 20]},
			"faces": {
				"north": {"uv": [4, 12, 12, 12.5], "rotation": 180, "texture": "#2", "cullface": "up"},
				"south": {"uv": [4, 12, 12, 12.4], "texture": "#2", "cullface": "up"},
				"up": {"uv": [4, 12, 12, 13], "texture": "#2", "cullface": "up"}
			}
		},
		{
			"from": [6, 15.5, 3],
			"to": [7, 15.9, 13],
			"rotation": {"angle": 0, "axis": "y", "origin": [14, 23, 11]},
			"faces": {
				"north": {"uv": [6, 3, 7, 3.5], "texture": "#2", "cullface": "up"},
				"east": {"uv": [6, 3, 6.5, 13], "rotation": 90, "texture": "#2", "cullface": "up"},
				"south": {"uv": [6, 12, 7, 12.5], "texture": "#2", "cullface": "up"},
				"west": {"uv": [6, 3, 6.5, 13], "rotation": 270, "texture": "#2", "cullface": "up"},
				"up": {"uv": [6, 3, 7, 13], "texture": "#2", "cullface": "up"}
			}
		},
		{
			"from": [9, 15.5, 3],
			"to": [10, 15.9, 13],
			"rotation": {"angle": 0, "axis": "y", "origin": [17, 23, 11]},
			"faces": {
				"north": {"uv": [9, 3, 10, 3.5], "texture": "#2", "cullface": "up"},
				"east": {"uv": [9, 3, 9.5, 13], "rotation": 90, "texture": "#2", "cullface": "up"},
				"south": {"uv": [9, 12, 10, 12.5], "texture": "#2", "cullface": "up"},
				"west": {"uv": [9, 3, 9.5, 13], "rotation": 270, "texture": "#2", "cullface": "up"},
				"up": {"uv": [9, 3, 10, 13], "texture": "#2", "cullface": "up"}
			}
		},
		{
			"from": [12, 15.5, 3],
			"to": [13, 15.9, 13],
			"rotation": {"angle": 0, "axis": "y", "origin": [20, 23, 11]},
			"faces": {
				"north": {"uv": [12, 3, 13, 3.5], "texture": "#2", "cullface": "up"},
				"east": {"uv": [12, 3, 12.5, 13], "rotation": 90, "texture": "#2", "cullface": "up"},
				"south": {"uv": [12, 12, 13, 12.5], "texture": "#2", "cullface": "up"},
				"west": {"uv": [12, 3, 12.5, 13], "rotation": 270, "texture": "#2", "cullface": "up"},
				"up": {"uv": [12, 3, 13, 13], "texture": "#2", "cullface": "up"}
			}
		},
		{
			"name": "pliers",
			"from": [4, 9, -0.25],
			"to": [5, 10, 0.5],
			"faces": {
				"north": {"uv": [4, 7, 5, 8], "texture": "#1", "cullface": "north"},
				"east": {"uv": [4, 7, 5, 8], "texture": "#1", "cullface": "north"},
				"west": {"uv": [4, 7, 5, 8], "texture": "#1", "cullface": "north"},
				"up": {"uv": [4, 7, 5, 8], "rotation": 270, "texture": "#1", "cullface": "north"},
				"down": {"uv": [4, 7, 5, 8], "rotation": 90, "texture": "#1", "cullface": "north"}
			}
		},
		{
			"name": "pliers",
			"from": [3, 10, -0.25],
			"to": [4, 12, 0.5],
			"faces": {
				"north": {"uv": [3, 5, 4, 7], "texture": "#1", "cullface": "north"},
				"east": {"uv": [3, 5, 4, 7], "texture": "#1", "cullface": "north"},
				"west": {"uv": [3, 5, 4, 7], "texture": "#1", "cullface": "north"},
				"up": {"uv": [3, 5, 4, 6], "rotation": 270, "texture": "#1", "cullface": "north"},
				"down": {"uv": [3, 5, 4, 6], "rotation": 90, "texture": "#1", "cullface": "north"}
			}
		},
		{
			"name": "pliers",
			"from": [5, 10, -0.25],
			"to": [6, 12, 0.5],
			"faces": {
				"north": {"uv": [3, 5, 4, 7], "texture": "#1", "cullface": "north"},
				"east": {"uv": [3, 5, 4, 7], "texture": "#1", "cullface": "north"},
				"west": {"uv": [3, 5, 4, 7], "texture": "#1", "cullface": "north"},
				"up": {"uv": [3, 5, 4, 6], "rotation": 270, "texture": "#1", "cullface": "north"},
				"down": {"uv": [3, 5, 4, 6], "rotation": 90, "texture": "#1", "cullface": "north"}
			}
		},
		{
			"name": "pliers",
			"from": [5, 7, -0.25],
			"to": [6, 9, 0.5],
			"faces": {
				"north": {"uv": [5, 8, 6, 10], "texture": "#1", "cullface": "north"},
				"east": {"uv": [5, 8, 6, 10], "texture": "#1", "cullface": "north"},
				"west": {"uv": [5, 8, 6, 10], "texture": "#1", "cullface": "north"},
				"up": {"uv": [5, 8, 6, 9], "rotation": 270, "texture": "#1", "cullface": "north"},
				"down": {"uv": [5, 9, 6, 10], "rotation": 90, "texture": "#1", "cullface": "north"}
			}
		},
		{
			"name": "pliers",
			"from": [3, 7, -0.25],
			"to": [4, 9, 0.5],
			"faces": {
				"north": {"uv": [5, 8, 6, 10], "texture": "#1", "cullface": "north"},
				"east": {"uv": [5, 8, 6, 10], "texture": "#1", "cullface": "north"},
				"west": {"uv": [5, 8, 6, 10], "texture": "#1", "cullface": "north"},
				"up": {"uv": [5, 8, 6, 9], "rotation": 270, "texture": "#1", "cullface": "north"},
				"down": {"uv": [5, 9, 6, 10], "rotation": 90, "texture": "#1", "cullface": "north"}
			}
		},
		{
			"name": "saw",
			"from": [12, 11, -0.25],
			"to": [13, 12, 0.5],
			"faces": {
				"north": {"uv": [11, 5, 14, 6], "texture": "#0", "cullface": "north"},
				"east": {"uv": [11, 5, 14, 6], "texture": "#0", "cullface": "north"},
				"west": {"uv": [11, 5, 14, 6], "texture": "#0", "cullface": "north"}
			}
		},
		{
			"name": "saw",
			"from": [10, 12, -0.25],
			"to": [13, 13, 0.5],
			"faces": {
				"north": {"uv": [11, 3, 14, 4], "texture": "#0", "cullface": "north"},
				"east": {"uv": [11, 3, 14, 4], "texture": "#0", "cullface": "north"},
				"west": {"uv": [11, 3, 14, 4], "texture": "#0", "cullface": "north"},
				"up": {"uv": [11, 3, 14, 4], "rotation": 270, "texture": "#0", "cullface": "north"},
				"down": {"uv": [11, 3, 14, 4], "rotation": 90, "texture": "#0", "cullface": "north"}
			}
		},
		{
			"name": "saw",
			"from": [10, 10, -0.25],
			"to": [13, 11, 0.5],
			"faces": {
				"north": {"uv": [11, 5, 14, 6], "texture": "#0", "cullface": "north"},
				"east": {"uv": [11, 5, 14, 6], "texture": "#0", "cullface": "north"},
				"west": {"uv": [11, 5, 14, 6], "texture": "#0", "cullface": "north"},
				"up": {"uv": [11, 5, 14, 6], "rotation": 270, "texture": "#0", "cullface": "north"},
				"down": {"uv": [11, 5, 14, 6], "rotation": 90, "texture": "#0", "cullface": "north"}
			}
		},
		{
			"name": "saw",
			"from": [10, 7, 0],
			"to": [13, 10, 0.5],
			"faces": {
				"north": {"uv": [11, 6, 14, 9], "texture": "#0", "cullface": "north"},
				"east": {"uv": [11, 6, 11.5, 9], "texture": "#0", "cullface": "north"},
				"west": {"uv": [13, 6, 13.5, 9], "texture": "#0", "cullface": "north"},
				"down": {"uv": [11, 8, 14, 9], "rotation": 180, "texture": "#0", "cullface": "north"}
			}
		},
		{
			"name": "saw",
			"from": [10, 5, 0],
			"to": [12, 7, 0.5],
			"faces": {
				"north": {"uv": [12, 9, 14, 11], "texture": "#0", "cullface": "north"},
				"east": {"uv": [12, 9, 12.5, 11], "texture": "#0", "cullface": "north"},
				"west": {"uv": [13, 9, 13.5, 11], "texture": "#0", "cullface": "north"},
				"down": {"uv": [12, 10, 14, 10.5], "rotation": 180, "texture": "#0", "cullface": "north"}
			}
		},
		{
			"name": "saw",
			"from": [10, 3, 0],
			"to": [11, 5, 0.5],
			"faces": {
				"north": {"uv": [13, 11, 14, 13], "texture": "#0", "cullface": "north"},
				"east": {"uv": [13, 11, 13.5, 13], "texture": "#0", "cullface": "north"},
				"west": {"uv": [13, 11, 13.5, 13], "texture": "#0", "cullface": "north"},
				"down": {"uv": [13, 12, 14, 12.5], "rotation": 180, "texture": "#0", "cullface": "north"}
			}
		},
		{
			"name": "saw",
			"from": [10, 11, -0.25],
			"to": [11, 12, 0.5],
			"faces": {
				"north": {"uv": [11, 5, 14, 6], "texture": "#0", "cullface": "north"},
				"east": {"uv": [11, 5, 14, 6], "texture": "#0", "cullface": "north"},
				"west": {"uv": [11, 5, 14, 6], "texture": "#0", "cullface": "north"}
			}
		},
		{
			"name": "hammer",
			"from": [15.5, 4, 10],
			"to": [16.75, 6, 13],
			"faces": {
				"north": {"uv": [3, 9, 4, 11], "texture": "#0", "cullface": "east"},
				"east": {"uv": [2, 9, 5, 11], "texture": "#0", "cullface": "east"},
				"south": {"uv": [2, 9, 3, 11], "texture": "#0", "cullface": "east"},
				"up": {"uv": [2, 9, 5, 10], "rotation": 90, "texture": "#0", "cullface": "east"},
				"down": {"uv": [2, 10, 5, 11], "rotation": 90, "texture": "#0", "cullface": "east"}
			}
		},
		{
			"name": "hammer",
			"from": [15.5, 6, 11],
			"to": [16.25, 10, 12],
			"faces": {
				"north": {"uv": [3, 5, 4, 9], "texture": "#0", "cullface": "east"},
				"east": {"uv": [3, 5, 4, 9], "texture": "#0", "cullface": "east"},
				"south": {"uv": [3, 5, 4, 9], "texture": "#0", "cullface": "east"},
				"up": {"uv": [3, 5, 4, 6], "rotation": 90, "texture": "#0", "cullface": "east"}
			}
		},
		{
			"name": "drawer",
			"from": [0, 1.5, 10],
			"to": [1, 3.5, 14],
			"faces": {
				"north": {"uv": [0, 0, 4, 2], "texture": "#6", "cullface": "west"},
				"south": {"uv": [0, 0, 4, 2], "texture": "#6", "cullface": "west"},
				"west": {"uv": [0, 0, 4, 2], "texture": "#6", "cullface": "west"},
				"up": {"uv": [0, 0, 4, 2], "rotation": 270, "texture": "#6", "cullface": "west"},
				"down": {"uv": [0, 0, 4, 2], "rotation": 90, "texture": "#6", "cullface": "west"}
			}
		},
		{
			"name": "drawer",
			"from": [0, 5.5, 10],
			"to": [1, 7.5, 14],
			"faces": {
				"north": {"uv": [0, 0, 4, 2], "texture": "#6", "cullface": "west"},
				"south": {"uv": [0, 0, 4, 2], "texture": "#6", "cullface": "west"},
				"west": {"uv": [0, 0, 4, 2], "texture": "#6", "cullface": "west"},
				"up": {"uv": [0, 0, 4, 2], "rotation": 270, "texture": "#6", "cullface": "west"},
				"down": {"uv": [0, 0, 4, 2], "rotation": 90, "texture": "#6", "cullface": "west"}
			}
		},
		{
			"name": "drawer",
			"from": [0, 9.5, 10],
			"to": [1, 11.5, 14],
			"faces": {
				"north": {"uv": [0, 0, 4, 2], "texture": "#6", "cullface": "west"},
				"south": {"uv": [0, 0, 4, 2], "texture": "#6", "cullface": "west"},
				"west": {"uv": [0, 0, 4, 2], "texture": "#6", "cullface": "west"},
				"up": {"uv": [0, 0, 4, 2], "rotation": 270, "texture": "#6", "cullface": "west"},
				"down": {"uv": [0, 0, 4, 2], "rotation": 90, "texture": "#6", "cullface": "west"}
			}
		},
		{
			"name": "drawer",
			"from": [-0.5, 2.5, 11],
			"to": [0.5, 3, 13],
			"faces": {
				"north": {"uv": [1, 0, 3, 0.5], "texture": "#5", "cullface": "west"},
				"south": {"uv": [1, 0, 3, 0.5], "texture": "#5", "cullface": "west"},
				"west": {"uv": [1, 0, 3, 0.5], "texture": "#5", "cullface": "west"},
				"up": {"uv": [1, 0, 3, 0.5], "rotation": 270, "texture": "#5", "cullface": "west"},
				"down": {"uv": [1, 0, 3, 0.5], "rotation": 90, "texture": "#5", "cullface": "west"}
			}
		},
		{
			"name": "drawer",
			"from": [-0.5, 6.5, 11],
			"to": [0.5, 7, 13],
			"faces": {
				"north": {"uv": [1, 0, 3, 0.5], "texture": "#5", "cullface": "west"},
				"south": {"uv": [1, 0, 3, 0.5], "texture": "#5", "cullface": "west"},
				"west": {"uv": [1, 0, 3, 0.5], "texture": "#5", "cullface": "west"},
				"up": {"uv": [1, 0, 3, 0.5], "rotation": 270, "texture": "#5", "cullface": "west"},
				"down": {"uv": [1, 0, 3, 0.5], "rotation": 90, "texture": "#5", "cullface": "west"}
			}
		},
		{
			"name": "drawer",
			"from": [-0.5, 10.5, 11],
			"to": [0.5, 11, 13],
			"faces": {
				"north": {"uv": [1, 0, 3, 0.5], "texture": "#5", "cullface": "west"},
				"south": {"uv": [1, 0, 3, 0.5], "texture": "#5", "cullface": "west"},
				"west": {"uv": [1, 0, 3, 0.5], "texture": "#5", "cullface": "west"},
				"up": {"uv": [1, 0, 3, 0.5], "rotation": 270, "texture": "#5", "cullface": "west"},
				"down": {"uv": [1, 0, 3, 0.5], "rotation": 90, "texture": "#5", "cullface": "west"}
			}
		},
		{
			"name": "file",
			"from": [11, 10, 15.5],
			"to": [12, 13, 16.25],
			"faces": {
				"east": {"uv": [3, 5, 4, 8], "texture": "#0", "cullface": "south"},
				"south": {"uv": [3, 5, 4, 8], "texture": "#0", "cullface": "south"},
				"west": {"uv": [3, 5, 4, 8], "texture": "#0", "cullface": "south"},
				"up": {"uv": [3, 5, 4, 6], "rotation": 270, "texture": "#0", "cullface": "south"},
				"down": {"uv": [3, 8, 4, 9], "rotation": 90, "texture": "#0", "cullface": "south"}
			}
		},
		{
			"name": "file",
			"from": [11, 5, 15.5],
			"to": [12, 10, 16],
			"faces": {
				"east": {"uv": [13, 6, 13.5, 11], "texture": "#0", "cullface": "south"},
				"south": {"uv": [13, 6, 14, 11], "texture": "#0", "cullface": "south"},
				"west": {"uv": [13, 6, 13.5, 11], "texture": "#0", "cullface": "south"},
				"down": {"uv": [13, 10, 13.5, 11], "rotation": 90, "texture": "#0", "cullface": "south"}
			}
		},
		{
			"name": "shell",
			"from": [5.25, 15.9, 9.75],
			"to": [8.25, 16.9, 10.75],
			"rotation": {"angle": 22.5, "axis": "y", "origin": [8.25, 8, 8.75]},
			"faces": {
				"north": {"uv": [0, 0, 3, 1], "texture": "#8", "cullface": "up"},
				"east": {"uv": [0, 0, 1, 1], "texture": "#8", "cullface": "up"},
				"south": {"uv": [0, 0, 3, 1], "texture": "#8", "cullface": "up"},
				"up": {"uv": [4, 0, 5, 3], "rotation": 270, "texture": "#8", "cullface": "up"}
			}
		},
		{
			"name": "wood",
			"from": [8.1, 15.95, 9.8],
			"to": [8.35, 16.85, 10.7],
			"rotation": {"angle": 22.5, "axis": "y", "origin": [8.25, 8, 8.75]},
			"faces": {
				"north": {"uv": [4, 0, 4.25, 0.9], "texture": "#4", "cullface": "up"},
				"east": {"uv": [4, 0, 4.5, 0.5], "texture": "#4", "cullface": "up"},
				"south": {"uv": [4, 0, 4.25, 0.9], "texture": "#4", "cullface": "up"},
				"up": {"uv": [3, 0, 3.9, 0.25], "texture": "#4", "cullface": "up"},
				"down": {"uv": [4, 0, 4.25, 0.9], "texture": "#4", "cullface": "up"}
			}
		},
		{
			"name": "wood",
			"from": [8.2, 16, 9.85],
			"to": [8.45, 16.8, 10.65],
			"rotation": {"angle": 22.5, "axis": "y", "origin": [8.25, 8, 8.75]},
			"faces": {
				"north": {"uv": [4, 0, 4.25, 0.8], "texture": "#4", "cullface": "up"},
				"east": {"uv": [4, 0, 4.5, 0.5], "texture": "#4", "cullface": "up"},
				"south": {"uv": [4, 0, 4.25, 0.8], "texture": "#4", "cullface": "up"},
				"up": {"uv": [3, 0, 3.25, 0.8], "texture": "#4", "cullface": "up"},
				"down": {"uv": [4, 0, 4.8, 0.25], "texture": "#4", "cullface": "up"}
			}
		},
		{
			"name": "wood",
			"from": [8.3, 16.05, 9.9],
			"to": [8.55, 16.75, 10.6],
			"rotation": {"angle": 22.5, "axis": "y", "origin": [8.25, 8, 8.75]},
			"faces": {
				"north": {"uv": [4, 0, 4.25, 0.7], "texture": "#4", "cullface": "up"},
				"east": {"uv": [4, 0, 4.5, 0.5], "texture": "#4", "cullface": "up"},
				"south": {"uv": [4, 0, 4.25, 0.7], "texture": "#4", "cullface": "up"},
				"up": {"uv": [3, 0, 3.25, 0.7], "texture": "#4", "cullface": "up"},
				"down": {"uv": [4, 0, 4.25, 0.7], "texture": "#4", "cullface": "up"}
			}
		},
		{
			"name": "wood",
			"from": [8.4, 16.1, 9.95],
			"to": [8.65, 16.7, 10.55],
			"rotation": {"angle": 22.5, "axis": "y", "origin": [8.25, 8, 8.75]},
			"faces": {
				"north": {"uv": [4, 0, 4.25, 0.6], "texture": "#4", "cullface": "up"},
				"east": {"uv": [4, 0, 4.5, 0.5], "texture": "#4", "cullface": "up"},
				"south": {"uv": [4, 0, 4.25, 0.6], "texture": "#4", "cullface": "up"},
				"up": {"uv": [3, 0, 3.25, 0.6], "texture": "#4", "cullface": "up"},
				"down": {"uv": [4, 0, 4.25, 0.6], "texture": "#4", "cullface": "up"}
			}
		},
		{
			"name": "wood",
			"from": [8.5, 16.15, 10],
			"to": [8.75, 16.65, 10.5],
			"rotation": {"angle": 22.5, "axis": "y", "origin": [8.25, 8, 8.75]},
			"faces": {
				"north": {"uv": [4, 0, 4.25, 0.5], "texture": "#4", "cullface": "up"},
				"east": {"uv": [4, 0, 4.5, 0.5], "texture": "#4", "cullface": "up"},
				"south": {"uv": [4, 0, 4.25, 0.5], "texture": "#4", "cullface": "up"},
				"up": {"uv": [3, 0, 3.25, 0.5], "texture": "#4", "cullface": "up"},
				"down": {"uv": [4, 0, 4.25, 0.5], "texture": "#4", "cullface": "up"}
			}
		},
		{
			"name": "wood",
			"from": [8.6, 16.2, 10.05],
			"to": [8.85, 16.6, 10.45],
			"rotation": {"angle": 22.5, "axis": "y", "origin": [8.25, 8, 8.75]},
			"faces": {
				"north": {"uv": [4, 0, 4.25, 0.4], "texture": "#4", "cullface": "up"},
				"east": {"uv": [4, 0, 4.5, 0.5], "texture": "#4", "cullface": "up"},
				"south": {"uv": [4, 0, 4.25, 0.4], "texture": "#4", "cullface": "up"},
				"up": {"uv": [3, 0, 3.25, 0.4], "texture": "#4", "cullface": "up"},
				"down": {"uv": [4, 0, 4.25, 0.4], "texture": "#4", "cullface": "up"}
			}
		},
		{
			"name": "tip",
			"from": [8.8, 16.25, 10.1],
			"to": [9.05, 16.55, 10.4],
			"rotation": {"angle": 22.5, "axis": "y", "origin": [8.25, 8, 8.75]},
			"faces": {
				"north": {"uv": [4, 0, 4.5, 0.5], "texture": "#3_5", "cullface": "up"},
				"east": {"uv": [4, 0, 4.5, 0.5], "texture": "#3_5", "cullface": "up"},
				"south": {"uv": [4, 0, 4.5, 0.5], "texture": "#3_5", "cullface": "up"},
				"up": {"uv": [4, 0, 4.5, 0.5], "rotation": 270, "texture": "#3_5", "cullface": "up"},
				"down": {"uv": [4, 0, 4.5, 0.5], "rotation": 90, "texture": "#3_5", "cullface": "up"}
			}
		},
		{
			"name": "witre",
			"from": [4.75, 15.9, 9.75],
			"to": [5.25, 16.9, 10.75],
			"rotation": {"angle": 22.5, "axis": "y", "origin": [8.25, 8, 8.75]},
			"faces": {
				"north": {"uv": [3, 1, 4, 1.5], "texture": "#9", "cullface": "up"},
				"south": {"uv": [3, 1, 4, 1.5], "texture": "#9", "cullface": "up"},
				"up": {"uv": [3, 1, 4, 1.5], "rotation": 270, "texture": "#9", "cullface": "up"}
			}
		},
		{
			"name": "eraser",
			"from": [4.25, 15.9, 9.75],
			"to": [4.75, 16.9, 10.75],
			"rotation": {"angle": 22.5, "axis": "y", "origin": [8.25, 8, 8.75]},
			"faces": {
				"north": {"uv": [3, 1, 4, 1.5], "texture": "#10", "cullface": "up"},
				"south": {"uv": [3, 1, 4, 1.5], "texture": "#10", "cullface": "up"},
				"west": {"uv": [3, 1, 4, 1.5], "texture": "#10", "cullface": "up"},
				"up": {"uv": [3, 1, 4, 1.5], "rotation": 270, "texture": "#10", "cullface": "up"}
			}
		}
	],
	"groups": [
		{
			"name": "Body",
			"origin": [8, 8, 8],
			"children": [0, 1, 2]
		},
		{
			"name": "Frame",
			"origin": [8, 8, 8],
			"children": [3, 4, 5, 6, 7, 8, 9, 10, 11, 12, 13, 14]
		},
		{
			"name": "Grid",
			"origin": [20, 23, 11],
			"children": [15, 16, 17, 18, 19, 20, 21, 22]
		},
		{
			"name": "Saw_Pliers",
			"origin": [8, 8, 8],
			"children": [
				{
					"name": "Pliers",
					"origin": [8, 8, 8],
					"children": [23, 24, 25, 26, 27]
				},
				{
					"name": "Saw",
					"origin": [8, 8, 8],
					"children": [28, 29, 30, 31, 32, 33, 34]
				}
			]
		},
		{
			"name": "Hammer",
			"origin": [8, 8, 8],
			"children": [
				{
					"name": "Hammer",
					"origin": [8, 8, 8],
					"children": [35, 36]
				}
			]
		},
		{
			"name": "drawers",
			"origin": [8, 8, 8],
			"children": [
				{
					"name": "Drawers",
					"origin": [8, 8, 8],
					"children": [37, 38, 39, 40, 41, 42]
				}
			]
		},
		{
			"name": "file",
			"origin": [8, 8, 8],
			"children": [
				{
					"name": "File",
					"origin": [8, 8, 8],
					"children": [43, 44]
				}
			]
		},
		{
			"name": "pencil",
			"origin": [8, 8, 8],
			"children": [
				{
					"name": "Pencil",
					"origin": [8, 8, 8],
					"children": [45, 46, 47, 48, 49, 50, 51, 52, 53, 54]
				}
			]
		}
	]
}