{
	"credit": "Made by TheWaschtlPlays using Blockbench",
	"textures": {
		"0": "blocks/dropper_front_horizontal",
		"particle": "blocks/dropper_front_horizontal",
		"top": "blocks/furnace_top",
		"side": "blocks/furnace_side"
	},
	"elements": [
		{
			"name": "up",
			"from": [1, 15, 1],
			"to": [15, 15.5, 15],
			"faces": {
				"up": {"uv": [1, 1, 15, 15], "rotation": 180, "texture": "#top", "cullface": "up"}
			}
		},
		{
			"name": "down",
			"from": [1, 0.5, 1],
			"to": [15, 1, 15],
			"faces": {
				"down": {"uv": [1, 1, 15, 15], "rotation": 180, "texture": "#top", "cullface": "down"}
			}
		},
		{
			"name": "upper",
			"from": [1, 4, 0.5],
			"to": [15, 15, 1],
			"faces": {
				"north": {"uv": [1, 1, 15, 12], "texture": "#0", "cullface": "north"}
			}
		},
		{
			"name": "face",
			"from": [1, 1, 0.25],
			"to": [15, 4, 1],
			"faces": {
				"north": {"uv": [1, 12, 15, 15], "texture": "#0", "cullface": "north"},
				"up": {"uv": [1, 12, 15, 12.75], "rotation": 180, "texture": "#0", "cullface": "north"}
			}
		},
		{
			"name": "face",
			"from": [9, 4, 0.25],
			"to": [15, 5, 1],
			"rotation": {"angle": 0, "axis": "y", "origin": [8, 11, 8]},
			"faces": {
				"north": {"uv": [1, 11, 7, 12], "texture": "#0", "cullface": "north"},
				"west": {"uv": [5, 10, 5.75, 11], "texture": "#0", "cullface": "north"},
				"up": {"uv": [1, 11, 7, 11.75], "rotation": 180, "texture": "#0", "cullface": "north"}
			}
		},
		{
			"name": "face",
			"from": [11, 9, 0.25],
			"to": [14, 10, 1],
			"rotation": {"angle": 0, "axis": "y", "origin": [8, 16, 8]},
			"faces": {
				"north": {"uv": [2, 6, 5, 7], "texture": "#0", "cullface": "north"},
				"east": {"uv": [2, 6, 2.75, 7], "texture": "#0", "cullface": "north"},
				"west": {"uv": [4, 6, 4.75, 7], "texture": "#0", "cullface": "north"},
				"up": {"uv": [2, 6, 5, 6.75], "rotation": 180, "texture": "#0", "cullface": "north"}
			}
		},
		{
			"name": "face",
			"from": [11, 10, 0.25],
			"to": [13, 12, 1],
			"rotation": {"angle": 0, "axis": "y", "origin": [8, 17, 8]},
			"faces": {
				"north": {"uv": [3, 4, 5, 6], "texture": "#0", "cullface": "north"},
				"east": {"uv": [3, 4, 3.75, 6], "texture": "#0", "cullface": "north"},
				"west": {"uv": [4, 4, 4.75, 6], "texture": "#0", "cullface": "north"},
				"up": {"uv": [3, 4, 5, 4.75], "rotation": 180, "texture": "#0", "cullface": "north"}
			}
		},
		{
			"name": "face",
			"from": [10, 11, 0.25],
			"to": [12, 13, 1],
			"rotation": {"angle": 0, "axis": "y", "origin": [7, 18, 8]},
			"faces": {
				"north": {"uv": [4, 3, 6, 5], "texture": "#0", "cullface": "north"},
				"east": {"uv": [4, 3, 4.75, 5], "texture": "#0", "cullface": "north"},
				"west": {"uv": [5, 3, 5.75, 5], "texture": "#0", "cullface": "north"},
				"up": {"uv": [4, 3, 6, 3.75], "rotation": 180, "texture": "#0", "cullface": "north"},
				"down": {"uv": [4, 4, 6, 4.75], "texture": "#0", "cullface": "north"}
			}
		},
		{
			"name": "face",
			"from": [4, 11, 0.25],
			"to": [6, 13, 1],
			"rotation": {"angle": 0, "axis": "y", "origin": [1, 18, 8]},
			"faces": {
				"north": {"uv": [10, 3, 12, 5], "texture": "#0", "cullface": "north"},
				"east": {"uv": [4, 3, 4.75, 5], "texture": "#0", "cullface": "north"},
				"west": {"uv": [5, 3, 5.75, 5], "texture": "#0", "cullface": "north"},
				"up": {"uv": [4, 3, 6, 3.75], "rotation": 180, "texture": "#0", "cullface": "north"},
				"down": {"uv": [4, 4, 6, 4.75], "texture": "#0", "cullface": "north"}
			}
		},
		{
			"name": "face",
			"from": [9, 10, 0.25],
			"to": [10, 12, 1],
			"rotation": {"angle": 0, "axis": "y", "origin": [5, 17, 8]},
			"faces": {
				"north": {"uv": [6, 4, 7, 6], "texture": "#0", "cullface": "north"},
				"east": {"uv": [6, 4, 6.75, 6], "texture": "#0", "cullface": "north"},
				"west": {"uv": [6, 4, 6.75, 6], "texture": "#0", "cullface": "north"},
				"up": {"uv": [6, 4, 7, 4.75], "rotation": 180, "texture": "#0", "cullface": "north"}
			}
		},
		{
			"name": "face",
			"from": [6, 10, 0.25],
			"to": [7, 12, 1],
			"rotation": {"angle": 0, "axis": "y", "origin": [2, 17, 8]},
			"faces": {
				"north": {"uv": [9, 4, 10, 6], "texture": "#0", "cullface": "north"},
				"east": {"uv": [9, 4, 9.75, 6], "texture": "#0", "cullface": "north"},
				"west": {"uv": [9, 4, 9.75, 6], "texture": "#0", "cullface": "north"},
				"up": {"uv": [9, 4, 10, 4.75], "rotation": 180, "texture": "#0", "cullface": "north"}
			}
		},
		{
			"name": "face",
			"from": [3, 10, 0.25],
			"to": [5, 12, 1],
			"rotation": {"angle": 0, "axis": "y", "origin": [0, 17, 8]},
			"faces": {
				"north": {"uv": [11, 4, 13, 6], "texture": "#0", "cullface": "north"},
				"east": {"uv": [11, 4, 11.75, 6], "texture": "#0", "cullface": "north"},
				"west": {"uv": [12, 4, 12.75, 6], "texture": "#0", "cullface": "north"},
				"up": {"uv": [11, 4, 13, 4.75], "rotation": 180, "texture": "#0", "cullface": "north"}
			}
		},
		{
			"name": "face",
			"from": [6, 9, 0.25],
			"to": [10, 10, 1],
			"rotation": {"angle": 0, "axis": "y", "origin": [4, 16, 8]},
			"faces": {
				"north": {"uv": [6, 6, 10, 7], "texture": "#0", "cullface": "north"},
				"east": {"uv": [6, 6, 6.75, 7], "texture": "#0", "cullface": "north"},
				"west": {"uv": [9, 6, 9.75, 7], "texture": "#0", "cullface": "north"},
				"up": {"uv": [6, 6, 10, 6.75], "rotation": 180, "texture": "#0", "cullface": "north"}
			}
		},
		{
			"name": "face",
			"from": [2, 9, 0.25],
			"to": [5, 10, 1],
			"rotation": {"angle": 0, "axis": "y", "origin": [-1, 16, 8]},
			"faces": {
				"north": {"uv": [11, 6, 14, 7], "texture": "#0", "cullface": "north"},
				"east": {"uv": [11, 6, 11.75, 7], "texture": "#0", "cullface": "north"},
				"west": {"uv": [13, 6, 13.75, 7], "texture": "#0", "cullface": "north"},
				"up": {"uv": [11, 6, 14, 6.75], "rotation": 180, "texture": "#0", "cullface": "north"}
			}
		},
		{
			"name": "face",
			"from": [2, 7, 0.25],
			"to": [14, 9, 1],
			"rotation": {"angle": 0, "axis": "y", "origin": [1, 14, 8]},
			"faces": {
				"north": {"uv": [2, 7, 14, 9], "texture": "#0", "cullface": "north"},
				"east": {"uv": [2, 7, 2.75, 9], "texture": "#0", "cullface": "north"},
				"west": {"uv": [13, 7, 13.75, 9], "texture": "#0", "cullface": "north"},
				"up": {"uv": [2, 7, 14, 7.75], "rotation": 180, "texture": "#0", "cullface": "north"},
				"down": {"uv": [2, 8, 14, 8.75], "texture": "#0", "cullface": "north"}
			}
		},
		{
			"name": "face",
			"from": [10, 5, 0.25],
			"to": [15, 6, 1],
			"rotation": {"angle": 0, "axis": "y", "origin": [8, 12, 8]},
			"faces": {
				"north": {"uv": [1, 10, 6, 11], "texture": "#0", "cullface": "north"},
				"west": {"uv": [5, 10, 5.75, 11], "texture": "#0", "cullface": "north"},
				"up": {"uv": [1, 10, 6, 10.75], "rotation": 180, "texture": "#0", "cullface": "north"}
			}
		},
		{
			"name": "face",
			"from": [11, 6, 0.25],
			"to": [15, 7, 1],
			"rotation": {"angle": 0, "axis": "y", "origin": [8, 13, 8]},
			"faces": {
				"north": {"uv": [1, 9, 5, 10], "texture": "#0", "cullface": "north"},
				"west": {"uv": [4, 9, 4.75, 10], "texture": "#0", "cullface": "north"},
				"up": {"uv": [1, 9, 5, 9.75], "rotation": 180, "texture": "#0", "cullface": "north"}
			}
		},
		{
			"name": "face",
			"from": [1, 4, 0.25],
			"to": [7, 5, 1],
			"rotation": {"angle": 0, "axis": "y", "origin": [0, 11, 8]},
			"faces": {
				"north": {"uv": [9, 11, 15, 12], "texture": "#0", "cullface": "north"},
				"east": {"uv": [10, 10, 10.75, 11], "texture": "#0", "cullface": "north"},
				"up": {"uv": [9, 11, 15, 11.75], "rotation": 180, "texture": "#0", "cullface": "north"}
			}
		},
		{
			"name": "face",
			"from": [1, 5, 0.25],
			"to": [6, 6, 1],
			"rotation": {"angle": 0, "axis": "y", "origin": [0, 12, 8]},
			"faces": {
				"north": {"uv": [10, 10, 15, 11], "texture": "#0", "cullface": "north"},
				"east": {"uv": [10, 10, 10.75, 11], "texture": "#0", "cullface": "north"},
				"up": {"uv": [10, 10, 15, 10.75], "rotation": 180, "texture": "#0", "cullface": "north"}
			}
		},
		{
			"name": "face",
			"from": [1, 6, 0.25],
			"to": [5, 7, 1],
			"rotation": {"angle": 0, "axis": "y", "origin": [0, 13, 8]},
			"faces": {
				"north": {"uv": [11, 9, 15, 10], "texture": "#0", "cullface": "north"},
				"east": {"uv": [11, 9, 11.75, 10], "texture": "#0", "cullface": "north"},
				"up": {"uv": [11, 9, 15, 9.75], "rotation": 180, "texture": "#0", "cullface": "north"}
			}
		},
		{
			"name": "lower",
			"from": [15, 1, 1],
			"to": [15.75, 7, 15],
			"faces": {
				"east": {"uv": [1, 9, 15, 15], "texture": "#side", "cullface": "east"},
				"up": {"uv": [1, 9, 15, 9.75], "rotation": 90, "texture": "#side", "cullface": "east"}
			}
		},
		{
			"name": "upper",
			"from": [15, 7, 1],
			"to": [15.5, 15, 15],
			"faces": {
				"east": {"uv": [1, 1, 15, 9], "texture": "#side", "cullface": "east"}
			}
		},
		{
			"name": "lower",
			"from": [1, 1, 15],
			"to": [15, 7, 15.75],
			"faces": {
				"south": {"uv": [1, 9, 15, 15], "texture": "#side", "cullface": "south"},
				"up": {"uv": [1, 9, 15, 9.75], "rotation": 180, "texture": "#side", "cullface": "south"}
			}
		},
		{
			"name": "upper",
			"from": [1, 7, 15],
			"to": [15, 15, 15.5],
			"faces": {
				"south": {"uv": [1, 1, 15, 9], "texture": "#side", "cullface": "south"}
			}
		},
		{
			"name": "lower",
			"from": [0.25, 1, 1],
			"to": [1, 7, 15],
			"faces": {
				"west": {"uv": [1, 9, 15, 15], "texture": "#side", "cullface": "west"},
				"up": {"uv": [1, 9, 15, 9.75], "rotation": 90, "texture": "#side", "cullface": "west"}
			}
		},
		{
			"name": "upper",
			"from": [0.5, 7, 1],
			"to": [1, 15, 15],
			"faces": {
				"west": {"uv": [1, 1, 15, 9], "texture": "#side", "cullface": "west"}
			}
		},
		{
			"from": [0, 15, 1],
			"to": [1, 16, 15],
			"faces": {
				"east": {"uv": [1, 0, 15, 1], "texture": "#top", "cullface": "up"},
				"west": {"uv": [1, 0, 15, 1], "texture": "#top", "cullface": "west"},
				"up": {"uv": [0, 1, 1, 15], "texture": "#top", "cullface": "up"},
				"down": {"uv": [0, 1, 1, 15], "texture": "#top", "cullface": "west"}
			}
		},
		{
			"from": [0, 1, 15],
			"to": [1, 15, 16],
			"faces": {
				"north": {"uv": [15, 1, 16, 15], "texture": "#top", "cullface": "west"},
				"east": {"uv": [0, 1, 1, 15], "texture": "#top", "cullface": "south"},
				"south": {"uv": [0, 1, 1, 15], "texture": "#top", "cullface": "south"},
				"west": {"uv": [15, 1, 16, 15], "texture": "#top", "cullface": "west"}
			}
		},
		{
			"from": [0, 15, 15],
			"to": [16, 16, 16],
			"faces": {
				"north": {"uv": [0, 0, 16, 1], "texture": "#top", "cullface": "up"},
				"east": {"uv": [0, 0, 1, 1], "texture": "#top", "cullface": "east"},
				"south": {"uv": [0, 0, 16, 1], "texture": "#top", "cullface": "south"},
				"west": {"uv": [15, 0, 16, 1], "texture": "#top", "cullface": "west"},
				"up": {"uv": [0, 15, 16, 16], "texture": "#top", "cullface": "up"},
				"down": {"uv": [0, 0, 16, 1], "texture": "#top", "cullface": "south"}
			}
		},
		{
			"from": [15, 1, 15],
			"to": [16, 15, 16],
			"faces": {
				"north": {"uv": [0, 1, 1, 15], "texture": "#top", "cullface": "east"},
				"east": {"uv": [0, 1, 1, 15], "texture": "#top", "cullface": "east"},
				"south": {"uv": [15, 1, 16, 15], "texture": "#top", "cullface": "south"},
				"west": {"uv": [15, 1, 16, 15], "texture": "#top", "cullface": "south"}
			}
		},
		{
			"from": [15, 15, 1],
			"to": [16, 16, 15],
			"faces": {
				"east": {"uv": [1, 0, 15, 1], "texture": "#top", "cullface": "east"},
				"west": {"uv": [1, 0, 15, 1], "texture": "#top", "cullface": "up"},
				"up": {"uv": [15, 1, 16, 15], "texture": "#top", "cullface": "up"},
				"down": {"uv": [15, 1, 16, 15], "texture": "#top", "cullface": "east"}
			}
		},
		{
			"from": [0, 15, 0],
			"to": [16, 16, 1],
			"faces": {
				"north": {"uv": [0, 0, 16, 1], "texture": "#top", "cullface": "north"},
				"east": {"uv": [15, 0, 16, 1], "texture": "#top", "cullface": "east"},
				"south": {"uv": [0, 0, 16, 1], "texture": "#top", "cullface": "up"},
				"west": {"uv": [0, 0, 1, 1], "texture": "#top", "cullface": "west"},
				"up": {"uv": [0, 0, 16, 1], "texture": "#top", "cullface": "up"},
				"down": {"uv": [0, 15, 16, 16], "texture": "#top", "cullface": "north"}
			}
		},
		{
			"from": [15, 1, 0],
			"to": [16, 15, 1],
			"faces": {
				"north": {"uv": [0, 1, 1, 15], "texture": "#top", "cullface": "north"},
				"east": {"uv": [15, 1, 16, 15], "texture": "#top", "cullface": "east"},
				"south": {"uv": [15, 1, 16, 15], "texture": "#top", "cullface": "east"},
				"west": {"uv": [0, 1, 1, 15], "texture": "#top", "cullface": "north"}
			}
		},
		{
			"from": [0, 1, 0],
			"to": [1, 15, 1],
			"faces": {
				"north": {"uv": [15, 1, 16, 15], "texture": "#top", "cullface": "north"},
				"east": {"uv": [15, 1, 16, 15], "texture": "#top", "cullface": "north"},
				"south": {"uv": [0, 1, 1, 15], "texture": "#top", "cullface": "west"},
				"west": {"uv": [0, 1, 1, 15], "texture": "#top", "cullface": "west"}
			}
		},
		{
			"from": [0, 0, 1],
			"to": [1, 1, 15],
			"faces": {
				"east": {"uv": [1, 15, 15, 16], "texture": "#top", "cullface": "down"},
				"west": {"uv": [1, 15, 15, 16], "texture": "#top", "cullface": "west"},
				"up": {"uv": [0, 1, 1, 15], "texture": "#top", "cullface": "west"},
				"down": {"uv": [0, 1, 1, 15], "texture": "#top", "cullface": "down"}
			}
		},
		{
			"from": [0, 0, 15],
			"to": [16, 1, 16],
			"faces": {
				"north": {"uv": [0, 15, 16, 16], "texture": "#top", "cullface": "down"},
				"east": {"uv": [0, 15, 1, 16], "texture": "#top", "cullface": "east"},
				"south": {"uv": [0, 15, 16, 16], "texture": "#top", "cullface": "south"},
				"west": {"uv": [15, 15, 16, 16], "texture": "#top", "cullface": "west"},
				"up": {"uv": [0, 15, 16, 16], "texture": "#top", "cullface": "south"},
				"down": {"uv": [0, 0, 16, 1], "texture": "#top", "cullface": "down"}
			}
		},
		{
			"from": [0, 0, 0],
			"to": [16, 1, 1],
			"faces": {
				"north": {"uv": [0, 15, 16, 16], "texture": "#top", "cullface": "north"},
				"east": {"uv": [15, 15, 16, 16], "texture": "#side", "cullface": "east"},
				"south": {"uv": [0, 15, 16, 16], "texture": "#side", "cullface": "down"},
				"west": {"uv": [0, 15, 1, 16], "texture": "#side", "cullface": "west"},
				"up": {"uv": [0, 15, 16, 16], "rotation": 180, "texture": "#side", "cullface": "north"},
				"down": {"uv": [0, 0, 16, 1], "rotation": 180, "texture": "#side", "cullface": "down"}
			}
		},
		{
			"from": [15, 0, 1],
			"to": [16, 1, 15],
			"faces": {
				"east": {"uv": [1, 15, 15, 16], "texture": "#top", "cullface": "east"},
				"west": {"uv": [1, 15, 15, 16], "texture": "#top", "cullface": "down"},
				"up": {"uv": [15, 1, 16, 15], "texture": "#top", "cullface": "east"},
				"down": {"uv": [15, 1, 16, 15], "texture": "#top", "cullface": "down"}
			}
		}
	],
	"groups": [0, 1,
		{
			"name": "front",
			"origin": [8, 8, 8],
			"children": [2, 3, 4, 5, 6, 7, 8, 9, 10, 11, 12, 13, 14, 15, 16, 17, 18, 19]
		},
		{
			"name": "east",
			"origin": [8, 8, 8],
			"children": [20, 21]
		},
		{
			"name": "south",
			"origin": [8, 8, 8],
			"children": [22, 23]
		},
		{
			"name": "west",
			"origin": [8, 8, 8],
			"children": [24, 25]
		},
		{
			"name": "frame",
			"origin": [8, 8, 8],
			"children": [26, 27, 28, 29, 30, 31, 32, 33, 34, 35, 36, 37]
		}
	]
}