{
	"credit": "Made by TheWaschtlPlays using Blockbench",
	"ambientocclusion": false,
	"textures": {
		"2": "custom_textures/doors/iron/iron_door_side_1",
		"3": "custom_textures/doors/iron/iron_door_side_0",
		"particle": "custom_textures/doors/iron/iron_door_top_clean",
		"top": "custom_textures/doors/iron/iron_door_top_clean"
	},
	"elements": [
		{
			"name": "Cube",
			"from": [0, 0, 0],
			"to": [3, 5, 16],
			"faces": {
				"north": {"uv": [3, 11, 0, 16], "texture": "#2", "cullface": "north"},
				"east": {"uv": [16, 11, 0, 16], "texture": "#top"},
				"south": {"uv": [3, 11, 6, 16], "texture": "#2", "cullface": "south"},
				"west": {"uv": [0, 11, 16, 16], "texture": "#top", "cullface": "west"},
				"up": {"uv": [0, 3, 16, 6], "rotation": 90, "texture": "#3"}
			}
		},
		{
			"name": "Cube",
			"from": [0, 13, 0],
			"to": [3, 16, 16],
			"faces": {
				"north": {"uv": [3, 0, 0, 3], "texture": "#2", "cullface": "north"},
				"east": {"uv": [16, 0, 0, 3], "texture": "#top"},
				"south": {"uv": [3, 0, 6, 3], "texture": "#2", "cullface": "south"},
				"west": {"uv": [0, 0, 16, 3], "texture": "#top", "cullface": "west"},
				"up": {"uv": [0, 0, 16, 3], "rotation": 90, "texture": "#3", "cullface": "up"},
				"down": {"uv": [0, 3, 16, 6], "rotation": 90, "texture": "#3"}
			}
		},
		{
			"name": "Cube",
			"from": [0, 5, 0],
			"to": [3, 13, 3],
			"faces": {
				"north": {"uv": [3, 3, 0, 11], "texture": "#2", "cullface": "north"},
				"east": {"uv": [3, 3, 0, 11], "texture": "#top"},
				"south": {"uv": [4, 3, 12, 6], "rotation": 90, "texture": "#3"},
				"west": {"uv": [0, 3, 3, 11], "texture": "#top", "cullface": "west"}
			}
		},
		{
			"name": "Cube",
			"from": [0, 5, 13],
			"to": [3, 13, 16],
			"faces": {
				"north": {"uv": [4, 3, 12, 6], "rotation": 90, "texture": "#3"},
				"east": {"uv": [16, 3, 13, 11], "texture": "#top"},
				"south": {"uv": [3, 3, 6, 11], "texture": "#2", "cullface": "south"},
				"west": {"uv": [13, 3, 16, 11], "texture": "#top", "cullface": "west"}
			}
		},
		{
			"name": "Cube",
			"from": [0.5, 5, 7],
			"to": [2.5, 13, 9],
			"faces": {
				"north": {"uv": [0, 6, 2, 14], "texture": "#top"},
				"east": {"uv": [9, 3, 7, 11], "texture": "#top"},
				"south": {"uv": [0, 6, 2, 14], "texture": "#top"},
				"west": {"uv": [7, 3, 9, 11], "texture": "#top", "cullface": "west"}
			}
		},
		{
			"name": "Cube",
			"from": [0.5, 8, 3],
			"to": [2.5, 10, 13],
			"faces": {
				"east": {"uv": [13, 6, 3, 8], "texture": "#top"},
				"west": {"uv": [3, 6, 13, 8], "texture": "#top", "cullface": "west"},
				"up": {"uv": [0, 0, 2, 10], "texture": "#top"},
				"down": {"uv": [0, 0, 2, 10], "texture": "#top"}
			}
		},
		{
			"name": "Hinge",
			"from": [-0.25, 9.75, -0.25],
			"to": [3.25, 12.25, 1],
			"rotation": {"angle": 0, "axis": "y", "origin": [7.75, 17.75, 8]},
			"faces": {
				"north": {"uv": [0, 4, 1, 6], "texture": "#top"},
				"east": {"uv": [0, 4, 1, 6], "texture": "#top"},
				"south": {"uv": [0, 4, 1, 6], "texture": "#top"},
				"west": {"uv": [0, 4, 1, 6], "texture": "#top"},
				"up": {"uv": [0, 4, 1, 5], "texture": "#top"},
				"down": {"uv": [0, 5, 1, 6], "texture": "#top"}
			}
		}
	]
}