{
	"credit": "Made by TheWaschtlPlays using Blockbench",
	"ambientocclusion": false,
	"textures": {
		"1": "custom_textures/doors/jungle/jungle_door_side_0",
		"2": "custom_textures/doors/jungle/jungle_door_side_1",
		"particle": "custom_textures/doors/jungle/jungle_door_bottom",
		"bottom": "custom_textures/doors/jungle/jungle_door_bottom"
	},
	"elements": [
		{
			"from": [0, 0, 0],
			"to": [3, 16, 16],
			"faces": {
				"north": {"uv": [13, 0, 10, 16], "texture": "#2", "cullface": "north"},
				"east": {"uv": [16, 0, 0, 16], "texture": "#bottom"},
				"south": {"uv": [16, 0, 13, 16], "texture": "#2", "cullface": "south"},
				"west": {"uv": [0, 0, 16, 16], "texture": "#bottom", "cullface": "west"},
				"down": {"uv": [16, 3, 0, 6], "rotation": 90, "texture": "#1", "cullface": "down"}
			}
		},
		{
			"name": "HingeUP",
			"from": [-0.25, 14.75, -0.25],
			"to": [3.25, 17.25, 1],
			"rotation": {"angle": 0, "axis": "y", "origin": [7.75, 22.75, 8]},
			"faces": {
				"north": {"uv": [0, 9, 1, 11], "texture": "#bottom"},
				"east": {"uv": [0, 9, 1, 11], "texture": "#bottom"},
				"south": {"uv": [0, 9, 1, 11], "texture": "#bottom"},
				"west": {"uv": [0, 9, 1, 11], "texture": "#bottom"},
				"up": {"uv": [0, 9, 1, 10], "texture": "#bottom"},
				"down": {"uv": [0, 10, 1, 11], "texture": "#bottom"}
			}
		},
		{
			"name": "HingeDWN",
			"from": [-0.25, 4.75, -0.25],
			"to": [3.25, 7.25, 1],
			"rotation": {"angle": 0, "axis": "y", "origin": [7.75, 12.75, 8]},
			"faces": {
				"north": {"uv": [0, 9, 1, 11], "texture": "#bottom"},
				"east": {"uv": [0, 9, 1, 11], "texture": "#bottom"},
				"south": {"uv": [0, 9, 1, 11], "texture": "#bottom"},
				"west": {"uv": [0, 9, 1, 11], "texture": "#bottom"},
				"up": {"uv": [0, 9, 1, 10], "texture": "#bottom"},
				"down": {"uv": [0, 10, 1, 11], "texture": "#bottom"}
			}
		}
	]
}