{
	"credit": "Made by TheWaschtlPlays using Blockbench",
	"textures": {
		"particle": "blocks/lapis_ore",
		"ore": "blocks/lapis_ore"
	},
	"elements": [
		{
			"from": [0, 0, 0],
			"to": [16, 16, 16],
			"faces": {
				"north": {"uv": [0, 0, 16, 16], "texture": "#ore", "cullface": "north"},
				"east": {"uv": [0, 0, 16, 16], "texture": "#ore", "cullface": "east"},
				"south": {"uv": [0, 0, 16, 16], "texture": "#ore", "cullface": "south"},
				"west": {"uv": [0, 0, 16, 16], "texture": "#ore", "cullface": "west"},
				"up": {"uv": [0, 0, 16, 16], "texture": "#ore", "cullface": "up"},
				"down": {"uv": [0, 0, 16, 16], "texture": "#ore", "cullface": "down"}
			}
		},
		{
			"from": [10, 3, -0.4],
			"to": [11, 4, 0.1],
			"rotation": {"angle": 0, "axis": "y", "origin": [8, 8, 8]},
			"faces": {
				"north": {"uv": [5, 12, 6, 13], "texture": "#ore", "cullface": "north"},
				"east": {"uv": [5, 12, 5.5, 13], "texture": "#ore", "cullface": "north"},
				"west": {"uv": [5, 12, 5.5, 13], "texture": "#ore", "cullface": "north"},
				"up": {"uv": [5, 12, 6, 12.5], "rotation": 180, "texture": "#ore", "cullface": "north"}
			}
		},
		{
			"from": [9, 1, -0.4],
			"to": [12, 3, 0.1],
			"rotation": {"angle": 0, "axis": "y", "origin": [8, 8, 8]},
			"faces": {
				"north": {"uv": [4, 13, 7, 15], "texture": "#ore", "cullface": "north"},
				"east": {"uv": [4, 13, 4.5, 15], "texture": "#ore", "cullface": "north"},
				"west": {"uv": [6, 13, 6.5, 15], "texture": "#ore", "cullface": "north"},
				"up": {"uv": [4, 13, 7, 13.5], "rotation": 180, "texture": "#ore", "cullface": "north"},
				"down": {"uv": [4, 14, 7, 14.5], "rotation": 180, "texture": "#ore", "cullface": "north"}
			}
		},
		{
			"from": [5, 2, -0.25],
			"to": [8, 4, 0],
			"rotation": {"angle": 0, "axis": "y", "origin": [8, 8, 8]},
			"faces": {
				"north": {"uv": [8, 12, 11, 14], "texture": "#ore", "cullface": "north"},
				"east": {"uv": [8, 12, 8.5, 14], "texture": "#ore", "cullface": "north"},
				"west": {"uv": [10, 12, 10.5, 14], "texture": "#ore", "cullface": "north"},
				"up": {"uv": [8, 12, 11, 12.5], "rotation": 180, "texture": "#ore", "cullface": "north"},
				"down": {"uv": [8, 13, 11, 13.5], "rotation": 180, "texture": "#ore", "cullface": "north"}
			}
		},
		{
			"from": [1, 3, -0.25],
			"to": [3, 6, 0],
			"rotation": {"angle": 0, "axis": "y", "origin": [8, 8, 8]},
			"faces": {
				"north": {"uv": [13, 10, 15, 13], "texture": "#ore", "cullface": "north"},
				"east": {"uv": [13, 10, 13.25, 13], "texture": "#ore", "cullface": "north"},
				"west": {"uv": [14, 10, 14.25, 13], "texture": "#ore", "cullface": "north"},
				"up": {"uv": [13, 10, 15, 10.25], "rotation": 180, "texture": "#ore", "cullface": "north"},
				"down": {"uv": [13, 12, 15, 12.25], "rotation": 180, "texture": "#ore", "cullface": "north"}
			}
		},
		{
			"from": [2, 6, -0.25],
			"to": [3, 7, 0],
			"rotation": {"angle": 0, "axis": "y", "origin": [8, 8, 8]},
			"faces": {
				"north": {"uv": [13, 9, 14, 10], "texture": "#ore", "cullface": "north"},
				"east": {"uv": [13, 9, 13.25, 10], "texture": "#ore", "cullface": "north"},
				"west": {"uv": [13, 9, 13.25, 10], "texture": "#ore", "cullface": "north"},
				"up": {"uv": [13, 9, 14, 9.25], "texture": "#ore", "cullface": "north"}
			}
		},
		{
			"from": [11, 5, -0.5],
			"to": [12, 6, 0],
			"rotation": {"angle": 0, "axis": "y", "origin": [8, 8, 8]},
			"faces": {
				"north": {"uv": [4, 10, 5, 11], "texture": "#ore", "cullface": "north"},
				"east": {"uv": [4, 10, 4.5, 11], "texture": "#ore", "cullface": "north"},
				"west": {"uv": [4, 10, 4.5, 11], "texture": "#ore", "cullface": "north"},
				"up": {"uv": [4, 10, 5, 10.5], "rotation": 180, "texture": "#ore", "cullface": "north"}
			}
		},
		{
			"from": [11, 4, -0.5],
			"to": [14, 5, 0],
			"rotation": {"angle": 0, "axis": "y", "origin": [8, 8, 8]},
			"faces": {
				"north": {"uv": [2, 11, 5, 12], "texture": "#ore", "cullface": "north"},
				"east": {"uv": [2, 11, 2.5, 12], "texture": "#ore", "cullface": "north"},
				"west": {"uv": [4, 11, 4.5, 12], "texture": "#ore", "cullface": "north"},
				"up": {"uv": [2, 11, 5, 11.5], "rotation": 180, "texture": "#ore", "cullface": "north"},
				"down": {"uv": [2, 11, 5, 11.5], "rotation": 180, "texture": "#ore", "cullface": "north"}
			}
		},
		{
			"from": [13, 7, -0.25],
			"to": [15, 9, 0],
			"rotation": {"angle": 0, "axis": "y", "origin": [8, 8, 8]},
			"faces": {
				"north": {"uv": [1, 7, 3, 9], "texture": "#ore", "cullface": "north"},
				"east": {"uv": [1, 7, 1.5, 9], "texture": "#ore", "cullface": "north"},
				"west": {"uv": [2, 7, 2.5, 9], "texture": "#ore", "cullface": "north"},
				"up": {"uv": [1, 7, 3, 7.5], "rotation": 180, "texture": "#ore", "cullface": "north"},
				"down": {"uv": [1, 8, 3, 8.5], "rotation": 180, "texture": "#ore", "cullface": "north"}
			}
		},
		{
			"from": [9, 10, -0.25],
			"to": [11, 11, 0],
			"rotation": {"angle": 0, "axis": "y", "origin": [8, 8, 8]},
			"faces": {
				"north": {"uv": [5, 5, 7, 6], "texture": "#ore", "cullface": "north"},
				"east": {"uv": [5, 5, 5.5, 6], "texture": "#ore", "cullface": "north"},
				"west": {"uv": [6, 5, 6.5, 6], "texture": "#ore", "cullface": "north"},
				"up": {"uv": [5, 5, 7, 5.5], "rotation": 180, "texture": "#ore", "cullface": "north"}
			}
		},
		{
			"from": [8, 9, -0.25],
			"to": [13, 10, 0],
			"rotation": {"angle": 0, "axis": "y", "origin": [8, 8, 8]},
			"faces": {
				"north": {"uv": [3, 6, 8, 7], "texture": "#ore", "cullface": "north"},
				"east": {"uv": [3, 6, 3.5, 7], "texture": "#ore", "cullface": "north"},
				"west": {"uv": [7, 6, 7.5, 7], "texture": "#ore", "cullface": "north"},
				"up": {"uv": [3, 6, 8, 6.5], "rotation": 180, "texture": "#ore", "cullface": "north"},
				"down": {"uv": [3, 6, 8, 6.5], "rotation": 180, "texture": "#ore", "cullface": "north"}
			}
		},
		{
			"from": [2, 13, -0.4],
			"to": [4, 14, 0.1],
			"rotation": {"angle": 0, "axis": "y", "origin": [8, 8, 8]},
			"faces": {
				"north": {"uv": [12, 2, 14, 3], "texture": "#ore", "cullface": "north"},
				"east": {"uv": [12, 2, 12.5, 3], "texture": "#ore", "cullface": "north"},
				"west": {"uv": [13, 2, 13.5, 3], "texture": "#ore", "cullface": "north"},
				"up": {"uv": [12, 2, 14, 2.5], "rotation": 180, "texture": "#ore", "cullface": "north"},
				"down": {"uv": [12, 2, 14, 2.5], "rotation": 180, "texture": "#ore", "cullface": "north"}
			}
		},
		{
			"from": [7, 12, -0.25],
			"to": [9, 13, 0],
			"rotation": {"angle": 0, "axis": "y", "origin": [8, 8, 8]},
			"faces": {
				"north": {"uv": [7, 3, 9, 4], "texture": "#ore", "cullface": "north"},
				"east": {"uv": [7, 3, 7.5, 4], "texture": "#ore", "cullface": "north"},
				"west": {"uv": [8, 3, 8.5, 4], "texture": "#ore", "cullface": "north"},
				"up": {"uv": [7, 3, 9, 3.5], "rotation": 180, "texture": "#ore", "cullface": "north"},
				"down": {"uv": [7, 3, 9, 3.5], "rotation": 180, "texture": "#ore", "cullface": "north"}
			}
		},
		{
			"from": [4, 9, -0.4],
			"to": [6, 11, 0.1],
			"rotation": {"angle": 0, "axis": "y", "origin": [8, 8, 8]},
			"faces": {
				"north": {"uv": [10, 5, 12, 7], "texture": "#ore", "cullface": "north"},
				"east": {"uv": [10, 5, 10.5, 7], "texture": "#ore", "cullface": "north"},
				"west": {"uv": [11, 5, 11.5, 7], "texture": "#ore", "cullface": "north"},
				"up": {"uv": [10, 5, 12, 5.5], "rotation": 180, "texture": "#ore", "cullface": "north"},
				"down": {"uv": [10, 6, 12, 6.5], "rotation": 180, "texture": "#ore", "cullface": "north"}
			}
		},
		{
			"from": [10, 13, -0.25],
			"to": [14, 14, 0],
			"rotation": {"angle": 0, "axis": "y", "origin": [8, 8, 8]},
			"faces": {
				"north": {"uv": [2, 2, 6, 3], "texture": "#ore", "cullface": "north"},
				"east": {"uv": [2, 2, 2.5, 3], "texture": "#ore", "cullface": "north"},
				"west": {"uv": [5, 2, 5.5, 3], "texture": "#ore", "cullface": "north"},
				"up": {"uv": [2, 2, 6, 2.25], "rotation": 180, "texture": "#ore", "cullface": "north"},
				"down": {"uv": [2, 2, 6, 2.25], "rotation": 180, "texture": "#ore", "cullface": "north"}
			}
		},
		{
			"from": [10, 12, -0.25],
			"to": [11, 13, 0],
			"rotation": {"angle": 0, "axis": "y", "origin": [8, 8, 8]},
			"faces": {
				"north": {"uv": [5, 3, 6, 4], "texture": "#ore", "cullface": "north"},
				"east": {"uv": [5, 3, 5.5, 4], "texture": "#ore", "cullface": "north"},
				"west": {"uv": [5, 3, 5.5, 4], "texture": "#ore", "cullface": "north"},
				"down": {"uv": [5, 3, 6, 3.25], "rotation": 180, "texture": "#ore", "cullface": "north"}
			}
		},
		{
			"from": [8, 6, -0.4],
			"to": [9, 8, 0.1],
			"rotation": {"angle": 0, "axis": "y", "origin": [8, 8, 8]},
			"faces": {
				"north": {"uv": [7, 8, 8, 10], "texture": "#ore", "cullface": "north"},
				"east": {"uv": [7, 8, 7.25, 10], "texture": "#ore", "cullface": "north"},
				"west": {"uv": [7, 8, 7.25, 10], "texture": "#ore", "cullface": "north"},
				"up": {"uv": [7, 8, 8, 8.25], "rotation": 180, "texture": "#ore", "cullface": "north"},
				"down": {"uv": [7, 9, 8, 9.25], "rotation": 180, "texture": "#ore", "cullface": "north"}
			}
		},
		{
			"from": [5, 5, -0.4],
			"to": [8, 7, 0.1],
			"rotation": {"angle": 0, "axis": "y", "origin": [8, 8, 8]},
			"faces": {
				"north": {"uv": [8, 9, 11, 11], "texture": "#ore", "cullface": "north"},
				"east": {"uv": [8, 9, 8.25, 11], "texture": "#ore", "cullface": "north"},
				"west": {"uv": [10, 9, 10.25, 11], "texture": "#ore", "cullface": "north"},
				"up": {"uv": [8, 9, 11, 9.25], "rotation": 180, "texture": "#ore", "cullface": "north"},
				"down": {"uv": [8, 10, 11, 10.25], "rotation": 180, "texture": "#ore", "cullface": "north"}
			}
		},
		{
			"from": [4, 6, -0.4],
			"to": [7, 8, 0.1],
			"rotation": {"angle": 0, "axis": "y", "origin": [8, 8, 8]},
			"faces": {
				"north": {"uv": [9, 8, 12, 10], "texture": "#ore", "cullface": "north"},
				"east": {"uv": [9, 8, 9.25, 10], "texture": "#ore", "cullface": "north"},
				"west": {"uv": [11, 8, 11.25, 10], "texture": "#ore", "cullface": "north"},
				"up": {"uv": [9, 8, 12, 8.25], "rotation": 180, "texture": "#ore", "cullface": "north"},
				"down": {"uv": [9, 9, 12, 9.25], "rotation": 180, "texture": "#ore", "cullface": "north"}
			}
		},
		{
			"from": [-0.4, 3, 5],
			"to": [0.1, 4, 6],
			"rotation": {"angle": 0, "axis": "y", "origin": [8, 8, 8]},
			"faces": {
				"north": {"uv": [5, 12, 5.5, 13], "texture": "#ore", "cullface": "west"},
				"south": {"uv": [5, 12, 5.5, 13], "texture": "#ore", "cullface": "west"},
				"west": {"uv": [5, 12, 6, 13], "texture": "#ore", "cullface": "west"},
				"up": {"uv": [5, 12, 6, 12.5], "rotation": 90, "texture": "#ore", "cullface": "west"}
			}
		},
		{
			"from": [-0.4, 1, 4],
			"to": [0.1, 3, 7],
			"rotation": {"angle": 0, "axis": "y", "origin": [8, 8, 8]},
			"faces": {
				"north": {"uv": [4, 13, 4.5, 15], "texture": "#ore", "cullface": "west"},
				"south": {"uv": [6, 13, 6.5, 15], "texture": "#ore", "cullface": "west"},
				"west": {"uv": [4, 13, 7, 15], "texture": "#ore", "cullface": "west"},
				"up": {"uv": [4, 13, 7, 13.5], "rotation": 90, "texture": "#ore", "cullface": "west"},
				"down": {"uv": [4, 14, 7, 14.5], "rotation": 270, "texture": "#ore", "cullface": "west"}
			}
		},
		{
			"from": [-0.25, 2, 8],
			"to": [0, 4, 11],
			"rotation": {"angle": 0, "axis": "y", "origin": [8, 8, 8]},
			"faces": {
				"north": {"uv": [8, 12, 8.5, 14], "texture": "#ore", "cullface": "west"},
				"south": {"uv": [10, 12, 10.5, 14], "texture": "#ore", "cullface": "west"},
				"west": {"uv": [8, 12, 11, 14], "texture": "#ore", "cullface": "west"},
				"up": {"uv": [8, 12, 11, 12.5], "rotation": 90, "texture": "#ore", "cullface": "west"},
				"down": {"uv": [8, 13, 11, 13.5], "rotation": 270, "texture": "#ore", "cullface": "west"}
			}
		},
		{
			"from": [-0.25, 3, 13],
			"to": [0, 6, 15],
			"rotation": {"angle": 0, "axis": "y", "origin": [8, 8, 8]},
			"faces": {
				"north": {"uv": [13, 10, 13.25, 13], "texture": "#ore", "cullface": "west"},
				"south": {"uv": [14, 10, 14.25, 13], "texture": "#ore", "cullface": "west"},
				"west": {"uv": [13, 10, 15, 13], "texture": "#ore", "cullface": "west"},
				"up": {"uv": [13, 10, 15, 10.25], "rotation": 90, "texture": "#ore", "cullface": "west"},
				"down": {"uv": [13, 12, 15, 12.25], "rotation": 270, "texture": "#ore", "cullface": "west"}
			}
		},
		{
			"from": [-0.25, 6, 13],
			"to": [0, 7, 14],
			"rotation": {"angle": 0, "axis": "y", "origin": [8, 8, 8]},
			"faces": {
				"north": {"uv": [13, 9, 13.25, 10], "texture": "#ore", "cullface": "west"},
				"south": {"uv": [13, 9, 13.25, 10], "texture": "#ore", "cullface": "west"},
				"west": {"uv": [13, 9, 14, 10], "texture": "#ore", "cullface": "west"},
				"up": {"uv": [13, 9, 14, 9.25], "rotation": 270, "texture": "#ore", "cullface": "west"}
			}
		},
		{
			"from": [-0.5, 5, 4],
			"to": [0, 6, 5],
			"rotation": {"angle": 0, "axis": "y", "origin": [8, 8, 8]},
			"faces": {
				"north": {"uv": [4, 10, 4.5, 11], "texture": "#ore", "cullface": "west"},
				"south": {"uv": [4, 10, 4.5, 11], "texture": "#ore", "cullface": "west"},
				"west": {"uv": [4, 10, 5, 11], "texture": "#ore", "cullface": "west"},
				"up": {"uv": [4, 10, 5, 10.5], "rotation": 90, "texture": "#ore", "cullface": "west"}
			}
		},
		{
			"from": [-0.5, 4, 2],
			"to": [0, 5, 5],
			"rotation": {"angle": 0, "axis": "y", "origin": [8, 8, 8]},
			"faces": {
				"north": {"uv": [2, 11, 2.5, 12], "texture": "#ore", "cullface": "west"},
				"south": {"uv": [4, 11, 4.5, 12], "texture": "#ore", "cullface": "west"},
				"west": {"uv": [2, 11, 5, 12], "texture": "#ore", "cullface": "west"},
				"up": {"uv": [2, 11, 5, 11.5], "rotation": 90, "texture": "#ore", "cullface": "west"},
				"down": {"uv": [2, 11, 5, 11.5], "rotation": 270, "texture": "#ore", "cullface": "west"}
			}
		},
		{
			"from": [-0.25, 7, 1],
			"to": [0, 9, 3],
			"rotation": {"angle": 0, "axis": "y", "origin": [8, 8, 8]},
			"faces": {
				"north": {"uv": [1, 7, 1.5, 9], "texture": "#ore", "cullface": "west"},
				"south": {"uv": [2, 7, 2.5, 9], "texture": "#ore", "cullface": "west"},
				"west": {"uv": [1, 7, 3, 9], "texture": "#ore", "cullface": "west"},
				"up": {"uv": [1, 7, 3, 7.5], "rotation": 90, "texture": "#ore", "cullface": "west"},
				"down": {"uv": [1, 8, 3, 8.5], "rotation": 270, "texture": "#ore", "cullface": "west"}
			}
		},
		{
			"from": [-0.25, 10, 5],
			"to": [0, 11, 7],
			"rotation": {"angle": 0, "axis": "y", "origin": [8, 8, 8]},
			"faces": {
				"north": {"uv": [5, 5, 5.5, 6], "texture": "#ore", "cullface": "west"},
				"south": {"uv": [6, 5, 6.5, 6], "texture": "#ore", "cullface": "west"},
				"west": {"uv": [5, 5, 7, 6], "texture": "#ore", "cullface": "west"},
				"up": {"uv": [5, 5, 7, 5.5], "rotation": 90, "texture": "#ore", "cullface": "west"}
			}
		},
		{
			"from": [-0.25, 9, 3],
			"to": [0, 10, 8],
			"rotation": {"angle": 0, "axis": "y", "origin": [8, 8, 8]},
			"faces": {
				"north": {"uv": [3, 6, 3.5, 7], "texture": "#ore", "cullface": "west"},
				"south": {"uv": [7, 6, 7.5, 7], "texture": "#ore", "cullface": "west"},
				"west": {"uv": [3, 6, 8, 7], "texture": "#ore", "cullface": "west"},
				"up": {"uv": [3, 6, 8, 6.5], "rotation": 90, "texture": "#ore", "cullface": "west"},
				"down": {"uv": [3, 6, 8, 6.5], "rotation": 270, "texture": "#ore", "cullface": "west"}
			}
		},
		{
			"from": [-0.4, 13, 12],
			"to": [0.1, 14, 14],
			"rotation": {"angle": 0, "axis": "y", "origin": [8, 8, 8]},
			"faces": {
				"north": {"uv": [12, 2, 12.5, 3], "texture": "#ore", "cullface": "west"},
				"south": {"uv": [13, 2, 13.5, 3], "texture": "#ore", "cullface": "west"},
				"west": {"uv": [12, 2, 14, 3], "texture": "#ore", "cullface": "west"},
				"up": {"uv": [12, 2, 14, 2.5], "rotation": 90, "texture": "#ore", "cullface": "west"},
				"down": {"uv": [12, 2, 14, 2.5], "rotation": 270, "texture": "#ore", "cullface": "west"}
			}
		},
		{
			"from": [-0.25, 12, 7],
			"to": [0, 13, 9],
			"rotation": {"angle": 0, "axis": "y", "origin": [8, 8, 8]},
			"faces": {
				"north": {"uv": [7, 3, 7.5, 4], "texture": "#ore", "cullface": "west"},
				"south": {"uv": [8, 3, 8.5, 4], "texture": "#ore", "cullface": "west"},
				"west": {"uv": [7, 3, 9, 4], "texture": "#ore", "cullface": "west"},
				"up": {"uv": [7, 3, 9, 3.5], "rotation": 90, "texture": "#ore", "cullface": "west"},
				"down": {"uv": [7, 3, 9, 3.5], "rotation": 270, "texture": "#ore", "cullface": "west"}
			}
		},
		{
			"from": [-0.4, 9, 10],
			"to": [0.1, 11, 12],
			"rotation": {"angle": 0, "axis": "y", "origin": [8, 8, 8]},
			"faces": {
				"north": {"uv": [10, 5, 10.5, 7], "texture": "#ore", "cullface": "west"},
				"south": {"uv": [11, 5, 11.5, 7], "texture": "#ore", "cullface": "west"},
				"west": {"uv": [10, 5, 12, 7], "texture": "#ore", "cullface": "west"},
				"up": {"uv": [10, 5, 12, 5.5], "rotation": 90, "texture": "#ore", "cullface": "west"},
				"down": {"uv": [10, 6, 12, 6.5], "rotation": 270, "texture": "#ore", "cullface": "west"}
			}
		},
		{
			"from": [-0.25, 13, 2],
			"to": [0, 14, 6],
			"rotation": {"angle": 0, "axis": "y", "origin": [8, 8, 8]},
			"faces": {
				"north": {"uv": [2, 2, 2.5, 3], "texture": "#ore", "cullface": "west"},
				"south": {"uv": [5, 2, 5.5, 3], "texture": "#ore", "cullface": "west"},
				"west": {"uv": [2, 2, 6, 3], "texture": "#ore", "cullface": "west"},
				"up": {"uv": [2, 2, 6, 2.25], "rotation": 90, "texture": "#ore", "cullface": "west"},
				"down": {"uv": [2, 2, 6, 2.25], "rotation": 270, "texture": "#ore", "cullface": "west"}
			}
		},
		{
			"from": [-0.25, 12, 5],
			"to": [0, 13, 6],
			"rotation": {"angle": 0, "axis": "y", "origin": [8, 8, 8]},
			"faces": {
				"north": {"uv": [5, 3, 5.5, 4], "texture": "#ore", "cullface": "west"},
				"south": {"uv": [5, 3, 5.5, 4], "texture": "#ore", "cullface": "west"},
				"west": {"uv": [5, 3, 6, 4], "texture": "#ore", "cullface": "west"},
				"down": {"uv": [5, 3, 6, 3.25], "rotation": 270, "texture": "#ore", "cullface": "west"}
			}
		},
		{
			"from": [-0.4, 6, 7],
			"to": [0.1, 8, 8],
			"rotation": {"angle": 0, "axis": "y", "origin": [8, 8, 8]},
			"faces": {
				"north": {"uv": [7, 8, 7.25, 10], "texture": "#ore", "cullface": "west"},
				"south": {"uv": [7, 8, 7.25, 10], "texture": "#ore", "cullface": "west"},
				"west": {"uv": [7, 8, 8, 10], "texture": "#ore", "cullface": "west"},
				"up": {"uv": [7, 8, 8, 8.25], "rotation": 90, "texture": "#ore", "cullface": "west"},
				"down": {"uv": [7, 9, 8, 9.25], "rotation": 270, "texture": "#ore", "cullface": "west"}
			}
		},
		{
			"from": [-0.4, 5, 8],
			"to": [0.1, 7, 11],
			"rotation": {"angle": 0, "axis": "y", "origin": [8, 8, 8]},
			"faces": {
				"north": {"uv": [8, 9, 8.25, 11], "texture": "#ore", "cullface": "west"},
				"south": {"uv": [10, 9, 10.25, 11], "texture": "#ore", "cullface": "west"},
				"west": {"uv": [8, 9, 11, 11], "texture": "#ore", "cullface": "west"},
				"up": {"uv": [8, 9, 11, 9.25], "rotation": 90, "texture": "#ore", "cullface": "west"},
				"down": {"uv": [8, 10, 11, 10.25], "rotation": 270, "texture": "#ore", "cullface": "west"}
			}
		},
		{
			"from": [-0.4, 6, 9],
			"to": [0.1, 8, 12],
			"rotation": {"angle": 0, "axis": "y", "origin": [8, 8, 8]},
			"faces": {
				"north": {"uv": [9, 8, 9.25, 10], "texture": "#ore", "cullface": "west"},
				"south": {"uv": [11, 8, 11.25, 10], "texture": "#ore", "cullface": "west"},
				"west": {"uv": [9, 8, 12, 10], "texture": "#ore", "cullface": "west"},
				"up": {"uv": [9, 8, 12, 8.25], "rotation": 90, "texture": "#ore", "cullface": "west"},
				"down": {"uv": [9, 9, 12, 9.25], "rotation": 270, "texture": "#ore", "cullface": "west"}
			}
		},
		{
			"from": [5, 3, 15.9],
			"to": [6, 4, 16.4],
			"rotation": {"angle": 0, "axis": "y", "origin": [8, 8, 8]},
			"faces": {
				"east": {"uv": [5, 12, 5.5, 13], "texture": "#ore", "cullface": "south"},
				"south": {"uv": [5, 12, 6, 13], "texture": "#ore", "cullface": "south"},
				"west": {"uv": [5, 12, 5.5, 13], "texture": "#ore", "cullface": "south"},
				"up": {"uv": [5, 12, 6, 12.5], "texture": "#ore", "cullface": "south"}
			}
		},
		{
			"from": [4, 1, 15.9],
			"to": [7, 3, 16.4],
			"rotation": {"angle": 0, "axis": "y", "origin": [8, 8, 8]},
			"faces": {
				"east": {"uv": [6, 13, 6.5, 15], "texture": "#ore", "cullface": "south"},
				"south": {"uv": [4, 13, 7, 15], "texture": "#ore", "cullface": "south"},
				"west": {"uv": [4, 13, 4.5, 15], "texture": "#ore", "cullface": "south"},
				"up": {"uv": [4, 13, 7, 13.5], "texture": "#ore", "cullface": "south"},
				"down": {"uv": [4, 14, 7, 14.5], "texture": "#ore", "cullface": "south"}
			}
		},
		{
			"from": [8, 2, 16],
			"to": [11, 4, 16.25],
			"rotation": {"angle": 0, "axis": "y", "origin": [8, 8, 8]},
			"faces": {
				"east": {"uv": [10, 12, 10.5, 14], "texture": "#ore", "cullface": "south"},
				"south": {"uv": [8, 12, 11, 14], "texture": "#ore", "cullface": "south"},
				"west": {"uv": [8, 12, 8.5, 14], "texture": "#ore", "cullface": "south"},
				"up": {"uv": [8, 12, 11, 12.5], "texture": "#ore", "cullface": "south"},
				"down": {"uv": [8, 13, 11, 13.5], "texture": "#ore", "cullface": "south"}
			}
		},
		{
			"from": [13, 3, 16],
			"to": [15, 6, 16.25],
			"rotation": {"angle": 0, "axis": "y", "origin": [8, 8, 8]},
			"faces": {
				"east": {"uv": [14, 10, 14.25, 13], "texture": "#ore", "cullface": "south"},
				"south": {"uv": [13, 10, 15, 13], "texture": "#ore", "cullface": "south"},
				"west": {"uv": [13, 10, 13.25, 13], "texture": "#ore", "cullface": "south"},
				"up": {"uv": [13, 10, 15, 10.25], "texture": "#ore", "cullface": "south"},
				"down": {"uv": [13, 12, 15, 12.25], "texture": "#ore", "cullface": "south"}
			}
		},
		{
			"from": [13, 6, 16],
			"to": [14, 7, 16.25],
			"rotation": {"angle": 0, "axis": "y", "origin": [8, 8, 8]},
			"faces": {
				"east": {"uv": [13, 9, 13.25, 10], "texture": "#ore", "cullface": "south"},
				"south": {"uv": [13, 9, 14, 10], "texture": "#ore", "cullface": "south"},
				"west": {"uv": [13, 9, 13.25, 10], "texture": "#ore", "cullface": "south"},
				"up": {"uv": [13, 9, 14, 9.25], "rotation": 180, "texture": "#ore", "cullface": "south"}
			}
		},
		{
			"from": [4, 5, 16],
			"to": [5, 6, 16.5],
			"rotation": {"angle": 0, "axis": "y", "origin": [8, 8, 8]},
			"faces": {
				"east": {"uv": [4, 10, 4.5, 11], "texture": "#ore", "cullface": "south"},
				"south": {"uv": [4, 10, 5, 11], "texture": "#ore", "cullface": "south"},
				"west": {"uv": [4, 10, 4.5, 11], "texture": "#ore", "cullface": "south"},
				"up": {"uv": [4, 10, 5, 10.5], "texture": "#ore", "cullface": "south"}
			}
		},
		{
			"from": [2, 4, 16],
			"to": [5, 5, 16.5],
			"rotation": {"angle": 0, "axis": "y", "origin": [8, 8, 8]},
			"faces": {
				"east": {"uv": [4, 11, 4.5, 12], "texture": "#ore", "cullface": "south"},
				"south": {"uv": [2, 11, 5, 12], "texture": "#ore", "cullface": "south"},
				"west": {"uv": [2, 11, 2.5, 12], "texture": "#ore", "cullface": "south"},
				"up": {"uv": [2, 11, 5, 11.5], "texture": "#ore", "cullface": "south"},
				"down": {"uv": [2, 11, 5, 11.5], "texture": "#ore", "cullface": "south"}
			}
		},
		{
			"from": [1, 7, 16],
			"to": [3, 9, 16.25],
			"rotation": {"angle": 0, "axis": "y", "origin": [8, 8, 8]},
			"faces": {
				"east": {"uv": [2, 7, 2.5, 9], "texture": "#ore", "cullface": "south"},
				"south": {"uv": [1, 7, 3, 9], "texture": "#ore", "cullface": "south"},
				"west": {"uv": [1, 7, 1.5, 9], "texture": "#ore", "cullface": "south"},
				"up": {"uv": [1, 7, 3, 7.5], "texture": "#ore", "cullface": "south"},
				"down": {"uv": [1, 8, 3, 8.5], "texture": "#ore", "cullface": "south"}
			}
		},
		{
			"from": [5, 10, 16],
			"to": [7, 11, 16.25],
			"rotation": {"angle": 0, "axis": "y", "origin": [8, 8, 8]},
			"faces": {
				"east": {"uv": [6, 5, 6.5, 6], "texture": "#ore", "cullface": "south"},
				"south": {"uv": [5, 5, 7, 6], "texture": "#ore", "cullface": "south"},
				"west": {"uv": [5, 5, 5.5, 6], "texture": "#ore", "cullface": "south"},
				"up": {"uv": [5, 5, 7, 5.5], "texture": "#ore", "cullface": "south"}
			}
		},
		{
			"from": [3, 9, 16],
			"to": [8, 10, 16.25],
			"rotation": {"angle": 0, "axis": "y", "origin": [8, 8, 8]},
			"faces": {
				"east": {"uv": [7, 6, 7.5, 7], "texture": "#ore", "cullface": "south"},
				"south": {"uv": [3, 6, 8, 7], "texture": "#ore", "cullface": "south"},
				"west": {"uv": [3, 6, 3.5, 7], "texture": "#ore", "cullface": "south"},
				"up": {"uv": [3, 6, 8, 6.5], "texture": "#ore", "cullface": "south"},
				"down": {"uv": [3, 6, 8, 6.5], "texture": "#ore", "cullface": "south"}
			}
		},
		{
			"from": [12, 13, 15.9],
			"to": [14, 14, 16.4],
			"rotation": {"angle": 0, "axis": "y", "origin": [8, 8, 8]},
			"faces": {
				"east": {"uv": [13, 2, 13.5, 3], "texture": "#ore", "cullface": "south"},
				"south": {"uv": [12, 2, 14, 3], "texture": "#ore", "cullface": "south"},
				"west": {"uv": [12, 2, 12.5, 3], "texture": "#ore", "cullface": "south"},
				"up": {"uv": [12, 2, 14, 2.5], "texture": "#ore", "cullface": "south"},
				"down": {"uv": [12, 2, 14, 2.5], "texture": "#ore", "cullface": "south"}
			}
		},
		{
			"from": [7, 12, 16],
			"to": [9, 13, 16.25],
			"rotation": {"angle": 0, "axis": "y", "origin": [8, 8, 8]},
			"faces": {
				"east": {"uv": [8, 3, 8.5, 4], "texture": "#ore", "cullface": "south"},
				"south": {"uv": [7, 3, 9, 4], "texture": "#ore", "cullface": "south"},
				"west": {"uv": [7, 3, 7.5, 4], "texture": "#ore", "cullface": "south"},
				"up": {"uv": [7, 3, 9, 3.5], "texture": "#ore", "cullface": "south"},
				"down": {"uv": [7, 3, 9, 3.5], "texture": "#ore", "cullface": "south"}
			}
		},
		{
			"from": [10, 9, 15.9],
			"to": [12, 11, 16.4],
			"rotation": {"angle": 0, "axis": "y", "origin": [8, 8, 8]},
			"faces": {
				"east": {"uv": [11, 5, 11.5, 7], "texture": "#ore", "cullface": "south"},
				"south": {"uv": [10, 5, 12, 7], "texture": "#ore", "cullface": "south"},
				"west": {"uv": [10, 5, 10.5, 7], "texture": "#ore", "cullface": "south"},
				"up": {"uv": [10, 5, 12, 5.5], "texture": "#ore", "cullface": "south"},
				"down": {"uv": [10, 6, 12, 6.5], "texture": "#ore", "cullface": "south"}
			}
		},
		{
			"from": [2, 13, 16],
			"to": [6, 14, 16.25],
			"rotation": {"angle": 0, "axis": "y", "origin": [8, 8, 8]},
			"faces": {
				"east": {"uv": [5, 2, 5.5, 3], "texture": "#ore", "cullface": "south"},
				"south": {"uv": [2, 2, 6, 3], "texture": "#ore", "cullface": "south"},
				"west": {"uv": [2, 2, 2.5, 3], "texture": "#ore", "cullface": "south"},
				"up": {"uv": [2, 2, 6, 2.25], "texture": "#ore", "cullface": "south"},
				"down": {"uv": [2, 2, 6, 2.25], "texture": "#ore", "cullface": "south"}
			}
		},
		{
			"from": [5, 12, 16],
			"to": [6, 13, 16.25],
			"rotation": {"angle": 0, "axis": "y", "origin": [8, 8, 8]},
			"faces": {
				"east": {"uv": [5, 3, 5.5, 4], "texture": "#ore", "cullface": "south"},
				"south": {"uv": [5, 3, 6, 4], "texture": "#ore", "cullface": "south"},
				"west": {"uv": [5, 3, 5.5, 4], "texture": "#ore", "cullface": "south"},
				"down": {"uv": [5, 3, 6, 3.25], "texture": "#ore", "cullface": "south"}
			}
		},
		{
			"from": [7, 6, 15.9],
			"to": [8, 8, 16.4],
			"rotation": {"angle": 0, "axis": "y", "origin": [8, 8, 8]},
			"faces": {
				"east": {"uv": [7, 8, 7.25, 10], "texture": "#ore", "cullface": "south"},
				"south": {"uv": [7, 8, 8, 10], "texture": "#ore", "cullface": "south"},
				"west": {"uv": [7, 8, 7.25, 10], "texture": "#ore", "cullface": "south"},
				"up": {"uv": [7, 8, 8, 8.25], "texture": "#ore", "cullface": "south"},
				"down": {"uv": [7, 9, 8, 9.25], "texture": "#ore", "cullface": "south"}
			}
		},
		{
			"from": [8, 5, 15.9],
			"to": [11, 7, 16.4],
			"rotation": {"angle": 0, "axis": "y", "origin": [8, 8, 8]},
			"faces": {
				"east": {"uv": [10, 9, 10.25, 11], "texture": "#ore", "cullface": "south"},
				"south": {"uv": [8, 9, 11, 11], "texture": "#ore", "cullface": "south"},
				"west": {"uv": [8, 9, 8.25, 11], "texture": "#ore", "cullface": "south"},
				"up": {"uv": [8, 9, 11, 9.25], "texture": "#ore", "cullface": "south"},
				"down": {"uv": [8, 10, 11, 10.25], "texture": "#ore", "cullface": "south"}
			}
		},
		{
			"from": [9, 6, 15.9],
			"to": [12, 8, 16.4],
			"rotation": {"angle": 0, "axis": "y", "origin": [8, 8, 8]},
			"faces": {
				"east": {"uv": [11, 8, 11.25, 10], "texture": "#ore", "cullface": "south"},
				"south": {"uv": [9, 8, 12, 10], "texture": "#ore", "cullface": "south"},
				"west": {"uv": [9, 8, 9.25, 10], "texture": "#ore", "cullface": "south"},
				"up": {"uv": [9, 8, 12, 8.25], "texture": "#ore", "cullface": "south"},
				"down": {"uv": [9, 9, 12, 9.25], "texture": "#ore", "cullface": "south"}
			}
		},
		{
			"from": [15.9, 3, 10],
			"to": [16.4, 4, 11],
			"rotation": {"angle": 0, "axis": "y", "origin": [8, 8, 8]},
			"faces": {
				"north": {"uv": [5, 12, 5.5, 13], "texture": "#ore", "cullface": "east"},
				"east": {"uv": [5, 12, 6, 13], "texture": "#ore", "cullface": "east"},
				"south": {"uv": [5, 12, 5.5, 13], "texture": "#ore", "cullface": "east"},
				"up": {"uv": [5, 12, 6, 12.5], "rotation": 270, "texture": "#ore", "cullface": "east"}
			}
		},
		{
			"from": [15.9, 1, 9],
			"to": [16.4, 3, 12],
			"rotation": {"angle": 0, "axis": "y", "origin": [8, 8, 8]},
			"faces": {
				"north": {"uv": [6, 13, 6.5, 15], "texture": "#ore", "cullface": "east"},
				"east": {"uv": [4, 13, 7, 15], "texture": "#ore", "cullface": "east"},
				"south": {"uv": [4, 13, 4.5, 15], "texture": "#ore", "cullface": "east"},
				"up": {"uv": [4, 13, 7, 13.5], "rotation": 270, "texture": "#ore", "cullface": "east"},
				"down": {"uv": [4, 14, 7, 14.5], "rotation": 90, "texture": "#ore", "cullface": "east"}
			}
		},
		{
			"from": [16, 2, 5],
			"to": [16.25, 4, 8],
			"rotation": {"angle": 0, "axis": "y", "origin": [8, 8, 8]},
			"faces": {
				"north": {"uv": [10, 12, 10.5, 14], "texture": "#ore", "cullface": "east"},
				"east": {"uv": [8, 12, 11, 14], "texture": "#ore", "cullface": "east"},
				"south": {"uv": [8, 12, 8.5, 14], "texture": "#ore", "cullface": "east"},
				"up": {"uv": [8, 12, 11, 12.5], "rotation": 270, "texture": "#ore", "cullface": "east"},
				"down": {"uv": [8, 13, 11, 13.5], "rotation": 90, "texture": "#ore", "cullface": "east"}
			}
		},
		{
			"from": [16, 3, 1],
			"to": [16.25, 6, 3],
			"rotation": {"angle": 0, "axis": "y", "origin": [8, 8, 8]},
			"faces": {
				"north": {"uv": [14, 10, 14.25, 13], "texture": "#ore", "cullface": "east"},
				"east": {"uv": [13, 10, 15, 13], "texture": "#ore", "cullface": "east"},
				"south": {"uv": [13, 10, 13.25, 13], "texture": "#ore", "cullface": "east"},
				"up": {"uv": [13, 10, 15, 10.25], "rotation": 270, "texture": "#ore", "cullface": "east"},
				"down": {"uv": [13, 12, 15, 12.25], "rotation": 90, "texture": "#ore", "cullface": "east"}
			}
		},
		{
			"from": [16, 6, 2],
			"to": [16.25, 7, 3],
			"rotation": {"angle": 0, "axis": "y", "origin": [8, 8, 8]},
			"faces": {
				"north": {"uv": [13, 9, 13.25, 10], "texture": "#ore", "cullface": "east"},
				"east": {"uv": [13, 9, 14, 10], "texture": "#ore", "cullface": "east"},
				"south": {"uv": [13, 9, 13.25, 10], "texture": "#ore", "cullface": "east"},
				"up": {"uv": [13, 9, 14, 9.25], "rotation": 90, "texture": "#ore", "cullface": "east"}
			}
		},
		{
			"from": [16, 5, 11],
			"to": [16.5, 6, 12],
			"rotation": {"angle": 0, "axis": "y", "origin": [8, 8, 8]},
			"faces": {
				"north": {"uv": [4, 10, 4.5, 11], "texture": "#ore", "cullface": "east"},
				"east": {"uv": [4, 10, 5, 11], "texture": "#ore", "cullface": "east"},
				"south": {"uv": [4, 10, 4.5, 11], "texture": "#ore", "cullface": "east"},
				"up": {"uv": [4, 10, 5, 10.5], "rotation": 270, "texture": "#ore", "cullface": "east"}
			}
		},
		{
			"from": [16, 4, 11],
			"to": [16.5, 5, 14],
			"rotation": {"angle": 0, "axis": "y", "origin": [8, 8, 8]},
			"faces": {
				"north": {"uv": [4, 11, 4.5, 12], "texture": "#ore", "cullface": "east"},
				"east": {"uv": [2, 11, 5, 12], "texture": "#ore", "cullface": "east"},
				"south": {"uv": [2, 11, 2.5, 12], "texture": "#ore", "cullface": "east"},
				"up": {"uv": [2, 11, 5, 11.5], "rotation": 270, "texture": "#ore", "cullface": "east"},
				"down": {"uv": [2, 11, 5, 11.5], "rotation": 90, "texture": "#ore", "cullface": "east"}
			}
		},
		{
			"from": [16, 7, 13],
			"to": [16.25, 9, 15],
			"rotation": {"angle": 0, "axis": "y", "origin": [8, 8, 8]},
			"faces": {
				"north": {"uv": [2, 7, 2.5, 9], "texture": "#ore", "cullface": "east"},
				"east": {"uv": [1, 7, 3, 9], "texture": "#ore", "cullface": "east"},
				"south": {"uv": [1, 7, 1.5, 9], "texture": "#ore", "cullface": "east"},
				"up": {"uv": [1, 7, 3, 7.5], "rotation": 270, "texture": "#ore", "cullface": "east"},
				"down": {"uv": [1, 8, 3, 8.5], "rotation": 90, "texture": "#ore", "cullface": "east"}
			}
		},
		{
			"from": [16, 10, 9],
			"to": [16.25, 11, 11],
			"rotation": {"angle": 0, "axis": "y", "origin": [8, 8, 8]},
			"faces": {
				"north": {"uv": [6, 5, 6.5, 6], "texture": "#ore", "cullface": "east"},
				"east": {"uv": [5, 5, 7, 6], "texture": "#ore", "cullface": "east"},
				"south": {"uv": [5, 5, 5.5, 6], "texture": "#ore", "cullface": "east"},
				"up": {"uv": [5, 5, 7, 5.5], "rotation": 270, "texture": "#ore", "cullface": "east"}
			}
		},
		{
			"from": [16, 9, 8],
			"to": [16.25, 10, 13],
			"rotation": {"angle": 0, "axis": "y", "origin": [8, 8, 8]},
			"faces": {
				"north": {"uv": [7, 6, 7.5, 7], "texture": "#ore", "cullface": "east"},
				"east": {"uv": [3, 6, 8, 7], "texture": "#ore", "cullface": "east"},
				"south": {"uv": [3, 6, 3.5, 7], "texture": "#ore", "cullface": "east"},
				"up": {"uv": [3, 6, 8, 6.5], "rotation": 270, "texture": "#ore", "cullface": "east"},
				"down": {"uv": [3, 6, 8, 6.5], "rotation": 90, "texture": "#ore", "cullface": "east"}
			}
		},
		{
			"from": [15.9, 13, 2],
			"to": [16.4, 14, 4],
			"rotation": {"angle": 0, "axis": "y", "origin": [8, 8, 8]},
			"faces": {
				"north": {"uv": [13, 2, 13.5, 3], "texture": "#ore", "cullface": "east"},
				"east": {"uv": [12, 2, 14, 3], "texture": "#ore", "cullface": "east"},
				"south": {"uv": [12, 2, 12.5, 3], "texture": "#ore", "cullface": "east"},
				"up": {"uv": [12, 2, 14, 2.5], "rotation": 270, "texture": "#ore", "cullface": "east"},
				"down": {"uv": [12, 2, 14, 2.5], "rotation": 90, "texture": "#ore", "cullface": "east"}
			}
		},
		{
			"from": [16, 12, 7],
			"to": [16.25, 13, 9],
			"rotation": {"angle": 0, "axis": "y", "origin": [8, 8, 8]},
			"faces": {
				"north": {"uv": [8, 3, 8.5, 4], "texture": "#ore", "cullface": "east"},
				"east": {"uv": [7, 3, 9, 4], "texture": "#ore", "cullface": "east"},
				"south": {"uv": [7, 3, 7.5, 4], "texture": "#ore", "cullface": "east"},
				"up": {"uv": [7, 3, 9, 3.5], "rotation": 270, "texture": "#ore", "cullface": "east"},
				"down": {"uv": [7, 3, 9, 3.5], "rotation": 90, "texture": "#ore", "cullface": "east"}
			}
		},
		{
			"from": [15.9, 9, 4],
			"to": [16.4, 11, 6],
			"rotation": {"angle": 0, "axis": "y", "origin": [8, 8, 8]},
			"faces": {
				"north": {"uv": [11, 5, 11.5, 7], "texture": "#ore", "cullface": "east"},
				"east": {"uv": [10, 5, 12, 7], "texture": "#ore", "cullface": "east"},
				"south": {"uv": [10, 5, 10.5, 7], "texture": "#ore", "cullface": "east"},
				"up": {"uv": [10, 5, 12, 5.5], "rotation": 270, "texture": "#ore", "cullface": "east"},
				"down": {"uv": [10, 6, 12, 6.5], "rotation": 90, "texture": "#ore", "cullface": "east"}
			}
		},
		{
			"from": [16, 13, 10],
			"to": [16.25, 14, 14],
			"rotation": {"angle": 0, "axis": "y", "origin": [8, 8, 8]},
			"faces": {
				"north": {"uv": [5, 2, 5.5, 3], "texture": "#ore", "cullface": "east"},
				"east": {"uv": [2, 2, 6, 3], "texture": "#ore", "cullface": "east"},
				"south": {"uv": [2, 2, 2.5, 3], "texture": "#ore", "cullface": "east"},
				"up": {"uv": [2, 2, 6, 2.25], "rotation": 270, "texture": "#ore", "cullface": "east"},
				"down": {"uv": [2, 2, 6, 2.25], "rotation": 90, "texture": "#ore", "cullface": "east"}
			}
		},
		{
			"from": [16, 12, 10],
			"to": [16.25, 13, 11],
			"rotation": {"angle": 0, "axis": "y", "origin": [8, 8, 8]},
			"faces": {
				"north": {"uv": [5, 3, 5.5, 4], "texture": "#ore", "cullface": "east"},
				"east": {"uv": [5, 3, 6, 4], "texture": "#ore", "cullface": "east"},
				"south": {"uv": [5, 3, 5.5, 4], "texture": "#ore", "cullface": "east"},
				"down": {"uv": [5, 3, 6, 3.25], "rotation": 90, "texture": "#ore", "cullface": "east"}
			}
		},
		{
			"from": [15.9, 6, 8],
			"to": [16.4, 8, 9],
			"rotation": {"angle": 0, "axis": "y", "origin": [8, 8, 8]},
			"faces": {
				"north": {"uv": [7, 8, 7.25, 10], "texture": "#ore", "cullface": "east"},
				"east": {"uv": [7, 8, 8, 10], "texture": "#ore", "cullface": "east"},
				"south": {"uv": [7, 8, 7.25, 10], "texture": "#ore", "cullface": "east"},
				"up": {"uv": [7, 8, 8, 8.25], "rotation": 270, "texture": "#ore", "cullface": "east"},
				"down": {"uv": [7, 9, 8, 9.25], "rotation": 90, "texture": "#ore", "cullface": "east"}
			}
		},
		{
			"from": [15.9, 5, 5],
			"to": [16.4, 7, 8],
			"rotation": {"angle": 0, "axis": "y", "origin": [8, 8, 8]},
			"faces": {
				"north": {"uv": [10, 9, 10.25, 11], "texture": "#ore", "cullface": "east"},
				"east": {"uv": [8, 9, 11, 11], "texture": "#ore", "cullface": "east"},
				"south": {"uv": [8, 9, 8.25, 11], "texture": "#ore", "cullface": "east"},
				"up": {"uv": [8, 9, 11, 9.25], "rotation": 270, "texture": "#ore", "cullface": "east"},
				"down": {"uv": [8, 10, 11, 10.25], "rotation": 90, "texture": "#ore", "cullface": "east"}
			}
		},
		{
			"from": [15.9, 6, 4],
			"to": [16.4, 8, 7],
			"rotation": {"angle": 0, "axis": "y", "origin": [8, 8, 8]},
			"faces": {
				"north": {"uv": [11, 8, 11.25, 10], "texture": "#ore", "cullface": "east"},
				"east": {"uv": [9, 8, 12, 10], "texture": "#ore", "cullface": "east"},
				"south": {"uv": [9, 8, 9.25, 10], "texture": "#ore", "cullface": "east"},
				"up": {"uv": [9, 8, 12, 8.25], "rotation": 270, "texture": "#ore", "cullface": "east"},
				"down": {"uv": [9, 9, 12, 9.25], "rotation": 90, "texture": "#ore", "cullface": "east"}
			}
		},
		{
			"from": [5, 15.9, 12],
			"to": [6, 16.4, 13],
			"rotation": {"angle": 0, "axis": "x", "origin": [8, 8, 8]},
			"faces": {
				"north": {"uv": [5, 12, 6, 12.5], "rotation": 180, "texture": "#ore", "cullface": "up"},
				"east": {"uv": [5, 12, 5.5, 13], "rotation": 90, "texture": "#ore", "cullface": "up"},
				"west": {"uv": [5, 12, 5.5, 13], "rotation": 270, "texture": "#ore", "cullface": "up"},
				"up": {"uv": [5, 12, 6, 13], "texture": "#ore", "cullface": "up"}
			}
		},
		{
			"from": [4, 15.9, 13],
			"to": [7, 16.4, 15],
			"rotation": {"angle": 0, "axis": "x", "origin": [8, 8, 8]},
			"faces": {
				"north": {"uv": [4, 13, 7, 13.5], "rotation": 180, "texture": "#ore", "cullface": "up"},
				"east": {"uv": [6, 13, 6.5, 15], "rotation": 90, "texture": "#ore", "cullface": "up"},
				"south": {"uv": [4, 14, 7, 14.5], "texture": "#ore", "cullface": "up"},
				"west": {"uv": [4, 13, 4.5, 15], "rotation": 270, "texture": "#ore", "cullface": "up"},
				"up": {"uv": [4, 13, 7, 15], "texture": "#ore", "cullface": "up"}
			}
		},
		{
			"from": [8, 16, 12],
			"to": [11, 16.25, 14],
			"rotation": {"angle": 0, "axis": "x", "origin": [8, 8, 8]},
			"faces": {
				"north": {"uv": [8, 12, 11, 12.5], "rotation": 180, "texture": "#ore", "cullface": "up"},
				"east": {"uv": [10, 12, 10.5, 14], "rotation": 90, "texture": "#ore", "cullface": "up"},
				"south": {"uv": [8, 13, 11, 13.5], "texture": "#ore", "cullface": "up"},
				"west": {"uv": [8, 12, 8.5, 14], "rotation": 270, "texture": "#ore", "cullface": "up"},
				"up": {"uv": [8, 12, 11, 14], "texture": "#ore", "cullface": "up"}
			}
		},
		{
			"from": [13, 16, 10],
			"to": [15, 16.25, 13],
			"rotation": {"angle": 0, "axis": "x", "origin": [8, 8, 8]},
			"faces": {
				"north": {"uv": [13, 10, 15, 10.25], "rotation": 180, "texture": "#ore", "cullface": "up"},
				"east": {"uv": [14, 10, 14.25, 13], "rotation": 90, "texture": "#ore", "cullface": "up"},
				"south": {"uv": [13, 12, 15, 12.25], "texture": "#ore", "cullface": "up"},
				"west": {"uv": [13, 10, 13.25, 13], "rotation": 270, "texture": "#ore", "cullface": "up"},
				"up": {"uv": [13, 10, 15, 13], "texture": "#ore", "cullface": "up"}
			}
		},
		{
			"from": [13, 16, 9],
			"to": [14, 16.25, 10],
			"rotation": {"angle": 0, "axis": "x", "origin": [8, 8, 8]},
			"faces": {
				"north": {"uv": [13, 9, 14, 9.25], "texture": "#ore", "cullface": "up"},
				"east": {"uv": [13, 9, 13.25, 10], "rotation": 90, "texture": "#ore", "cullface": "up"},
				"west": {"uv": [13, 9, 13.25, 10], "rotation": 270, "texture": "#ore", "cullface": "up"},
				"up": {"uv": [13, 9, 14, 10], "texture": "#ore", "cullface": "up"}
			}
		},
		{
			"from": [4, 16, 10],
			"to": [5, 16.5, 11],
			"rotation": {"angle": 0, "axis": "x", "origin": [8, 8, 8]},
			"faces": {
				"north": {"uv": [4, 10, 5, 10.5], "rotation": 180, "texture": "#ore", "cullface": "up"},
				"east": {"uv": [4, 10, 4.5, 11], "rotation": 90, "texture": "#ore", "cullface": "up"},
				"west": {"uv": [4, 10, 4.5, 11], "rotation": 270, "texture": "#ore", "cullface": "up"},
				"up": {"uv": [4, 10, 5, 11], "texture": "#ore", "cullface": "up"}
			}
		},
		{
			"from": [2, 16, 11],
			"to": [5, 16.5, 12],
			"rotation": {"angle": 0, "axis": "x", "origin": [8, 8, 8]},
			"faces": {
				"north": {"uv": [2, 11, 5, 11.5], "rotation": 180, "texture": "#ore", "cullface": "up"},
				"east": {"uv": [4, 11, 4.5, 12], "rotation": 90, "texture": "#ore", "cullface": "up"},
				"south": {"uv": [2, 11, 5, 11.5], "texture": "#ore", "cullface": "up"},
				"west": {"uv": [2, 11, 2.5, 12], "rotation": 270, "texture": "#ore", "cullface": "up"},
				"up": {"uv": [2, 11, 5, 12], "texture": "#ore", "cullface": "up"}
			}
		},
		{
			"from": [1, 16, 7],
			"to": [3, 16.25, 9],
			"rotation": {"angle": 0, "axis": "x", "origin": [8, 8, 8]},
			"faces": {
				"north": {"uv": [1, 7, 3, 7.5], "rotation": 180, "texture": "#ore", "cullface": "up"},
				"east": {"uv": [2, 7, 2.5, 9], "rotation": 90, "texture": "#ore", "cullface": "up"},
				"south": {"uv": [1, 8, 3, 8.5], "texture": "#ore", "cullface": "up"},
				"west": {"uv": [1, 7, 1.5, 9], "rotation": 270, "texture": "#ore", "cullface": "up"},
				"up": {"uv": [1, 7, 3, 9], "texture": "#ore", "cullface": "up"}
			}
		},
		{
			"from": [5, 16, 5],
			"to": [7, 16.25, 6],
			"rotation": {"angle": 0, "axis": "x", "origin": [8, 8, 8]},
			"faces": {
				"north": {"uv": [5, 5, 7, 5.5], "rotation": 180, "texture": "#ore", "cullface": "up"},
				"east": {"uv": [6, 5, 6.5, 6], "rotation": 90, "texture": "#ore", "cullface": "up"},
				"west": {"uv": [5, 5, 5.5, 6], "rotation": 270, "texture": "#ore", "cullface": "up"},
				"up": {"uv": [5, 5, 7, 6], "texture": "#ore", "cullface": "up"}
			}
		},
		{
			"from": [3, 16, 6],
			"to": [8, 16.25, 7],
			"rotation": {"angle": 0, "axis": "x", "origin": [8, 8, 8]},
			"faces": {
				"north": {"uv": [3, 6, 8, 6.5], "rotation": 180, "texture": "#ore", "cullface": "up"},
				"east": {"uv": [7, 6, 7.5, 7], "rotation": 90, "texture": "#ore", "cullface": "up"},
				"south": {"uv": [3, 6, 8, 6.5], "texture": "#ore", "cullface": "up"},
				"west": {"uv": [3, 6, 3.5, 7], "rotation": 270, "texture": "#ore", "cullface": "up"},
				"up": {"uv": [3, 6, 8, 7], "texture": "#ore", "cullface": "up"}
			}
		},
		{
			"from": [12, 15.9, 2],
			"to": [14, 16.4, 3],
			"rotation": {"angle": 0, "axis": "x", "origin": [8, 8, 8]},
			"faces": {
				"north": {"uv": [12, 2, 14, 2.5], "rotation": 180, "texture": "#ore", "cullface": "up"},
				"east": {"uv": [13, 2, 13.5, 3], "rotation": 90, "texture": "#ore", "cullface": "up"},
				"south": {"uv": [12, 2, 14, 2.5], "texture": "#ore", "cullface": "up"},
				"west": {"uv": [12, 2, 12.5, 3], "rotation": 270, "texture": "#ore", "cullface": "up"},
				"up": {"uv": [12, 2, 14, 3], "texture": "#ore", "cullface": "up"}
			}
		},
		{
			"from": [7, 16, 3],
			"to": [9, 16.25, 4],
			"rotation": {"angle": 0, "axis": "x", "origin": [8, 8, 8]},
			"faces": {
				"north": {"uv": [7, 3, 9, 3.5], "rotation": 180, "texture": "#ore", "cullface": "up"},
				"east": {"uv": [8, 3, 8.5, 4], "rotation": 90, "texture": "#ore", "cullface": "up"},
				"south": {"uv": [7, 3, 9, 3.5], "texture": "#ore", "cullface": "up"},
				"west": {"uv": [7, 3, 7.5, 4], "rotation": 270, "texture": "#ore", "cullface": "up"},
				"up": {"uv": [7, 3, 9, 4], "texture": "#ore", "cullface": "up"}
			}
		},
		{
			"from": [10, 15.9, 5],
			"to": [12, 16.4, 7],
			"rotation": {"angle": 0, "axis": "x", "origin": [8, 8, 8]},
			"faces": {
				"north": {"uv": [10, 5, 12, 5.5], "rotation": 180, "texture": "#ore", "cullface": "up"},
				"east": {"uv": [11, 5, 11.5, 7], "rotation": 90, "texture": "#ore", "cullface": "up"},
				"south": {"uv": [10, 6, 12, 6.5], "texture": "#ore", "cullface": "up"},
				"west": {"uv": [10, 5, 10.5, 7], "rotation": 270, "texture": "#ore", "cullface": "up"},
				"up": {"uv": [10, 5, 12, 7], "texture": "#ore", "cullface": "up"}
			}
		},
		{
			"from": [2, 16, 2],
			"to": [6, 16.25, 3],
			"rotation": {"angle": 0, "axis": "x", "origin": [8, 8, 8]},
			"faces": {
				"north": {"uv": [2, 2, 6, 2.25], "rotation": 180, "texture": "#ore", "cullface": "up"},
				"east": {"uv": [5, 2, 5.5, 3], "rotation": 90, "texture": "#ore", "cullface": "up"},
				"south": {"uv": [2, 2, 6, 2.25], "texture": "#ore", "cullface": "up"},
				"west": {"uv": [2, 2, 2.5, 3], "rotation": 270, "texture": "#ore", "cullface": "up"},
				"up": {"uv": [2, 2, 6, 3], "texture": "#ore", "cullface": "up"}
			}
		},
		{
			"from": [5, 16, 3],
			"to": [6, 16.25, 4],
			"rotation": {"angle": 0, "axis": "x", "origin": [8, 8, 8]},
			"faces": {
				"east": {"uv": [5, 3, 5.5, 4], "rotation": 90, "texture": "#ore", "cullface": "up"},
				"south": {"uv": [5, 3, 6, 3.25], "texture": "#ore", "cullface": "up"},
				"west": {"uv": [5, 3, 5.5, 4], "rotation": 270, "texture": "#ore", "cullface": "up"},
				"up": {"uv": [5, 3, 6, 4], "texture": "#ore", "cullface": "up"}
			}
		},
		{
			"from": [7, 15.9, 8],
			"to": [8, 16.4, 10],
			"rotation": {"angle": 0, "axis": "x", "origin": [8, 8, 8]},
			"faces": {
				"north": {"uv": [7, 8, 8, 8.25], "rotation": 180, "texture": "#ore", "cullface": "up"},
				"east": {"uv": [7, 8, 7.25, 10], "rotation": 90, "texture": "#ore", "cullface": "up"},
				"south": {"uv": [7, 9, 8, 9.25], "texture": "#ore", "cullface": "up"},
				"west": {"uv": [7, 8, 7.25, 10], "rotation": 270, "texture": "#ore", "cullface": "up"},
				"up": {"uv": [7, 8, 8, 10], "texture": "#ore", "cullface": "up"}
			}
		},
		{
			"from": [8, 15.9, 9],
			"to": [11, 16.4, 11],
			"rotation": {"angle": 0, "axis": "x", "origin": [8, 8, 8]},
			"faces": {
				"north": {"uv": [8, 9, 11, 9.25], "rotation": 180, "texture": "#ore", "cullface": "up"},
				"east": {"uv": [10, 9, 10.25, 11], "rotation": 90, "texture": "#ore", "cullface": "up"},
				"south": {"uv": [8, 10, 11, 10.25], "texture": "#ore", "cullface": "up"},
				"west": {"uv": [8, 9, 8.25, 11], "rotation": 270, "texture": "#ore", "cullface": "up"},
				"up": {"uv": [8, 9, 11, 11], "texture": "#ore", "cullface": "up"}
			}
		},
		{
			"from": [9, 15.9, 8],
			"to": [12, 16.4, 10],
			"rotation": {"angle": 0, "axis": "x", "origin": [8, 8, 8]},
			"faces": {
				"north": {"uv": [9, 8, 12, 8.25], "rotation": 180, "texture": "#ore", "cullface": "up"},
				"east": {"uv": [11, 8, 11.25, 10], "rotation": 90, "texture": "#ore", "cullface": "up"},
				"south": {"uv": [9, 9, 12, 9.25], "texture": "#ore", "cullface": "up"},
				"west": {"uv": [9, 8, 9.25, 10], "rotation": 270, "texture": "#ore", "cullface": "up"},
				"up": {"uv": [9, 8, 12, 10], "texture": "#ore", "cullface": "up"}
			}
		},
		{
			"from": [5, -0.4, 3],
			"to": [6, 0.1, 4],
			"rotation": {"angle": 0, "axis": "x", "origin": [8, 8, 8]},
			"faces": {
				"east": {"uv": [5, 12, 5.5, 13], "rotation": 270, "texture": "#ore", "cullface": "down"},
				"south": {"uv": [5, 12, 6, 12.5], "texture": "#ore", "cullface": "down"},
				"west": {"uv": [5, 12, 5.5, 13], "rotation": 90, "texture": "#ore", "cullface": "down"},
				"down": {"uv": [5, 12, 6, 13], "texture": "#ore", "cullface": "down"}
			}
		},
		{
			"from": [4, -0.4, 1],
			"to": [7, 0.1, 3],
			"rotation": {"angle": 0, "axis": "x", "origin": [8, 8, 8]},
			"faces": {
				"north": {"uv": [4, 14, 7, 14.5], "rotation": 180, "texture": "#ore", "cullface": "down"},
				"east": {"uv": [6, 13, 6.5, 15], "rotation": 270, "texture": "#ore", "cullface": "down"},
				"south": {"uv": [4, 13, 7, 13.5], "texture": "#ore", "cullface": "down"},
				"west": {"uv": [4, 13, 4.5, 15], "rotation": 90, "texture": "#ore", "cullface": "down"},
				"down": {"uv": [4, 13, 7, 15], "texture": "#ore", "cullface": "down"}
			}
		},
		{
			"from": [8, -0.25, 2],
			"to": [11, 0, 4],
			"rotation": {"angle": 0, "axis": "x", "origin": [8, 8, 8]},
			"faces": {
				"north": {"uv": [8, 13, 11, 13.5], "rotation": 180, "texture": "#ore", "cullface": "down"},
				"east": {"uv": [10, 12, 10.5, 14], "rotation": 270, "texture": "#ore", "cullface": "down"},
				"south": {"uv": [8, 12, 11, 12.5], "texture": "#ore", "cullface": "down"},
				"west": {"uv": [8, 12, 8.5, 14], "rotation": 90, "texture": "#ore", "cullface": "down"},
				"down": {"uv": [8, 12, 11, 14], "texture": "#ore", "cullface": "down"}
			}
		},
		{
			"from": [13, -0.25, 3],
			"to": [15, 0, 6],
			"rotation": {"angle": 0, "axis": "x", "origin": [8, 8, 8]},
			"faces": {
				"north": {"uv": [13, 12, 15, 12.25], "rotation": 180, "texture": "#ore", "cullface": "down"},
				"east": {"uv": [14, 10, 14.25, 13], "rotation": 270, "texture": "#ore", "cullface": "down"},
				"south": {"uv": [13, 10, 15, 10.25], "texture": "#ore", "cullface": "down"},
				"west": {"uv": [13, 10, 13.25, 13], "rotation": 90, "texture": "#ore", "cullface": "down"},
				"down": {"uv": [13, 10, 15, 13], "texture": "#ore", "cullface": "down"}
			}
		},
		{
			"from": [13, -0.25, 6],
			"to": [14, 0, 7],
			"rotation": {"angle": 0, "axis": "x", "origin": [8, 8, 8]},
			"faces": {
				"east": {"uv": [13, 9, 13.25, 10], "rotation": 270, "texture": "#ore", "cullface": "down"},
				"south": {"uv": [13, 9, 14, 9.25], "rotation": 180, "texture": "#ore", "cullface": "down"},
				"west": {"uv": [13, 9, 13.25, 10], "rotation": 90, "texture": "#ore", "cullface": "down"},
				"down": {"uv": [13, 9, 14, 10], "texture": "#ore", "cullface": "down"}
			}
		},
		{
			"from": [4, -0.5, 5],
			"to": [5, 0, 6],
			"rotation": {"angle": 0, "axis": "x", "origin": [8, 8, 8]},
			"faces": {
				"east": {"uv": [4, 10, 4.5, 11], "rotation": 270, "texture": "#ore", "cullface": "down"},
				"south": {"uv": [4, 10, 5, 10.5], "texture": "#ore", "cullface": "down"},
				"west": {"uv": [4, 10, 4.5, 11], "rotation": 90, "texture": "#ore", "cullface": "down"},
				"down": {"uv": [4, 10, 5, 11], "texture": "#ore", "cullface": "down"}
			}
		},
		{
			"from": [2, -0.5, 4],
			"to": [5, 0, 5],
			"rotation": {"angle": 0, "axis": "x", "origin": [8, 8, 8]},
			"faces": {
				"north": {"uv": [2, 11, 5, 11.5], "rotation": 180, "texture": "#ore", "cullface": "down"},
				"east": {"uv": [4, 11, 4.5, 12], "rotation": 270, "texture": "#ore", "cullface": "down"},
				"south": {"uv": [2, 11, 5, 11.5], "texture": "#ore", "cullface": "down"},
				"west": {"uv": [2, 11, 2.5, 12], "rotation": 90, "texture": "#ore", "cullface": "down"},
				"down": {"uv": [2, 11, 5, 12], "texture": "#ore", "cullface": "down"}
			}
		},
		{
			"from": [1, -0.25, 7],
			"to": [3, 0, 9],
			"rotation": {"angle": 0, "axis": "x", "origin": [8, 8, 8]},
			"faces": {
				"north": {"uv": [1, 8, 3, 8.5], "rotation": 180, "texture": "#ore", "cullface": "down"},
				"east": {"uv": [2, 7, 2.5, 9], "rotation": 270, "texture": "#ore", "cullface": "down"},
				"south": {"uv": [1, 7, 3, 7.5], "texture": "#ore", "cullface": "down"},
				"west": {"uv": [1, 7, 1.5, 9], "rotation": 90, "texture": "#ore", "cullface": "down"},
				"down": {"uv": [1, 7, 3, 9], "texture": "#ore", "cullface": "down"}
			}
		},
		{
			"from": [5, -0.25, 10],
			"to": [7, 0, 11],
			"rotation": {"angle": 0, "axis": "x", "origin": [8, 8, 8]},
			"faces": {
				"east": {"uv": [6, 5, 6.5, 6], "rotation": 270, "texture": "#ore", "cullface": "down"},
				"south": {"uv": [5, 5, 7, 5.5], "texture": "#ore", "cullface": "down"},
				"west": {"uv": [5, 5, 5.5, 6], "rotation": 90, "texture": "#ore", "cullface": "down"},
				"down": {"uv": [5, 5, 7, 6], "texture": "#ore", "cullface": "down"}
			}
		},
		{
			"from": [3, -0.25, 9],
			"to": [8, 0, 10],
			"rotation": {"angle": 0, "axis": "x", "origin": [8, 8, 8]},
			"faces": {
				"north": {"uv": [3, 6, 8, 6.5], "rotation": 180, "texture": "#ore", "cullface": "down"},
				"east": {"uv": [7, 6, 7.5, 7], "rotation": 270, "texture": "#ore", "cullface": "down"},
				"south": {"uv": [3, 6, 8, 6.5], "texture": "#ore", "cullface": "down"},
				"west": {"uv": [3, 6, 3.5, 7], "rotation": 90, "texture": "#ore", "cullface": "down"},
				"down": {"uv": [3, 6, 8, 7], "texture": "#ore", "cullface": "down"}
			}
		},
		{
			"from": [12, -0.4, 13],
			"to": [14, 0.1, 14],
			"rotation": {"angle": 0, "axis": "x", "origin": [8, 8, 8]},
			"faces": {
				"north": {"uv": [12, 2, 14, 2.5], "rotation": 180, "texture": "#ore", "cullface": "down"},
				"east": {"uv": [13, 2, 13.5, 3], "rotation": 270, "texture": "#ore", "cullface": "down"},
				"south": {"uv": [12, 2, 14, 2.5], "texture": "#ore", "cullface": "down"},
				"west": {"uv": [12, 2, 12.5, 3], "rotation": 90, "texture": "#ore", "cullface": "down"},
				"down": {"uv": [12, 2, 14, 3], "texture": "#ore", "cullface": "down"}
			}
		},
		{
			"from": [7, -0.25, 12],
			"to": [9, 0, 13],
			"rotation": {"angle": 0, "axis": "x", "origin": [8, 8, 8]},
			"faces": {
				"north": {"uv": [7, 3, 9, 3.5], "rotation": 180, "texture": "#ore", "cullface": "down"},
				"east": {"uv": [8, 3, 8.5, 4], "rotation": 270, "texture": "#ore", "cullface": "down"},
				"south": {"uv": [7, 3, 9, 3.5], "texture": "#ore", "cullface": "down"},
				"west": {"uv": [7, 3, 7.5, 4], "rotation": 90, "texture": "#ore", "cullface": "down"},
				"down": {"uv": [7, 3, 9, 4], "texture": "#ore", "cullface": "down"}
			}
		},
		{
			"from": [10, -0.4, 9],
			"to": [12, 0.1, 11],
			"rotation": {"angle": 0, "axis": "x", "origin": [8, 8, 8]},
			"faces": {
				"north": {"uv": [10, 6, 12, 6.5], "rotation": 180, "texture": "#ore", "cullface": "down"},
				"east": {"uv": [11, 5, 11.5, 7], "rotation": 270, "texture": "#ore", "cullface": "down"},
				"south": {"uv": [10, 5, 12, 5.5], "texture": "#ore", "cullface": "down"},
				"west": {"uv": [10, 5, 10.5, 7], "rotation": 90, "texture": "#ore", "cullface": "down"},
				"down": {"uv": [10, 5, 12, 7], "texture": "#ore", "cullface": "down"}
			}
		},
		{
			"from": [2, -0.25, 13],
			"to": [6, 0, 14],
			"rotation": {"angle": 0, "axis": "x", "origin": [8, 8, 8]},
			"faces": {
				"north": {"uv": [2, 2, 6, 2.25], "rotation": 180, "texture": "#ore", "cullface": "down"},
				"east": {"uv": [5, 2, 5.5, 3], "rotation": 270, "texture": "#ore", "cullface": "down"},
				"south": {"uv": [2, 2, 6, 2.25], "texture": "#ore", "cullface": "down"},
				"west": {"uv": [2, 2, 2.5, 3], "rotation": 90, "texture": "#ore", "cullface": "down"},
				"down": {"uv": [2, 2, 6, 3], "texture": "#ore", "cullface": "down"}
			}
		},
		{
			"from": [5, -0.25, 12],
			"to": [6, 0, 13],
			"rotation": {"angle": 0, "axis": "x", "origin": [8, 8, 8]},
			"faces": {
				"north": {"uv": [5, 3, 6, 3.25], "rotation": 180, "texture": "#ore", "cullface": "down"},
				"east": {"uv": [5, 3, 5.5, 4], "rotation": 270, "texture": "#ore", "cullface": "down"},
				"west": {"uv": [5, 3, 5.5, 4], "rotation": 90, "texture": "#ore", "cullface": "down"},
				"down": {"uv": [5, 3, 6, 4], "texture": "#ore", "cullface": "down"}
			}
		},
		{
			"from": [7, -0.4, 6],
			"to": [8, 0.1, 8],
			"rotation": {"angle": 0, "axis": "x", "origin": [8, 8, 8]},
			"faces": {
				"north": {"uv": [7, 9, 8, 9.25], "rotation": 180, "texture": "#ore", "cullface": "down"},
				"east": {"uv": [7, 8, 7.25, 10], "rotation": 270, "texture": "#ore", "cullface": "down"},
				"south": {"uv": [7, 8, 8, 8.25], "texture": "#ore", "cullface": "down"},
				"west": {"uv": [7, 8, 7.25, 10], "rotation": 90, "texture": "#ore", "cullface": "down"},
				"down": {"uv": [7, 8, 8, 10], "texture": "#ore", "cullface": "down"}
			}
		},
		{
			"from": [8, -0.4, 5],
			"to": [11, 0.1, 7],
			"rotation": {"angle": 0, "axis": "x", "origin": [8, 8, 8]},
			"faces": {
				"north": {"uv": [8, 10, 11, 10.25], "rotation": 180, "texture": "#ore", "cullface": "down"},
				"east": {"uv": [10, 9, 10.25, 11], "rotation": 270, "texture": "#ore", "cullface": "down"},
				"south": {"uv": [8, 9, 11, 9.25], "texture": "#ore", "cullface": "down"},
				"west": {"uv": [8, 9, 8.25, 11], "rotation": 90, "texture": "#ore", "cullface": "down"},
				"down": {"uv": [8, 9, 11, 11], "texture": "#ore", "cullface": "down"}
			}
		},
		{
			"from": [9, -0.4, 6],
			"to": [12, 0.1, 8],
			"rotation": {"angle": 0, "axis": "x", "origin": [8, 8, 8]},
			"faces": {
				"north": {"uv": [9, 9, 12, 9.25], "rotation": 180, "texture": "#ore", "cullface": "down"},
				"east": {"uv": [11, 8, 11.25, 10], "rotation": 270, "texture": "#ore", "cullface": "down"},
				"south": {"uv": [9, 8, 12, 8.25], "texture": "#ore", "cullface": "down"},
				"west": {"uv": [9, 8, 9.25, 10], "rotation": 90, "texture": "#ore", "cullface": "down"},
				"down": {"uv": [9, 8, 12, 10], "texture": "#ore", "cullface": "down"}
			}
		}
	],
	"groups": [0,
		{
			"name": "N",
			"origin": [8, 8, 8],
			"children": [
				{
					"name": "1_1",
					"origin": [8, 8, 8],
					"children": [1, 2]
				},
				{
					"name": "2_1",
					"origin": [8, 8, 8],
					"children": [3]
				},
				{
					"name": "3_1",
					"origin": [8, 8, 8],
					"children": [4, 5]
				},
				{
					"name": "4_1",
					"origin": [8, 8, 8],
					"children": [6, 7]
				},
				{
					"name": "5_1",
					"origin": [8, 8, 8],
					"children": [8]
				},
				{
					"name": "6_1",
					"origin": [8, 8, 8],
					"children": [9, 10]
				},
				{
					"name": "8_1",
					"origin": [8, 8, 8],
					"children": [11]
				},
				{
					"name": "9_1",
					"origin": [8, 8, 8],
					"children": [12]
				},
				{
					"name": "10_1",
					"origin": [8, 8, 8],
					"children": [13, 14, 15]
				},
				{
					"name": "11_1",
					"origin": [8, 8, 8],
					"children": [16, 17, 18]
				}
			]
		},
		{
			"name": "W",
			"origin": [8, 8, 8],
			"children": [
				{
					"name": "1_1",
					"origin": [8, 8, 8],
					"children": [19, 20]
				},
				{
					"name": "2_1",
					"origin": [8, 8, 8],
					"children": [21]
				},
				{
					"name": "3_1",
					"origin": [8, 8, 8],
					"children": [22, 23]
				},
				{
					"name": "4_1",
					"origin": [8, 8, 8],
					"children": [24, 25]
				},
				{
					"name": "5_1",
					"origin": [8, 8, 8],
					"children": [26]
				},
				{
					"name": "6_1",
					"origin": [8, 8, 8],
					"children": [27, 28]
				},
				{
					"name": "8_1",
					"origin": [8, 8, 8],
					"children": [29]
				},
				{
					"name": "9_1",
					"origin": [8, 8, 8],
					"children": [30]
				},
				{
					"name": "10_1",
					"origin": [8, 8, 8],
					"children": [31, 32, 33]
				},
				{
					"name": "11_1",
					"origin": [8, 8, 8],
					"children": [34, 35, 36]
				}
			]
		},
		{
			"name": "S",
			"origin": [8, 8, 8],
			"children": [
				{
					"name": "1_1",
					"origin": [8, 8, 8],
					"children": [37, 38]
				},
				{
					"name": "2_1",
					"origin": [8, 8, 8],
					"children": [39]
				},
				{
					"name": "3_1",
					"origin": [8, 8, 8],
					"children": [40, 41]
				},
				{
					"name": "4_1",
					"origin": [8, 8, 8],
					"children": [42, 43]
				},
				{
					"name": "5_1",
					"origin": [8, 8, 8],
					"children": [44]
				},
				{
					"name": "6_1",
					"origin": [8, 8, 8],
					"children": [45, 46]
				},
				{
					"name": "8_1",
					"origin": [8, 8, 8],
					"children": [47]
				},
				{
					"name": "9_1",
					"origin": [8, 8, 8],
					"children": [48]
				},
				{
					"name": "10_1",
					"origin": [8, 8, 8],
					"children": [49, 50, 51]
				},
				{
					"name": "11_1",
					"origin": [8, 8, 8],
					"children": [52, 53, 54]
				}
			]
		},
		{
			"name": "E",
			"origin": [8, 8, 8],
			"children": [
				{
					"name": "1_1",
					"origin": [8, 8, 8],
					"children": [55, 56]
				},
				{
					"name": "2_1",
					"origin": [8, 8, 8],
					"children": [57]
				},
				{
					"name": "3_1",
					"origin": [8, 8, 8],
					"children": [58, 59]
				},
				{
					"name": "4_1",
					"origin": [8, 8, 8],
					"children": [60, 61]
				},
				{
					"name": "5_1",
					"origin": [8, 8, 8],
					"children": [62]
				},
				{
					"name": "6_1",
					"origin": [8, 8, 8],
					"children": [63, 64]
				},
				{
					"name": "8_1",
					"origin": [8, 8, 8],
					"children": [65]
				},
				{
					"name": "9_1",
					"origin": [8, 8, 8],
					"children": [66]
				},
				{
					"name": "10_1",
					"origin": [8, 8, 8],
					"children": [67, 68, 69]
				},
				{
					"name": "11_1",
					"origin": [8, 8, 8],
					"children": [70, 71, 72]
				}
			]
		},
		{
			"name": "U",
			"origin": [8, 8, 8],
			"children": [
				{
					"name": "1_1",
					"origin": [8, 8, 8],
					"children": [73, 74]
				},
				{
					"name": "2_1",
					"origin": [8, 8, 8],
					"children": [75]
				},
				{
					"name": "3_1",
					"origin": [8, 8, 8],
					"children": [76, 77]
				},
				{
					"name": "4_1",
					"origin": [8, 8, 8],
					"children": [78, 79]
				},
				{
					"name": "5_1",
					"origin": [8, 8, 8],
					"children": [80]
				},
				{
					"name": "6_1",
					"origin": [8, 8, 8],
					"children": [81, 82]
				},
				{
					"name": "8_1",
					"origin": [8, 8, 8],
					"children": [83]
				},
				{
					"name": "9_1",
					"origin": [8, 8, 8],
					"children": [84]
				},
				{
					"name": "10_1",
					"origin": [8, 8, 8],
					"children": [85, 86, 87]
				},
				{
					"name": "11_1",
					"origin": [8, 8, 8],
					"children": [88, 89, 90]
				}
			]
		},
		{
			"name": "D",
			"origin": [8, 8, 8],
			"children": [
				{
					"name": "1_1",
					"origin": [8, 8, 8],
					"children": [91, 92]
				},
				{
					"name": "2_1",
					"origin": [8, 8, 8],
					"children": [93]
				},
				{
					"name": "3_1",
					"origin": [8, 8, 8],
					"children": [94, 95]
				},
				{
					"name": "4_1",
					"origin": [8, 8, 8],
					"children": [96, 97]
				},
				{
					"name": "5_1",
					"origin": [8, 8, 8],
					"children": [98]
				},
				{
					"name": "6_1",
					"origin": [8, 8, 8],
					"children": [99, 100]
				},
				{
					"name": "8_1",
					"origin": [8, 8, 8],
					"children": [101]
				},
				{
					"name": "9_1",
					"origin": [8, 8, 8],
					"children": [102]
				},
				{
					"name": "10_1",
					"origin": [8, 8, 8],
					"children": [103, 104, 105]
				},
				{
					"name": "11_1",
					"origin": [8, 8, 8],
					"children": [106, 107, 108]
				}
			]
		}
	]
}