{
	"credit": "Made by TheWaschtlPlays using Blockbench",
	"textures": {
		"2": "blocks/torch_on",
		"3": "blocks/redstone_torch_off",
		"4": "custom_textures/doors/iron/iron_door_bottom",
		"particle": "blocks/torch_on"
	},
	"elements": [
		{
			"name": "Cube",
			"from": [1, 2, 7],
			"to": [3, 10, 9],
			"faces": {
				"north": {"uv": [7, 8, 9, 16], "texture": "#3"},
				"east": {"uv": [7, 8, 9, 16], "texture": "#3"},
				"south": {"uv": [7, 8, 9, 16], "texture": "#3"},
				"west": {"uv": [7, 8, 9, 16], "texture": "#3"},
				"up": {"uv": [0, 0, 0, 0], "texture": "#3"},
				"down": {"uv": [7, 14, 9, 16], "texture": "#3"}
			}
		},
		{
			"from": [0.75, 9.75, 6.75],
			"to": [3.25, 12.25, 9.25],
			"faces": {
				"north": {"uv": [7, 6, 9, 8], "texture": "#2"},
				"east": {"uv": [7, 6, 9, 8], "texture": "#2"},
				"south": {"uv": [7, 6, 9, 8], "texture": "#2"},
				"west": {"uv": [7, 6, 9, 8], "texture": "#2"},
				"up": {"uv": [7, 6, 9, 8], "texture": "#2"},
				"down": {"uv": [7, 6, 9, 8], "texture": "#2"}
			}
		},
		{
			"name": "Cube",
			"from": [0, 7.25, 6.5],
			"to": [0.15, 8.25, 9.5],
			"faces": {
				"north": {"uv": [13, 10, 13.15, 11], "texture": "#4"},
				"east": {"uv": [11, 10, 14, 11], "texture": "#4"},
				"south": {"uv": [11, 10, 11.15, 11], "texture": "#4"},
				"west": {"uv": [0, 0, 0, 0], "texture": "#4"},
				"up": {"uv": [11, 10, 14, 10.15], "rotation": 270, "texture": "#4"},
				"down": {"uv": [11, 10, 14, 10.15], "rotation": 90, "texture": "#4"}
			}
		},
		{
			"name": "Cube",
			"from": [0.15, 7.4, 7.625],
			"to": [0.775, 8.15, 8.375],
			"faces": {
				"north": {"uv": [9, 3, 10, 4], "texture": "#4"},
				"east": {"uv": [0, 0, 0, 0], "texture": "#4"},
				"south": {"uv": [9, 3, 10, 4], "texture": "#4"},
				"west": {"uv": [0, 0, 0, 0], "texture": "#4"},
				"up": {"uv": [9, 3, 10, 4], "texture": "#4"},
				"down": {"uv": [9, 3, 10, 4], "texture": "#4"}
			}
		},
		{
			"name": "Cube",
			"from": [0.75, 7.25, 6.75],
			"to": [3.25, 8.25, 9.25],
			"faces": {
				"north": {"uv": [3, 3, 4, 5], "rotation": 270, "texture": "#4"},
				"east": {"uv": [2, 4, 4, 5], "texture": "#4"},
				"south": {"uv": [2, 3, 3, 5], "rotation": 90, "texture": "#4"},
				"west": {"uv": [2, 3, 4, 4], "texture": "#4"},
				"up": {"uv": [2, 3, 4, 5], "rotation": 180, "texture": "#4"},
				"down": {"uv": [2, 3, 4, 5], "texture": "#4"}
			}
		},
		{
			"name": "nails",
			"from": [0.05, 7.625, 6.9],
			"to": [0.3, 7.875, 7.15],
			"faces": {
				"north": {"uv": [0, 10, 1, 11], "texture": "#4"},
				"east": {"uv": [0, 10, 1, 11], "texture": "#4"},
				"south": {"uv": [0, 10, 1, 11], "texture": "#4"},
				"west": {"uv": [0, 0, 0, 0], "texture": "#4"},
				"up": {"uv": [0, 10, 1, 11], "texture": "#4"},
				"down": {"uv": [0, 10, 1, 11], "texture": "#4"}
			}
		},
		{
			"name": "nails",
			"from": [0.05, 7.625, 8.8],
			"to": [0.3, 7.875, 9.05],
			"faces": {
				"north": {"uv": [0, 11, 1, 12], "texture": "#4"},
				"east": {"uv": [0, 11, 1, 12], "texture": "#4"},
				"south": {"uv": [0, 11, 1, 12], "texture": "#4"},
				"west": {"uv": [0, 0, 0, 0], "texture": "#4"},
				"up": {"uv": [0, 11, 1, 12], "texture": "#4"},
				"down": {"uv": [0, 11, 1, 12], "texture": "#4"}
			}
		},
		{
			"name": "Cube",
			"from": [0, 3.25, 6.5],
			"to": [0.15, 4.25, 9.5],
			"faces": {
				"north": {"uv": [13, 10, 13.15, 11], "texture": "#4"},
				"east": {"uv": [11, 10, 14, 11], "texture": "#4"},
				"south": {"uv": [11, 10, 11.15, 11], "texture": "#4"},
				"west": {"uv": [0, 0, 0, 0], "texture": "#4"},
				"up": {"uv": [11, 10, 14, 10.15], "rotation": 270, "texture": "#4"},
				"down": {"uv": [11, 10, 14, 10.15], "rotation": 90, "texture": "#4"}
			}
		},
		{
			"name": "Cube",
			"from": [0.15, 3.4, 7.625],
			"to": [0.775, 4.15, 8.375],
			"faces": {
				"north": {"uv": [9, 3, 10, 4], "texture": "#4"},
				"east": {"uv": [0, 0, 0, 0], "texture": "#4"},
				"south": {"uv": [9, 3, 10, 4], "texture": "#4"},
				"west": {"uv": [0, 0, 0, 0], "texture": "#4"},
				"up": {"uv": [9, 3, 10, 4], "texture": "#4"},
				"down": {"uv": [9, 3, 10, 4], "texture": "#4"}
			}
		},
		{
			"name": "Cube",
			"from": [0.75, 3.25, 6.75],
			"to": [3.25, 4.25, 9.25],
			"faces": {
				"north": {"uv": [3, 3, 4, 5], "rotation": 270, "texture": "#4"},
				"east": {"uv": [2, 4, 4, 5], "texture": "#4"},
				"south": {"uv": [2, 3, 3, 5], "rotation": 90, "texture": "#4"},
				"west": {"uv": [2, 3, 4, 4], "texture": "#4"},
				"up": {"uv": [2, 3, 4, 5], "rotation": 180, "texture": "#4"},
				"down": {"uv": [2, 3, 4, 5], "texture": "#4"}
			}
		},
		{
			"name": "nails",
			"from": [0.05, 3.625, 6.9],
			"to": [0.3, 3.875, 7.15],
			"faces": {
				"north": {"uv": [0, 10, 1, 11], "texture": "#4"},
				"east": {"uv": [0, 10, 1, 11], "texture": "#4"},
				"south": {"uv": [0, 10, 1, 11], "texture": "#4"},
				"west": {"uv": [0, 0, 0, 0], "texture": "#4"},
				"up": {"uv": [0, 10, 1, 11], "texture": "#4"},
				"down": {"uv": [0, 10, 1, 11], "texture": "#4"}
			}
		},
		{
			"name": "nails",
			"from": [0.05, 3.625, 8.8],
			"to": [0.3, 3.875, 9.05],
			"faces": {
				"north": {"uv": [0, 11, 1, 12], "texture": "#4"},
				"east": {"uv": [0, 11, 1, 12], "texture": "#4"},
				"south": {"uv": [0, 11, 1, 12], "texture": "#4"},
				"west": {"uv": [0, 0, 0, 0], "texture": "#4"},
				"up": {"uv": [0, 11, 1, 12], "texture": "#4"},
				"down": {"uv": [0, 11, 1, 12], "texture": "#4"}
			}
		}
	],
	"groups": [
		0,
		1,
		{
			"name": "holders",
			"origin": [0, 0, 0],
			"color": 0,
			"children": [
				{
					"name": "up",
					"origin": [0, 0, 0],
					"color": 0,
					"children": [2, 3, 4, 5, 6]
				},
				{
					"name": "down",
					"origin": [0, 0, 0],
					"color": 0,
					"children": [7, 8, 9, 10, 11]
				}
			]
		}
	]
}