{
	"credit": "Made by TheWaschtlPlays using Blockbench",
	"textures": {
		"particle": "custom_textures/cactus/cactus_side",
		"flower": "flower:flower"
	},
	"elements": [
		{
			"from": [5.75, 5, -1.25],
			"to": [8.75, 5, 1.75],
			"rotation": {"angle": 45, "axis": "z", "origin": [7.25, 5, 0.25]},
			"faces": {
				"up": {"uv": [0, 0, 16, 16], "rotation": 270, "texture": "#flower"},
				"down": {"uv": [0, 0, 16, 16], "rotation": 90, "texture": "#flower"}
			}
		},
		{
			"from": [7.25, 3.5, -1.25],
			"to": [7.25, 6.5, 1.75],
			"rotation": {"angle": 45, "axis": "z", "origin": [7.25, 5, 0.25]},
			"faces": {
				"east": {"uv": [0, 0, 16, 16], "texture": "#flower"},
				"west": {"uv": [0, 0, 16, 16], "rotation": 180, "texture": "#flower"}
			}
		}
	],
	"display": {
		"thirdperson_righthand": {
			"rotation": [75, 45, 0],
			"translation": [0, 2.5, 0],
			"scale": [0.375, 0.375, 0.375]
		},
		"thirdperson_lefthand": {
			"rotation": [75, 45, 0],
			"translation": [0, 2.5, 0],
			"scale": [0.375, 0.375, 0.375]
		},
		"firstperson_righthand": {
			"rotation": [0, 135, 0],
			"scale": [0.4, 0.4, 0.4]
		},
		"firstperson_lefthand": {
			"rotation": [0, 135, 0],
			"scale": [0.4, 0.4, 0.4]
		},
		"ground": {
			"translation": [0, 3, 0],
			"scale": [0.25, 0.25, 0.25]
		},
		"gui": {
			"rotation": [30, -135, 0],
			"scale": [0.625, 0.625, 0.625]
		},
		"fixed": {
			"scale": [0.5, 0.5, 0.5]
		}
	},
	"groups": [
		{
			"name": "Flower4",
			"origin": [-3, 12, 4],
			"children": [0, 1]
		}
	]
}