{
	"credit": "Made by TheWaschtlPlays using Blockbench",
	"textures": {
		"0": "blocks/iron_bars",
		"particle": "blocks/iron_bars"
	},
	"elements": [
		{
			"from": [7, 0, 7],
			"to": [9, 16, 9],
			"faces": {
				"north": {"uv": [7, 0, 9, 16], "texture": "#0"},
				"east": {"uv": [7, 0, 9, 16], "texture": "#0"},
				"south": {"uv": [7, 0, 9, 16], "texture": "#0"},
				"west": {"uv": [7, 0, 9, 16], "texture": "#0"},
				"up": {"uv": [7, 0, 9, 2], "texture": "#0", "cullface": "up"},
				"down": {"uv": [7, 14, 9, 16], "texture": "#0", "cullface": "down"}
			}
		}
	]
}