{
	"credit": "Made by TheWaschtlPlays using Blockbench",
	"textures": {
		"0": "blocks/tnt_side",
		"1": "blocks/tnt_top",
		"2": "blocks/tnt_bottom",
		"particle": "blocks/tnt_side"
	},
	"elements": [
		{
			"name": "Cube",
			"from": [0, 0, 0],
			"to": [16, 16, 16],
			"faces": {
				"north": {"uv": [0, 0, 16, 16], "texture": "#0", "cullface": "north"},
				"east": {"uv": [0, 0, 16, 16], "texture": "#0", "cullface": "east"},
				"south": {"uv": [0, 0, 16, 16], "texture": "#0", "cullface": "south"},
				"west": {"uv": [0, 0, 16, 16], "texture": "#0", "cullface": "west"},
				"up": {"uv": [0, 0, 16, 16], "texture": "#1", "cullface": "up"},
				"down": {"uv": [0, 0, 16, 16], "texture": "#2", "cullface": "down"}
			}
		},
		{
			"name": "schrift",
			"from": [-0.5, 5, -0.5],
			"to": [16.5, 11, 16.5],
			"faces": {
				"north": {"uv": [0, 5, 16, 11], "texture": "#0"},
				"east": {"uv": [0, 5, 16, 11], "texture": "#0"},
				"south": {"uv": [0, 5, 16, 11], "texture": "#0"},
				"west": {"uv": [0, 5, 16, 11], "texture": "#0"},
				"up": {"uv": [0, 5, 16, 6], "texture": "#0"},
				"down": {"uv": [0, 10, 16, 11], "texture": "#0"}
			}
		},
		{
			"name": "Fuse",
			"from": [5, 16, 10],
			"to": [6, 16.5, 12],
			"faces": {
				"north": {"uv": [7, 7, 8, 8], "texture": "#1", "cullface": "up"},
				"east": {"uv": [7, 7, 8, 8], "texture": "#1", "cullface": "up"},
				"south": {"uv": [7, 7, 8, 8], "texture": "#1", "cullface": "up"},
				"west": {"uv": [7, 7, 8, 8], "texture": "#1", "cullface": "up"},
				"up": {"uv": [7, 7, 8, 8], "texture": "#1", "cullface": "up"}
			}
		},
		{
			"name": "Fuse",
			"from": [7, 16, 6],
			"to": [9, 16.5, 11],
			"faces": {
				"north": {"uv": [8, 8, 9, 9], "texture": "#1", "cullface": "up"},
				"east": {"uv": [8, 8, 9, 9], "texture": "#1", "cullface": "up"},
				"south": {"uv": [8, 8, 9, 9], "texture": "#1", "cullface": "up"},
				"west": {"uv": [8, 8, 9, 9], "texture": "#1", "cullface": "up"},
				"up": {"uv": [8, 8, 9, 9], "texture": "#1", "cullface": "up"}
			}
		},
		{
			"name": "Fuse",
			"from": [5, 16, 3],
			"to": [6, 16.5, 4],
			"faces": {
				"north": {"uv": [7, 7, 8, 8], "texture": "#1", "cullface": "up"},
				"east": {"uv": [7, 7, 8, 8], "texture": "#1", "cullface": "up"},
				"south": {"uv": [7, 7, 8, 8], "texture": "#1", "cullface": "up"},
				"west": {"uv": [7, 7, 8, 8], "texture": "#1", "cullface": "up"},
				"up": {"uv": [7, 7, 8, 8], "texture": "#1", "cullface": "up"}
			}
		},
		{
			"name": "Fuse",
			"from": [3, 16, 4],
			"to": [5, 16.5, 5],
			"faces": {
				"north": {"uv": [7, 7, 8, 8], "texture": "#1", "cullface": "up"},
				"east": {"uv": [7, 7, 8, 8], "texture": "#1", "cullface": "up"},
				"south": {"uv": [7, 7, 8, 8], "texture": "#1", "cullface": "up"},
				"west": {"uv": [7, 7, 8, 8], "texture": "#1", "cullface": "up"},
				"up": {"uv": [7, 7, 8, 8], "texture": "#1", "cullface": "up"}
			}
		},
		{
			"name": "Fuse",
			"from": [6, 16, 5],
			"to": [7, 16.5, 10],
			"faces": {
				"north": {"uv": [7, 7, 8, 8], "texture": "#1", "cullface": "up"},
				"east": {"uv": [7, 7, 8, 8], "texture": "#1", "cullface": "up"},
				"south": {"uv": [7, 7, 8, 8], "texture": "#1", "cullface": "up"},
				"west": {"uv": [7, 7, 8, 8], "texture": "#1", "cullface": "up"},
				"up": {"uv": [7, 7, 8, 8], "texture": "#1", "cullface": "up"}
			}
		},
		{
			"name": "Fuse",
			"from": [5, 16, 8],
			"to": [6, 16.5, 9],
			"faces": {
				"north": {"uv": [7, 7, 8, 8], "texture": "#1", "cullface": "up"},
				"east": {"uv": [7, 7, 8, 8], "texture": "#1", "cullface": "up"},
				"south": {"uv": [7, 7, 8, 8], "texture": "#1", "cullface": "up"},
				"west": {"uv": [7, 7, 8, 8], "texture": "#1", "cullface": "up"},
				"up": {"uv": [7, 7, 8, 8], "texture": "#1", "cullface": "up"}
			}
		},
		{
			"name": "Fuse",
			"from": [4, 16, 9],
			"to": [5, 16.5, 10],
			"faces": {
				"north": {"uv": [7, 7, 8, 8], "texture": "#1", "cullface": "up"},
				"east": {"uv": [7, 7, 8, 8], "texture": "#1", "cullface": "up"},
				"south": {"uv": [7, 7, 8, 8], "texture": "#1", "cullface": "up"},
				"west": {"uv": [7, 7, 8, 8], "texture": "#1", "cullface": "up"},
				"up": {"uv": [7, 7, 8, 8], "texture": "#1", "cullface": "up"}
			}
		},
		{
			"name": "Fuse",
			"from": [6, 16, 12],
			"to": [7, 16.5, 13],
			"faces": {
				"north": {"uv": [7, 7, 8, 8], "texture": "#1", "cullface": "up"},
				"east": {"uv": [7, 7, 8, 8], "texture": "#1", "cullface": "up"},
				"south": {"uv": [7, 7, 8, 8], "texture": "#1", "cullface": "up"},
				"west": {"uv": [7, 7, 8, 8], "texture": "#1", "cullface": "up"},
				"up": {"uv": [7, 7, 8, 8], "texture": "#1", "cullface": "up"}
			}
		},
		{
			"name": "Fuse",
			"from": [9, 16, 8],
			"to": [11, 16.5, 9],
			"faces": {
				"north": {"uv": [7, 7, 8, 8], "texture": "#1", "cullface": "up"},
				"east": {"uv": [7, 7, 8, 8], "texture": "#1", "cullface": "up"},
				"south": {"uv": [7, 7, 8, 8], "texture": "#1", "cullface": "up"},
				"west": {"uv": [7, 7, 8, 8], "texture": "#1", "cullface": "up"},
				"up": {"uv": [7, 7, 8, 8], "texture": "#1", "cullface": "up"}
			}
		},
		{
			"name": "Fuse",
			"from": [9, 16, 6],
			"to": [10, 16.5, 7],
			"faces": {
				"north": {"uv": [7, 7, 8, 8], "texture": "#1", "cullface": "up"},
				"east": {"uv": [7, 7, 8, 8], "texture": "#1", "cullface": "up"},
				"south": {"uv": [7, 7, 8, 8], "texture": "#1", "cullface": "up"},
				"west": {"uv": [7, 7, 8, 8], "texture": "#1", "cullface": "up"},
				"up": {"uv": [7, 7, 8, 8], "texture": "#1", "cullface": "up"}
			}
		},
		{
			"name": "Fuse",
			"from": [8, 16, 12],
			"to": [10, 16.5, 13],
			"faces": {
				"north": {"uv": [7, 7, 8, 8], "texture": "#1", "cullface": "up"},
				"east": {"uv": [7, 7, 8, 8], "texture": "#1", "cullface": "up"},
				"south": {"uv": [7, 7, 8, 8], "texture": "#1", "cullface": "up"},
				"west": {"uv": [7, 7, 8, 8], "texture": "#1", "cullface": "up"},
				"up": {"uv": [7, 7, 8, 8], "texture": "#1", "cullface": "up"}
			}
		},
		{
			"name": "Fuse",
			"from": [11, 16, 10],
			"to": [12, 16.5, 11],
			"faces": {
				"north": {"uv": [7, 7, 8, 8], "texture": "#1", "cullface": "up"},
				"east": {"uv": [7, 7, 8, 8], "texture": "#1", "cullface": "up"},
				"south": {"uv": [7, 7, 8, 8], "texture": "#1", "cullface": "up"},
				"west": {"uv": [7, 7, 8, 8], "texture": "#1", "cullface": "up"},
				"up": {"uv": [7, 7, 8, 8], "texture": "#1", "cullface": "up"}
			}
		},
		{
			"name": "Fuse",
			"from": [10, 16, 11],
			"to": [11, 16.5, 12],
			"faces": {
				"north": {"uv": [7, 7, 8, 8], "texture": "#1", "cullface": "up"},
				"east": {"uv": [7, 7, 8, 8], "texture": "#1", "cullface": "up"},
				"south": {"uv": [7, 7, 8, 8], "texture": "#1", "cullface": "up"},
				"west": {"uv": [7, 7, 8, 8], "texture": "#1", "cullface": "up"},
				"up": {"uv": [7, 7, 8, 8], "texture": "#1", "cullface": "up"}
			}
		},
		{
			"name": "Fuse",
			"from": [12, 16, 8],
			"to": [13, 16.5, 10],
			"faces": {
				"north": {"uv": [7, 7, 8, 8], "texture": "#1", "cullface": "up"},
				"east": {"uv": [7, 7, 8, 8], "texture": "#1", "cullface": "up"},
				"south": {"uv": [7, 7, 8, 8], "texture": "#1", "cullface": "up"},
				"west": {"uv": [7, 7, 8, 8], "texture": "#1", "cullface": "up"},
				"up": {"uv": [7, 7, 8, 8], "texture": "#1", "cullface": "up"}
			}
		},
		{
			"name": "Fuse",
			"from": [13, 16, 6],
			"to": [14, 16.5, 8],
			"faces": {
				"north": {"uv": [7, 7, 8, 8], "texture": "#1", "cullface": "up"},
				"east": {"uv": [7, 7, 8, 8], "texture": "#1", "cullface": "up"},
				"south": {"uv": [7, 7, 8, 8], "texture": "#1", "cullface": "up"},
				"west": {"uv": [7, 7, 8, 8], "texture": "#1", "cullface": "up"},
				"up": {"uv": [7, 7, 8, 8], "texture": "#1", "cullface": "up"}
			}
		},
		{
			"name": "Fuse",
			"from": [12, 16, 5],
			"to": [13, 16.5, 6],
			"faces": {
				"north": {"uv": [7, 7, 8, 8], "texture": "#1", "cullface": "up"},
				"east": {"uv": [7, 7, 8, 8], "texture": "#1", "cullface": "up"},
				"south": {"uv": [7, 7, 8, 8], "texture": "#1", "cullface": "up"},
				"west": {"uv": [7, 7, 8, 8], "texture": "#1", "cullface": "up"},
				"up": {"uv": [7, 7, 8, 8], "texture": "#1", "cullface": "up"}
			}
		},
		{
			"name": "Fuse",
			"from": [12, 16, 2],
			"to": [14, 16.5, 3],
			"faces": {
				"north": {"uv": [7, 7, 8, 8], "texture": "#1", "cullface": "up"},
				"east": {"uv": [7, 7, 8, 8], "texture": "#1", "cullface": "up"},
				"south": {"uv": [7, 7, 8, 8], "texture": "#1", "cullface": "up"},
				"west": {"uv": [7, 7, 8, 8], "texture": "#1", "cullface": "up"},
				"up": {"uv": [7, 7, 8, 8], "texture": "#1", "cullface": "up"}
			}
		},
		{
			"name": "Fuse",
			"from": [10, 16, 3],
			"to": [12, 16.5, 4],
			"faces": {
				"north": {"uv": [7, 7, 8, 8], "texture": "#1", "cullface": "up"},
				"east": {"uv": [7, 7, 8, 8], "texture": "#1", "cullface": "up"},
				"south": {"uv": [7, 7, 8, 8], "texture": "#1", "cullface": "up"},
				"west": {"uv": [7, 7, 8, 8], "texture": "#1", "cullface": "up"},
				"up": {"uv": [7, 7, 8, 8], "texture": "#1", "cullface": "up"}
			}
		},
		{
			"name": "Fuse",
			"from": [11, 16, 4],
			"to": [12, 16.5, 5],
			"faces": {
				"north": {"uv": [7, 7, 8, 8], "texture": "#1", "cullface": "up"},
				"east": {"uv": [7, 7, 8, 8], "texture": "#1", "cullface": "up"},
				"south": {"uv": [7, 7, 8, 8], "texture": "#1", "cullface": "up"},
				"west": {"uv": [7, 7, 8, 8], "texture": "#1", "cullface": "up"},
				"up": {"uv": [7, 7, 8, 8], "texture": "#1", "cullface": "up"}
			}
		},
		{
			"name": "Fuse",
			"from": [7, 16, 2],
			"to": [9, 16.5, 3],
			"faces": {
				"north": {"uv": [7, 7, 8, 8], "texture": "#1", "cullface": "up"},
				"east": {"uv": [7, 7, 8, 8], "texture": "#1", "cullface": "up"},
				"south": {"uv": [7, 7, 8, 8], "texture": "#1", "cullface": "up"},
				"west": {"uv": [7, 7, 8, 8], "texture": "#1", "cullface": "up"},
				"up": {"uv": [7, 7, 8, 8], "texture": "#1", "cullface": "up"}
			}
		}
	],
	"display": {
		"thirdperson_righthand": {
			"rotation": [75, 45, 0],
			"translation": [0, 2.5, 0],
			"scale": [0.375, 0.375, 0.375]
		},
		"thirdperson_lefthand": {
			"rotation": [75, 45, 0],
			"translation": [0, 2.5, 0],
			"scale": [0.375, 0.375, 0.375]
		},
		"firstperson_righthand": {
			"rotation": [0, 135, 0],
			"scale": [0.4, 0.4, 0.4]
		},
		"firstperson_lefthand": {
			"rotation": [0, 135, 0],
			"scale": [0.4, 0.4, 0.4]
		},
		"ground": {
			"scale": [0.25, 0.25, 0.25]
		},
		"gui": {
			"rotation": [30, -135, 0],
			"scale": [0.625, 0.625, 0.625]
		},
		"fixed": {
			"scale": [0.5, 0.5, 0.5]
		}
	}
}