{
	"credit": "Made by TheWaschtlPlays using Blockbench",
	"ambientocclusion": false,
	"textures": {
		"particle": "#crop"
	},
	"elements": [
		{
			"name": "1_3",
			"from": [3, 0, 0],
			"to": [3, 16, 16],
			"shade": false,
			"rotation": {"angle": -22.5, "axis": "y", "origin": [8, 8, 8]},
			"faces": {
				"east": {"uv": [16, 0, 0, 16], "texture": "#crop", "tintindex": 0},
				"west": {"uv": [0, 0, 16, 16], "texture": "#crop", "tintindex": 0}
			}
		},
		{
			"name": "2_3",
			"from": [13, 0, 0],
			"to": [13, 16, 16],
			"shade": false,
			"rotation": {"angle": -22.5, "axis": "y", "origin": [12, 8, 9]},
			"faces": {
				"east": {"uv": [16, 0, 0, 16], "texture": "#crop", "tintindex": 0},
				"west": {"uv": [0, 0, 16, 16], "texture": "#crop", "tintindex": 0}
			}
		},
		{
			"name": "6_3",
			"from": [7, 0, 0],
			"to": [7, 16, 16],
			"shade": false,
			"rotation": {"angle": 22.5, "axis": "y", "origin": [8, 8, 8]},
			"faces": {
				"east": {"uv": [0, 0, 16, 16], "texture": "#crop", "tintindex": 0},
				"west": {"uv": [16, 0, 0, 16], "texture": "#crop", "tintindex": 0}
			}
		},
		{
			"name": "4_1",
			"from": [0, 0, 12],
			"to": [16, 16, 12],
			"shade": false,
			"faces": {
				"north": {"uv": [16, 0, 0, 16], "texture": "#crop", "tintindex": 0},
				"south": {"uv": [0, 0, 16, 16], "texture": "#crop", "tintindex": 0}
			}
		},
		{
			"name": "3_3",
			"from": [0, 0, 5],
			"to": [16, 16, 5],
			"shade": false,
			"rotation": {"angle": -22.5, "axis": "y", "origin": [9, 8, 5]},
			"faces": {
				"north": {"uv": [16, 0, 0, 16], "texture": "#crop", "tintindex": 0},
				"south": {"uv": [0, 0, 16, 16], "texture": "#crop", "tintindex": 0}
			}
		}
	]
}