{
	"credit": "Made by TheWaschtlPlays using Blockbench",
	"textures": {
		"particle": "#side"
	},
	"elements": [
		{
			"name": "post",
			"from": [6, 0, 6],
			"to": [10, 16, 10],
			"faces": {
				"north": {"uv": [0, 0, 4, 16], "texture": "#post"},
				"east": {"uv": [3, 0, 7, 16], "texture": "#post"},
				"south": {"uv": [0, 0, 4, 16], "texture": "#post"},
				"west": {"uv": [3, 0, 7, 16], "texture": "#post"},
				"up": {"uv": [12, 0, 16, 4], "texture": "#post", "cullface": "up"},
				"down": {"uv": [12, 0, 16, 4], "texture": "#post", "cullface": "down"}
			}
		}
	]
}