{
	"credit": "Made by TheWaschtlPlays using Blockbench",
	"textures": {
		"particle": "#side"
	},
	"elements": [
		{
			"name": "North top bar",
			"from": [7, 11, 0],
			"to": [9, 14, 11],
			"rotation": {"angle": 0, "axis": "y", "origin": [8, 0, 8]},
			"faces": {
				"east": {"uv": [0, 2, 11, 5], "texture": "#side"},
				"south": {"uv": [0, 2, 2, 5], "texture": "#side"},
				"west": {"uv": [0, 2, 11, 5], "texture": "#side"},
				"up": {"uv": [0, 0, 11, 2], "rotation": 270, "texture": "#side"},
				"down": {"uv": [0, 5, 11, 7], "rotation": 270, "texture": "#side"}
			}
		},
		{
			"name": "North lower bar",
			"from": [7, 5, 0],
			"to": [9, 8, 11],
			"rotation": {"angle": 0, "axis": "y", "origin": [8, 0, 8]},
			"faces": {
				"east": {"uv": [0, 5, 11, 8], "texture": "#side"},
				"south": {"uv": [0, 5, 2, 8], "texture": "#side"},
				"west": {"uv": [0, 5, 11, 8], "texture": "#side"},
				"up": {"uv": [0, 4, 11, 6], "rotation": 270, "texture": "#side"},
				"down": {"uv": [0, 4, 11, 6], "rotation": 270, "texture": "#side"}
			}
		},
		{
			"name": "post",
			"from": [6, 0, 6],
			"to": [10, 16, 10],
			"faces": {
				"north": {"uv": [0, 0, 4, 16], "texture": "#post"},
				"east": {"uv": [3, 0, 7, 16], "texture": "#post"},
				"south": {"uv": [0, 0, 4, 16], "texture": "#post"},
				"west": {"uv": [3, 0, 7, 16], "texture": "#post"},
				"up": {"uv": [12, 0, 16, 4], "texture": "#post", "cullface": "up"},
				"down": {"uv": [12, 0, 16, 4], "texture": "#post", "cullface": "down"}
			}
		}
	]
}