{
	"credit": "Made by TheWaschtlPlays using Blockbench",
	"textures": {
		"particle": "blocks/emerald_ore",
		"ore": "blocks/emerald_ore"
	},
	"elements": [
		{
			"from": [0, 0, 0],
			"to": [16, 16, 16],
			"faces": {
				"north": {"uv": [0, 0, 16, 16], "texture": "#ore", "cullface": "north"},
				"east": {"uv": [0, 0, 16, 16], "texture": "#ore", "cullface": "east"},
				"south": {"uv": [0, 0, 16, 16], "texture": "#ore", "cullface": "south"},
				"west": {"uv": [0, 0, 16, 16], "texture": "#ore", "cullface": "west"},
				"up": {"uv": [0, 0, 16, 16], "texture": "#ore", "cullface": "up"},
				"down": {"uv": [0, 0, 16, 16], "texture": "#ore", "cullface": "down"}
			}
		},
		{
			"from": [10, 1, -0.5],
			"to": [12, 3, 0],
			"rotation": {"angle": 0, "axis": "y", "origin": [8, 8, 8]},
			"faces": {
				"north": {"uv": [4, 13, 6, 15], "texture": "#ore", "cullface": "north"},
				"east": {"uv": [4, 13, 4.5, 15], "texture": "#ore", "cullface": "north"},
				"west": {"uv": [5, 13, 5.5, 15], "texture": "#ore", "cullface": "north"},
				"up": {"uv": [4, 13, 6, 13.5], "rotation": 180, "texture": "#ore", "cullface": "north"},
				"down": {"uv": [4, 14, 6, 14.5], "rotation": 180, "texture": "#ore", "cullface": "north"}
			}
		},
		{
			"from": [1, 7, -0.5],
			"to": [3, 9, 0],
			"rotation": {"angle": 0, "axis": "y", "origin": [8, 8, 8]},
			"faces": {
				"north": {"uv": [13, 7, 15, 9], "texture": "#ore", "cullface": "north"},
				"east": {"uv": [4, 13, 4.5, 15], "texture": "#ore", "cullface": "north"},
				"west": {"uv": [5, 13, 5.5, 15], "texture": "#ore", "cullface": "north"},
				"up": {"uv": [4, 13, 6, 13.5], "rotation": 180, "texture": "#ore", "cullface": "north"},
				"down": {"uv": [4, 14, 6, 14.5], "rotation": 180, "texture": "#ore", "cullface": "north"}
			}
		},
		{
			"from": [4, 12, -0.4],
			"to": [6, 14, 0.1],
			"rotation": {"angle": 0, "axis": "y", "origin": [8, 8, 8]},
			"faces": {
				"north": {"uv": [10, 2, 12, 4], "texture": "#ore", "cullface": "north"},
				"east": {"uv": [4, 13, 4.5, 15], "texture": "#ore", "cullface": "north"},
				"west": {"uv": [5, 13, 5.5, 15], "texture": "#ore", "cullface": "north"},
				"up": {"uv": [4, 13, 6, 13.5], "rotation": 180, "texture": "#ore", "cullface": "north"},
				"down": {"uv": [4, 14, 6, 14.5], "rotation": 180, "texture": "#ore", "cullface": "north"}
			}
		},
		{
			"from": [12, 12, -0.25],
			"to": [14, 14, 0],
			"rotation": {"angle": 0, "axis": "y", "origin": [8, 8, 8]},
			"faces": {
				"north": {"uv": [2, 2, 4, 4], "texture": "#ore", "cullface": "north"},
				"east": {"uv": [4, 13, 4.5, 15], "texture": "#ore", "cullface": "north"},
				"west": {"uv": [5, 13, 5.5, 15], "texture": "#ore", "cullface": "north"},
				"up": {"uv": [4, 13, 6, 13.5], "rotation": 180, "texture": "#ore", "cullface": "north"},
				"down": {"uv": [4, 14, 6, 14.5], "rotation": 180, "texture": "#ore", "cullface": "north"}
			}
		},
		{
			"from": [13, 7, -0.25],
			"to": [15, 9, 0],
			"rotation": {"angle": 0, "axis": "y", "origin": [8, 8, 8]},
			"faces": {
				"north": {"uv": [1, 8, 3, 10], "texture": "#ore", "cullface": "north"},
				"east": {"uv": [4, 13, 4.5, 15], "texture": "#ore", "cullface": "north"},
				"west": {"uv": [5, 13, 5.5, 15], "texture": "#ore", "cullface": "north"},
				"up": {"uv": [4, 13, 6, 13.5], "rotation": 180, "texture": "#ore", "cullface": "north"},
				"down": {"uv": [4, 14, 6, 14.5], "rotation": 180, "texture": "#ore", "cullface": "north"}
			}
		},
		{
			"from": [3, 3, -0.5],
			"to": [8, 5, 0],
			"rotation": {"angle": 0, "axis": "y", "origin": [8, 8, 8]},
			"faces": {
				"north": {"uv": [8, 11, 13, 13], "texture": "#ore", "cullface": "north"},
				"east": {"uv": [8, 11, 8.5, 13], "texture": "#ore", "cullface": "north"},
				"west": {"uv": [12, 11, 12.5, 13], "texture": "#ore", "cullface": "north"},
				"up": {"uv": [8, 11, 13, 11.5], "rotation": 180, "texture": "#ore", "cullface": "north"},
				"down": {"uv": [8, 12, 13, 12.5], "rotation": 180, "texture": "#ore", "cullface": "north"}
			}
		},
		{
			"from": [5, 2, -0.4],
			"to": [6, 3, 0.1],
			"rotation": {"angle": 0, "axis": "y", "origin": [8, 8, 8]},
			"faces": {
				"north": {"uv": [10, 13, 11, 14], "texture": "#ore", "cullface": "north"},
				"east": {"uv": [10, 13, 10.5, 14], "texture": "#ore", "cullface": "north"},
				"west": {"uv": [10, 13, 10.5, 14], "texture": "#ore", "cullface": "north"},
				"down": {"uv": [10, 13, 11, 13.5], "rotation": 180, "texture": "#ore", "cullface": "north"}
			}
		},
		{
			"from": [6, 2, -0.25],
			"to": [7, 3, 0],
			"rotation": {"angle": 0, "axis": "y", "origin": [8, 8, 8]},
			"faces": {
				"north": {"uv": [9, 13, 10, 14], "texture": "#ore", "cullface": "north"},
				"east": {"uv": [9, 13, 10, 14], "texture": "#ore", "cullface": "north"},
				"down": {"uv": [9, 13, 10, 14], "texture": "#ore", "cullface": "north"}
			}
		},
		{
			"from": [5, 5, -0.5],
			"to": [7, 6, 0],
			"rotation": {"angle": 0, "axis": "y", "origin": [8, 8, 8]},
			"faces": {
				"north": {"uv": [9, 10, 11, 11], "texture": "#ore", "cullface": "north"},
				"east": {"uv": [9, 10, 9.5, 11], "texture": "#ore", "cullface": "north"},
				"west": {"uv": [10, 10, 10.5, 11], "texture": "#ore", "cullface": "north"},
				"up": {"uv": [9, 10, 11, 10.5], "rotation": 180, "texture": "#ore", "cullface": "north"}
			}
		},
		{
			"from": [8, 8, -0.5],
			"to": [12, 10, 0],
			"rotation": {"angle": 0, "axis": "y", "origin": [8, 8, 8]},
			"faces": {
				"north": {"uv": [4, 6, 8, 8], "texture": "#ore", "cullface": "north"},
				"east": {"uv": [4, 6, 4.5, 8], "texture": "#ore", "cullface": "north"},
				"west": {"uv": [7, 6, 7.5, 8], "texture": "#ore", "cullface": "north"},
				"up": {"uv": [4, 6, 8, 6.5], "rotation": 180, "texture": "#ore", "cullface": "north"},
				"down": {"uv": [4, 7, 8, 7.5], "rotation": 180, "texture": "#ore", "cullface": "north"}
			}
		},
		{
			"from": [10, 7, -0.4],
			"to": [12, 8, 0.1],
			"rotation": {"angle": 0, "axis": "y", "origin": [8, 8, 8]},
			"faces": {
				"north": {"uv": [4, 8, 6, 9], "texture": "#ore", "cullface": "north"},
				"east": {"uv": [4, 8, 4.5, 9], "texture": "#ore", "cullface": "north"},
				"west": {"uv": [5, 8, 5.5, 9], "texture": "#ore", "cullface": "north"},
				"down": {"uv": [4, 8, 6, 8.5], "rotation": 180, "texture": "#ore", "cullface": "north"}
			}
		},
		{
			"from": [8, 10, -0.4],
			"to": [11, 11, 0.1],
			"rotation": {"angle": 0, "axis": "y", "origin": [8, 8, 8]},
			"faces": {
				"north": {"uv": [5, 5, 8, 6], "texture": "#ore", "cullface": "north"},
				"east": {"uv": [5, 5, 5.5, 6], "texture": "#ore", "cullface": "north"},
				"west": {"uv": [7, 5, 7.5, 6], "texture": "#ore", "cullface": "north"},
				"up": {"uv": [5, 5, 8, 5.5], "rotation": 180, "texture": "#ore", "cullface": "north"}
			}
		},
		{
			"from": [-0.5, 1, 4],
			"to": [0, 3, 6],
			"rotation": {"angle": 0, "axis": "y", "origin": [8, 8, 8]},
			"faces": {
				"north": {"uv": [4, 13, 4.5, 15], "texture": "#ore", "cullface": "west"},
				"south": {"uv": [5, 13, 5.5, 15], "texture": "#ore", "cullface": "west"},
				"west": {"uv": [4, 13, 6, 15], "texture": "#ore", "cullface": "west"},
				"up": {"uv": [4, 13, 6, 13.5], "rotation": 90, "texture": "#ore", "cullface": "west"},
				"down": {"uv": [4, 14, 6, 14.5], "rotation": 270, "texture": "#ore", "cullface": "west"}
			}
		},
		{
			"from": [-0.5, 7, 13],
			"to": [0, 9, 15],
			"rotation": {"angle": 0, "axis": "y", "origin": [8, 8, 8]},
			"faces": {
				"north": {"uv": [4, 13, 4.5, 15], "texture": "#ore", "cullface": "west"},
				"south": {"uv": [5, 13, 5.5, 15], "texture": "#ore", "cullface": "west"},
				"west": {"uv": [13, 7, 15, 9], "texture": "#ore", "cullface": "west"},
				"up": {"uv": [4, 13, 6, 13.5], "rotation": 90, "texture": "#ore", "cullface": "west"},
				"down": {"uv": [4, 14, 6, 14.5], "rotation": 270, "texture": "#ore", "cullface": "west"}
			}
		},
		{
			"from": [-0.4, 12, 10],
			"to": [0.1, 14, 12],
			"rotation": {"angle": 0, "axis": "y", "origin": [8, 8, 8]},
			"faces": {
				"north": {"uv": [4, 13, 4.5, 15], "texture": "#ore", "cullface": "west"},
				"south": {"uv": [5, 13, 5.5, 15], "texture": "#ore", "cullface": "west"},
				"west": {"uv": [10, 2, 12, 4], "texture": "#ore", "cullface": "west"},
				"up": {"uv": [4, 13, 6, 13.5], "rotation": 90, "texture": "#ore", "cullface": "west"},
				"down": {"uv": [4, 14, 6, 14.5], "rotation": 270, "texture": "#ore", "cullface": "west"}
			}
		},
		{
			"from": [-0.25, 12, 2],
			"to": [0, 14, 4],
			"rotation": {"angle": 0, "axis": "y", "origin": [8, 8, 8]},
			"faces": {
				"north": {"uv": [4, 13, 4.5, 15], "texture": "#ore", "cullface": "west"},
				"south": {"uv": [5, 13, 5.5, 15], "texture": "#ore", "cullface": "west"},
				"west": {"uv": [2, 2, 4, 4], "texture": "#ore", "cullface": "west"},
				"up": {"uv": [4, 13, 6, 13.5], "rotation": 90, "texture": "#ore", "cullface": "west"},
				"down": {"uv": [4, 14, 6, 14.5], "rotation": 270, "texture": "#ore", "cullface": "west"}
			}
		},
		{
			"from": [-0.25, 7, 1],
			"to": [0, 9, 3],
			"rotation": {"angle": 0, "axis": "y", "origin": [8, 8, 8]},
			"faces": {
				"north": {"uv": [4, 13, 4.5, 15], "texture": "#ore", "cullface": "west"},
				"south": {"uv": [5, 13, 5.5, 15], "texture": "#ore", "cullface": "west"},
				"west": {"uv": [1, 8, 3, 10], "texture": "#ore", "cullface": "west"},
				"up": {"uv": [4, 13, 6, 13.5], "rotation": 90, "texture": "#ore", "cullface": "west"},
				"down": {"uv": [4, 14, 6, 14.5], "rotation": 270, "texture": "#ore", "cullface": "west"}
			}
		},
		{
			"from": [-0.5, 3, 8],
			"to": [0, 5, 13],
			"rotation": {"angle": 0, "axis": "y", "origin": [8, 8, 8]},
			"faces": {
				"north": {"uv": [8, 11, 8.5, 13], "texture": "#ore", "cullface": "west"},
				"south": {"uv": [12, 11, 12.5, 13], "texture": "#ore", "cullface": "west"},
				"west": {"uv": [8, 11, 13, 13], "texture": "#ore", "cullface": "west"},
				"up": {"uv": [8, 11, 13, 11.5], "rotation": 90, "texture": "#ore", "cullface": "west"},
				"down": {"uv": [8, 12, 13, 12.5], "rotation": 270, "texture": "#ore", "cullface": "west"}
			}
		},
		{
			"from": [-0.4, 2, 10],
			"to": [0.1, 3, 11],
			"rotation": {"angle": 0, "axis": "y", "origin": [8, 8, 8]},
			"faces": {
				"north": {"uv": [10, 13, 10.5, 14], "texture": "#ore", "cullface": "west"},
				"south": {"uv": [10, 13, 10.5, 14], "texture": "#ore", "cullface": "west"},
				"west": {"uv": [10, 13, 11, 14], "texture": "#ore", "cullface": "west"},
				"down": {"uv": [10, 13, 11, 13.5], "rotation": 270, "texture": "#ore", "cullface": "west"}
			}
		},
		{
			"from": [-0.25, 2, 9],
			"to": [0, 3, 10],
			"rotation": {"angle": 0, "axis": "y", "origin": [8, 8, 8]},
			"faces": {
				"north": {"uv": [9, 13, 10, 14], "texture": "#ore", "cullface": "west"},
				"west": {"uv": [9, 13, 10, 14], "texture": "#ore", "cullface": "west"},
				"down": {"uv": [9, 13, 10, 14], "rotation": 90, "texture": "#ore", "cullface": "west"}
			}
		},
		{
			"from": [-0.5, 5, 9],
			"to": [0, 6, 11],
			"rotation": {"angle": 0, "axis": "y", "origin": [8, 8, 8]},
			"faces": {
				"north": {"uv": [9, 10, 9.5, 11], "texture": "#ore", "cullface": "west"},
				"south": {"uv": [10, 10, 10.5, 11], "texture": "#ore", "cullface": "west"},
				"west": {"uv": [9, 10, 11, 11], "texture": "#ore", "cullface": "west"},
				"up": {"uv": [9, 10, 11, 10.5], "rotation": 90, "texture": "#ore", "cullface": "west"}
			}
		},
		{
			"from": [-0.5, 8, 4],
			"to": [0, 10, 8],
			"rotation": {"angle": 0, "axis": "y", "origin": [8, 8, 8]},
			"faces": {
				"north": {"uv": [4, 6, 4.5, 8], "texture": "#ore", "cullface": "west"},
				"south": {"uv": [7, 6, 7.5, 8], "texture": "#ore", "cullface": "west"},
				"west": {"uv": [4, 6, 8, 8], "texture": "#ore", "cullface": "west"},
				"up": {"uv": [4, 6, 8, 6.5], "rotation": 90, "texture": "#ore", "cullface": "west"},
				"down": {"uv": [4, 7, 8, 7.5], "rotation": 270, "texture": "#ore", "cullface": "west"}
			}
		},
		{
			"from": [-0.4, 7, 4],
			"to": [0.1, 8, 6],
			"rotation": {"angle": 0, "axis": "y", "origin": [8, 8, 8]},
			"faces": {
				"north": {"uv": [4, 8, 4.5, 9], "texture": "#ore", "cullface": "west"},
				"south": {"uv": [5, 8, 5.5, 9], "texture": "#ore", "cullface": "west"},
				"west": {"uv": [4, 8, 6, 9], "texture": "#ore", "cullface": "west"},
				"down": {"uv": [4, 8, 6, 8.5], "rotation": 270, "texture": "#ore", "cullface": "west"}
			}
		},
		{
			"from": [-0.4, 10, 5],
			"to": [0.1, 11, 8],
			"rotation": {"angle": 0, "axis": "y", "origin": [8, 8, 8]},
			"faces": {
				"north": {"uv": [5, 5, 5.5, 6], "texture": "#ore", "cullface": "west"},
				"south": {"uv": [7, 5, 7.5, 6], "texture": "#ore", "cullface": "west"},
				"west": {"uv": [5, 5, 8, 6], "texture": "#ore", "cullface": "west"},
				"up": {"uv": [5, 5, 8, 5.5], "rotation": 90, "texture": "#ore", "cullface": "west"}
			}
		},
		{
			"from": [4, 1, 16],
			"to": [6, 3, 16.5],
			"rotation": {"angle": 0, "axis": "y", "origin": [8, 8, 8]},
			"faces": {
				"east": {"uv": [5, 13, 5.5, 15], "texture": "#ore", "cullface": "south"},
				"south": {"uv": [4, 13, 6, 15], "texture": "#ore", "cullface": "south"},
				"west": {"uv": [4, 13, 4.5, 15], "texture": "#ore", "cullface": "south"},
				"up": {"uv": [4, 13, 6, 13.5], "texture": "#ore", "cullface": "south"},
				"down": {"uv": [4, 14, 6, 14.5], "texture": "#ore", "cullface": "south"}
			}
		},
		{
			"from": [13, 7, 16],
			"to": [15, 9, 16.5],
			"rotation": {"angle": 0, "axis": "y", "origin": [8, 8, 8]},
			"faces": {
				"east": {"uv": [5, 13, 5.5, 15], "texture": "#ore", "cullface": "south"},
				"south": {"uv": [13, 7, 15, 9], "texture": "#ore", "cullface": "south"},
				"west": {"uv": [4, 13, 4.5, 15], "texture": "#ore", "cullface": "south"},
				"up": {"uv": [4, 13, 6, 13.5], "texture": "#ore", "cullface": "south"},
				"down": {"uv": [4, 14, 6, 14.5], "texture": "#ore", "cullface": "south"}
			}
		},
		{
			"from": [10, 12, 15.9],
			"to": [12, 14, 16.4],
			"rotation": {"angle": 0, "axis": "y", "origin": [8, 8, 8]},
			"faces": {
				"east": {"uv": [5, 13, 5.5, 15], "texture": "#ore", "cullface": "south"},
				"south": {"uv": [10, 2, 12, 4], "texture": "#ore", "cullface": "south"},
				"west": {"uv": [4, 13, 4.5, 15], "texture": "#ore", "cullface": "south"},
				"up": {"uv": [4, 13, 6, 13.5], "texture": "#ore", "cullface": "south"},
				"down": {"uv": [4, 14, 6, 14.5], "texture": "#ore", "cullface": "south"}
			}
		},
		{
			"from": [2, 12, 16],
			"to": [4, 14, 16.25],
			"rotation": {"angle": 0, "axis": "y", "origin": [8, 8, 8]},
			"faces": {
				"east": {"uv": [5, 13, 5.5, 15], "texture": "#ore", "cullface": "south"},
				"south": {"uv": [2, 2, 4, 4], "texture": "#ore", "cullface": "south"},
				"west": {"uv": [4, 13, 4.5, 15], "texture": "#ore", "cullface": "south"},
				"up": {"uv": [4, 13, 6, 13.5], "texture": "#ore", "cullface": "south"},
				"down": {"uv": [4, 14, 6, 14.5], "texture": "#ore", "cullface": "south"}
			}
		},
		{
			"from": [1, 7, 16],
			"to": [3, 9, 16.25],
			"rotation": {"angle": 0, "axis": "y", "origin": [8, 8, 8]},
			"faces": {
				"east": {"uv": [5, 13, 5.5, 15], "texture": "#ore", "cullface": "south"},
				"south": {"uv": [1, 8, 3, 10], "texture": "#ore", "cullface": "south"},
				"west": {"uv": [4, 13, 4.5, 15], "texture": "#ore", "cullface": "south"},
				"up": {"uv": [4, 13, 6, 13.5], "texture": "#ore", "cullface": "south"},
				"down": {"uv": [4, 14, 6, 14.5], "texture": "#ore", "cullface": "south"}
			}
		},
		{
			"from": [8, 3, 16],
			"to": [13, 5, 16.5],
			"rotation": {"angle": 0, "axis": "y", "origin": [8, 8, 8]},
			"faces": {
				"east": {"uv": [12, 11, 12.5, 13], "texture": "#ore", "cullface": "south"},
				"south": {"uv": [8, 11, 13, 13], "texture": "#ore", "cullface": "south"},
				"west": {"uv": [8, 11, 8.5, 13], "texture": "#ore", "cullface": "south"},
				"up": {"uv": [8, 11, 13, 11.5], "texture": "#ore", "cullface": "south"},
				"down": {"uv": [8, 12, 13, 12.5], "texture": "#ore", "cullface": "south"}
			}
		},
		{
			"from": [10, 2, 15.9],
			"to": [11, 3, 16.4],
			"rotation": {"angle": 0, "axis": "y", "origin": [8, 8, 8]},
			"faces": {
				"east": {"uv": [10, 13, 10.5, 14], "texture": "#ore", "cullface": "south"},
				"south": {"uv": [10, 13, 11, 14], "texture": "#ore", "cullface": "south"},
				"west": {"uv": [10, 13, 10.5, 14], "texture": "#ore", "cullface": "south"},
				"down": {"uv": [10, 13, 11, 13.5], "texture": "#ore", "cullface": "south"}
			}
		},
		{
			"from": [9, 2, 16],
			"to": [10, 3, 16.25],
			"rotation": {"angle": 0, "axis": "y", "origin": [8, 8, 8]},
			"faces": {
				"south": {"uv": [9, 13, 10, 14], "texture": "#ore", "cullface": "south"},
				"west": {"uv": [9, 13, 10, 14], "texture": "#ore", "cullface": "south"},
				"down": {"uv": [9, 13, 10, 14], "rotation": 180, "texture": "#ore", "cullface": "south"}
			}
		},
		{
			"from": [9, 5, 16],
			"to": [11, 6, 16.5],
			"rotation": {"angle": 0, "axis": "y", "origin": [8, 8, 8]},
			"faces": {
				"east": {"uv": [10, 10, 10.5, 11], "texture": "#ore", "cullface": "south"},
				"south": {"uv": [9, 10, 11, 11], "texture": "#ore", "cullface": "south"},
				"west": {"uv": [9, 10, 9.5, 11], "texture": "#ore", "cullface": "south"},
				"up": {"uv": [9, 10, 11, 10.5], "texture": "#ore", "cullface": "south"}
			}
		},
		{
			"from": [4, 8, 16],
			"to": [8, 10, 16.5],
			"rotation": {"angle": 0, "axis": "y", "origin": [8, 8, 8]},
			"faces": {
				"east": {"uv": [7, 6, 7.5, 8], "texture": "#ore", "cullface": "south"},
				"south": {"uv": [4, 6, 8, 8], "texture": "#ore", "cullface": "south"},
				"west": {"uv": [4, 6, 4.5, 8], "texture": "#ore", "cullface": "south"},
				"up": {"uv": [4, 6, 8, 6.5], "texture": "#ore", "cullface": "south"},
				"down": {"uv": [4, 7, 8, 7.5], "texture": "#ore", "cullface": "south"}
			}
		},
		{
			"from": [4, 7, 15.9],
			"to": [6, 8, 16.4],
			"rotation": {"angle": 0, "axis": "y", "origin": [8, 8, 8]},
			"faces": {
				"east": {"uv": [5, 8, 5.5, 9], "texture": "#ore", "cullface": "south"},
				"south": {"uv": [4, 8, 6, 9], "texture": "#ore", "cullface": "south"},
				"west": {"uv": [4, 8, 4.5, 9], "texture": "#ore", "cullface": "south"},
				"down": {"uv": [4, 8, 6, 8.5], "texture": "#ore", "cullface": "south"}
			}
		},
		{
			"from": [5, 10, 15.9],
			"to": [8, 11, 16.4],
			"rotation": {"angle": 0, "axis": "y", "origin": [8, 8, 8]},
			"faces": {
				"east": {"uv": [7, 5, 7.5, 6], "texture": "#ore", "cullface": "south"},
				"south": {"uv": [5, 5, 8, 6], "texture": "#ore", "cullface": "south"},
				"west": {"uv": [5, 5, 5.5, 6], "texture": "#ore", "cullface": "south"},
				"up": {"uv": [5, 5, 8, 5.5], "texture": "#ore", "cullface": "south"}
			}
		},
		{
			"from": [16, 1, 10],
			"to": [16.5, 3, 12],
			"rotation": {"angle": 0, "axis": "y", "origin": [8, 8, 8]},
			"faces": {
				"north": {"uv": [5, 13, 5.5, 15], "texture": "#ore", "cullface": "east"},
				"east": {"uv": [4, 13, 6, 15], "texture": "#ore", "cullface": "east"},
				"south": {"uv": [4, 13, 4.5, 15], "texture": "#ore", "cullface": "east"},
				"up": {"uv": [4, 13, 6, 13.5], "rotation": 270, "texture": "#ore", "cullface": "east"},
				"down": {"uv": [4, 14, 6, 14.5], "rotation": 90, "texture": "#ore", "cullface": "east"}
			}
		},
		{
			"from": [16, 7, 1],
			"to": [16.5, 9, 3],
			"rotation": {"angle": 0, "axis": "y", "origin": [8, 8, 8]},
			"faces": {
				"north": {"uv": [5, 13, 5.5, 15], "texture": "#ore", "cullface": "east"},
				"east": {"uv": [13, 7, 15, 9], "texture": "#ore", "cullface": "east"},
				"south": {"uv": [4, 13, 4.5, 15], "texture": "#ore", "cullface": "east"},
				"up": {"uv": [4, 13, 6, 13.5], "rotation": 270, "texture": "#ore", "cullface": "east"},
				"down": {"uv": [4, 14, 6, 14.5], "rotation": 90, "texture": "#ore", "cullface": "east"}
			}
		},
		{
			"from": [15.9, 12, 4],
			"to": [16.4, 14, 6],
			"rotation": {"angle": 0, "axis": "y", "origin": [8, 8, 8]},
			"faces": {
				"north": {"uv": [5, 13, 5.5, 15], "texture": "#ore", "cullface": "east"},
				"east": {"uv": [10, 2, 12, 4], "texture": "#ore", "cullface": "east"},
				"south": {"uv": [4, 13, 4.5, 15], "texture": "#ore", "cullface": "east"},
				"up": {"uv": [4, 13, 6, 13.5], "rotation": 270, "texture": "#ore", "cullface": "east"},
				"down": {"uv": [4, 14, 6, 14.5], "rotation": 90, "texture": "#ore", "cullface": "east"}
			}
		},
		{
			"from": [16, 12, 12],
			"to": [16.25, 14, 14],
			"rotation": {"angle": 0, "axis": "y", "origin": [8, 8, 8]},
			"faces": {
				"north": {"uv": [5, 13, 5.5, 15], "texture": "#ore", "cullface": "east"},
				"east": {"uv": [2, 2, 4, 4], "texture": "#ore", "cullface": "east"},
				"south": {"uv": [4, 13, 4.5, 15], "texture": "#ore", "cullface": "east"},
				"up": {"uv": [4, 13, 6, 13.5], "rotation": 270, "texture": "#ore", "cullface": "east"},
				"down": {"uv": [4, 14, 6, 14.5], "rotation": 90, "texture": "#ore", "cullface": "east"}
			}
		},
		{
			"from": [16, 7, 13],
			"to": [16.25, 9, 15],
			"rotation": {"angle": 0, "axis": "y", "origin": [8, 8, 8]},
			"faces": {
				"north": {"uv": [5, 13, 5.5, 15], "texture": "#ore", "cullface": "east"},
				"east": {"uv": [1, 8, 3, 10], "texture": "#ore", "cullface": "east"},
				"south": {"uv": [4, 13, 4.5, 15], "texture": "#ore", "cullface": "east"},
				"up": {"uv": [4, 13, 6, 13.5], "rotation": 270, "texture": "#ore", "cullface": "east"},
				"down": {"uv": [4, 14, 6, 14.5], "rotation": 90, "texture": "#ore", "cullface": "east"}
			}
		},
		{
			"from": [16, 3, 3],
			"to": [16.5, 5, 8],
			"rotation": {"angle": 0, "axis": "y", "origin": [8, 8, 8]},
			"faces": {
				"north": {"uv": [12, 11, 12.5, 13], "texture": "#ore", "cullface": "east"},
				"east": {"uv": [8, 11, 13, 13], "texture": "#ore", "cullface": "east"},
				"south": {"uv": [8, 11, 8.5, 13], "texture": "#ore", "cullface": "east"},
				"up": {"uv": [8, 11, 13, 11.5], "rotation": 270, "texture": "#ore", "cullface": "east"},
				"down": {"uv": [8, 12, 13, 12.5], "rotation": 90, "texture": "#ore", "cullface": "east"}
			}
		},
		{
			"from": [15.9, 2, 5],
			"to": [16.4, 3, 6],
			"rotation": {"angle": 0, "axis": "y", "origin": [8, 8, 8]},
			"faces": {
				"north": {"uv": [10, 13, 10.5, 14], "texture": "#ore", "cullface": "east"},
				"east": {"uv": [10, 13, 11, 14], "texture": "#ore", "cullface": "east"},
				"south": {"uv": [10, 13, 10.5, 14], "texture": "#ore", "cullface": "east"},
				"down": {"uv": [10, 13, 11, 13.5], "rotation": 90, "texture": "#ore", "cullface": "east"}
			}
		},
		{
			"from": [16, 2, 6],
			"to": [16.25, 3, 7],
			"rotation": {"angle": 0, "axis": "y", "origin": [8, 8, 8]},
			"faces": {
				"east": {"uv": [9, 13, 10, 14], "texture": "#ore", "cullface": "east"},
				"south": {"uv": [9, 13, 10, 14], "texture": "#ore", "cullface": "east"},
				"down": {"uv": [9, 13, 10, 14], "rotation": 270, "texture": "#ore", "cullface": "east"}
			}
		},
		{
			"from": [16, 5, 5],
			"to": [16.5, 6, 7],
			"rotation": {"angle": 0, "axis": "y", "origin": [8, 8, 8]},
			"faces": {
				"north": {"uv": [10, 10, 10.5, 11], "texture": "#ore", "cullface": "east"},
				"east": {"uv": [9, 10, 11, 11], "texture": "#ore", "cullface": "east"},
				"south": {"uv": [9, 10, 9.5, 11], "texture": "#ore", "cullface": "east"},
				"up": {"uv": [9, 10, 11, 10.5], "rotation": 270, "texture": "#ore", "cullface": "east"}
			}
		},
		{
			"from": [16, 8, 8],
			"to": [16.5, 10, 12],
			"rotation": {"angle": 0, "axis": "y", "origin": [8, 8, 8]},
			"faces": {
				"north": {"uv": [7, 6, 7.5, 8], "texture": "#ore", "cullface": "east"},
				"east": {"uv": [4, 6, 8, 8], "texture": "#ore", "cullface": "east"},
				"south": {"uv": [4, 6, 4.5, 8], "texture": "#ore", "cullface": "east"},
				"up": {"uv": [4, 6, 8, 6.5], "rotation": 270, "texture": "#ore", "cullface": "east"},
				"down": {"uv": [4, 7, 8, 7.5], "rotation": 90, "texture": "#ore", "cullface": "east"}
			}
		},
		{
			"from": [15.9, 7, 10],
			"to": [16.4, 8, 12],
			"rotation": {"angle": 0, "axis": "y", "origin": [8, 8, 8]},
			"faces": {
				"north": {"uv": [5, 8, 5.5, 9], "texture": "#ore", "cullface": "east"},
				"east": {"uv": [4, 8, 6, 9], "texture": "#ore", "cullface": "east"},
				"south": {"uv": [4, 8, 4.5, 9], "texture": "#ore", "cullface": "east"},
				"down": {"uv": [4, 8, 6, 8.5], "rotation": 90, "texture": "#ore", "cullface": "east"}
			}
		},
		{
			"from": [15.9, 10, 8],
			"to": [16.4, 11, 11],
			"rotation": {"angle": 0, "axis": "y", "origin": [8, 8, 8]},
			"faces": {
				"north": {"uv": [7, 5, 7.5, 6], "texture": "#ore", "cullface": "east"},
				"east": {"uv": [5, 5, 8, 6], "texture": "#ore", "cullface": "east"},
				"south": {"uv": [5, 5, 5.5, 6], "texture": "#ore", "cullface": "east"},
				"up": {"uv": [5, 5, 8, 5.5], "rotation": 270, "texture": "#ore", "cullface": "east"}
			}
		},
		{
			"from": [4, 16, 13],
			"to": [6, 16.5, 15],
			"rotation": {"angle": 0, "axis": "y", "origin": [8, 8, 8]},
			"faces": {
				"north": {"uv": [4, 13, 6, 13.5], "rotation": 180, "texture": "#ore", "cullface": "up"},
				"east": {"uv": [5, 13, 5.5, 15], "rotation": 90, "texture": "#ore", "cullface": "up"},
				"south": {"uv": [4, 14, 6, 14.5], "texture": "#ore", "cullface": "up"},
				"west": {"uv": [4, 13, 4.5, 15], "rotation": 270, "texture": "#ore", "cullface": "up"},
				"up": {"uv": [4, 13, 6, 15], "texture": "#ore", "cullface": "up"}
			}
		},
		{
			"from": [13, 16, 7],
			"to": [15, 16.5, 9],
			"rotation": {"angle": 0, "axis": "y", "origin": [8, 8, 8]},
			"faces": {
				"north": {"uv": [4, 13, 6, 13.5], "rotation": 180, "texture": "#ore", "cullface": "up"},
				"east": {"uv": [5, 13, 5.5, 15], "rotation": 90, "texture": "#ore", "cullface": "up"},
				"south": {"uv": [4, 14, 6, 14.5], "texture": "#ore", "cullface": "up"},
				"west": {"uv": [4, 13, 4.5, 15], "rotation": 270, "texture": "#ore", "cullface": "up"},
				"up": {"uv": [13, 7, 15, 9], "texture": "#ore", "cullface": "up"}
			}
		},
		{
			"from": [10, 15.9, 2],
			"to": [12, 16.4, 4],
			"rotation": {"angle": 0, "axis": "y", "origin": [8, 8, 8]},
			"faces": {
				"north": {"uv": [4, 13, 6, 13.5], "rotation": 180, "texture": "#ore", "cullface": "up"},
				"east": {"uv": [5, 13, 5.5, 15], "rotation": 90, "texture": "#ore", "cullface": "up"},
				"south": {"uv": [4, 14, 6, 14.5], "texture": "#ore", "cullface": "up"},
				"west": {"uv": [4, 13, 4.5, 15], "rotation": 270, "texture": "#ore", "cullface": "up"},
				"up": {"uv": [10, 2, 12, 4], "texture": "#ore", "cullface": "up"}
			}
		},
		{
			"from": [2, 16, 2],
			"to": [4, 16.25, 4],
			"rotation": {"angle": 0, "axis": "y", "origin": [8, 8, 8]},
			"faces": {
				"north": {"uv": [4, 13, 6, 13.5], "rotation": 180, "texture": "#ore", "cullface": "up"},
				"east": {"uv": [5, 13, 5.5, 15], "rotation": 90, "texture": "#ore", "cullface": "up"},
				"south": {"uv": [4, 14, 6, 14.5], "texture": "#ore", "cullface": "up"},
				"west": {"uv": [4, 13, 4.5, 15], "rotation": 270, "texture": "#ore", "cullface": "up"},
				"up": {"uv": [2, 2, 4, 4], "texture": "#ore", "cullface": "up"}
			}
		},
		{
			"from": [1, 16, 7],
			"to": [3, 16.25, 9],
			"rotation": {"angle": 0, "axis": "y", "origin": [8, 8, 8]},
			"faces": {
				"north": {"uv": [4, 13, 6, 13.5], "rotation": 180, "texture": "#ore", "cullface": "up"},
				"east": {"uv": [5, 13, 5.5, 15], "rotation": 90, "texture": "#ore", "cullface": "up"},
				"south": {"uv": [4, 14, 6, 14.5], "texture": "#ore", "cullface": "up"},
				"west": {"uv": [4, 13, 4.5, 15], "rotation": 270, "texture": "#ore", "cullface": "up"},
				"up": {"uv": [1, 8, 3, 10], "texture": "#ore", "cullface": "up"}
			}
		},
		{
			"from": [8, 16, 11],
			"to": [13, 16.5, 13],
			"rotation": {"angle": 0, "axis": "y", "origin": [8, 8, 8]},
			"faces": {
				"north": {"uv": [8, 11, 13, 11.5], "rotation": 180, "texture": "#ore", "cullface": "up"},
				"east": {"uv": [12, 11, 12.5, 13], "rotation": 90, "texture": "#ore", "cullface": "up"},
				"south": {"uv": [8, 12, 13, 12.5], "texture": "#ore", "cullface": "up"},
				"west": {"uv": [8, 11, 8.5, 13], "rotation": 270, "texture": "#ore", "cullface": "up"},
				"up": {"uv": [8, 11, 13, 13], "texture": "#ore", "cullface": "up"}
			}
		},
		{
			"from": [10, 15.9, 13],
			"to": [11, 16.4, 14],
			"rotation": {"angle": 0, "axis": "y", "origin": [8, 8, 8]},
			"faces": {
				"east": {"uv": [10, 13, 10.5, 14], "rotation": 90, "texture": "#ore", "cullface": "up"},
				"south": {"uv": [10, 13, 11, 13.5], "texture": "#ore", "cullface": "up"},
				"west": {"uv": [10, 13, 10.5, 14], "rotation": 270, "texture": "#ore", "cullface": "up"},
				"up": {"uv": [10, 13, 11, 14], "texture": "#ore", "cullface": "up"}
			}
		},
		{
			"from": [9, 16, 13],
			"to": [10, 16.25, 14],
			"rotation": {"angle": 0, "axis": "y", "origin": [8, 8, 8]},
			"faces": {
				"south": {"uv": [9, 13, 10, 14], "rotation": 180, "texture": "#ore", "cullface": "up"},
				"west": {"uv": [9, 13, 10, 14], "rotation": 270, "texture": "#ore", "cullface": "up"},
				"up": {"uv": [9, 13, 10, 14], "texture": "#ore", "cullface": "up"}
			}
		},
		{
			"from": [9, 16, 10],
			"to": [11, 16.5, 11],
			"rotation": {"angle": 0, "axis": "y", "origin": [8, 8, 8]},
			"faces": {
				"north": {"uv": [9, 10, 11, 10.5], "rotation": 180, "texture": "#ore", "cullface": "up"},
				"east": {"uv": [10, 10, 10.5, 11], "rotation": 90, "texture": "#ore", "cullface": "up"},
				"west": {"uv": [9, 10, 9.5, 11], "rotation": 270, "texture": "#ore", "cullface": "up"},
				"up": {"uv": [9, 10, 11, 11], "texture": "#ore", "cullface": "up"}
			}
		},
		{
			"from": [4, 16, 6],
			"to": [8, 16.5, 8],
			"rotation": {"angle": 0, "axis": "y", "origin": [8, 8, 8]},
			"faces": {
				"north": {"uv": [4, 6, 8, 6.5], "rotation": 180, "texture": "#ore", "cullface": "up"},
				"east": {"uv": [7, 6, 7.5, 8], "rotation": 90, "texture": "#ore", "cullface": "up"},
				"south": {"uv": [4, 7, 8, 7.5], "texture": "#ore", "cullface": "up"},
				"west": {"uv": [4, 6, 4.5, 8], "rotation": 270, "texture": "#ore", "cullface": "up"},
				"up": {"uv": [4, 6, 8, 8], "texture": "#ore", "cullface": "up"}
			}
		},
		{
			"from": [4, 15.9, 8],
			"to": [6, 16.4, 9],
			"rotation": {"angle": 0, "axis": "y", "origin": [8, 8, 8]},
			"faces": {
				"east": {"uv": [5, 8, 5.5, 9], "rotation": 90, "texture": "#ore", "cullface": "up"},
				"south": {"uv": [4, 8, 6, 8.5], "texture": "#ore", "cullface": "up"},
				"west": {"uv": [4, 8, 4.5, 9], "rotation": 270, "texture": "#ore", "cullface": "up"},
				"up": {"uv": [4, 8, 6, 9], "texture": "#ore", "cullface": "up"}
			}
		},
		{
			"from": [5, 15.9, 5],
			"to": [8, 16.4, 6],
			"rotation": {"angle": 0, "axis": "y", "origin": [8, 8, 8]},
			"faces": {
				"north": {"uv": [5, 5, 8, 5.5], "rotation": 180, "texture": "#ore", "cullface": "up"},
				"east": {"uv": [7, 5, 7.5, 6], "rotation": 90, "texture": "#ore", "cullface": "up"},
				"west": {"uv": [5, 5, 5.5, 6], "rotation": 270, "texture": "#ore", "cullface": "up"},
				"up": {"uv": [5, 5, 8, 6], "texture": "#ore", "cullface": "up"}
			}
		},
		{
			"from": [4, -0.5, 1],
			"to": [6, 0, 3],
			"rotation": {"angle": 0, "axis": "x", "origin": [8, 8, 8]},
			"faces": {
				"north": {"uv": [4, 14, 6, 14.5], "rotation": 180, "texture": "#ore", "cullface": "down"},
				"east": {"uv": [5, 13, 5.5, 15], "rotation": 270, "texture": "#ore", "cullface": "down"},
				"south": {"uv": [4, 13, 6, 13.5], "texture": "#ore", "cullface": "down"},
				"west": {"uv": [4, 13, 4.5, 15], "rotation": 90, "texture": "#ore", "cullface": "down"},
				"down": {"uv": [4, 13, 6, 15], "texture": "#ore", "cullface": "down"}
			}
		},
		{
			"from": [13, -0.5, 7],
			"to": [15, 0, 9],
			"rotation": {"angle": 0, "axis": "x", "origin": [8, 8, 8]},
			"faces": {
				"north": {"uv": [4, 14, 6, 14.5], "rotation": 180, "texture": "#ore", "cullface": "down"},
				"east": {"uv": [5, 13, 5.5, 15], "rotation": 270, "texture": "#ore", "cullface": "down"},
				"south": {"uv": [4, 13, 6, 13.5], "texture": "#ore", "cullface": "down"},
				"west": {"uv": [4, 13, 4.5, 15], "rotation": 90, "texture": "#ore", "cullface": "down"},
				"down": {"uv": [13, 7, 15, 9], "texture": "#ore", "cullface": "down"}
			}
		},
		{
			"from": [10, -0.4, 12],
			"to": [12, 0.1, 14],
			"rotation": {"angle": 0, "axis": "x", "origin": [8, 8, 8]},
			"faces": {
				"north": {"uv": [4, 14, 6, 14.5], "rotation": 180, "texture": "#ore", "cullface": "down"},
				"east": {"uv": [5, 13, 5.5, 15], "rotation": 270, "texture": "#ore", "cullface": "down"},
				"south": {"uv": [4, 13, 6, 13.5], "texture": "#ore", "cullface": "down"},
				"west": {"uv": [4, 13, 4.5, 15], "rotation": 90, "texture": "#ore", "cullface": "down"},
				"down": {"uv": [10, 2, 12, 4], "texture": "#ore", "cullface": "down"}
			}
		},
		{
			"from": [2, -0.25, 12],
			"to": [4, 0, 14],
			"rotation": {"angle": 0, "axis": "x", "origin": [8, 8, 8]},
			"faces": {
				"north": {"uv": [4, 14, 6, 14.5], "rotation": 180, "texture": "#ore", "cullface": "down"},
				"east": {"uv": [5, 13, 5.5, 15], "rotation": 270, "texture": "#ore", "cullface": "down"},
				"south": {"uv": [4, 13, 6, 13.5], "texture": "#ore", "cullface": "down"},
				"west": {"uv": [4, 13, 4.5, 15], "rotation": 90, "texture": "#ore", "cullface": "down"},
				"down": {"uv": [2, 2, 4, 4], "texture": "#ore", "cullface": "down"}
			}
		},
		{
			"from": [1, -0.25, 7],
			"to": [3, 0, 9],
			"rotation": {"angle": 0, "axis": "x", "origin": [8, 8, 8]},
			"faces": {
				"north": {"uv": [4, 14, 6, 14.5], "rotation": 180, "texture": "#ore", "cullface": "down"},
				"east": {"uv": [5, 13, 5.5, 15], "rotation": 270, "texture": "#ore", "cullface": "down"},
				"south": {"uv": [4, 13, 6, 13.5], "texture": "#ore", "cullface": "down"},
				"west": {"uv": [4, 13, 4.5, 15], "rotation": 90, "texture": "#ore", "cullface": "down"},
				"down": {"uv": [1, 8, 3, 10], "texture": "#ore", "cullface": "down"}
			}
		},
		{
			"from": [8, -0.5, 3],
			"to": [13, 0, 5],
			"rotation": {"angle": 0, "axis": "x", "origin": [8, 8, 8]},
			"faces": {
				"north": {"uv": [8, 12, 13, 12.5], "rotation": 180, "texture": "#ore", "cullface": "down"},
				"east": {"uv": [12, 11, 12.5, 13], "rotation": 270, "texture": "#ore", "cullface": "down"},
				"south": {"uv": [8, 11, 13, 11.5], "texture": "#ore", "cullface": "down"},
				"west": {"uv": [8, 11, 8.5, 13], "rotation": 90, "texture": "#ore", "cullface": "down"},
				"down": {"uv": [8, 11, 13, 13], "texture": "#ore", "cullface": "down"}
			}
		},
		{
			"from": [10, -0.4, 2],
			"to": [11, 0.1, 3],
			"rotation": {"angle": 0, "axis": "x", "origin": [8, 8, 8]},
			"faces": {
				"north": {"uv": [10, 13, 11, 13.5], "rotation": 180, "texture": "#ore", "cullface": "down"},
				"east": {"uv": [10, 13, 10.5, 14], "rotation": 270, "texture": "#ore", "cullface": "down"},
				"west": {"uv": [10, 13, 10.5, 14], "rotation": 90, "texture": "#ore", "cullface": "down"},
				"down": {"uv": [10, 13, 11, 14], "texture": "#ore", "cullface": "down"}
			}
		},
		{
			"from": [9, -0.25, 2],
			"to": [10, 0, 3],
			"rotation": {"angle": 0, "axis": "x", "origin": [8, 8, 8]},
			"faces": {
				"north": {"uv": [9, 13, 10, 14], "texture": "#ore", "cullface": "down"},
				"west": {"uv": [9, 13, 10, 14], "rotation": 90, "texture": "#ore", "cullface": "down"},
				"down": {"uv": [9, 13, 10, 14], "texture": "#ore", "cullface": "down"}
			}
		},
		{
			"from": [9, -0.5, 5],
			"to": [11, 0, 6],
			"rotation": {"angle": 0, "axis": "x", "origin": [8, 8, 8]},
			"faces": {
				"east": {"uv": [10, 10, 10.5, 11], "rotation": 270, "texture": "#ore", "cullface": "down"},
				"south": {"uv": [9, 10, 11, 10.5], "texture": "#ore", "cullface": "down"},
				"west": {"uv": [9, 10, 9.5, 11], "rotation": 90, "texture": "#ore", "cullface": "down"},
				"down": {"uv": [9, 10, 11, 11], "texture": "#ore", "cullface": "down"}
			}
		},
		{
			"from": [4, -0.5, 8],
			"to": [8, 0, 10],
			"rotation": {"angle": 0, "axis": "x", "origin": [8, 8, 8]},
			"faces": {
				"north": {"uv": [4, 7, 8, 7.5], "rotation": 180, "texture": "#ore", "cullface": "down"},
				"east": {"uv": [7, 6, 7.5, 8], "rotation": 270, "texture": "#ore", "cullface": "down"},
				"south": {"uv": [4, 6, 8, 6.5], "texture": "#ore", "cullface": "down"},
				"west": {"uv": [4, 6, 4.5, 8], "rotation": 90, "texture": "#ore", "cullface": "down"},
				"down": {"uv": [4, 6, 8, 8], "texture": "#ore", "cullface": "down"}
			}
		},
		{
			"from": [4, -0.4, 7],
			"to": [6, 0.1, 8],
			"rotation": {"angle": 0, "axis": "x", "origin": [8, 8, 8]},
			"faces": {
				"north": {"uv": [4, 8, 6, 8.5], "rotation": 180, "texture": "#ore", "cullface": "down"},
				"east": {"uv": [5, 8, 5.5, 9], "rotation": 270, "texture": "#ore", "cullface": "down"},
				"west": {"uv": [4, 8, 4.5, 9], "rotation": 90, "texture": "#ore", "cullface": "down"},
				"down": {"uv": [4, 8, 6, 9], "texture": "#ore", "cullface": "down"}
			}
		},
		{
			"from": [5, -0.4, 10],
			"to": [8, 0.1, 11],
			"rotation": {"angle": 0, "axis": "x", "origin": [8, 8, 8]},
			"faces": {
				"east": {"uv": [7, 5, 7.5, 6], "rotation": 270, "texture": "#ore", "cullface": "down"},
				"south": {"uv": [5, 5, 8, 5.5], "texture": "#ore", "cullface": "down"},
				"west": {"uv": [5, 5, 5.5, 6], "rotation": 90, "texture": "#ore", "cullface": "down"},
				"down": {"uv": [5, 5, 8, 6], "texture": "#ore", "cullface": "down"}
			}
		}
	],
	"groups": [0,
		{
			"name": "N",
			"origin": [8, 8, 8],
			"children": [
				{
					"name": "1_1",
					"origin": [8, 8, 8],
					"children": [1]
				},
				{
					"name": "2_1",
					"origin": [8, 8, 8],
					"children": [2]
				},
				{
					"name": "3_1",
					"origin": [8, 8, 8],
					"children": [3]
				},
				{
					"name": "4_1",
					"origin": [8, 8, 8],
					"children": [4]
				},
				{
					"name": "5_1",
					"origin": [8, 8, 8],
					"children": [5]
				},
				{
					"name": "6_1",
					"origin": [8, 8, 8],
					"children": [6, 7, 8, 9]
				},
				{
					"name": "7_1",
					"origin": [8, 8, 8],
					"children": [10, 11, 12]
				}
			]
		},
		{
			"name": "E",
			"origin": [8, 8, 8],
			"children": [
				{
					"name": "1_1",
					"origin": [8, 8, 8],
					"children": [13]
				},
				{
					"name": "2_1",
					"origin": [8, 8, 8],
					"children": [14]
				},
				{
					"name": "3_1",
					"origin": [8, 8, 8],
					"children": [15]
				},
				{
					"name": "4_1",
					"origin": [8, 8, 8],
					"children": [16]
				},
				{
					"name": "5_1",
					"origin": [8, 8, 8],
					"children": [17]
				},
				{
					"name": "6_1",
					"origin": [8, 8, 8],
					"children": [18, 19, 20, 21]
				},
				{
					"name": "7_1",
					"origin": [8, 8, 8],
					"children": [22, 23, 24]
				}
			]
		},
		{
			"name": "S",
			"origin": [8, 8, 8],
			"children": [
				{
					"name": "1_1",
					"origin": [8, 8, 8],
					"children": [25]
				},
				{
					"name": "2_1",
					"origin": [8, 8, 8],
					"children": [26]
				},
				{
					"name": "3_1",
					"origin": [8, 8, 8],
					"children": [27]
				},
				{
					"name": "4_1",
					"origin": [8, 8, 8],
					"children": [28]
				},
				{
					"name": "5_1",
					"origin": [8, 8, 8],
					"children": [29]
				},
				{
					"name": "6_1",
					"origin": [8, 8, 8],
					"children": [30, 31, 32, 33]
				},
				{
					"name": "7_1",
					"origin": [8, 8, 8],
					"children": [34, 35, 36]
				}
			]
		},
		{
			"name": "W",
			"origin": [8, 8, 8],
			"children": [
				{
					"name": "1_1",
					"origin": [8, 8, 8],
					"children": [37]
				},
				{
					"name": "2_1",
					"origin": [8, 8, 8],
					"children": [38]
				},
				{
					"name": "3_1",
					"origin": [8, 8, 8],
					"children": [39]
				},
				{
					"name": "4_1",
					"origin": [8, 8, 8],
					"children": [40]
				},
				{
					"name": "5_1",
					"origin": [8, 8, 8],
					"children": [41]
				},
				{
					"name": "6_1",
					"origin": [8, 8, 8],
					"children": [42, 43, 44, 45]
				},
				{
					"name": "7_1",
					"origin": [8, 8, 8],
					"children": [46, 47, 48]
				}
			]
		},
		{
			"name": "U",
			"origin": [8, 8, 8],
			"children": [
				{
					"name": "1_1",
					"origin": [8, 8, 8],
					"children": [49]
				},
				{
					"name": "2_1",
					"origin": [8, 8, 8],
					"children": [50]
				},
				{
					"name": "3_1",
					"origin": [8, 8, 8],
					"children": [51]
				},
				{
					"name": "4_1",
					"origin": [8, 8, 8],
					"children": [52]
				},
				{
					"name": "5_1",
					"origin": [8, 8, 8],
					"children": [53]
				},
				{
					"name": "6_1",
					"origin": [8, 8, 8],
					"children": [54, 55, 56, 57]
				},
				{
					"name": "7_1",
					"origin": [8, 8, 8],
					"children": [58, 59, 60]
				}
			]
		},
		{
			"name": "D",
			"origin": [8, 8, 8],
			"children": [
				{
					"name": "1_1",
					"origin": [8, 8, 8],
					"children": [61]
				},
				{
					"name": "2_1",
					"origin": [8, 8, 8],
					"children": [62]
				},
				{
					"name": "3_1",
					"origin": [8, 8, 8],
					"children": [63]
				},
				{
					"name": "4_1",
					"origin": [8, 8, 8],
					"children": [64]
				},
				{
					"name": "5_1",
					"origin": [8, 8, 8],
					"children": [65]
				},
				{
					"name": "6_1",
					"origin": [8, 8, 8],
					"children": [66, 67, 68, 69]
				},
				{
					"name": "7_1",
					"origin": [8, 8, 8],
					"children": [70, 71, 72]
				}
			]
		}
	]
}