{
	"credit": "Made by TheWaschtlPlays using Blockbench",
	"ambientocclusion": false,
	"textures": {
		"2": "blocks/redstone_torch_off",
		"particle": "blocks/cobblestone",
		"base": "blocks/cobblestone",
		"lever": "blocks/lever"
	},
	"elements": [
		{
			"from": [5, -1, 4],
			"to": [11, 3, 12],
			"faces": {
				"north": {"uv": [5, 0, 11, 4], "texture": "#base"},
				"east": {"uv": [4, 0, 12, 4], "texture": "#base"},
				"south": {"uv": [5, 0, 11, 4], "texture": "#base"},
				"west": {"uv": [4, 0, 12, 4], "texture": "#base"},
				"up": {"uv": [5, 4, 11, 12], "texture": "#base"},
				"down": {"uv": [5, 4, 11, 12], "texture": "#base", "cullface": "down"}
			}
		},
		{
			"from": [7.25, 3, 7.25],
			"to": [8.75, 9, 8.75],
			"rotation": {"angle": -45, "axis": "x", "origin": [8, 1, 8]},
			"faces": {
				"north": {"uv": [7.25, 8, 8.75, 16], "texture": "#2"},
				"east": {"uv": [7.25, 8, 8.75, 16], "texture": "#2"},
				"south": {"uv": [7.25, 8, 8.75, 16], "texture": "#2"},
				"west": {"uv": [7.25, 8, 8.75, 16], "texture": "#2"}
			}
		},
		{
			"from": [7, 9, 7],
			"to": [9, 11, 9],
			"rotation": {"angle": -45, "axis": "x", "origin": [8, 1, 8]},
			"faces": {
				"north": {"uv": [7, 6, 9, 8], "rotation": 180, "texture": "#lever"},
				"east": {"uv": [7, 6, 9, 8], "texture": "#lever"},
				"south": {"uv": [7, 6, 9, 8], "texture": "#lever"},
				"west": {"uv": [7, 6, 9, 8], "texture": "#lever"},
				"up": {"uv": [7, 6, 9, 8], "texture": "#lever"},
				"down": {"uv": [7, 6, 9, 8], "texture": "#lever"}
			}
		}
	]
}