{
	"credit": "Made by TheWaschtlPlays using Blockbench",
	"textures": {
		"0": "blocks/nether_quartz_ore",
		"particle": "blocks/nether_quartz_ore"
	},
	"elements": [
		{
			"from": [0, 0, 0],
			"to": [16, 16, 16],
			"faces": {
				"north": {"uv": [0, 0, 16, 16], "texture": "#0", "cullface": "north"},
				"east": {"uv": [0, 0, 16, 16], "texture": "#0", "cullface": "east"},
				"south": {"uv": [0, 0, 16, 16], "texture": "#0", "cullface": "south"},
				"west": {"uv": [0, 0, 16, 16], "texture": "#0", "cullface": "west"},
				"up": {"uv": [0, 0, 16, 16], "texture": "#0", "cullface": "up"},
				"down": {"uv": [0, 0, 16, 16], "texture": "#0", "cullface": "down"}
			}
		},
		{
			"from": [2, 3, -0.4],
			"to": [3, 4, 0.1],
			"faces": {
				"north": {"uv": [13, 12, 14, 13], "texture": "#0", "cullface": "north"},
				"east": {"uv": [13, 12, 13.5, 13], "texture": "#0", "cullface": "north"},
				"west": {"uv": [12, 13, 13, 14], "texture": "#0", "cullface": "north"},
				"up": {"uv": [13, 12, 14, 12.5], "rotation": 180, "texture": "#0", "cullface": "north"},
				"down": {"uv": [13, 12, 14, 12.5], "rotation": 180, "texture": "#0", "cullface": "north"}
			}
		},
		{
			"from": [3, 2, -0.25],
			"to": [5, 3, 0],
			"faces": {
				"north": {"uv": [11, 13, 13, 14], "texture": "#0", "cullface": "north"},
				"east": {"uv": [11, 13, 12, 14], "texture": "#0", "cullface": "north"},
				"west": {"uv": [12, 13, 13, 14], "texture": "#0", "cullface": "north"},
				"up": {"uv": [11, 13, 13, 14], "rotation": 180, "texture": "#0", "cullface": "north"},
				"down": {"uv": [11, 13, 13, 13.5], "rotation": 180, "texture": "#0", "cullface": "north"}
			}
		},
		{
			"from": [6, 3, -0.4],
			"to": [7, 5, 0.1],
			"faces": {
				"north": {"uv": [9, 11, 10, 13], "texture": "#0", "cullface": "north"},
				"east": {"uv": [9, 11, 9.5, 13], "texture": "#0", "cullface": "north"},
				"west": {"uv": [9, 11, 9.5, 13], "texture": "#0", "cullface": "north"},
				"up": {"uv": [9, 11, 10, 11.5], "rotation": 180, "texture": "#0", "cullface": "north"},
				"down": {"uv": [9, 12, 10, 12.5], "rotation": 180, "texture": "#0", "cullface": "north"}
			}
		},
		{
			"from": [7, 3, -0.4],
			"to": [9, 4, 0.1],
			"faces": {
				"north": {"uv": [7, 12, 9, 13], "texture": "#0", "cullface": "north"},
				"east": {"uv": [7, 12, 8, 13], "texture": "#0", "cullface": "north"},
				"up": {"uv": [7, 12, 9, 13], "rotation": 180, "texture": "#0", "cullface": "north"},
				"down": {"uv": [7, 12, 9, 12.5], "rotation": 180, "texture": "#0", "cullface": "north"}
			}
		},
		{
			"from": [7, 2, -0.25],
			"to": [8, 3, 0],
			"faces": {
				"north": {"uv": [8, 13, 9, 14], "texture": "#0", "cullface": "north"},
				"east": {"uv": [8, 13, 9, 14], "texture": "#0", "cullface": "north"},
				"west": {"uv": [8, 13, 9, 14], "texture": "#0", "cullface": "north"},
				"down": {"uv": [8, 13, 9, 14], "texture": "#0", "cullface": "north"}
			}
		},
		{
			"from": [1, 7, -0.25],
			"to": [3, 9, 0],
			"faces": {
				"north": {"uv": [13, 7, 15, 9], "texture": "#0", "cullface": "north"},
				"east": {"uv": [13, 7, 13.5, 9], "texture": "#0", "cullface": "north"},
				"west": {"uv": [14, 7, 14.5, 9], "texture": "#0", "cullface": "north"},
				"up": {"uv": [13, 7, 15, 7.5], "rotation": 180, "texture": "#0", "cullface": "north"}
			}
		},
		{
			"from": [1, 6, -0.5],
			"to": [4, 7, 0],
			"faces": {
				"north": {"uv": [12, 9, 15, 10], "texture": "#0", "cullface": "north"},
				"east": {"uv": [12, 9, 12.5, 10], "texture": "#0", "cullface": "north"},
				"west": {"uv": [14, 9, 14.5, 10], "texture": "#0", "cullface": "north"},
				"up": {"uv": [12, 9, 15, 9.5], "rotation": 180, "texture": "#0", "cullface": "north"},
				"down": {"uv": [12, 9, 15, 9.5], "rotation": 180, "texture": "#0", "cullface": "north"}
			}
		},
		{
			"from": [3, 5, -0.25],
			"to": [4, 8, 0],
			"faces": {
				"north": {"uv": [12, 8, 13, 11], "texture": "#0", "cullface": "north"},
				"east": {"uv": [12, 8, 12.25, 11], "texture": "#0", "cullface": "north"},
				"west": {"uv": [12, 10, 13, 11], "texture": "#0", "cullface": "north"},
				"up": {"uv": [12, 8, 13, 8.25], "texture": "#0", "cullface": "north"},
				"down": {"uv": [12, 10, 13, 11], "texture": "#0", "cullface": "north"}
			}
		},
		{
			"from": [10, 5, -0.5],
			"to": [12, 8, 0],
			"faces": {
				"north": {"uv": [4, 8, 6, 11], "texture": "#0", "cullface": "north"},
				"east": {"uv": [4, 8, 4.5, 11], "texture": "#0", "cullface": "north"},
				"west": {"uv": [5, 8, 5.5, 11], "texture": "#0", "cullface": "north"},
				"up": {"uv": [4, 8, 6, 8.5], "rotation": 180, "texture": "#0", "cullface": "north"},
				"down": {"uv": [4, 10, 6, 10.5], "rotation": 180, "texture": "#0", "cullface": "north"}
			}
		},
		{
			"from": [11, 4, -0.25],
			"to": [13, 6, 0],
			"faces": {
				"north": {"uv": [3, 10, 5, 12], "texture": "#0", "cullface": "north"},
				"east": {"uv": [3, 10, 3.25, 12], "texture": "#0", "cullface": "north"},
				"west": {"uv": [12, 10, 13, 11], "texture": "#0", "cullface": "north"},
				"up": {"uv": [12, 8, 13, 8.25], "texture": "#0", "cullface": "north"},
				"down": {"uv": [3, 11, 5, 11.25], "rotation": 180, "texture": "#0", "cullface": "north"}
			}
		},
		{
			"from": [5, 9, -0.4],
			"to": [10, 10, 0.1],
			"faces": {
				"north": {"uv": [6, 6, 11, 7], "texture": "#0", "cullface": "north"},
				"east": {"uv": [6, 6, 6.5, 7], "texture": "#0", "cullface": "north"},
				"west": {"uv": [10, 6, 10.5, 7], "texture": "#0", "cullface": "north"},
				"up": {"uv": [6, 6, 11, 6.5], "rotation": 180, "texture": "#0", "cullface": "north"},
				"down": {"uv": [6, 6, 11, 6.5], "rotation": 180, "texture": "#0", "cullface": "north"}
			}
		},
		{
			"from": [9, 8, -0.4],
			"to": [10, 9, 0.1],
			"faces": {
				"north": {"uv": [6, 7, 7, 8], "texture": "#0", "cullface": "north"},
				"east": {"uv": [6, 7, 7, 8], "texture": "#0", "cullface": "north"},
				"west": {"uv": [6, 7, 7, 8], "texture": "#0", "cullface": "north"},
				"down": {"uv": [6, 7, 7, 8], "texture": "#0", "cullface": "north"}
			}
		},
		{
			"from": [4, 10, -0.25],
			"to": [5, 11, 0],
			"faces": {
				"north": {"uv": [8, 7, 9, 8], "texture": "#0", "cullface": "north"},
				"east": {"uv": [8, 7, 9, 8], "texture": "#0", "cullface": "north"},
				"west": {"uv": [8, 7, 9, 8], "texture": "#0", "cullface": "north"},
				"up": {"uv": [11, 5, 12, 5.25], "texture": "#0", "cullface": "north"},
				"down": {"uv": [8, 7, 9, 8], "texture": "#0", "cullface": "north"}
			}
		},
		{
			"from": [6, 10, -0.25],
			"to": [7, 11, 0],
			"faces": {
				"north": {"uv": [9, 5, 10, 6], "texture": "#0", "cullface": "north"},
				"east": {"uv": [9, 5, 10, 6], "texture": "#0", "cullface": "north"},
				"west": {"uv": [9, 5, 10, 6], "texture": "#0", "cullface": "north"},
				"up": {"uv": [9, 5, 10, 5.25], "texture": "#0", "cullface": "north"}
			}
		},
		{
			"from": [7, 8, -0.4],
			"to": [8, 9, 0.1],
			"faces": {
				"north": {"uv": [8, 7, 9, 8], "texture": "#0", "cullface": "north"},
				"east": {"uv": [8, 7, 9, 8], "texture": "#0", "cullface": "north"},
				"west": {"uv": [8, 7, 9, 8], "texture": "#0", "cullface": "north"},
				"down": {"uv": [8, 7, 9, 8], "texture": "#0", "cullface": "north"}
			}
		},
		{
			"from": [9, 7, -0.25],
			"to": [11, 9, 0],
			"faces": {
				"north": {"uv": [5, 7, 7, 9], "texture": "#0", "cullface": "north"},
				"east": {"uv": [5, 7, 5.25, 9], "texture": "#0", "cullface": "north"},
				"west": {"uv": [6, 7, 6.25, 9], "texture": "#0", "cullface": "north"},
				"up": {"uv": [5, 7, 7, 7.25], "rotation": 180, "texture": "#0", "cullface": "north"},
				"down": {"uv": [5, 8, 7, 8.25], "rotation": 180, "texture": "#0", "cullface": "north"}
			}
		},
		{
			"from": [10, 10, -0.5],
			"to": [12, 12, 0],
			"faces": {
				"north": {"uv": [4, 4, 6, 6], "texture": "#0", "cullface": "north"},
				"east": {"uv": [4, 4, 4.5, 6], "texture": "#0", "cullface": "north"},
				"west": {"uv": [5, 4, 5.5, 6], "texture": "#0", "cullface": "north"},
				"up": {"uv": [4, 4, 6, 4.5], "rotation": 180, "texture": "#0", "cullface": "north"},
				"down": {"uv": [4, 5, 6, 5.5], "rotation": 180, "texture": "#0", "cullface": "north"}
			}
		},
		{
			"from": [11, 9, -0.25],
			"to": [12, 10, 0],
			"faces": {
				"north": {"uv": [4, 6, 5, 7], "texture": "#0", "cullface": "north"},
				"east": {"uv": [4, 6, 5, 7], "texture": "#0", "cullface": "north"},
				"west": {"uv": [4, 6, 5, 7], "texture": "#0", "cullface": "north"},
				"down": {"uv": [4, 6, 5, 7], "texture": "#0", "cullface": "north"}
			}
		},
		{
			"from": [8, 12, -0.4],
			"to": [11, 13, 0.1],
			"faces": {
				"north": {"uv": [5, 3, 8, 4], "texture": "#0", "cullface": "north"},
				"east": {"uv": [5, 3, 5.5, 4], "texture": "#0", "cullface": "north"},
				"west": {"uv": [7, 3, 7.5, 4], "texture": "#0", "cullface": "north"},
				"up": {"uv": [5, 3, 8, 3.5], "rotation": 180, "texture": "#0", "cullface": "north"},
				"down": {"uv": [5, 3, 8, 3.5], "rotation": 180, "texture": "#0", "cullface": "north"}
			}
		},
		{
			"from": [6, 13, -0.4],
			"to": [8, 14, 0.1],
			"faces": {
				"north": {"uv": [8, 2, 10, 3], "texture": "#0", "cullface": "north"},
				"east": {"uv": [8, 2, 8.5, 3], "texture": "#0", "cullface": "north"},
				"west": {"uv": [9, 2, 9.5, 3], "texture": "#0", "cullface": "north"},
				"up": {"uv": [8, 2, 10, 2.5], "rotation": 180, "texture": "#0", "cullface": "north"},
				"down": {"uv": [8, 2, 10, 2.5], "rotation": 180, "texture": "#0", "cullface": "north"}
			}
		},
		{
			"from": [15.9, 3, 2],
			"to": [16.4, 4, 3],
			"faces": {
				"north": {"uv": [12, 13, 13, 14], "texture": "#0", "cullface": "east"},
				"east": {"uv": [13, 12, 14, 13], "texture": "#0", "cullface": "east"},
				"south": {"uv": [13, 12, 13.5, 13], "texture": "#0", "cullface": "east"},
				"up": {"uv": [13, 12, 14, 12.5], "rotation": 270, "texture": "#0", "cullface": "east"},
				"down": {"uv": [13, 12, 14, 12.5], "rotation": 90, "texture": "#0", "cullface": "east"}
			}
		},
		{
			"from": [16, 2, 3],
			"to": [16.25, 3, 5],
			"faces": {
				"north": {"uv": [12, 13, 13, 14], "texture": "#0", "cullface": "east"},
				"east": {"uv": [11, 13, 13, 14], "texture": "#0", "cullface": "east"},
				"south": {"uv": [11, 13, 12, 14], "texture": "#0", "cullface": "east"},
				"up": {"uv": [11, 13, 13, 14], "rotation": 270, "texture": "#0", "cullface": "east"},
				"down": {"uv": [11, 13, 13, 13.5], "rotation": 90, "texture": "#0", "cullface": "east"}
			}
		},
		{
			"from": [15.9, 3, 6],
			"to": [16.4, 5, 7],
			"faces": {
				"north": {"uv": [9, 11, 9.5, 13], "texture": "#0", "cullface": "east"},
				"east": {"uv": [9, 11, 10, 13], "texture": "#0", "cullface": "east"},
				"south": {"uv": [9, 11, 9.5, 13], "texture": "#0", "cullface": "east"},
				"up": {"uv": [9, 11, 10, 11.5], "rotation": 270, "texture": "#0", "cullface": "east"},
				"down": {"uv": [9, 12, 10, 12.5], "rotation": 90, "texture": "#0", "cullface": "east"}
			}
		},
		{
			"from": [15.9, 3, 7],
			"to": [16.4, 4, 9],
			"faces": {
				"east": {"uv": [7, 12, 9, 13], "texture": "#0", "cullface": "east"},
				"south": {"uv": [7, 12, 8, 13], "texture": "#0", "cullface": "east"},
				"up": {"uv": [7, 12, 9, 13], "rotation": 270, "texture": "#0", "cullface": "east"},
				"down": {"uv": [7, 12, 9, 12.5], "rotation": 90, "texture": "#0", "cullface": "east"}
			}
		},
		{
			"from": [16, 2, 7],
			"to": [16.25, 3, 8],
			"faces": {
				"north": {"uv": [8, 13, 9, 14], "texture": "#0", "cullface": "east"},
				"east": {"uv": [8, 13, 9, 14], "texture": "#0", "cullface": "east"},
				"south": {"uv": [8, 13, 9, 14], "texture": "#0", "cullface": "east"},
				"down": {"uv": [8, 13, 9, 14], "rotation": 270, "texture": "#0", "cullface": "east"}
			}
		},
		{
			"from": [16, 7, 1],
			"to": [16.25, 9, 3],
			"faces": {
				"north": {"uv": [14, 7, 14.5, 9], "texture": "#0", "cullface": "east"},
				"east": {"uv": [13, 7, 15, 9], "texture": "#0", "cullface": "east"},
				"south": {"uv": [13, 7, 13.5, 9], "texture": "#0", "cullface": "east"},
				"up": {"uv": [13, 7, 15, 7.5], "rotation": 270, "texture": "#0", "cullface": "east"}
			}
		},
		{
			"from": [16, 6, 1],
			"to": [16.5, 7, 4],
			"faces": {
				"north": {"uv": [14, 9, 14.5, 10], "texture": "#0", "cullface": "east"},
				"east": {"uv": [12, 9, 15, 10], "texture": "#0", "cullface": "east"},
				"south": {"uv": [12, 9, 12.5, 10], "texture": "#0", "cullface": "east"},
				"up": {"uv": [12, 9, 15, 9.5], "rotation": 270, "texture": "#0", "cullface": "east"},
				"down": {"uv": [12, 9, 15, 9.5], "rotation": 90, "texture": "#0", "cullface": "east"}
			}
		},
		{
			"from": [16, 5, 3],
			"to": [16.25, 8, 4],
			"faces": {
				"north": {"uv": [12, 10, 13, 11], "texture": "#0", "cullface": "east"},
				"east": {"uv": [12, 8, 13, 11], "texture": "#0", "cullface": "east"},
				"south": {"uv": [12, 8, 12.25, 11], "texture": "#0", "cullface": "east"},
				"up": {"uv": [12, 8, 13, 8.25], "rotation": 90, "texture": "#0", "cullface": "east"},
				"down": {"uv": [12, 10, 13, 11], "rotation": 270, "texture": "#0", "cullface": "east"}
			}
		},
		{
			"from": [16, 5, 10],
			"to": [16.5, 8, 12],
			"faces": {
				"north": {"uv": [5, 8, 5.5, 11], "texture": "#0", "cullface": "east"},
				"east": {"uv": [4, 8, 6, 11], "texture": "#0", "cullface": "east"},
				"south": {"uv": [4, 8, 4.5, 11], "texture": "#0", "cullface": "east"},
				"up": {"uv": [4, 8, 6, 8.5], "rotation": 270, "texture": "#0", "cullface": "east"},
				"down": {"uv": [4, 10, 6, 10.5], "rotation": 90, "texture": "#0", "cullface": "east"}
			}
		},
		{
			"from": [16, 4, 11],
			"to": [16.25, 6, 13],
			"faces": {
				"north": {"uv": [12, 10, 13, 11], "texture": "#0", "cullface": "east"},
				"east": {"uv": [3, 10, 5, 12], "texture": "#0", "cullface": "east"},
				"south": {"uv": [3, 10, 3.25, 12], "texture": "#0", "cullface": "east"},
				"up": {"uv": [12, 8, 13, 8.25], "rotation": 90, "texture": "#0", "cullface": "east"},
				"down": {"uv": [3, 11, 5, 11.25], "rotation": 90, "texture": "#0", "cullface": "east"}
			}
		},
		{
			"from": [15.9, 9, 5],
			"to": [16.4, 10, 10],
			"faces": {
				"north": {"uv": [10, 6, 10.5, 7], "texture": "#0", "cullface": "east"},
				"east": {"uv": [6, 6, 11, 7], "texture": "#0", "cullface": "east"},
				"south": {"uv": [6, 6, 6.5, 7], "texture": "#0", "cullface": "east"},
				"up": {"uv": [6, 6, 11, 6.5], "rotation": 270, "texture": "#0", "cullface": "east"},
				"down": {"uv": [6, 6, 11, 6.5], "rotation": 90, "texture": "#0", "cullface": "east"}
			}
		},
		{
			"from": [15.9, 8, 9],
			"to": [16.4, 9, 10],
			"faces": {
				"north": {"uv": [6, 7, 7, 8], "texture": "#0", "cullface": "east"},
				"east": {"uv": [6, 7, 7, 8], "texture": "#0", "cullface": "east"},
				"south": {"uv": [6, 7, 7, 8], "texture": "#0", "cullface": "east"},
				"down": {"uv": [6, 7, 7, 8], "rotation": 270, "texture": "#0", "cullface": "east"}
			}
		},
		{
			"from": [16, 10, 4],
			"to": [16.25, 11, 5],
			"faces": {
				"north": {"uv": [8, 7, 9, 8], "texture": "#0", "cullface": "east"},
				"east": {"uv": [8, 7, 9, 8], "texture": "#0", "cullface": "east"},
				"south": {"uv": [8, 7, 9, 8], "texture": "#0", "cullface": "east"},
				"up": {"uv": [11, 5, 12, 5.25], "rotation": 90, "texture": "#0", "cullface": "east"},
				"down": {"uv": [8, 7, 9, 8], "rotation": 270, "texture": "#0", "cullface": "east"}
			}
		},
		{
			"from": [16, 10, 6],
			"to": [16.25, 11, 7],
			"faces": {
				"north": {"uv": [9, 5, 10, 6], "texture": "#0", "cullface": "east"},
				"east": {"uv": [9, 5, 10, 6], "texture": "#0", "cullface": "east"},
				"south": {"uv": [9, 5, 10, 6], "texture": "#0", "cullface": "east"},
				"up": {"uv": [9, 5, 10, 5.25], "rotation": 90, "texture": "#0", "cullface": "east"}
			}
		},
		{
			"from": [15.9, 8, 7],
			"to": [16.4, 9, 8],
			"faces": {
				"north": {"uv": [8, 7, 9, 8], "texture": "#0", "cullface": "east"},
				"east": {"uv": [8, 7, 9, 8], "texture": "#0", "cullface": "east"},
				"south": {"uv": [8, 7, 9, 8], "texture": "#0", "cullface": "east"},
				"down": {"uv": [8, 7, 9, 8], "rotation": 270, "texture": "#0", "cullface": "east"}
			}
		},
		{
			"from": [16, 7, 9],
			"to": [16.25, 9, 11],
			"faces": {
				"north": {"uv": [6, 7, 6.25, 9], "texture": "#0", "cullface": "east"},
				"east": {"uv": [5, 7, 7, 9], "texture": "#0", "cullface": "east"},
				"south": {"uv": [5, 7, 5.25, 9], "texture": "#0", "cullface": "east"},
				"up": {"uv": [5, 7, 7, 7.25], "rotation": 270, "texture": "#0", "cullface": "east"},
				"down": {"uv": [5, 8, 7, 8.25], "rotation": 90, "texture": "#0", "cullface": "east"}
			}
		},
		{
			"from": [16, 10, 10],
			"to": [16.5, 12, 12],
			"faces": {
				"north": {"uv": [5, 4, 5.5, 6], "texture": "#0", "cullface": "east"},
				"east": {"uv": [4, 4, 6, 6], "texture": "#0", "cullface": "east"},
				"south": {"uv": [4, 4, 4.5, 6], "texture": "#0", "cullface": "east"},
				"up": {"uv": [4, 4, 6, 4.5], "rotation": 270, "texture": "#0", "cullface": "east"},
				"down": {"uv": [4, 5, 6, 5.5], "rotation": 90, "texture": "#0", "cullface": "east"}
			}
		},
		{
			"from": [16, 9, 11],
			"to": [16.25, 10, 12],
			"faces": {
				"north": {"uv": [4, 6, 5, 7], "texture": "#0", "cullface": "east"},
				"east": {"uv": [4, 6, 5, 7], "texture": "#0", "cullface": "east"},
				"south": {"uv": [4, 6, 5, 7], "texture": "#0", "cullface": "east"},
				"down": {"uv": [4, 6, 5, 7], "rotation": 270, "texture": "#0", "cullface": "east"}
			}
		},
		{
			"from": [15.9, 12, 8],
			"to": [16.4, 13, 11],
			"faces": {
				"north": {"uv": [7, 3, 7.5, 4], "texture": "#0", "cullface": "east"},
				"east": {"uv": [5, 3, 8, 4], "texture": "#0", "cullface": "east"},
				"south": {"uv": [5, 3, 5.5, 4], "texture": "#0", "cullface": "east"},
				"up": {"uv": [5, 3, 8, 3.5], "rotation": 270, "texture": "#0", "cullface": "east"},
				"down": {"uv": [5, 3, 8, 3.5], "rotation": 90, "texture": "#0", "cullface": "east"}
			}
		},
		{
			"from": [15.9, 13, 6],
			"to": [16.4, 14, 8],
			"faces": {
				"north": {"uv": [9, 2, 9.5, 3], "texture": "#0", "cullface": "east"},
				"east": {"uv": [8, 2, 10, 3], "texture": "#0", "cullface": "east"},
				"south": {"uv": [8, 2, 8.5, 3], "texture": "#0", "cullface": "east"},
				"up": {"uv": [8, 2, 10, 2.5], "rotation": 270, "texture": "#0", "cullface": "east"},
				"down": {"uv": [8, 2, 10, 2.5], "rotation": 90, "texture": "#0", "cullface": "east"}
			}
		},
		{
			"from": [13, 3, 15.9],
			"to": [14, 4, 16.4],
			"faces": {
				"east": {"uv": [12, 13, 13, 14], "texture": "#0", "cullface": "south"},
				"south": {"uv": [13, 12, 14, 13], "texture": "#0", "cullface": "south"},
				"west": {"uv": [13, 12, 13.5, 13], "texture": "#0", "cullface": "south"},
				"up": {"uv": [13, 12, 14, 12.5], "texture": "#0", "cullface": "south"},
				"down": {"uv": [13, 12, 14, 12.5], "texture": "#0", "cullface": "south"}
			}
		},
		{
			"from": [11, 2, 16],
			"to": [13, 3, 16.25],
			"faces": {
				"east": {"uv": [12, 13, 13, 14], "texture": "#0", "cullface": "south"},
				"south": {"uv": [11, 13, 13, 14], "texture": "#0", "cullface": "south"},
				"west": {"uv": [11, 13, 12, 14], "texture": "#0", "cullface": "south"},
				"up": {"uv": [11, 13, 13, 14], "texture": "#0", "cullface": "south"},
				"down": {"uv": [11, 13, 13, 13.5], "texture": "#0", "cullface": "south"}
			}
		},
		{
			"from": [9, 3, 15.9],
			"to": [10, 5, 16.4],
			"faces": {
				"east": {"uv": [9, 11, 9.5, 13], "texture": "#0", "cullface": "south"},
				"south": {"uv": [9, 11, 10, 13], "texture": "#0", "cullface": "south"},
				"west": {"uv": [9, 11, 9.5, 13], "texture": "#0", "cullface": "south"},
				"up": {"uv": [9, 11, 10, 11.5], "texture": "#0", "cullface": "south"},
				"down": {"uv": [9, 12, 10, 12.5], "texture": "#0", "cullface": "south"}
			}
		},
		{
			"from": [7, 3, 15.9],
			"to": [9, 4, 16.4],
			"faces": {
				"south": {"uv": [7, 12, 9, 13], "texture": "#0", "cullface": "south"},
				"west": {"uv": [7, 12, 8, 13], "texture": "#0", "cullface": "south"},
				"up": {"uv": [7, 12, 9, 13], "texture": "#0", "cullface": "south"},
				"down": {"uv": [7, 12, 9, 12.5], "texture": "#0", "cullface": "south"}
			}
		},
		{
			"from": [8, 2, 16],
			"to": [9, 3, 16.25],
			"faces": {
				"east": {"uv": [8, 13, 9, 14], "texture": "#0", "cullface": "south"},
				"south": {"uv": [8, 13, 9, 14], "texture": "#0", "cullface": "south"},
				"west": {"uv": [8, 13, 9, 14], "texture": "#0", "cullface": "south"},
				"down": {"uv": [8, 13, 9, 14], "rotation": 180, "texture": "#0", "cullface": "south"}
			}
		},
		{
			"from": [13, 7, 16],
			"to": [15, 9, 16.25],
			"faces": {
				"east": {"uv": [14, 7, 14.5, 9], "texture": "#0", "cullface": "south"},
				"south": {"uv": [13, 7, 15, 9], "texture": "#0", "cullface": "south"},
				"west": {"uv": [13, 7, 13.5, 9], "texture": "#0", "cullface": "south"},
				"up": {"uv": [13, 7, 15, 7.5], "texture": "#0", "cullface": "south"}
			}
		},
		{
			"from": [12, 6, 16],
			"to": [15, 7, 16.5],
			"faces": {
				"east": {"uv": [14, 9, 14.5, 10], "texture": "#0", "cullface": "south"},
				"south": {"uv": [12, 9, 15, 10], "texture": "#0", "cullface": "south"},
				"west": {"uv": [12, 9, 12.5, 10], "texture": "#0", "cullface": "south"},
				"up": {"uv": [12, 9, 15, 9.5], "texture": "#0", "cullface": "south"},
				"down": {"uv": [12, 9, 15, 9.5], "texture": "#0", "cullface": "south"}
			}
		},
		{
			"from": [12, 5, 16],
			"to": [13, 8, 16.25],
			"faces": {
				"east": {"uv": [12, 10, 13, 11], "texture": "#0", "cullface": "south"},
				"south": {"uv": [12, 8, 13, 11], "texture": "#0", "cullface": "south"},
				"west": {"uv": [12, 8, 12.25, 11], "texture": "#0", "cullface": "south"},
				"up": {"uv": [12, 8, 13, 8.25], "rotation": 180, "texture": "#0", "cullface": "south"},
				"down": {"uv": [12, 10, 13, 11], "rotation": 180, "texture": "#0", "cullface": "south"}
			}
		},
		{
			"from": [4, 5, 16],
			"to": [6, 8, 16.5],
			"faces": {
				"east": {"uv": [5, 8, 5.5, 11], "texture": "#0", "cullface": "south"},
				"south": {"uv": [4, 8, 6, 11], "texture": "#0", "cullface": "south"},
				"west": {"uv": [4, 8, 4.5, 11], "texture": "#0", "cullface": "south"},
				"up": {"uv": [4, 8, 6, 8.5], "texture": "#0", "cullface": "south"},
				"down": {"uv": [4, 10, 6, 10.5], "texture": "#0", "cullface": "south"}
			}
		},
		{
			"from": [3, 4, 16],
			"to": [5, 6, 16.25],
			"faces": {
				"east": {"uv": [12, 10, 13, 11], "texture": "#0", "cullface": "south"},
				"south": {"uv": [3, 10, 5, 12], "texture": "#0", "cullface": "south"},
				"west": {"uv": [3, 10, 3.25, 12], "texture": "#0", "cullface": "south"},
				"up": {"uv": [12, 8, 13, 8.25], "rotation": 180, "texture": "#0", "cullface": "south"},
				"down": {"uv": [3, 11, 5, 11.25], "texture": "#0", "cullface": "south"}
			}
		},
		{
			"from": [6, 9, 15.9],
			"to": [11, 10, 16.4],
			"faces": {
				"east": {"uv": [10, 6, 10.5, 7], "texture": "#0", "cullface": "south"},
				"south": {"uv": [6, 6, 11, 7], "texture": "#0", "cullface": "south"},
				"west": {"uv": [6, 6, 6.5, 7], "texture": "#0", "cullface": "south"},
				"up": {"uv": [6, 6, 11, 6.5], "texture": "#0", "cullface": "south"},
				"down": {"uv": [6, 6, 11, 6.5], "texture": "#0", "cullface": "south"}
			}
		},
		{
			"from": [6, 8, 15.9],
			"to": [7, 9, 16.4],
			"faces": {
				"east": {"uv": [6, 7, 7, 8], "texture": "#0", "cullface": "south"},
				"south": {"uv": [6, 7, 7, 8], "texture": "#0", "cullface": "south"},
				"west": {"uv": [6, 7, 7, 8], "texture": "#0", "cullface": "south"},
				"down": {"uv": [6, 7, 7, 8], "rotation": 180, "texture": "#0", "cullface": "south"}
			}
		},
		{
			"from": [11, 10, 16],
			"to": [12, 11, 16.25],
			"faces": {
				"east": {"uv": [8, 7, 9, 8], "texture": "#0", "cullface": "south"},
				"south": {"uv": [8, 7, 9, 8], "texture": "#0", "cullface": "south"},
				"west": {"uv": [8, 7, 9, 8], "texture": "#0", "cullface": "south"},
				"up": {"uv": [11, 5, 12, 5.25], "rotation": 180, "texture": "#0", "cullface": "south"},
				"down": {"uv": [8, 7, 9, 8], "rotation": 180, "texture": "#0", "cullface": "south"}
			}
		},
		{
			"from": [9, 10, 16],
			"to": [10, 11, 16.25],
			"faces": {
				"east": {"uv": [9, 5, 10, 6], "texture": "#0", "cullface": "south"},
				"south": {"uv": [9, 5, 10, 6], "texture": "#0", "cullface": "south"},
				"west": {"uv": [9, 5, 10, 6], "texture": "#0", "cullface": "south"},
				"up": {"uv": [9, 5, 10, 5.25], "rotation": 180, "texture": "#0", "cullface": "south"}
			}
		},
		{
			"from": [8, 8, 15.9],
			"to": [9, 9, 16.4],
			"faces": {
				"east": {"uv": [8, 7, 9, 8], "texture": "#0", "cullface": "south"},
				"south": {"uv": [8, 7, 9, 8], "texture": "#0", "cullface": "south"},
				"west": {"uv": [8, 7, 9, 8], "texture": "#0", "cullface": "south"},
				"down": {"uv": [8, 7, 9, 8], "rotation": 180, "texture": "#0", "cullface": "south"}
			}
		},
		{
			"from": [5, 7, 16],
			"to": [7, 9, 16.25],
			"faces": {
				"east": {"uv": [6, 7, 6.25, 9], "texture": "#0", "cullface": "south"},
				"south": {"uv": [5, 7, 7, 9], "texture": "#0", "cullface": "south"},
				"west": {"uv": [5, 7, 5.25, 9], "texture": "#0", "cullface": "south"},
				"up": {"uv": [5, 7, 7, 7.25], "texture": "#0", "cullface": "south"},
				"down": {"uv": [5, 8, 7, 8.25], "texture": "#0", "cullface": "south"}
			}
		},
		{
			"from": [4, 10, 16],
			"to": [6, 12, 16.5],
			"faces": {
				"east": {"uv": [5, 4, 5.5, 6], "texture": "#0", "cullface": "south"},
				"south": {"uv": [4, 4, 6, 6], "texture": "#0", "cullface": "south"},
				"west": {"uv": [4, 4, 4.5, 6], "texture": "#0", "cullface": "south"},
				"up": {"uv": [4, 4, 6, 4.5], "texture": "#0", "cullface": "south"},
				"down": {"uv": [4, 5, 6, 5.5], "texture": "#0", "cullface": "south"}
			}
		},
		{
			"from": [4, 9, 16],
			"to": [5, 10, 16.25],
			"faces": {
				"east": {"uv": [4, 6, 5, 7], "texture": "#0", "cullface": "south"},
				"south": {"uv": [4, 6, 5, 7], "texture": "#0", "cullface": "south"},
				"west": {"uv": [4, 6, 5, 7], "texture": "#0", "cullface": "south"},
				"down": {"uv": [4, 6, 5, 7], "rotation": 180, "texture": "#0", "cullface": "south"}
			}
		},
		{
			"from": [5, 12, 15.9],
			"to": [8, 13, 16.4],
			"faces": {
				"east": {"uv": [7, 3, 7.5, 4], "texture": "#0", "cullface": "south"},
				"south": {"uv": [5, 3, 8, 4], "texture": "#0", "cullface": "south"},
				"west": {"uv": [5, 3, 5.5, 4], "texture": "#0", "cullface": "south"},
				"up": {"uv": [5, 3, 8, 3.5], "texture": "#0", "cullface": "south"},
				"down": {"uv": [5, 3, 8, 3.5], "texture": "#0", "cullface": "south"}
			}
		},
		{
			"from": [8, 13, 15.9],
			"to": [10, 14, 16.4],
			"faces": {
				"east": {"uv": [9, 2, 9.5, 3], "texture": "#0", "cullface": "south"},
				"south": {"uv": [8, 2, 10, 3], "texture": "#0", "cullface": "south"},
				"west": {"uv": [8, 2, 8.5, 3], "texture": "#0", "cullface": "south"},
				"up": {"uv": [8, 2, 10, 2.5], "texture": "#0", "cullface": "south"},
				"down": {"uv": [8, 2, 10, 2.5], "texture": "#0", "cullface": "south"}
			}
		},
		{
			"from": [-0.4, 3, 13],
			"to": [0.1, 4, 14],
			"faces": {
				"north": {"uv": [13, 12, 13.5, 13], "texture": "#0", "cullface": "west"},
				"south": {"uv": [12, 13, 13, 14], "texture": "#0", "cullface": "west"},
				"west": {"uv": [13, 12, 14, 13], "texture": "#0", "cullface": "west"},
				"up": {"uv": [13, 12, 14, 12.5], "rotation": 90, "texture": "#0", "cullface": "west"},
				"down": {"uv": [13, 12, 14, 12.5], "rotation": 270, "texture": "#0", "cullface": "west"}
			}
		},
		{
			"from": [-0.25, 2, 11],
			"to": [0, 3, 13],
			"faces": {
				"north": {"uv": [11, 13, 12, 14], "texture": "#0", "cullface": "west"},
				"south": {"uv": [12, 13, 13, 14], "texture": "#0", "cullface": "west"},
				"west": {"uv": [11, 13, 13, 14], "texture": "#0", "cullface": "west"},
				"up": {"uv": [11, 13, 13, 14], "rotation": 90, "texture": "#0", "cullface": "west"},
				"down": {"uv": [11, 13, 13, 13.5], "rotation": 270, "texture": "#0", "cullface": "west"}
			}
		},
		{
			"from": [-0.4, 3, 9],
			"to": [0.1, 5, 10],
			"faces": {
				"north": {"uv": [9, 11, 9.5, 13], "texture": "#0", "cullface": "west"},
				"south": {"uv": [9, 11, 9.5, 13], "texture": "#0", "cullface": "west"},
				"west": {"uv": [9, 11, 10, 13], "texture": "#0", "cullface": "west"},
				"up": {"uv": [9, 11, 10, 11.5], "rotation": 90, "texture": "#0", "cullface": "west"},
				"down": {"uv": [9, 12, 10, 12.5], "rotation": 270, "texture": "#0", "cullface": "west"}
			}
		},
		{
			"from": [-0.4, 3, 7],
			"to": [0.1, 4, 9],
			"faces": {
				"north": {"uv": [7, 12, 8, 13], "texture": "#0", "cullface": "west"},
				"west": {"uv": [7, 12, 9, 13], "texture": "#0", "cullface": "west"},
				"up": {"uv": [7, 12, 9, 13], "rotation": 90, "texture": "#0", "cullface": "west"},
				"down": {"uv": [7, 12, 9, 12.5], "rotation": 270, "texture": "#0", "cullface": "west"}
			}
		},
		{
			"from": [-0.25, 2, 8],
			"to": [0, 3, 9],
			"faces": {
				"north": {"uv": [8, 13, 9, 14], "texture": "#0", "cullface": "west"},
				"south": {"uv": [8, 13, 9, 14], "texture": "#0", "cullface": "west"},
				"west": {"uv": [8, 13, 9, 14], "texture": "#0", "cullface": "west"},
				"down": {"uv": [8, 13, 9, 14], "rotation": 90, "texture": "#0", "cullface": "west"}
			}
		},
		{
			"from": [-0.25, 7, 13],
			"to": [0, 9, 15],
			"faces": {
				"north": {"uv": [13, 7, 13.5, 9], "texture": "#0", "cullface": "west"},
				"south": {"uv": [14, 7, 14.5, 9], "texture": "#0", "cullface": "west"},
				"west": {"uv": [13, 7, 15, 9], "texture": "#0", "cullface": "west"},
				"up": {"uv": [13, 7, 15, 7.5], "rotation": 90, "texture": "#0", "cullface": "west"}
			}
		},
		{
			"from": [-0.5, 6, 12],
			"to": [0, 7, 15],
			"faces": {
				"north": {"uv": [12, 9, 12.5, 10], "texture": "#0", "cullface": "west"},
				"south": {"uv": [14, 9, 14.5, 10], "texture": "#0", "cullface": "west"},
				"west": {"uv": [12, 9, 15, 10], "texture": "#0", "cullface": "west"},
				"up": {"uv": [12, 9, 15, 9.5], "rotation": 90, "texture": "#0", "cullface": "west"},
				"down": {"uv": [12, 9, 15, 9.5], "rotation": 270, "texture": "#0", "cullface": "west"}
			}
		},
		{
			"from": [-0.25, 5, 12],
			"to": [0, 8, 13],
			"faces": {
				"north": {"uv": [12, 8, 12.25, 11], "texture": "#0", "cullface": "west"},
				"south": {"uv": [12, 10, 13, 11], "texture": "#0", "cullface": "west"},
				"west": {"uv": [12, 8, 13, 11], "texture": "#0", "cullface": "west"},
				"up": {"uv": [12, 8, 13, 8.25], "rotation": 270, "texture": "#0", "cullface": "west"},
				"down": {"uv": [12, 10, 13, 11], "rotation": 90, "texture": "#0", "cullface": "west"}
			}
		},
		{
			"from": [-0.5, 5, 4],
			"to": [0, 8, 6],
			"faces": {
				"north": {"uv": [4, 8, 4.5, 11], "texture": "#0", "cullface": "west"},
				"south": {"uv": [5, 8, 5.5, 11], "texture": "#0", "cullface": "west"},
				"west": {"uv": [4, 8, 6, 11], "texture": "#0", "cullface": "west"},
				"up": {"uv": [4, 8, 6, 8.5], "rotation": 90, "texture": "#0", "cullface": "west"},
				"down": {"uv": [4, 10, 6, 10.5], "rotation": 270, "texture": "#0", "cullface": "west"}
			}
		},
		{
			"from": [-0.25, 4, 3],
			"to": [0, 6, 5],
			"faces": {
				"north": {"uv": [3, 10, 3.25, 12], "texture": "#0", "cullface": "west"},
				"south": {"uv": [12, 10, 13, 11], "texture": "#0", "cullface": "west"},
				"west": {"uv": [3, 10, 5, 12], "texture": "#0", "cullface": "west"},
				"up": {"uv": [12, 8, 13, 8.25], "rotation": 270, "texture": "#0", "cullface": "west"},
				"down": {"uv": [3, 11, 5, 11.25], "rotation": 270, "texture": "#0", "cullface": "west"}
			}
		},
		{
			"from": [-0.4, 9, 6],
			"to": [0.1, 10, 11],
			"faces": {
				"north": {"uv": [6, 6, 6.5, 7], "texture": "#0", "cullface": "west"},
				"south": {"uv": [10, 6, 10.5, 7], "texture": "#0", "cullface": "west"},
				"west": {"uv": [6, 6, 11, 7], "texture": "#0", "cullface": "west"},
				"up": {"uv": [6, 6, 11, 6.5], "rotation": 90, "texture": "#0", "cullface": "west"},
				"down": {"uv": [6, 6, 11, 6.5], "rotation": 270, "texture": "#0", "cullface": "west"}
			}
		},
		{
			"from": [-0.4, 8, 6],
			"to": [0.1, 9, 7],
			"faces": {
				"north": {"uv": [6, 7, 7, 8], "texture": "#0", "cullface": "west"},
				"south": {"uv": [6, 7, 7, 8], "texture": "#0", "cullface": "west"},
				"west": {"uv": [6, 7, 7, 8], "texture": "#0", "cullface": "west"},
				"down": {"uv": [6, 7, 7, 8], "rotation": 90, "texture": "#0", "cullface": "west"}
			}
		},
		{
			"from": [-0.25, 10, 11],
			"to": [0, 11, 12],
			"faces": {
				"north": {"uv": [8, 7, 9, 8], "texture": "#0", "cullface": "west"},
				"south": {"uv": [8, 7, 9, 8], "texture": "#0", "cullface": "west"},
				"west": {"uv": [8, 7, 9, 8], "texture": "#0", "cullface": "west"},
				"up": {"uv": [11, 5, 12, 5.25], "rotation": 270, "texture": "#0", "cullface": "west"},
				"down": {"uv": [8, 7, 9, 8], "rotation": 90, "texture": "#0", "cullface": "west"}
			}
		},
		{
			"from": [-0.25, 10, 9],
			"to": [0, 11, 10],
			"faces": {
				"north": {"uv": [9, 5, 10, 6], "texture": "#0", "cullface": "west"},
				"south": {"uv": [9, 5, 10, 6], "texture": "#0", "cullface": "west"},
				"west": {"uv": [9, 5, 10, 6], "texture": "#0", "cullface": "west"},
				"up": {"uv": [9, 5, 10, 5.25], "rotation": 270, "texture": "#0", "cullface": "west"}
			}
		},
		{
			"from": [-0.4, 8, 8],
			"to": [0.1, 9, 9],
			"faces": {
				"north": {"uv": [8, 7, 9, 8], "texture": "#0", "cullface": "west"},
				"south": {"uv": [8, 7, 9, 8], "texture": "#0", "cullface": "west"},
				"west": {"uv": [8, 7, 9, 8], "texture": "#0", "cullface": "west"},
				"down": {"uv": [8, 7, 9, 8], "rotation": 90, "texture": "#0", "cullface": "west"}
			}
		},
		{
			"from": [-0.25, 7, 5],
			"to": [0, 9, 7],
			"faces": {
				"north": {"uv": [5, 7, 5.25, 9], "texture": "#0", "cullface": "west"},
				"south": {"uv": [6, 7, 6.25, 9], "texture": "#0", "cullface": "west"},
				"west": {"uv": [5, 7, 7, 9], "texture": "#0", "cullface": "west"},
				"up": {"uv": [5, 7, 7, 7.25], "rotation": 90, "texture": "#0", "cullface": "west"},
				"down": {"uv": [5, 8, 7, 8.25], "rotation": 270, "texture": "#0", "cullface": "west"}
			}
		},
		{
			"from": [-0.5, 10, 4],
			"to": [0, 12, 6],
			"faces": {
				"north": {"uv": [4, 4, 4.5, 6], "texture": "#0", "cullface": "west"},
				"south": {"uv": [5, 4, 5.5, 6], "texture": "#0", "cullface": "west"},
				"west": {"uv": [4, 4, 6, 6], "texture": "#0", "cullface": "west"},
				"up": {"uv": [4, 4, 6, 4.5], "rotation": 90, "texture": "#0", "cullface": "west"},
				"down": {"uv": [4, 5, 6, 5.5], "rotation": 270, "texture": "#0", "cullface": "west"}
			}
		},
		{
			"from": [-0.25, 9, 4],
			"to": [0, 10, 5],
			"faces": {
				"north": {"uv": [4, 6, 5, 7], "texture": "#0", "cullface": "west"},
				"south": {"uv": [4, 6, 5, 7], "texture": "#0", "cullface": "west"},
				"west": {"uv": [4, 6, 5, 7], "texture": "#0", "cullface": "west"},
				"down": {"uv": [4, 6, 5, 7], "rotation": 90, "texture": "#0", "cullface": "west"}
			}
		},
		{
			"from": [-0.4, 12, 5],
			"to": [0.1, 13, 8],
			"faces": {
				"north": {"uv": [5, 3, 5.5, 4], "texture": "#0", "cullface": "west"},
				"south": {"uv": [7, 3, 7.5, 4], "texture": "#0", "cullface": "west"},
				"west": {"uv": [5, 3, 8, 4], "texture": "#0", "cullface": "west"},
				"up": {"uv": [5, 3, 8, 3.5], "rotation": 90, "texture": "#0", "cullface": "west"},
				"down": {"uv": [5, 3, 8, 3.5], "rotation": 270, "texture": "#0", "cullface": "west"}
			}
		},
		{
			"from": [-0.4, 13, 8],
			"to": [0.1, 14, 10],
			"faces": {
				"north": {"uv": [8, 2, 8.5, 3], "texture": "#0", "cullface": "west"},
				"south": {"uv": [9, 2, 9.5, 3], "texture": "#0", "cullface": "west"},
				"west": {"uv": [8, 2, 10, 3], "texture": "#0", "cullface": "west"},
				"up": {"uv": [8, 2, 10, 2.5], "rotation": 90, "texture": "#0", "cullface": "west"},
				"down": {"uv": [8, 2, 10, 2.5], "rotation": 270, "texture": "#0", "cullface": "west"}
			}
		},
		{
			"from": [13, 15.9, 12],
			"to": [14, 16.4, 13],
			"faces": {
				"north": {"uv": [13, 12, 14, 12.5], "rotation": 180, "texture": "#0", "cullface": "up"},
				"east": {"uv": [12, 13, 13, 14], "rotation": 90, "texture": "#0", "cullface": "up"},
				"south": {"uv": [13, 12, 14, 12.5], "texture": "#0", "cullface": "up"},
				"west": {"uv": [13, 12, 13.5, 13], "rotation": 270, "texture": "#0", "cullface": "up"},
				"up": {"uv": [13, 12, 14, 13], "texture": "#0", "cullface": "up"}
			}
		},
		{
			"from": [11, 16, 13],
			"to": [13, 16.25, 14],
			"faces": {
				"north": {"uv": [11, 13, 13, 14], "rotation": 180, "texture": "#0", "cullface": "up"},
				"east": {"uv": [12, 13, 13, 14], "rotation": 90, "texture": "#0", "cullface": "up"},
				"south": {"uv": [11, 13, 13, 13.5], "texture": "#0", "cullface": "up"},
				"west": {"uv": [11, 13, 12, 14], "rotation": 270, "texture": "#0", "cullface": "up"},
				"up": {"uv": [11, 13, 13, 14], "texture": "#0", "cullface": "up"}
			}
		},
		{
			"from": [9, 15.9, 11],
			"to": [10, 16.4, 13],
			"faces": {
				"north": {"uv": [9, 11, 10, 11.5], "rotation": 180, "texture": "#0", "cullface": "up"},
				"east": {"uv": [9, 11, 9.5, 13], "rotation": 90, "texture": "#0", "cullface": "up"},
				"south": {"uv": [9, 12, 10, 12.5], "texture": "#0", "cullface": "up"},
				"west": {"uv": [9, 11, 9.5, 13], "rotation": 270, "texture": "#0", "cullface": "up"},
				"up": {"uv": [9, 11, 10, 13], "texture": "#0", "cullface": "up"}
			}
		},
		{
			"from": [7, 15.9, 12],
			"to": [9, 16.4, 13],
			"faces": {
				"north": {"uv": [7, 12, 9, 13], "rotation": 180, "texture": "#0", "cullface": "up"},
				"south": {"uv": [7, 12, 9, 12.5], "texture": "#0", "cullface": "up"},
				"west": {"uv": [7, 12, 8, 13], "rotation": 270, "texture": "#0", "cullface": "up"},
				"up": {"uv": [7, 12, 9, 13], "texture": "#0", "cullface": "up"}
			}
		},
		{
			"from": [8, 16, 13],
			"to": [9, 16.25, 14],
			"faces": {
				"east": {"uv": [8, 13, 9, 14], "rotation": 90, "texture": "#0", "cullface": "up"},
				"south": {"uv": [8, 13, 9, 14], "rotation": 180, "texture": "#0", "cullface": "up"},
				"west": {"uv": [8, 13, 9, 14], "rotation": 270, "texture": "#0", "cullface": "up"},
				"up": {"uv": [8, 13, 9, 14], "texture": "#0", "cullface": "up"}
			}
		},
		{
			"from": [13, 16, 7],
			"to": [15, 16.25, 9],
			"faces": {
				"north": {"uv": [13, 7, 15, 7.5], "rotation": 180, "texture": "#0", "cullface": "up"},
				"east": {"uv": [14, 7, 14.5, 9], "rotation": 90, "texture": "#0", "cullface": "up"},
				"west": {"uv": [13, 7, 13.5, 9], "rotation": 270, "texture": "#0", "cullface": "up"},
				"up": {"uv": [13, 7, 15, 9], "texture": "#0", "cullface": "up"}
			}
		},
		{
			"from": [12, 16, 9],
			"to": [15, 16.5, 10],
			"faces": {
				"north": {"uv": [12, 9, 15, 9.5], "rotation": 180, "texture": "#0", "cullface": "up"},
				"east": {"uv": [14, 9, 14.5, 10], "rotation": 90, "texture": "#0", "cullface": "up"},
				"south": {"uv": [12, 9, 15, 9.5], "texture": "#0", "cullface": "up"},
				"west": {"uv": [12, 9, 12.5, 10], "rotation": 270, "texture": "#0", "cullface": "up"},
				"up": {"uv": [12, 9, 15, 10], "texture": "#0", "cullface": "up"}
			}
		},
		{
			"from": [12, 16, 8],
			"to": [13, 16.25, 11],
			"faces": {
				"north": {"uv": [12, 8, 13, 8.25], "texture": "#0", "cullface": "up"},
				"east": {"uv": [12, 10, 13, 11], "rotation": 90, "texture": "#0", "cullface": "up"},
				"south": {"uv": [12, 10, 13, 11], "rotation": 180, "texture": "#0", "cullface": "up"},
				"west": {"uv": [12, 8, 12.25, 11], "rotation": 270, "texture": "#0", "cullface": "up"},
				"up": {"uv": [12, 8, 13, 11], "texture": "#0", "cullface": "up"}
			}
		},
		{
			"from": [4, 16, 8],
			"to": [6, 16.5, 11],
			"faces": {
				"north": {"uv": [4, 8, 6, 8.5], "rotation": 180, "texture": "#0", "cullface": "up"},
				"east": {"uv": [5, 8, 5.5, 11], "rotation": 90, "texture": "#0", "cullface": "up"},
				"south": {"uv": [4, 10, 6, 10.5], "texture": "#0", "cullface": "up"},
				"west": {"uv": [4, 8, 4.5, 11], "rotation": 270, "texture": "#0", "cullface": "up"},
				"up": {"uv": [4, 8, 6, 11], "texture": "#0", "cullface": "up"}
			}
		},
		{
			"from": [3, 16, 10],
			"to": [5, 16.25, 12],
			"faces": {
				"north": {"uv": [12, 8, 13, 8.25], "texture": "#0", "cullface": "up"},
				"east": {"uv": [12, 10, 13, 11], "rotation": 90, "texture": "#0", "cullface": "up"},
				"south": {"uv": [3, 11, 5, 11.25], "texture": "#0", "cullface": "up"},
				"west": {"uv": [3, 10, 3.25, 12], "rotation": 270, "texture": "#0", "cullface": "up"},
				"up": {"uv": [3, 10, 5, 12], "texture": "#0", "cullface": "up"}
			}
		},
		{
			"from": [6, 15.9, 6],
			"to": [11, 16.4, 7],
			"faces": {
				"north": {"uv": [6, 6, 11, 6.5], "rotation": 180, "texture": "#0", "cullface": "up"},
				"east": {"uv": [10, 6, 10.5, 7], "rotation": 90, "texture": "#0", "cullface": "up"},
				"south": {"uv": [6, 6, 11, 6.5], "texture": "#0", "cullface": "up"},
				"west": {"uv": [6, 6, 6.5, 7], "rotation": 270, "texture": "#0", "cullface": "up"},
				"up": {"uv": [6, 6, 11, 7], "texture": "#0", "cullface": "up"}
			}
		},
		{
			"from": [6, 15.9, 7],
			"to": [7, 16.4, 8],
			"faces": {
				"east": {"uv": [6, 7, 7, 8], "rotation": 90, "texture": "#0", "cullface": "up"},
				"south": {"uv": [6, 7, 7, 8], "rotation": 180, "texture": "#0", "cullface": "up"},
				"west": {"uv": [6, 7, 7, 8], "rotation": 270, "texture": "#0", "cullface": "up"},
				"up": {"uv": [6, 7, 7, 8], "texture": "#0", "cullface": "up"}
			}
		},
		{
			"from": [11, 16, 5],
			"to": [12, 16.25, 6],
			"faces": {
				"north": {"uv": [11, 5, 12, 5.25], "texture": "#0", "cullface": "up"},
				"east": {"uv": [8, 7, 9, 8], "rotation": 90, "texture": "#0", "cullface": "up"},
				"south": {"uv": [8, 7, 9, 8], "rotation": 180, "texture": "#0", "cullface": "up"},
				"west": {"uv": [8, 7, 9, 8], "rotation": 270, "texture": "#0", "cullface": "up"},
				"up": {"uv": [8, 7, 9, 8], "texture": "#0", "cullface": "up"}
			}
		},
		{
			"from": [9, 16, 5],
			"to": [10, 16.25, 6],
			"faces": {
				"north": {"uv": [9, 5, 10, 5.25], "texture": "#0", "cullface": "up"},
				"east": {"uv": [9, 5, 10, 6], "rotation": 90, "texture": "#0", "cullface": "up"},
				"west": {"uv": [9, 5, 10, 6], "rotation": 270, "texture": "#0", "cullface": "up"},
				"up": {"uv": [9, 5, 10, 6], "texture": "#0", "cullface": "up"}
			}
		},
		{
			"from": [8, 15.9, 7],
			"to": [9, 16.4, 8],
			"faces": {
				"east": {"uv": [8, 7, 9, 8], "rotation": 90, "texture": "#0", "cullface": "up"},
				"south": {"uv": [8, 7, 9, 8], "rotation": 180, "texture": "#0", "cullface": "up"},
				"west": {"uv": [8, 7, 9, 8], "rotation": 270, "texture": "#0", "cullface": "up"},
				"up": {"uv": [8, 7, 9, 8], "texture": "#0", "cullface": "up"}
			}
		},
		{
			"from": [5, 16, 7],
			"to": [7, 16.25, 9],
			"faces": {
				"north": {"uv": [5, 7, 7, 7.25], "rotation": 180, "texture": "#0", "cullface": "up"},
				"east": {"uv": [6, 7, 6.25, 9], "rotation": 90, "texture": "#0", "cullface": "up"},
				"south": {"uv": [5, 8, 7, 8.25], "texture": "#0", "cullface": "up"},
				"west": {"uv": [5, 7, 5.25, 9], "rotation": 270, "texture": "#0", "cullface": "up"},
				"up": {"uv": [5, 7, 7, 9], "texture": "#0", "cullface": "up"}
			}
		},
		{
			"from": [4, 16, 4],
			"to": [6, 16.5, 6],
			"faces": {
				"north": {"uv": [4, 4, 6, 4.5], "rotation": 180, "texture": "#0", "cullface": "up"},
				"east": {"uv": [5, 4, 5.5, 6], "rotation": 90, "texture": "#0", "cullface": "up"},
				"south": {"uv": [4, 5, 6, 5.5], "texture": "#0", "cullface": "up"},
				"west": {"uv": [4, 4, 4.5, 6], "rotation": 270, "texture": "#0", "cullface": "up"},
				"up": {"uv": [4, 4, 6, 6], "texture": "#0", "cullface": "up"}
			}
		},
		{
			"from": [4, 16, 6],
			"to": [5, 16.25, 7],
			"faces": {
				"east": {"uv": [4, 6, 5, 7], "rotation": 90, "texture": "#0", "cullface": "up"},
				"south": {"uv": [4, 6, 5, 7], "rotation": 180, "texture": "#0", "cullface": "up"},
				"west": {"uv": [4, 6, 5, 7], "rotation": 270, "texture": "#0", "cullface": "up"},
				"up": {"uv": [4, 6, 5, 7], "texture": "#0", "cullface": "up"}
			}
		},
		{
			"from": [5, 15.9, 3],
			"to": [8, 16.4, 4],
			"faces": {
				"north": {"uv": [5, 3, 8, 3.5], "rotation": 180, "texture": "#0", "cullface": "up"},
				"east": {"uv": [7, 3, 7.5, 4], "rotation": 90, "texture": "#0", "cullface": "up"},
				"south": {"uv": [5, 3, 8, 3.5], "texture": "#0", "cullface": "up"},
				"west": {"uv": [5, 3, 5.5, 4], "rotation": 270, "texture": "#0", "cullface": "up"},
				"up": {"uv": [5, 3, 8, 4], "texture": "#0", "cullface": "up"}
			}
		},
		{
			"from": [8, 15.9, 2],
			"to": [10, 16.4, 3],
			"faces": {
				"north": {"uv": [8, 2, 10, 2.5], "rotation": 180, "texture": "#0", "cullface": "up"},
				"east": {"uv": [9, 2, 9.5, 3], "rotation": 90, "texture": "#0", "cullface": "up"},
				"south": {"uv": [8, 2, 10, 2.5], "texture": "#0", "cullface": "up"},
				"west": {"uv": [8, 2, 8.5, 3], "rotation": 270, "texture": "#0", "cullface": "up"},
				"up": {"uv": [8, 2, 10, 3], "texture": "#0", "cullface": "up"}
			}
		},
		{
			"from": [13, -0.4, 3],
			"to": [14, 0.1, 4],
			"faces": {
				"north": {"uv": [13, 12, 14, 12.5], "rotation": 180, "texture": "#0", "cullface": "down"},
				"east": {"uv": [12, 13, 13, 14], "rotation": 270, "texture": "#0", "cullface": "down"},
				"south": {"uv": [13, 12, 14, 12.5], "texture": "#0", "cullface": "down"},
				"west": {"uv": [13, 12, 13.5, 13], "rotation": 90, "texture": "#0", "cullface": "down"},
				"down": {"uv": [13, 12, 14, 13], "texture": "#0", "cullface": "down"}
			}
		},
		{
			"from": [11, -0.25, 2],
			"to": [13, 0, 3],
			"faces": {
				"north": {"uv": [11, 13, 13, 13.5], "rotation": 180, "texture": "#0", "cullface": "down"},
				"east": {"uv": [12, 13, 13, 14], "rotation": 270, "texture": "#0", "cullface": "down"},
				"south": {"uv": [11, 13, 13, 14], "texture": "#0", "cullface": "down"},
				"west": {"uv": [11, 13, 12, 14], "rotation": 90, "texture": "#0", "cullface": "down"},
				"down": {"uv": [11, 13, 13, 14], "texture": "#0", "cullface": "down"}
			}
		},
		{
			"from": [9, -0.4, 3],
			"to": [10, 0.1, 5],
			"faces": {
				"north": {"uv": [9, 12, 10, 12.5], "rotation": 180, "texture": "#0", "cullface": "down"},
				"east": {"uv": [9, 11, 9.5, 13], "rotation": 270, "texture": "#0", "cullface": "down"},
				"south": {"uv": [9, 11, 10, 11.5], "texture": "#0", "cullface": "down"},
				"west": {"uv": [9, 11, 9.5, 13], "rotation": 90, "texture": "#0", "cullface": "down"},
				"down": {"uv": [9, 11, 10, 13], "texture": "#0", "cullface": "down"}
			}
		},
		{
			"from": [7, -0.4, 3],
			"to": [9, 0.1, 4],
			"faces": {
				"north": {"uv": [7, 12, 9, 12.5], "rotation": 180, "texture": "#0", "cullface": "down"},
				"south": {"uv": [7, 12, 9, 13], "texture": "#0", "cullface": "down"},
				"west": {"uv": [7, 12, 8, 13], "rotation": 90, "texture": "#0", "cullface": "down"},
				"down": {"uv": [7, 12, 9, 13], "texture": "#0", "cullface": "down"}
			}
		},
		{
			"from": [8, -0.25, 2],
			"to": [9, 0, 3],
			"faces": {
				"north": {"uv": [8, 13, 9, 14], "texture": "#0", "cullface": "down"},
				"east": {"uv": [8, 13, 9, 14], "rotation": 270, "texture": "#0", "cullface": "down"},
				"west": {"uv": [8, 13, 9, 14], "rotation": 90, "texture": "#0", "cullface": "down"},
				"down": {"uv": [8, 13, 9, 14], "texture": "#0", "cullface": "down"}
			}
		},
		{
			"from": [13, -0.25, 7],
			"to": [15, 0, 9],
			"faces": {
				"east": {"uv": [14, 7, 14.5, 9], "rotation": 270, "texture": "#0", "cullface": "down"},
				"south": {"uv": [13, 7, 15, 7.5], "texture": "#0", "cullface": "down"},
				"west": {"uv": [13, 7, 13.5, 9], "rotation": 90, "texture": "#0", "cullface": "down"},
				"down": {"uv": [13, 7, 15, 9], "texture": "#0", "cullface": "down"}
			}
		},
		{
			"from": [12, -0.5, 6],
			"to": [15, 0, 7],
			"faces": {
				"north": {"uv": [12, 9, 15, 9.5], "rotation": 180, "texture": "#0", "cullface": "down"},
				"east": {"uv": [14, 9, 14.5, 10], "rotation": 270, "texture": "#0", "cullface": "down"},
				"south": {"uv": [12, 9, 15, 9.5], "texture": "#0", "cullface": "down"},
				"west": {"uv": [12, 9, 12.5, 10], "rotation": 90, "texture": "#0", "cullface": "down"},
				"down": {"uv": [12, 9, 15, 10], "texture": "#0", "cullface": "down"}
			}
		},
		{
			"from": [12, -0.25, 5],
			"to": [13, 0, 8],
			"faces": {
				"north": {"uv": [12, 10, 13, 11], "texture": "#0", "cullface": "down"},
				"east": {"uv": [12, 10, 13, 11], "rotation": 270, "texture": "#0", "cullface": "down"},
				"south": {"uv": [12, 8, 13, 8.25], "rotation": 180, "texture": "#0", "cullface": "down"},
				"west": {"uv": [12, 8, 12.25, 11], "rotation": 90, "texture": "#0", "cullface": "down"},
				"down": {"uv": [12, 8, 13, 11], "texture": "#0", "cullface": "down"}
			}
		},
		{
			"from": [4, -0.5, 5],
			"to": [6, 0, 8],
			"faces": {
				"north": {"uv": [4, 10, 6, 10.5], "rotation": 180, "texture": "#0", "cullface": "down"},
				"east": {"uv": [5, 8, 5.5, 11], "rotation": 270, "texture": "#0", "cullface": "down"},
				"south": {"uv": [4, 8, 6, 8.5], "texture": "#0", "cullface": "down"},
				"west": {"uv": [4, 8, 4.5, 11], "rotation": 90, "texture": "#0", "cullface": "down"},
				"down": {"uv": [4, 8, 6, 11], "texture": "#0", "cullface": "down"}
			}
		},
		{
			"from": [3, -0.25, 4],
			"to": [5, 0, 6],
			"faces": {
				"north": {"uv": [3, 11, 5, 11.25], "rotation": 180, "texture": "#0", "cullface": "down"},
				"east": {"uv": [12, 10, 13, 11], "rotation": 270, "texture": "#0", "cullface": "down"},
				"south": {"uv": [12, 8, 13, 8.25], "rotation": 180, "texture": "#0", "cullface": "down"},
				"west": {"uv": [3, 10, 3.25, 12], "rotation": 90, "texture": "#0", "cullface": "down"},
				"down": {"uv": [3, 10, 5, 12], "texture": "#0", "cullface": "down"}
			}
		},
		{
			"from": [6, -0.4, 9],
			"to": [11, 0.1, 10],
			"faces": {
				"north": {"uv": [6, 6, 11, 6.5], "rotation": 180, "texture": "#0", "cullface": "down"},
				"east": {"uv": [10, 6, 10.5, 7], "rotation": 270, "texture": "#0", "cullface": "down"},
				"south": {"uv": [6, 6, 11, 6.5], "texture": "#0", "cullface": "down"},
				"west": {"uv": [6, 6, 6.5, 7], "rotation": 90, "texture": "#0", "cullface": "down"},
				"down": {"uv": [6, 6, 11, 7], "texture": "#0", "cullface": "down"}
			}
		},
		{
			"from": [6, -0.4, 8],
			"to": [7, 0.1, 9],
			"faces": {
				"north": {"uv": [6, 7, 7, 8], "texture": "#0", "cullface": "down"},
				"east": {"uv": [6, 7, 7, 8], "rotation": 270, "texture": "#0", "cullface": "down"},
				"west": {"uv": [6, 7, 7, 8], "rotation": 90, "texture": "#0", "cullface": "down"},
				"down": {"uv": [6, 7, 7, 8], "texture": "#0", "cullface": "down"}
			}
		},
		{
			"from": [11, -0.25, 10],
			"to": [12, 0, 11],
			"faces": {
				"north": {"uv": [8, 7, 9, 8], "texture": "#0", "cullface": "down"},
				"east": {"uv": [8, 7, 9, 8], "rotation": 270, "texture": "#0", "cullface": "down"},
				"south": {"uv": [11, 5, 12, 5.25], "rotation": 180, "texture": "#0", "cullface": "down"},
				"west": {"uv": [8, 7, 9, 8], "rotation": 90, "texture": "#0", "cullface": "down"},
				"down": {"uv": [8, 7, 9, 8], "texture": "#0", "cullface": "down"}
			}
		},
		{
			"from": [9, -0.25, 10],
			"to": [10, 0, 11],
			"faces": {
				"east": {"uv": [9, 5, 10, 6], "rotation": 270, "texture": "#0", "cullface": "down"},
				"south": {"uv": [9, 5, 10, 5.25], "rotation": 180, "texture": "#0", "cullface": "down"},
				"west": {"uv": [9, 5, 10, 6], "rotation": 90, "texture": "#0", "cullface": "down"},
				"down": {"uv": [9, 5, 10, 6], "texture": "#0", "cullface": "down"}
			}
		},
		{
			"from": [8, -0.4, 8],
			"to": [9, 0.1, 9],
			"faces": {
				"north": {"uv": [8, 7, 9, 8], "texture": "#0", "cullface": "down"},
				"east": {"uv": [8, 7, 9, 8], "rotation": 270, "texture": "#0", "cullface": "down"},
				"west": {"uv": [8, 7, 9, 8], "rotation": 90, "texture": "#0", "cullface": "down"},
				"down": {"uv": [8, 7, 9, 8], "texture": "#0", "cullface": "down"}
			}
		},
		{
			"from": [5, -0.25, 7],
			"to": [7, 0, 9],
			"faces": {
				"north": {"uv": [5, 8, 7, 8.25], "rotation": 180, "texture": "#0", "cullface": "down"},
				"east": {"uv": [6, 7, 6.25, 9], "rotation": 270, "texture": "#0", "cullface": "down"},
				"south": {"uv": [5, 7, 7, 7.25], "texture": "#0", "cullface": "down"},
				"west": {"uv": [5, 7, 5.25, 9], "rotation": 90, "texture": "#0", "cullface": "down"},
				"down": {"uv": [5, 7, 7, 9], "texture": "#0", "cullface": "down"}
			}
		},
		{
			"from": [4, -0.5, 10],
			"to": [6, 0, 12],
			"faces": {
				"north": {"uv": [4, 5, 6, 5.5], "rotation": 180, "texture": "#0", "cullface": "down"},
				"east": {"uv": [5, 4, 5.5, 6], "rotation": 270, "texture": "#0", "cullface": "down"},
				"south": {"uv": [4, 4, 6, 4.5], "texture": "#0", "cullface": "down"},
				"west": {"uv": [4, 4, 4.5, 6], "rotation": 90, "texture": "#0", "cullface": "down"},
				"down": {"uv": [4, 4, 6, 6], "texture": "#0", "cullface": "down"}
			}
		},
		{
			"from": [4, -0.25, 9],
			"to": [5, 0, 10],
			"faces": {
				"north": {"uv": [4, 6, 5, 7], "texture": "#0", "cullface": "down"},
				"east": {"uv": [4, 6, 5, 7], "rotation": 270, "texture": "#0", "cullface": "down"},
				"west": {"uv": [4, 6, 5, 7], "rotation": 90, "texture": "#0", "cullface": "down"},
				"down": {"uv": [4, 6, 5, 7], "texture": "#0", "cullface": "down"}
			}
		},
		{
			"from": [5, -0.4, 12],
			"to": [8, 0.1, 13],
			"faces": {
				"north": {"uv": [5, 3, 8, 3.5], "rotation": 180, "texture": "#0", "cullface": "down"},
				"east": {"uv": [7, 3, 7.5, 4], "rotation": 270, "texture": "#0", "cullface": "down"},
				"south": {"uv": [5, 3, 8, 3.5], "texture": "#0", "cullface": "down"},
				"west": {"uv": [5, 3, 5.5, 4], "rotation": 90, "texture": "#0", "cullface": "down"},
				"down": {"uv": [5, 3, 8, 4], "texture": "#0", "cullface": "down"}
			}
		},
		{
			"from": [8, -0.4, 13],
			"to": [10, 0.1, 14],
			"faces": {
				"north": {"uv": [8, 2, 10, 2.5], "rotation": 180, "texture": "#0", "cullface": "down"},
				"east": {"uv": [9, 2, 9.5, 3], "rotation": 270, "texture": "#0", "cullface": "down"},
				"south": {"uv": [8, 2, 10, 2.5], "texture": "#0", "cullface": "down"},
				"west": {"uv": [8, 2, 8.5, 3], "rotation": 90, "texture": "#0", "cullface": "down"},
				"down": {"uv": [8, 2, 10, 3], "texture": "#0", "cullface": "down"}
			}
		}
	],
	"groups": [0,
		{
			"name": "N",
			"origin": [8, 8, 8],
			"children": [
				{
					"name": "1_1",
					"origin": [8, 8, 8],
					"children": [1, 2]
				},
				{
					"name": "2_1",
					"origin": [8, 8, 8],
					"children": [3, 4, 5]
				},
				{
					"name": "3_1",
					"origin": [8, 8, 8],
					"children": [6, 7, 8]
				},
				{
					"name": "4_1",
					"origin": [8, 8, 8],
					"children": [9, 10, 11, 12, 13, 14, 15, 16]
				},
				{
					"name": "5_1",
					"origin": [8, 8, 8],
					"children": [17, 18, 19, 20]
				}
			]
		},
		{
			"name": "E",
			"origin": [8, 8, 8],
			"children": [
				{
					"name": "1_1",
					"origin": [8, 8, 8],
					"children": [21, 22]
				},
				{
					"name": "2_1",
					"origin": [8, 8, 8],
					"children": [23, 24, 25]
				},
				{
					"name": "3_1",
					"origin": [8, 8, 8],
					"children": [26, 27, 28]
				},
				{
					"name": "4_1",
					"origin": [8, 8, 8],
					"children": [29, 30, 31, 32, 33, 34, 35, 36]
				},
				{
					"name": "5_1",
					"origin": [8, 8, 8],
					"children": [37, 38, 39, 40]
				}
			]
		},
		{
			"name": "S",
			"origin": [8, 8, 8],
			"children": [
				{
					"name": "1_1",
					"origin": [8, 8, 8],
					"children": [41, 42]
				},
				{
					"name": "2_1",
					"origin": [8, 8, 8],
					"children": [43, 44, 45]
				},
				{
					"name": "3_1",
					"origin": [8, 8, 8],
					"children": [46, 47, 48]
				},
				{
					"name": "4_1",
					"origin": [8, 8, 8],
					"children": [49, 50, 51, 52, 53, 54, 55, 56]
				},
				{
					"name": "5_1",
					"origin": [8, 8, 8],
					"children": [57, 58, 59, 60]
				}
			]
		},
		{
			"name": "W",
			"origin": [8, 8, 8],
			"children": [
				{
					"name": "1_1",
					"origin": [8, 8, 8],
					"children": [61, 62]
				},
				{
					"name": "2_1",
					"origin": [8, 8, 8],
					"children": [63, 64, 65]
				},
				{
					"name": "3_1",
					"origin": [8, 8, 8],
					"children": [66, 67, 68]
				},
				{
					"name": "4_1",
					"origin": [8, 8, 8],
					"children": [69, 70, 71, 72, 73, 74, 75, 76]
				},
				{
					"name": "5_1",
					"origin": [8, 8, 8],
					"children": [77, 78, 79, 80]
				}
			]
		},
		{
			"name": "U",
			"origin": [8, 8, 8],
			"children": [
				{
					"name": "1_1",
					"origin": [8, 8, 8],
					"children": [81, 82]
				},
				{
					"name": "2_1",
					"origin": [8, 8, 8],
					"children": [83, 84, 85]
				},
				{
					"name": "3_1",
					"origin": [8, 8, 8],
					"children": [86, 87, 88]
				},
				{
					"name": "4_1",
					"origin": [8, 8, 8],
					"children": [89, 90, 91, 92, 93, 94, 95, 96]
				},
				{
					"name": "5_1",
					"origin": [8, 8, 8],
					"children": [97, 98, 99, 100]
				}
			]
		},
		{
			"name": "D",
			"origin": [8, 8, 8],
			"children": [
				{
					"name": "1_1",
					"origin": [8, 8, 8],
					"children": [101, 102]
				},
				{
					"name": "2_1",
					"origin": [8, 8, 8],
					"children": [103, 104, 105]
				},
				{
					"name": "3_1",
					"origin": [8, 8, 8],
					"children": [106, 107, 108]
				},
				{
					"name": "4_1",
					"origin": [8, 8, 8],
					"children": [109, 110, 111, 112, 113, 114, 115, 116]
				},
				{
					"name": "5_1",
					"origin": [8, 8, 8],
					"children": [117, 118, 119, 120]
				}
			]
		}
	]
}