{
	"credit": "Made by TheWaschtlPlays using Blockbench",
	"textures": {
		"1": "blocks/redstone_torch_off",
		"2": "blocks/torch_on",
		"particle": "blocks/torch_on"
	},
	"elements": [
		{
			"name": "Cube",
			"from": [7, 0, 7],
			"to": [9, 8, 9],
			"faces": {
				"north": {"uv": [7, 8, 9, 16], "texture": "#1"},
				"east": {"uv": [7, 8, 9, 16], "texture": "#1"},
				"south": {"uv": [7, 8, 9, 16], "texture": "#1"},
				"west": {"uv": [7, 8, 9, 16], "texture": "#1"},
				"up": {"uv": [0, 0, 0, 0], "texture": "#1"},
				"down": {"uv": [7, 14, 9, 16], "texture": "#1"}
			}
		},
		{
			"from": [6.75, 7.75, 6.75],
			"to": [9.25, 10.25, 9.25],
			"faces": {
				"north": {"uv": [7, 6, 9, 8], "texture": "#2"},
				"east": {"uv": [7, 6, 9, 8], "texture": "#2"},
				"south": {"uv": [7, 6, 9, 8], "texture": "#2"},
				"west": {"uv": [7, 6, 9, 8], "texture": "#2"},
				"up": {"uv": [7, 6, 9, 8], "texture": "#2"},
				"down": {"uv": [7, 6, 9, 8], "texture": "#2"}
			}
		}
	]
}