{
	"credit": "Made by TheWaschtlPlays using Blockbench",
	"ambientocclusion": false,
	"textures": {
		"crop": "blocks/tallgrass"
	},
	"elements": [
		{
			"from": [8, 0, 0],
			"to": [8, 16, 16],
			"shade": false,
			"rotation": {"angle": 45, "axis": "y", "origin": [8, 9, 8]},
			"faces": {
				"east": {"uv": [0, 0, 16, 16], "texture": "#crop", "tintindex": 0},
				"west": {"uv": [16, 0, 0, 16], "texture": "#crop", "tintindex": 0}
			}
		},
		{
			"from": [0, 0, 8],
			"to": [16, 16, 8],
			"shade": false,
			"rotation": {"angle": 45, "axis": "y", "origin": [8, 9, 8]},
			"faces": {
				"north": {"uv": [0, 0, 16, 16], "texture": "#crop", "tintindex": 0},
				"south": {"uv": [16, 0, 0, 16], "texture": "#crop", "tintindex": 0}
			}
		}
	]
}