{
	"credit": "Made by TheWaschtlPlays using Blockbench",
	"textures": {
		"0": "block/bookshelf",
		"particle": "block/bookshelf"
	},
	"elements": [
		{
			"name": "12_1",
			"from": [10, 1, 0.25],
			"to": [12, 6, 1],
			"faces": {
				"north": {"uv": [1, 10, 3, 15], "texture": "#0", "cullface": "north"},
				"east": {"uv": [1, 10, 1.75, 15], "texture": "#0", "cullface": "north"},
				"west": {"uv": [2, 10, 2.75, 15], "texture": "#0", "cullface": "north"},
				"up": {"uv": [1, 10, 3, 10.75], "rotation": 180, "texture": "#0", "cullface": "north"}
			}
		}
	],
	"groups": [
		{
			"name": "bottom",
			"origin": [8, 8, 8],
			"children": [
				{
					"name": "12",
					"origin": [8, 8, 8],
					"children": [0]
				}
			]
		}
	]
}