{
	"credit": "Made by TheWaschtlPlays using Blockbench",
	"textures": {
		"1": "entity/bell/bell_body",
		"particle": "entity/bell/bell_body",
		"bar": "block/dark_oak_planks"
	},
	"elements": [
		{
			"from": [0, 13, 7],
			"to": [16, 15, 9],
			"faces": {
				"north": {"uv": [2, 2, 14, 4], "texture": "#bar"},
				"east": {"uv": [5, 4, 7, 6], "texture": "#bar", "cullface": "east"},
				"south": {"uv": [2, 3, 14, 5], "texture": "#bar"},
				"west": {"uv": [5, 4, 7, 6], "texture": "#bar", "cullface": "west"},
				"up": {"uv": [2, 3, 14, 5], "texture": "#bar"},
				"down": {"uv": [2, 3, 14, 5], "texture": "#bar"}
			}
		},
		{
			"from": [7, 3.25, 7],
			"to": [9, 5.25, 9],
			"faces": {
				"north": {"uv": [6.5, 10.5, 7.5, 11.5], "texture": "#1"},
				"east": {"uv": [4, 10.5, 5, 11.5], "texture": "#1"},
				"south": {"uv": [1, 10.5, 2, 11.5], "texture": "#1"},
				"west": {"uv": [2.5, 10.5, 3.5, 11.5], "texture": "#1"},
				"up": {"uv": [8, 10.5, 9, 11.5], "texture": "#1"},
				"down": {"uv": [5, 10.5, 6, 11.5], "texture": "#1"}
			}
		},
		{
			"from": [7.5, 5.25, 7.5],
			"to": [8.5, 13.25, 8.5],
			"faces": {
				"north": {"uv": [4, 0, 12, 1], "rotation": 90, "texture": "#bar"},
				"east": {"uv": [4, 4, 12, 5], "rotation": 90, "texture": "#bar"},
				"south": {"uv": [4, 2, 12, 3], "rotation": 90, "texture": "#bar"},
				"west": {"uv": [4, 1, 12, 2], "rotation": 90, "texture": "#bar"}
			}
		}
	]
}