{
	"credit": "Made by TheWaschtlPlays using Blockbench",
	"parent": "block/orientable",
	"textures": {
		"pumpkin_top": "block/pumpkin_top",
		"pumpkin_side": "block/pumpkin_side",
		"pumpkin_bottom": "custom_textures/pumpkins/pumpkin_bottom",
		"particle": "block/carved_pumpkin",
		"carved_pumpkin": "block/carved_pumpkin"
	},
	"elements": [
		{
			"name": "Cube",
			"from": [12, 12, 0],
			"to": [13, 14, 1.5],
			"faces": {
				"north": {"uv": [3, 2, 4, 4], "texture": "#carved_pumpkin", "cullface": "north"},
				"west": {"uv": [3, 2, 4, 4], "texture": "#carved_pumpkin", "cullface": "north"},
				"down": {"uv": [3, 3, 4, 4], "rotation": 180, "texture": "#carved_pumpkin", "cullface": "north"}
			}
		},
		{
			"name": "Cube",
			"from": [0, 0, 1.5],
			"to": [16, 16, 16],
			"faces": {
				"north": {"uv": [0, 0, 16, 16], "texture": "#carved_pumpkin", "cullface": "north"},
				"east": {"uv": [0, 0, 14.5, 16], "texture": "#pumpkin_side", "cullface": "east"},
				"south": {"uv": [0, 0, 16, 16], "texture": "#pumpkin_side", "cullface": "south"},
				"west": {"uv": [1.5, 0, 16, 16], "texture": "#pumpkin_side", "cullface": "west"},
				"up": {"uv": [0, 1.5, 16, 16], "texture": "#pumpkin_top", "cullface": "up"},
				"down": {"uv": [0, 1.5, 16, 16], "rotation": 180, "texture": "#pumpkin_bottom", "cullface": "down"}
			}
		},
		{
			"name": "Cube",
			"from": [0, 0, 0],
			"to": [16, 2, 1.5],
			"faces": {
				"north": {"uv": [0, 14, 16, 16], "texture": "#carved_pumpkin", "cullface": "north"},
				"east": {"uv": [14.5, 14, 16, 16], "texture": "#pumpkin_side", "cullface": "east"},
				"west": {"uv": [0, 14, 1.5, 16], "texture": "#carved_pumpkin", "cullface": "west"},
				"up": {"uv": [0, 0, 16, 1], "rotation": 180, "texture": "#carved_pumpkin", "cullface": "north"},
				"down": {"uv": [0, 0, 16, 1.5], "rotation": 180, "texture": "#pumpkin_bottom", "cullface": "down"}
			}
		},
		{
			"name": "Cube",
			"from": [0, 14, 0],
			"to": [16, 16, 1.5],
			"faces": {
				"north": {"uv": [0, 0, 16, 2], "texture": "#carved_pumpkin", "cullface": "north"},
				"east": {"uv": [14.5, 0, 16, 2], "texture": "#pumpkin_side", "cullface": "east"},
				"west": {"uv": [0, 0, 1.5, 2], "texture": "#pumpkin_side", "cullface": "west"},
				"up": {"uv": [0, 0, 16, 1.5], "texture": "#pumpkin_top", "cullface": "up"},
				"down": {"uv": [0, 15, 16, 16], "rotation": 180, "texture": "#carved_pumpkin", "cullface": "north"}
			}
		},
		{
			"name": "Cube",
			"from": [14, 2, 0],
			"to": [16, 14, 1.5],
			"faces": {
				"north": {"uv": [0, 2, 2, 14], "texture": "#carved_pumpkin", "cullface": "north"},
				"east": {"uv": [14.5, 2, 16, 14], "texture": "#pumpkin_side", "cullface": "east"},
				"west": {"uv": [0, 2, 1.5, 14], "texture": "#carved_pumpkin", "cullface": "north"}
			}
		},
		{
			"name": "Cube",
			"from": [0, 2, 0],
			"to": [1, 14, 1.5],
			"faces": {
				"north": {"uv": [15, 2, 16, 14], "texture": "#carved_pumpkin", "cullface": "north"},
				"east": {"uv": [0, 2, 1.5, 14], "texture": "#carved_pumpkin", "cullface": "north"},
				"west": {"uv": [0, 2, 1.5, 14], "texture": "#pumpkin_side", "cullface": "west"}
			}
		},
		{
			"name": "Cube",
			"from": [1, 5, 0],
			"to": [2, 14, 1.5],
			"faces": {
				"north": {"uv": [14, 2, 15, 11], "texture": "#carved_pumpkin", "cullface": "north"},
				"east": {"uv": [14, 2, 15, 11], "texture": "#carved_pumpkin", "cullface": "north"},
				"down": {"uv": [0, 0, 1, 1], "rotation": 180, "texture": "#carved_pumpkin", "cullface": "north"}
			}
		},
		{
			"name": "Cube",
			"from": [1, 2, 0],
			"to": [4, 3, 1.5],
			"faces": {
				"north": {"uv": [12, 13, 15, 14], "texture": "#carved_pumpkin", "cullface": "north"},
				"east": {"uv": [12, 13, 13, 14], "texture": "#carved_pumpkin", "cullface": "north"},
				"up": {"uv": [12, 13, 15, 14], "rotation": 180, "texture": "#carved_pumpkin", "cullface": "north"}
			}
		},
		{
			"name": "Cube",
			"from": [3, 3, 0.5],
			"to": [4, 4, 1.5],
			"faces": {
				"north": {"uv": [12, 12, 13, 13], "texture": "#carved_pumpkin", "cullface": "north"},
				"east": {"uv": [12, 12, 13, 13], "texture": "#carved_pumpkin", "cullface": "north"},
				"west": {"uv": [12, 12, 13, 13], "texture": "#carved_pumpkin", "cullface": "north"},
				"up": {"uv": [12, 12, 13, 13], "rotation": 180, "texture": "#carved_pumpkin", "cullface": "north"}
			}
		},
		{
			"name": "Cube",
			"from": [5, 2, 0],
			"to": [9, 3, 1.5],
			"faces": {
				"north": {"uv": [7, 13, 11, 14], "texture": "#carved_pumpkin", "cullface": "north"},
				"east": {"uv": [7, 13, 8, 14], "texture": "#carved_pumpkin", "cullface": "north"},
				"west": {"uv": [10, 13, 11, 14], "texture": "#carved_pumpkin", "cullface": "north"},
				"up": {"uv": [7, 13, 11, 14], "rotation": 180, "texture": "#carved_pumpkin", "cullface": "north"}
			}
		},
		{
			"name": "Cube",
			"from": [7, 3, 0.5],
			"to": [8, 4, 1.5],
			"faces": {
				"north": {"uv": [8, 12, 9, 13], "texture": "#carved_pumpkin", "cullface": "north"},
				"east": {"uv": [8, 12, 9, 13], "texture": "#carved_pumpkin", "cullface": "north"},
				"west": {"uv": [8, 12, 9, 13], "texture": "#carved_pumpkin", "cullface": "north"},
				"up": {"uv": [8, 12, 9, 13], "rotation": 180, "texture": "#carved_pumpkin", "cullface": "north"}
			}
		},
		{
			"name": "Cube",
			"from": [10, 2, 0],
			"to": [12, 3, 1.5],
			"faces": {
				"north": {"uv": [4, 13, 6, 14], "texture": "#carved_pumpkin", "cullface": "north"},
				"east": {"uv": [4, 13, 5, 14], "texture": "#carved_pumpkin", "cullface": "north"},
				"west": {"uv": [5, 13, 6, 14], "texture": "#carved_pumpkin", "cullface": "north"},
				"up": {"uv": [4, 13, 6, 14], "rotation": 180, "texture": "#carved_pumpkin", "cullface": "north"}
			}
		},
		{
			"name": "Cube",
			"from": [10, 3, 0],
			"to": [11, 4, 1.5],
			"faces": {
				"north": {"uv": [5, 12, 6, 13], "texture": "#carved_pumpkin", "cullface": "north"},
				"east": {"uv": [5, 12, 6, 13], "texture": "#carved_pumpkin", "cullface": "north"},
				"west": {"uv": [5, 12, 6, 13], "texture": "#carved_pumpkin", "cullface": "north"},
				"up": {"uv": [5, 12, 6, 13], "rotation": 180, "texture": "#carved_pumpkin", "cullface": "north"}
			}
		},
		{
			"name": "Cube",
			"from": [13, 2, 0],
			"to": [14, 4, 1.5],
			"faces": {
				"north": {"uv": [2, 12, 3, 14], "texture": "#carved_pumpkin", "cullface": "north"},
				"west": {"uv": [2, 12, 3, 14], "texture": "#carved_pumpkin", "cullface": "north"},
				"up": {"uv": [2, 12, 3, 13], "rotation": 180, "texture": "#carved_pumpkin", "cullface": "north"}
			}
		},
		{
			"name": "Cube",
			"from": [13, 6, 0],
			"to": [14, 14, 1.5],
			"faces": {
				"north": {"uv": [2, 2, 3, 10], "texture": "#carved_pumpkin", "cullface": "north"},
				"west": {"uv": [2, 2, 3, 10], "texture": "#carved_pumpkin", "cullface": "north"},
				"down": {"uv": [2, 9, 3, 10], "rotation": 180, "texture": "#carved_pumpkin", "cullface": "north"}
			}
		},
		{
			"name": "Cube",
			"from": [12, 7, 0],
			"to": [13, 9, 1.5],
			"faces": {
				"north": {"uv": [3, 7, 4, 9], "texture": "#carved_pumpkin", "cullface": "north"},
				"west": {"uv": [3, 7, 4, 9], "texture": "#carved_pumpkin", "cullface": "north"},
				"up": {"uv": [3, 7, 4, 8], "rotation": 180, "texture": "#carved_pumpkin", "cullface": "north"},
				"down": {"uv": [3, 8, 4, 9], "rotation": 180, "texture": "#carved_pumpkin", "cullface": "north"}
			}
		},
		{
			"name": "Cube",
			"from": [11, 6, 0.5],
			"to": [12, 7, 1.5],
			"faces": {
				"north": {"uv": [4, 9, 5, 10], "texture": "#carved_pumpkin", "cullface": "north"},
				"east": {"uv": [4, 9, 5, 10], "texture": "#carved_pumpkin", "cullface": "north"},
				"west": {"uv": [4, 9, 5, 10], "texture": "#carved_pumpkin", "cullface": "north"},
				"down": {"uv": [4, 9, 5, 10], "rotation": 180, "texture": "#carved_pumpkin", "cullface": "north"}
			}
		},
		{
			"name": "Cube",
			"from": [10, 7, 0],
			"to": [12, 8, 1.5],
			"faces": {
				"north": {"uv": [4, 8, 6, 9], "texture": "#carved_pumpkin", "cullface": "north"},
				"up": {"uv": [4, 8, 6, 9], "rotation": 180, "texture": "#carved_pumpkin", "cullface": "north"},
				"down": {"uv": [4, 8, 6, 9], "rotation": 180, "texture": "#carved_pumpkin", "cullface": "north"}
			}
		},
		{
			"name": "Cube",
			"from": [8, 6, 0],
			"to": [10, 9, 1.5],
			"faces": {
				"north": {"uv": [6, 7, 8, 10], "texture": "#carved_pumpkin", "cullface": "north"},
				"east": {"uv": [6, 7, 7, 10], "texture": "#carved_pumpkin", "cullface": "north"},
				"west": {"uv": [7, 7, 8, 10], "texture": "#carved_pumpkin", "cullface": "north"},
				"up": {"uv": [6, 7, 8, 8], "rotation": 180, "texture": "#carved_pumpkin", "cullface": "north"},
				"down": {"uv": [6, 9, 8, 10], "rotation": 180, "texture": "#carved_pumpkin", "cullface": "north"}
			}
		},
		{
			"name": "Cube",
			"from": [6, 7, 0],
			"to": [8, 9, 1.5],
			"faces": {
				"north": {"uv": [8, 7, 10, 9], "texture": "#carved_pumpkin", "cullface": "north"},
				"west": {"uv": [9, 7, 10, 9], "texture": "#carved_pumpkin", "cullface": "north"},
				"up": {"uv": [8, 7, 10, 8], "rotation": 180, "texture": "#carved_pumpkin", "cullface": "north"},
				"down": {"uv": [8, 8, 10, 9], "rotation": 180, "texture": "#carved_pumpkin", "cullface": "north"}
			}
		},
		{
			"name": "Cube",
			"from": [5, 6, 0],
			"to": [7, 7, 1.5],
			"faces": {
				"north": {"uv": [9, 9, 11, 10], "texture": "#carved_pumpkin", "cullface": "north"},
				"east": {"uv": [9, 9, 10, 10], "texture": "#carved_pumpkin", "cullface": "north"},
				"west": {"uv": [10, 9, 11, 10], "texture": "#carved_pumpkin", "cullface": "north"},
				"down": {"uv": [9, 9, 11, 10], "rotation": 180, "texture": "#carved_pumpkin", "cullface": "north"}
			}
		},
		{
			"name": "Cube",
			"from": [3, 6, 0.5],
			"to": [4, 7, 1.5],
			"faces": {
				"north": {"uv": [12, 9, 13, 10], "texture": "#carved_pumpkin", "cullface": "north"},
				"east": {"uv": [12, 9, 13, 10], "texture": "#carved_pumpkin", "cullface": "north"},
				"west": {"uv": [12, 9, 13, 10], "texture": "#carved_pumpkin", "cullface": "north"},
				"down": {"uv": [12, 9, 13, 10], "rotation": 180, "texture": "#carved_pumpkin", "cullface": "north"}
			}
		},
		{
			"name": "Cube",
			"from": [2, 7, 0],
			"to": [6, 8, 1.5],
			"faces": {
				"north": {"uv": [10, 8, 14, 9], "texture": "#carved_pumpkin", "cullface": "north"},
				"up": {"uv": [10, 8, 14, 9], "rotation": 180, "texture": "#carved_pumpkin", "cullface": "north"},
				"down": {"uv": [10, 8, 14, 9], "rotation": 180, "texture": "#carved_pumpkin", "cullface": "north"}
			}
		},
		{
			"name": "Cube",
			"from": [2, 10, 0],
			"to": [3, 14, 1.5],
			"faces": {
				"north": {"uv": [13, 2, 14, 6], "texture": "#carved_pumpkin", "cullface": "north"},
				"east": {"uv": [13, 2, 14, 6], "texture": "#carved_pumpkin", "cullface": "north"},
				"down": {"uv": [13, 5, 14, 6], "rotation": 180, "texture": "#carved_pumpkin", "cullface": "north"}
			}
		},
		{
			"name": "Cube",
			"from": [3, 12, 0],
			"to": [4, 14, 1.5],
			"faces": {
				"north": {"uv": [12, 2, 13, 4], "texture": "#carved_pumpkin", "cullface": "north"},
				"east": {"uv": [12, 2, 13, 4], "texture": "#carved_pumpkin", "cullface": "north"},
				"down": {"uv": [12, 3, 13, 4], "rotation": 180, "texture": "#carved_pumpkin", "cullface": "north"}
			}
		},
		{
			"name": "Cube",
			"from": [4, 13, 0],
			"to": [5, 14, 1.5],
			"faces": {
				"north": {"uv": [11, 2, 12, 3], "texture": "#carved_pumpkin", "cullface": "north"},
				"east": {"uv": [11, 2, 12, 3], "texture": "#carved_pumpkin", "cullface": "north"},
				"down": {"uv": [11, 2, 12, 3], "rotation": 180, "texture": "#carved_pumpkin", "cullface": "north"}
			}
		},
		{
			"name": "Cube",
			"from": [6, 13, 0],
			"to": [7, 14, 1.5],
			"faces": {
				"north": {"uv": [9, 2, 10, 3], "texture": "#carved_pumpkin", "cullface": "north"},
				"west": {"uv": [9, 2, 10, 3], "texture": "#carved_pumpkin", "cullface": "north"},
				"down": {"uv": [9, 2, 10, 3], "rotation": 180, "texture": "#carved_pumpkin", "cullface": "north"}
			}
		},
		{
			"name": "Cube",
			"from": [7, 9, 0],
			"to": [9, 14, 1.5],
			"faces": {
				"north": {"uv": [7, 2, 9, 7], "texture": "#carved_pumpkin", "cullface": "north"},
				"east": {"uv": [7, 2, 8, 7], "texture": "#carved_pumpkin", "cullface": "north"},
				"west": {"uv": [8, 2, 9, 7], "texture": "#carved_pumpkin", "cullface": "north"}
			}
		},
		{
			"name": "Cube",
			"from": [9, 13, 0],
			"to": [10, 14, 1.5],
			"faces": {
				"north": {"uv": [6, 2, 7, 3], "texture": "#carved_pumpkin", "cullface": "north"},
				"east": {"uv": [6, 2, 7, 3], "texture": "#carved_pumpkin", "cullface": "north"},
				"down": {"uv": [6, 2, 7, 3], "rotation": 180, "texture": "#carved_pumpkin", "cullface": "north"}
			}
		},
		{
			"name": "Cube",
			"from": [9, 16, 7],
			"to": [10, 16.5, 9],
			"faces": {
				"north": {"uv": [9, 7, 10, 8], "texture": "#pumpkin_top", "cullface": "up"},
				"east": {"uv": [9, 7, 10, 9], "rotation": 90, "texture": "#pumpkin_top", "cullface": "up"},
				"south": {"uv": [9, 8, 10, 9], "texture": "#pumpkin_top", "cullface": "up"},
				"up": {"uv": [9, 7, 10, 9], "texture": "#pumpkin_top", "cullface": "up"}
			}
		},
		{
			"name": "Cube",
			"from": [7, 16.5, 7],
			"to": [9, 17, 9],
			"faces": {
				"north": {"uv": [7, 7, 9, 8], "texture": "#pumpkin_top", "cullface": "up"},
				"east": {"uv": [7, 7, 8, 9], "rotation": 90, "texture": "#pumpkin_top", "cullface": "up"},
				"south": {"uv": [7, 8, 9, 9], "texture": "#pumpkin_top", "cullface": "up"},
				"west": {"uv": [8, 7, 9, 9], "rotation": 270, "texture": "#pumpkin_top", "cullface": "up"},
				"up": {"uv": [7, 7, 9, 9], "texture": "#pumpkin_top", "cullface": "up"}
			}
		},
		{
			"name": "Cube",
			"from": [5, 16, 5],
			"to": [7, 17, 7],
			"faces": {
				"north": {"uv": [5, 5, 7, 6], "texture": "#pumpkin_top", "cullface": "up"},
				"east": {"uv": [5, 5, 6, 7], "rotation": 90, "texture": "#pumpkin_top", "cullface": "up"},
				"south": {"uv": [5, 6, 7, 7], "texture": "#pumpkin_top", "cullface": "up"},
				"west": {"uv": [6, 5, 7, 7], "rotation": 270, "texture": "#pumpkin_top", "cullface": "up"},
				"up": {"uv": [5, 5, 7, 7], "texture": "#pumpkin_top", "cullface": "up"}
			}
		},
		{
			"name": "Cube",
			"from": [7, 16.25, 6],
			"to": [8, 17, 7],
			"faces": {
				"north": {"uv": [7, 6, 8, 7], "texture": "#pumpkin_top", "cullface": "up"},
				"east": {"uv": [7, 6, 8, 7], "texture": "#pumpkin_top", "cullface": "up"},
				"south": {"uv": [0, 0, 0, 0], "texture": "#pumpkin_top"},
				"up": {"uv": [7, 6, 8, 7], "texture": "#pumpkin_top", "cullface": "up"}
			}
		},
		{
			"name": "Cube",
			"from": [6, 16.25, 7],
			"to": [7, 17, 8],
			"faces": {
				"east": {"uv": [0, 0, 0, 0], "texture": "#pumpkin_top"},
				"south": {"uv": [6, 7, 7, 8], "texture": "#pumpkin_top", "cullface": "up"},
				"west": {"uv": [6, 7, 7, 8], "texture": "#pumpkin_top", "cullface": "up"},
				"up": {"uv": [6, 7, 7, 8], "texture": "#pumpkin_top", "cullface": "up"}
			}
		},
		{
			"name": "Cube",
			"from": [6, 16, 6],
			"to": [9, 16.5, 9],
			"faces": {
				"north": {"uv": [6, 6, 9, 7], "rotation": 180, "texture": "#pumpkin_top", "cullface": "up"},
				"east": {"uv": [6, 6, 7, 9], "rotation": 270, "texture": "#pumpkin_top", "cullface": "up"},
				"south": {"uv": [6, 8, 9, 9], "texture": "#pumpkin_top", "cullface": "up"},
				"west": {"uv": [8, 6, 9, 9], "rotation": 90, "texture": "#pumpkin_top", "cullface": "up"},
				"up": {"uv": [6, 6, 9, 9], "texture": "#pumpkin_top", "cullface": "up"}
			}
		},
		{
			"name": "Cube",
			"from": [7, 16, 5],
			"to": [8, 16.5, 6],
			"faces": {
				"north": {"uv": [7, 5, 8, 6], "texture": "#pumpkin_top", "cullface": "up"},
				"east": {"uv": [7, 5, 8, 6], "texture": "#pumpkin_top", "cullface": "up"},
				"south": {"uv": [0, 0, 0, 0], "texture": "#pumpkin_top"},
				"up": {"uv": [7, 5, 8, 6], "texture": "#pumpkin_top", "cullface": "up"}
			}
		},
		{
			"name": "Cube",
			"from": [5, 16, 7],
			"to": [6, 16.5, 8],
			"faces": {
				"east": {"uv": [0, 0, 0, 0], "texture": "#pumpkin_top"},
				"south": {"uv": [7, 5, 8, 6], "texture": "#pumpkin_top", "cullface": "up"},
				"west": {"uv": [7, 5, 8, 6], "texture": "#pumpkin_top", "cullface": "up"},
				"up": {"uv": [7, 5, 8, 6], "texture": "#pumpkin_top", "cullface": "up"}
			}
		},
		{
			"name": "Cube",
			"from": [7, 16, 9],
			"to": [9, 16.5, 10],
			"faces": {
				"east": {"uv": [7, 9, 8, 10], "texture": "#pumpkin_top", "cullface": "up"},
				"south": {"uv": [7, 9, 9, 10], "texture": "#pumpkin_top", "cullface": "up"},
				"west": {"uv": [7, 9, 8, 10], "texture": "#pumpkin_top", "cullface": "up"},
				"up": {"uv": [7, 9, 8, 10], "texture": "#pumpkin_top", "cullface": "up"}
			}
		}
	],
	"groups": [
		{
			"name": "pumpkin",
			"origin": [0, 0, 0],
			"color": 0,
			"children": [0, 1, 2, 3, 4, 5, 6, 7, 8, 9, 10, 11, 12, 13, 14, 15, 16, 17, 18, 19, 20, 21, 22, 23, 24, 25, 26, 27, 28]
		},
		{
			"name": "root",
			"origin": [0, 0, 0],
			"color": 0,
			"children": [29, 30, 31, 32, 33, 34, 35, 36, 37]
		}
	]
}