{
	"credit": "Made by TheWaschtlPlays using Blockbench",
	"textures": {
		"0": "blocks/bookshelf",
		"1": "blocks/planks_oak",
		"2": "custom_textures/bookshelf_custom",
		"particle": "blocks/bookshelf"
	},
	"elements": [
		{
			"from": [0, 0, 0],
			"to": [16, 1, 16],
			"faces": {
				"north": {"uv": [0, 15, 16, 16], "texture": "#0"},
				"east": {"uv": [0, 15, 16, 16], "texture": "#0"},
				"south": {"uv": [0, 15, 16, 16], "texture": "#0"},
				"west": {"uv": [0, 15, 16, 16], "texture": "#0"},
				"up": {"uv": [0, 0, 16, 16], "texture": "#1"},
				"down": {"uv": [0, 0, 16, 16], "texture": "#1"}
			}
		},
		{
			"from": [0, 7, 0],
			"to": [16, 9, 16],
			"faces": {
				"north": {"uv": [0, 7, 16, 9], "texture": "#0"},
				"east": {"uv": [0, 7, 16, 9], "texture": "#0"},
				"south": {"uv": [0, 7, 16, 9], "texture": "#0"},
				"west": {"uv": [0, 7, 16, 9], "texture": "#0"},
				"up": {"uv": [0, 0, 16, 16], "texture": "#1"},
				"down": {"uv": [0, 0, 16, 16], "texture": "#1"}
			}
		},
		{
			"from": [0, 15, 0],
			"to": [16, 16, 16],
			"faces": {
				"north": {"uv": [0, 0, 16, 1], "texture": "#0"},
				"east": {"uv": [0, 0, 16, 1], "texture": "#0"},
				"south": {"uv": [0, 0, 16, 1], "texture": "#0"},
				"west": {"uv": [0, 0, 16, 1], "texture": "#0"},
				"up": {"uv": [0, 0, 16, 16], "texture": "#1"},
				"down": {"uv": [0, 0, 16, 16], "texture": "#1"}
			}
		},
		{
			"from": [0, 1, 15],
			"to": [1, 15, 16],
			"faces": {
				"north": {"uv": [15, 1, 16, 15], "texture": "#0"},
				"east": {"uv": [0, 1, 1, 15], "texture": "#0"},
				"south": {"uv": [0, 1, 1, 15], "texture": "#0"},
				"west": {"uv": [15, 1, 16, 15], "texture": "#0"}
			}
		},
		{
			"from": [0, 1, 0],
			"to": [1, 15, 1],
			"faces": {
				"north": {"uv": [15, 1, 16, 15], "texture": "#0"},
				"east": {"uv": [15, 1, 16, 15], "texture": "#0"},
				"south": {"uv": [0, 1, 1, 15], "texture": "#0"},
				"west": {"uv": [0, 1, 1, 15], "texture": "#0"}
			}
		},
		{
			"from": [15, 1, 0],
			"to": [16, 15, 1],
			"faces": {
				"north": {"uv": [0, 1, 1, 15], "texture": "#0"},
				"east": {"uv": [15, 1, 16, 15], "texture": "#0"},
				"south": {"uv": [15, 1, 16, 15], "texture": "#0"},
				"west": {"uv": [0, 1, 1, 15], "texture": "#0"}
			}
		},
		{
			"from": [15, 1, 15],
			"to": [16, 15, 16],
			"faces": {
				"north": {"uv": [0, 1, 1, 15], "texture": "#0"},
				"east": {"uv": [0, 1, 1, 15], "texture": "#0"},
				"south": {"uv": [15, 1, 16, 15], "texture": "#0"},
				"west": {"uv": [15, 1, 16, 15], "texture": "#0"}
			}
		},
		{
			"from": [1, 1, 1],
			"to": [15, 15, 15],
			"faces": {
				"north": {"uv": [1, 1, 15, 15], "texture": "#2"},
				"east": {"uv": [1, 1, 15, 15], "texture": "#2"},
				"south": {"uv": [1, 1, 15, 15], "texture": "#2"},
				"west": {"uv": [1, 1, 15, 15], "texture": "#2"}
			}
		},
		{
			"name": "12_1",
			"from": [13, 1, 0.25],
			"to": [15, 6, 1],
			"faces": {
				"north": {"uv": [1, 10, 3, 15], "texture": "#0"},
				"west": {"uv": [1, 10, 1.75, 15], "texture": "#0"},
				"up": {"uv": [1, 10, 3, 10.75], "texture": "#0"}
			}
		},
		{
			"name": "22_2",
			"from": [0.25, 1, 1],
			"to": [1, 6, 3],
			"faces": {
				"south": {"uv": [1, 10, 1.75, 15], "texture": "#0"},
				"west": {"uv": [1, 10, 3, 15], "texture": "#0"},
				"up": {"uv": [1, 10, 3, 10.75], "rotation": 270, "texture": "#0"}
			}
		},
		{
			"name": "33_3",
			"from": [1, 1, 15],
			"to": [3, 6, 15.75],
			"faces": {
				"east": {"uv": [1, 10, 1.75, 15], "texture": "#0"},
				"south": {"uv": [1, 10, 3, 15], "texture": "#0"},
				"up": {"uv": [1, 10, 3, 10.75], "rotation": 180, "texture": "#0"}
			}
		},
		{
			"name": "44_4",
			"from": [15, 1, 13],
			"to": [15.75, 6, 15],
			"faces": {
				"north": {"uv": [1, 10, 1.75, 15], "texture": "#0"},
				"east": {"uv": [1, 10, 3, 15], "texture": "#0"},
				"up": {"uv": [1, 10, 3, 10.75], "rotation": 90, "texture": "#0"}
			}
		},
		{
			"from": [10, 1, 0.5],
			"to": [12, 6, 1],
			"faces": {
				"north": {"uv": [4, 10, 6, 15], "texture": "#0"},
				"east": {"uv": [5, 10, 5.5, 15], "texture": "#0"},
				"up": {"uv": [4, 10, 6, 10.5], "texture": "#0"}
			}
		},
		{
			"from": [0.5, 1, 4],
			"to": [1, 6, 6],
			"faces": {
				"north": {"uv": [5, 10, 5.5, 15], "texture": "#0"},
				"west": {"uv": [4, 10, 6, 15], "texture": "#0"},
				"up": {"uv": [4, 10, 6, 10.5], "rotation": 270, "texture": "#0"}
			}
		},
		{
			"from": [4, 1, 15],
			"to": [6, 6, 15.5],
			"faces": {
				"south": {"uv": [4, 10, 6, 15], "texture": "#0"},
				"west": {"uv": [5, 10, 5.5, 15], "texture": "#0"},
				"up": {"uv": [4, 10, 6, 10.5], "rotation": 180, "texture": "#0"}
			}
		},
		{
			"from": [15, 1, 10],
			"to": [15.5, 6, 12],
			"faces": {
				"east": {"uv": [4, 10, 6, 15], "texture": "#0"},
				"south": {"uv": [5, 10, 5.5, 15], "texture": "#0"},
				"up": {"uv": [4, 10, 6, 10.5], "rotation": 90, "texture": "#0"}
			}
		},
		{
			"from": [8, 1, 0.2],
			"to": [10, 7, 1],
			"faces": {
				"north": {"uv": [6, 9, 8, 15], "texture": "#0"},
				"east": {"uv": [7, 9, 7.8, 15], "texture": "#0"},
				"west": {"uv": [6, 9, 6.8, 15], "texture": "#0"}
			}
		},
		{
			"from": [0.2, 1, 6],
			"to": [1, 7, 8],
			"faces": {
				"north": {"uv": [7, 9, 7.8, 15], "texture": "#0"},
				"south": {"uv": [6, 9, 6.8, 15], "texture": "#0"},
				"west": {"uv": [6, 9, 8, 15], "texture": "#0"}
			}
		},
		{
			"from": [6, 1, 15],
			"to": [8, 7, 15.8],
			"faces": {
				"east": {"uv": [6, 9, 6.8, 15], "texture": "#0"},
				"south": {"uv": [6, 9, 8, 15], "texture": "#0"},
				"west": {"uv": [7, 9, 7.8, 15], "texture": "#0"}
			}
		},
		{
			"from": [15, 1, 8],
			"to": [15.8, 7, 10],
			"faces": {
				"north": {"uv": [6, 9, 6.8, 15], "texture": "#0"},
				"east": {"uv": [6, 9, 8, 15], "texture": "#0"},
				"south": {"uv": [7, 9, 7.8, 15], "texture": "#0"}
			}
		},
		{
			"from": [3, 1, 0.5],
			"to": [5, 6, 1],
			"faces": {
				"north": {"uv": [11, 10, 13, 15], "texture": "#0"},
				"west": {"uv": [11, 10, 11.5, 15], "texture": "#0"},
				"up": {"uv": [11, 10, 13, 10.5], "texture": "#0"}
			}
		},
		{
			"from": [0.5, 1, 11],
			"to": [1, 6, 13],
			"faces": {
				"south": {"uv": [11, 10, 11.5, 15], "texture": "#0"},
				"west": {"uv": [11, 10, 13, 15], "texture": "#0"},
				"up": {"uv": [11, 10, 13, 10.5], "rotation": 270, "texture": "#0"}
			}
		},
		{
			"from": [11, 1, 15],
			"to": [13, 6, 15.5],
			"faces": {
				"east": {"uv": [11, 10, 11.5, 15], "texture": "#0"},
				"south": {"uv": [11, 10, 13, 15], "texture": "#0"},
				"up": {"uv": [11, 10, 13, 10.5], "rotation": 180, "texture": "#0"}
			}
		},
		{
			"from": [15, 1, 3],
			"to": [15.5, 6, 5],
			"faces": {
				"north": {"uv": [11, 10, 11.5, 15], "texture": "#0"},
				"east": {"uv": [11, 10, 13, 15], "texture": "#0"},
				"up": {"uv": [11, 10, 13, 10.5], "rotation": 90, "texture": "#0"}
			}
		},
		{
			"from": [1, 1, 0.25],
			"to": [3, 5, 1],
			"faces": {
				"north": {"uv": [13, 11, 15, 15], "texture": "#0"},
				"east": {"uv": [14, 11, 14.75, 15], "texture": "#0"},
				"up": {"uv": [13, 11, 15, 11.75], "texture": "#0"}
			}
		},
		{
			"from": [0.25, 1, 13],
			"to": [1, 5, 15],
			"faces": {
				"north": {"uv": [14, 11, 14.75, 15], "texture": "#0"},
				"west": {"uv": [13, 11, 15, 15], "texture": "#0"},
				"up": {"uv": [13, 11, 15, 11.75], "rotation": 270, "texture": "#0"}
			}
		},
		{
			"from": [13, 1, 15],
			"to": [15, 5, 15.75],
			"faces": {
				"south": {"uv": [13, 11, 15, 15], "texture": "#0"},
				"west": {"uv": [14, 11, 14.75, 15], "texture": "#0"},
				"up": {"uv": [13, 11, 15, 11.75], "rotation": 180, "texture": "#0"}
			}
		},
		{
			"from": [15, 1, 1],
			"to": [15.75, 5, 3],
			"faces": {
				"east": {"uv": [13, 11, 15, 15], "texture": "#0"},
				"south": {"uv": [14, 11, 14.75, 15], "texture": "#0"},
				"up": {"uv": [13, 11, 15, 11.75], "rotation": 90, "texture": "#0"}
			}
		},
		{
			"from": [12, 1, 0.75],
			"to": [13, 5, 1],
			"faces": {
				"north": {"uv": [3, 11, 4, 15], "texture": "#0"},
				"up": {"uv": [3, 11, 4, 11.25], "texture": "#0"}
			}
		},
		{
			"from": [0.75, 1, 3],
			"to": [1, 5, 4],
			"faces": {
				"west": {"uv": [3, 11, 4, 15], "texture": "#0"},
				"up": {"uv": [3, 11, 4, 11.25], "rotation": 270, "texture": "#0"}
			}
		},
		{
			"from": [3, 1, 15],
			"to": [4, 5, 15.25],
			"faces": {
				"south": {"uv": [3, 11, 4, 15], "texture": "#0"},
				"up": {"uv": [3, 11, 4, 11.25], "rotation": 180, "texture": "#0"}
			}
		},
		{
			"from": [15, 1, 12],
			"to": [15.25, 5, 13],
			"faces": {
				"east": {"uv": [3, 11, 4, 15], "texture": "#0"},
				"up": {"uv": [3, 11, 4, 11.25], "rotation": 90, "texture": "#0"}
			}
		},
		{
			"from": [7, 1, 0.5],
			"to": [8, 6, 1],
			"faces": {
				"north": {"uv": [8, 10, 9, 15], "texture": "#0"},
				"up": {"uv": [8, 10, 9, 10.5], "texture": "#0"}
			}
		},
		{
			"from": [0.5, 1, 8],
			"to": [1, 6, 9],
			"faces": {
				"west": {"uv": [8, 10, 9, 15], "texture": "#0"},
				"up": {"uv": [8, 10, 9, 10.5], "rotation": 270, "texture": "#0"}
			}
		},
		{
			"from": [8, 1, 15],
			"to": [9, 6, 15.5],
			"faces": {
				"south": {"uv": [8, 10, 9, 15], "texture": "#0"},
				"up": {"uv": [8, 10, 9, 10.5], "rotation": 180, "texture": "#0"}
			}
		},
		{
			"from": [15, 1, 7],
			"to": [15.5, 6, 8],
			"faces": {
				"east": {"uv": [8, 10, 9, 15], "texture": "#0"},
				"up": {"uv": [8, 10, 9, 10.5], "rotation": 90, "texture": "#0"}
			}
		},
		{
			"from": [5, 1, 0.2],
			"to": [7, 6, 1],
			"faces": {
				"north": {"uv": [4, 2, 6, 7], "texture": "#0"},
				"east": {"uv": [4, 2, 4.8, 7], "texture": "#0"},
				"west": {"uv": [5, 2, 5.8, 7], "texture": "#0"},
				"up": {"uv": [4, 2, 6, 2.8], "texture": "#0"}
			}
		},
		{
			"from": [0.2, 1, 9],
			"to": [1, 6, 11],
			"faces": {
				"north": {"uv": [4, 2, 4.8, 7], "texture": "#0"},
				"south": {"uv": [5, 2, 5.8, 7], "texture": "#0"},
				"west": {"uv": [4, 2, 6, 7], "texture": "#0"},
				"up": {"uv": [4, 2, 6, 2.8], "rotation": 270, "texture": "#0"}
			}
		},
		{
			"from": [9, 1, 15],
			"to": [11, 6, 15.8],
			"faces": {
				"east": {"uv": [5, 2, 5.8, 7], "texture": "#0"},
				"south": {"uv": [4, 2, 6, 7], "texture": "#0"},
				"west": {"uv": [4, 2, 4.8, 7], "texture": "#0"},
				"up": {"uv": [4, 2, 6, 2.8], "rotation": 180, "texture": "#0"}
			}
		},
		{
			"from": [15, 1, 5],
			"to": [15.8, 6, 7],
			"faces": {
				"north": {"uv": [5, 2, 5.8, 7], "texture": "#0"},
				"east": {"uv": [4, 2, 6, 7], "texture": "#0"},
				"south": {"uv": [4, 2, 4.8, 7], "texture": "#0"},
				"up": {"uv": [4, 2, 6, 2.8], "rotation": 90, "texture": "#0"}
			}
		},
		{
			"from": [12, 9, 0.5],
			"to": [14, 13, 1],
			"faces": {
				"north": {"uv": [2, 3, 4, 7], "texture": "#0"},
				"up": {"uv": [2, 3, 4, 3.5], "texture": "#0"}
			}
		},
		{
			"from": [0.5, 9, 2],
			"to": [1, 13, 4],
			"faces": {
				"west": {"uv": [2, 3, 4, 7], "texture": "#0"},
				"up": {"uv": [2, 3, 4, 3.5], "rotation": 270, "texture": "#0"}
			}
		},
		{
			"from": [2, 9, 15],
			"to": [4, 13, 15.5],
			"faces": {
				"south": {"uv": [2, 3, 4, 7], "texture": "#0"},
				"up": {"uv": [2, 3, 4, 3.5], "rotation": 180, "texture": "#0"}
			}
		},
		{
			"from": [15, 9, 12],
			"to": [15.5, 13, 14],
			"faces": {
				"east": {"uv": [2, 3, 4, 7], "texture": "#0"},
				"up": {"uv": [2, 3, 4, 3.5], "rotation": 90, "texture": "#0"}
			}
		},
		{
			"from": [10, 9, 0.2],
			"to": [12, 14, 1],
			"faces": {
				"north": {"uv": [4, 2, 6, 7], "texture": "#0"},
				"east": {"uv": [4, 2, 4.8, 7], "texture": "#0"},
				"west": {"uv": [5, 2, 5.8, 7], "texture": "#0"},
				"up": {"uv": [4, 2, 6, 2.8], "texture": "#0"}
			}
		},
		{
			"from": [0.2, 9, 4],
			"to": [1, 14, 6],
			"faces": {
				"north": {"uv": [4, 2, 4.8, 7], "texture": "#0"},
				"south": {"uv": [5, 2, 5.8, 7], "texture": "#0"},
				"west": {"uv": [4, 2, 6, 7], "texture": "#0"},
				"up": {"uv": [4, 2, 6, 2.8], "rotation": 270, "texture": "#0"}
			}
		},
		{
			"from": [4, 9, 15],
			"to": [6, 14, 15.8],
			"faces": {
				"east": {"uv": [5, 2, 5.8, 7], "texture": "#0"},
				"south": {"uv": [4, 2, 6, 7], "texture": "#0"},
				"west": {"uv": [4, 2, 4.8, 7], "texture": "#0"},
				"up": {"uv": [4, 2, 6, 2.8], "rotation": 180, "texture": "#0"}
			}
		},
		{
			"from": [15, 9, 10],
			"to": [15.8, 14, 12],
			"faces": {
				"north": {"uv": [5, 2, 5.8, 7], "texture": "#0"},
				"east": {"uv": [4, 2, 6, 7], "texture": "#0"},
				"south": {"uv": [4, 2, 4.8, 7], "texture": "#0"},
				"up": {"uv": [4, 2, 6, 2.8], "rotation": 90, "texture": "#0"}
			}
		},
		{
			"from": [5, 9, 0.25],
			"to": [7, 14, 1],
			"faces": {
				"north": {"uv": [9, 2, 11, 7], "texture": "#0"},
				"east": {"uv": [10, 2, 10.75, 7], "texture": "#0"},
				"west": {"uv": [9, 2, 9.75, 7], "texture": "#0"},
				"up": {"uv": [9, 2, 11, 2.75], "texture": "#0"}
			}
		},
		{
			"from": [0.25, 9, 9],
			"to": [1, 14, 11],
			"faces": {
				"north": {"uv": [10, 2, 10.75, 7], "texture": "#0"},
				"south": {"uv": [9, 2, 9.75, 7], "texture": "#0"},
				"west": {"uv": [9, 2, 11, 7], "texture": "#0"},
				"up": {"uv": [9, 2, 11, 2.75], "rotation": 270, "texture": "#0"}
			}
		},
		{
			"from": [9, 9, 15],
			"to": [11, 14, 15.75],
			"faces": {
				"east": {"uv": [9, 2, 9.75, 7], "texture": "#0"},
				"south": {"uv": [9, 2, 11, 7], "texture": "#0"},
				"west": {"uv": [10, 2, 10.75, 7], "texture": "#0"},
				"up": {"uv": [9, 2, 11, 2.75], "rotation": 180, "texture": "#0"}
			}
		},
		{
			"from": [15, 9, 5],
			"to": [15.75, 14, 7],
			"faces": {
				"north": {"uv": [9, 2, 9.75, 7], "texture": "#0"},
				"east": {"uv": [9, 2, 11, 7], "texture": "#0"},
				"south": {"uv": [10, 2, 10.75, 7], "texture": "#0"},
				"up": {"uv": [9, 2, 11, 2.75], "rotation": 90, "texture": "#0"}
			}
		},
		{
			"from": [2, 9, 0.75],
			"to": [4, 15, 1],
			"faces": {
				"north": {"uv": [12, 1, 14, 7], "texture": "#0"},
				"east": {"uv": [13, 1, 13.25, 7], "texture": "#0"},
				"west": {"uv": [12, 1, 12.25, 7], "texture": "#0"}
			}
		},
		{
			"from": [0.75, 9, 12],
			"to": [1, 15, 14],
			"faces": {
				"north": {"uv": [13, 1, 13.25, 7], "texture": "#0"},
				"south": {"uv": [12, 1, 12.25, 7], "texture": "#0"},
				"west": {"uv": [12, 1, 14, 7], "texture": "#0"}
			}
		},
		{
			"from": [12, 9, 15],
			"to": [14, 15, 15.25],
			"faces": {
				"east": {"uv": [12, 1, 12.25, 7], "texture": "#0"},
				"south": {"uv": [12, 1, 14, 7], "texture": "#0"},
				"west": {"uv": [13, 1, 13.25, 7], "texture": "#0"}
			}
		},
		{
			"from": [15, 9, 2],
			"to": [15.25, 15, 4],
			"faces": {
				"north": {"uv": [12, 1, 12.25, 7], "texture": "#0"},
				"east": {"uv": [12, 1, 14, 7], "texture": "#0"},
				"south": {"uv": [13, 1, 13.25, 7], "texture": "#0"}
			}
		},
		{
			"from": [14, 9, 0.25],
			"to": [15, 13, 1],
			"faces": {
				"north": {"uv": [1, 3, 2, 7], "texture": "#0"},
				"west": {"uv": [1, 3, 1.75, 7], "texture": "#0"},
				"up": {"uv": [1, 3, 2, 3.75], "texture": "#0"}
			}
		},
		{
			"from": [0.25, 9, 1],
			"to": [1, 13, 2],
			"faces": {
				"south": {"uv": [1, 3, 1.75, 7], "texture": "#0"},
				"west": {"uv": [1, 3, 2, 7], "texture": "#0"},
				"up": {"uv": [1, 3, 2, 3.75], "rotation": 270, "texture": "#0"}
			}
		},
		{
			"from": [1, 9, 15],
			"to": [2, 13, 15.75],
			"faces": {
				"east": {"uv": [1, 3, 1.75, 7], "texture": "#0"},
				"south": {"uv": [1, 3, 2, 7], "texture": "#0"},
				"up": {"uv": [1, 3, 2, 3.75], "rotation": 180, "texture": "#0"}
			}
		},
		{
			"from": [15, 9, 14],
			"to": [15.75, 13, 15],
			"faces": {
				"north": {"uv": [1, 3, 1.75, 7], "texture": "#0"},
				"east": {"uv": [1, 3, 2, 7], "texture": "#0"},
				"up": {"uv": [1, 3, 2, 3.75], "rotation": 90, "texture": "#0"}
			}
		},
		{
			"from": [9, 9, 0.5],
			"to": [10, 12, 1],
			"faces": {
				"north": {"uv": [6, 4, 7, 7], "texture": "#0"},
				"west": {"uv": [6, 4, 6.75, 7], "texture": "#0"},
				"up": {"uv": [6, 4, 7, 4.75], "texture": "#0"}
			}
		},
		{
			"from": [0.5, 9, 6],
			"to": [1, 12, 7],
			"faces": {
				"south": {"uv": [6, 4, 6.75, 7], "texture": "#0"},
				"west": {"uv": [6, 4, 7, 7], "texture": "#0"},
				"up": {"uv": [6, 4, 7, 4.75], "rotation": 270, "texture": "#0"}
			}
		},
		{
			"from": [6, 9, 15],
			"to": [7, 12, 15.5],
			"faces": {
				"east": {"uv": [6, 4, 6.75, 7], "texture": "#0"},
				"south": {"uv": [6, 4, 7, 7], "texture": "#0"},
				"up": {"uv": [6, 4, 7, 4.75], "rotation": 180, "texture": "#0"}
			}
		},
		{
			"from": [15, 9, 9],
			"to": [15.5, 12, 10],
			"faces": {
				"north": {"uv": [6, 4, 6.75, 7], "texture": "#0"},
				"east": {"uv": [6, 4, 7, 7], "texture": "#0"},
				"up": {"uv": [6, 4, 7, 4.75], "rotation": 90, "texture": "#0"}
			}
		},
		{
			"from": [8, 9, 0.2],
			"to": [9, 11, 1],
			"faces": {
				"north": {"uv": [7, 5, 8, 7], "texture": "#0"},
				"east": {"uv": [7, 5, 7.8, 7], "texture": "#0"},
				"west": {"uv": [7, 5, 7.8, 7], "texture": "#0"},
				"up": {"uv": [7, 5, 8, 5.8], "texture": "#0"}
			}
		},
		{
			"from": [0.2, 9, 7],
			"to": [1, 11, 8],
			"faces": {
				"north": {"uv": [7, 5, 7.8, 7], "texture": "#0"},
				"south": {"uv": [7, 5, 7.8, 7], "texture": "#0"},
				"west": {"uv": [7, 5, 8, 7], "texture": "#0"},
				"up": {"uv": [7, 5, 8, 5.8], "rotation": 270, "texture": "#0"}
			}
		},
		{
			"from": [7, 9, 15],
			"to": [8, 11, 15.8],
			"faces": {
				"east": {"uv": [7, 5, 7.8, 7], "texture": "#0"},
				"south": {"uv": [7, 5, 8, 7], "texture": "#0"},
				"west": {"uv": [7, 5, 7.8, 7], "texture": "#0"},
				"up": {"uv": [7, 5, 8, 5.8], "rotation": 180, "texture": "#0"}
			}
		},
		{
			"from": [15, 9, 8],
			"to": [15.8, 11, 9],
			"faces": {
				"north": {"uv": [7, 5, 7.8, 7], "texture": "#0"},
				"east": {"uv": [7, 5, 8, 7], "texture": "#0"},
				"south": {"uv": [7, 5, 7.8, 7], "texture": "#0"},
				"up": {"uv": [7, 5, 8, 5.8], "rotation": 90, "texture": "#0"}
			}
		},
		{
			"from": [7, 9, 0.75],
			"to": [8, 13, 1],
			"faces": {
				"north": {"uv": [8, 3, 9, 7], "texture": "#0"},
				"east": {"uv": [8, 3, 8.25, 7], "texture": "#0"},
				"up": {"uv": [8, 3, 9, 3.25], "texture": "#0"}
			}
		},
		{
			"from": [0.75, 9, 8],
			"to": [1, 13, 9],
			"faces": {
				"north": {"uv": [8, 3, 8.25, 7], "texture": "#0"},
				"west": {"uv": [8, 3, 9, 7], "texture": "#0"},
				"up": {"uv": [8, 3, 9, 3.25], "rotation": 270, "texture": "#0"}
			}
		},
		{
			"from": [8, 9, 15],
			"to": [9, 13, 15.25],
			"faces": {
				"south": {"uv": [8, 3, 9, 7], "texture": "#0"},
				"west": {"uv": [8, 3, 8.25, 7], "texture": "#0"},
				"up": {"uv": [8, 3, 9, 3.25], "rotation": 180, "texture": "#0"}
			}
		},
		{
			"from": [15, 9, 7],
			"to": [15.25, 13, 8],
			"faces": {
				"east": {"uv": [8, 3, 9, 7], "texture": "#0"},
				"south": {"uv": [8, 3, 8.25, 7], "texture": "#0"},
				"up": {"uv": [8, 3, 9, 3.25], "rotation": 90, "texture": "#0"}
			}
		},
		{
			"from": [4, 9, 0.5],
			"to": [5, 13, 1],
			"faces": {
				"north": {"uv": [11, 3, 12, 7], "texture": "#0"},
				"west": {"uv": [11, 3, 11.5, 7], "texture": "#0"},
				"up": {"uv": [11, 3, 12, 3.5], "texture": "#0"}
			}
		},
		{
			"from": [0.5, 9, 11],
			"to": [1, 13, 12],
			"faces": {
				"south": {"uv": [11, 3, 11.5, 7], "texture": "#0"},
				"west": {"uv": [11, 3, 12, 7], "texture": "#0"},
				"up": {"uv": [11, 3, 12, 3.5], "rotation": 270, "texture": "#0"}
			}
		},
		{
			"from": [11, 9, 15],
			"to": [12, 13, 15.5],
			"faces": {
				"east": {"uv": [11, 3, 11.5, 7], "texture": "#0"},
				"south": {"uv": [11, 3, 12, 7], "texture": "#0"},
				"up": {"uv": [11, 3, 12, 3.5], "rotation": 180, "texture": "#0"}
			}
		},
		{
			"from": [15, 9, 4],
			"to": [15.5, 13, 5],
			"faces": {
				"north": {"uv": [11, 3, 11.5, 7], "texture": "#0"},
				"east": {"uv": [11, 3, 12, 7], "texture": "#0"},
				"up": {"uv": [11, 3, 12, 3.5], "rotation": 90, "texture": "#0"}
			}
		},
		{
			"from": [1, 9, 0.2],
			"to": [2, 13, 1],
			"faces": {
				"north": {"uv": [14, 3, 15, 7], "texture": "#0"},
				"east": {"uv": [14, 3, 14.8, 7], "texture": "#0"},
				"up": {"uv": [14, 3, 15, 3.8], "texture": "#0"}
			}
		},
		{
			"from": [0.2, 9, 14],
			"to": [1, 13, 15],
			"faces": {
				"north": {"uv": [14, 3, 14.8, 7], "texture": "#0"},
				"west": {"uv": [14, 3, 15, 7], "texture": "#0"},
				"up": {"uv": [14, 3, 15, 3.8], "rotation": 270, "texture": "#0"}
			}
		},
		{
			"from": [14, 9, 15],
			"to": [15, 13, 15.8],
			"faces": {
				"south": {"uv": [14, 3, 15, 7], "texture": "#0"},
				"west": {"uv": [14, 3, 14.8, 7], "texture": "#0"},
				"up": {"uv": [14, 3, 15, 3.8], "rotation": 180, "texture": "#0"}
			}
		},
		{
			"from": [15, 9, 1],
			"to": [15.8, 13, 2],
			"faces": {
				"east": {"uv": [14, 3, 15, 7], "texture": "#0"},
				"south": {"uv": [14, 3, 14.8, 7], "texture": "#0"},
				"up": {"uv": [14, 3, 15, 3.8], "rotation": 90, "texture": "#0"}
			}
		}
	],
	"display": {
		"thirdperson_righthand": {
			"rotation": [75, 45, 0],
			"translation": [0, 2.5, 0],
			"scale": [0.375, 0.375, 0.375]
		},
		"thirdperson_lefthand": {
			"rotation": [75, 45, 0],
			"translation": [0, 2.5, 0],
			"scale": [0.375, 0.375, 0.375]
		},
		"firstperson_righthand": {
			"rotation": [0, 135, 0],
			"scale": [0.4, 0.4, 0.4]
		},
		"firstperson_lefthand": {
			"rotation": [0, 135, 0],
			"scale": [0.4, 0.4, 0.4]
		},
		"ground": {
			"translation": [0, 3, 0],
			"scale": [0.25, 0.25, 0.25]
		},
		"gui": {
			"rotation": [30, -135, 0],
			"scale": [0.625, 0.625, 0.625]
		},
		"fixed": {
			"scale": [0.5, 0.5, 0.5]
		}
	},
	"groups": [
		{
			"name": "frame",
			"origin": [8, 8, 8],
			"children": [0, 1, 2, 3, 4, 5, 6, 7]
		},
		{
			"name": "bottom",
			"origin": [8, 8, 8],
			"children": [
				{
					"name": "12",
					"origin": [8, 8, 8],
					"children": [8, 9, 10, 11]
				},
				{
					"name": "45",
					"origin": [8, 8, 8],
					"children": [12, 13, 14, 15]
				},
				{
					"name": "67",
					"origin": [8, 8, 8],
					"children": [16, 17, 18, 19]
				},
				{
					"name": "1112",
					"origin": [8, 8, 8],
					"children": [20, 21, 22, 23]
				},
				{
					"name": "1314",
					"origin": [8, 8, 8],
					"children": [24, 25, 26, 27]
				},
				{
					"name": "33",
					"origin": [8, 8, 8],
					"children": [28, 29, 30, 31]
				},
				{
					"name": "88",
					"origin": [8, 8, 8],
					"children": [32, 33, 34, 35]
				},
				{
					"name": "45",
					"origin": [8, 8, 8],
					"children": [36, 37, 38, 39]
				}
			]
		},
		{
			"name": "top",
			"origin": [8, 8, 8],
			"children": [
				{
					"name": "23",
					"origin": [8, 8, 8],
					"children": [40, 41, 42, 43]
				},
				{
					"name": "45",
					"origin": [8, 8, 8],
					"children": [44, 45, 46, 47]
				},
				{
					"name": "910",
					"origin": [8, 8, 8],
					"children": [48, 49, 50, 51]
				},
				{
					"name": "1213",
					"origin": [8, 8, 8],
					"children": [52, 53, 54, 55]
				},
				{
					"name": "11",
					"origin": [8, 8, 8],
					"children": [56, 57, 58, 59]
				},
				{
					"name": "66",
					"origin": [8, 8, 8],
					"children": [60, 61, 62, 63]
				},
				{
					"name": "77",
					"origin": [8, 8, 8],
					"children": [64, 65, 66, 67]
				},
				{
					"name": "88",
					"origin": [8, 8, 8],
					"children": [68, 69, 70, 71]
				},
				{
					"name": "1111",
					"origin": [8, 8, 8],
					"children": [72, 73, 74, 75]
				},
				{
					"name": "1414",
					"origin": [8, 8, 8],
					"children": [76, 77, 78, 79]
				}
			]
		}
	]
}