{
	"credit": "Made by TheWaschtlPlays using Blockbench",
	"ambientocclusion": false,
	"textures": {
		"particle": "#sapling"
	},
	"elements": [
		{
			"from": [-4.2, 0, 8],
			"to": [20.2, 32, 8],
			"shade": false,
			"rotation": {"angle": 45, "axis": "y", "origin": [8, 8, 8], "rescale": true},
			"faces": {
				"north": {"uv": [0, 0, 16, 16], "texture": "#sapling"},
				"south": {"uv": [0, 0, 16, 16], "texture": "#sapling"}
			}
		},
		{
			"from": [8, 0, -4.2],
			"to": [8, 32, 20.2],
			"shade": false,
			"rotation": {"angle": 45, "axis": "y", "origin": [8, 8, 8], "rescale": true},
			"faces": {
				"east": {"uv": [0, 0, 16, 16], "texture": "#sapling"},
				"west": {"uv": [0, 0, 16, 16], "texture": "#sapling"}
			}
		}
	]
}