{
	"credit": "Made by TheWaschtlPlays using Blockbench",
	"ambientocclusion": false,
	"textures": {
		"particle": "#0"
	},
	"elements": [
		{
			"from": [-1.2, 0, 7],
			"to": [13.2, 16, 7],
			"shade": false,
			"rotation": {"angle": 45, "axis": "y", "origin": [6, 8, 7], "rescale": true},
			"faces": {
				"north": {"uv": [16, 0, 0, 16], "texture": "#0"},
				"south": {"uv": [0, 0, 16, 16], "texture": "#0"}
			}
		},
		{
			"from": [6, 0, -0.2],
			"to": [6, 16, 14.2],
			"shade": false,
			"rotation": {"angle": 45, "axis": "y", "origin": [6, 8, 7], "rescale": true},
			"faces": {
				"east": {"uv": [16, 0, 0, 16], "texture": "#0"},
				"west": {"uv": [0, 0, 16, 16], "texture": "#0"}
			}
		}
	]
}