{
	"credit": "Made by TheWaschtlPlays using Blockbench",
	"ambientocclusion": false,
	"textures": {
		"particle": "#0"
	},
	"elements": [
		{
			"from": [7.05, 0, 8],
			"to": [11.05, 5, 8],
			"shade": false,
			"rotation": {"angle": 45, "axis": "y", "origin": [14, 8, 8], "rescale": true},
			"faces": {
				"north": {"uv": [5, 11, 0, 16], "texture": "#1"},
				"south": {"uv": [0, 11, 5, 16], "texture": "#1"}
			}
		},
		{
			"from": [14, 0, 11.05],
			"to": [14, 5, 15.05],
			"shade": false,
			"rotation": {"angle": 45, "axis": "y", "origin": [14, 8, 18], "rescale": true},
			"faces": {
				"east": {"uv": [5, 11, 0, 16], "texture": "#1"},
				"west": {"uv": [0, 11, 5, 16], "texture": "#1"}
			}
		},
		{
			"from": [7, 0, -1.2],
			"to": [7, 16, 13.2],
			"shade": false,
			"rotation": {"angle": 45, "axis": "y", "origin": [7, 8, 6], "rescale": true},
			"faces": {
				"east": {"uv": [16, 0, 0, 16], "texture": "#0"},
				"west": {"uv": [0, 0, 16, 16], "texture": "#0"}
			}
		},
		{
			"from": [-0.2, 0, 6],
			"to": [14.2, 16, 6],
			"shade": false,
			"rotation": {"angle": 45, "axis": "y", "origin": [7, 8, 6], "rescale": true},
			"faces": {
				"north": {"uv": [16, 0, 0, 16], "texture": "#0"},
				"south": {"uv": [0, 0, 16, 16], "texture": "#0"}
			}
		}
	]
}