{
    "variants": {
        "normal": [ { "model": "crops/grass/1_1" },
					{ "model": "crops/grass/1_1", "y": 90 },
					{ "model": "crops/grass/1_1", "y": 180 },
					{ "model": "crops/grass/1_1", "y": 270 },
					{ "model": "crops/grass/1_2" },
					{ "model": "crops/grass/1_2", "y": 90 },
					{ "model": "crops/grass/1_2", "y": 180 },
					{ "model": "crops/grass/1_2", "y": 270 },
					{ "model": "crops/grass/1_3" },
					{ "model": "crops/grass/1_3", "y": 90 },
					{ "model": "crops/grass/1_3", "y": 180 },
					{ "model": "crops/grass/1_3", "y": 270 }
				]
    }
}
