{
  "variants": {
    "facing=east,lit=false": {
      "model": "minecraft:block/torches/redstone/redstone_torch_wall_off"
    },
    "facing=east,lit=true": {
      "model": "minecraft:block/torches/redstone/redstone_torch_wall_on"
    },
    "facing=north,lit=false": {
      "model": "minecraft:block/torches/redstone/redstone_torch_wall_off",
      "y": 270
    },
    "facing=north,lit=true": {
      "model": "minecraft:block/torches/redstone/redstone_torch_wall_on",
      "y": 270
    },
    "facing=south,lit=false": {
      "model": "minecraft:block/torches/redstone/redstone_torch_wall_off",
      "y": 90
    },
    "facing=south,lit=true": {
      "model": "minecraft:block/torches/redstone/redstone_torch_wall_on",
      "y": 90
    },
    "facing=west,lit=false": {
      "model": "minecraft:block/torches/redstone/redstone_torch_wall_off",
      "y": 180
    },
    "facing=west,lit=true": {
      "model": "minecraft:block/torches/redstone/redstone_torch_wall_on",
      "y": 180
    }
  }
}