{
	"credit": "Made by playtrix with Blockbench",
	"textures": {
		"0": "block/bookshelf",
		"particle": "block/bookshelf"
	},
	"elements": [
		{
			"from": [5, 1, 0.25],
			"to": [7, 5, 1],
			"faces": {
				"north": {"uv": [13, 11, 15, 15], "texture": "#0", "cullface": "north"},
				"east": {"uv": [14, 11, 14.75, 15], "texture": "#0", "cullface": "north"},
				"west": {"uv": [13, 11, 13.75, 15], "texture": "#0", "cullface": "north"},
				"up": {"uv": [13, 11, 15, 11.75], "texture": "#0", "cullface": "north"}
			}
		} 
	],
	"groups": [
		{
			"name": "bottom",
			"origin": [8, 8, 8],
			"children": [
				{
					"name": "1314",
					"origin": [8, 8, 8],
					"children": [0, 1]
				}
			]
		}
	]
}