{
	"credit": "Made by playtrix with Blockbench",
	"textures": {
		"0": "block/bookshelf",
		"particle": "block/bookshelf"
	},
	"elements": [
		{
			"from": [10, 9, 0.25],
			"to": [12, 14, 1],
			"faces": {
				"north": {"uv": [9, 2, 11, 7], "texture": "#0", "cullface": "north"},
				"east": {"uv": [10, 2, 10.75, 7], "texture": "#0", "cullface": "north"},
				"west": {"uv": [9, 2, 9.75, 7], "texture": "#0", "cullface": "north"},
				"up": {"uv": [9, 2, 11, 2.75], "texture": "#0", "cullface": "north"}
			}
		} 
	],
	"groups": [
		{
			"name": "top",
			"origin": [8, 8, 8],
			"children": [
				{
					"name": "910",
					"origin": [8, 8, 8],
					"children": [0, 1]
				}
			]
		}
	]
}