{
	"credit": "Made by TheWaschtlPlays using Blockbench",
	"parent": "block/block",
	"textures": {
		"particle": "block/campfire_log",
		"log": "block/campfire_log"
	},
	"elements": [
		{
			"from": [0, 6, 11],
			"to": [16, 7, 15],
			"faces": {
				"north": {"uv": [16, 0, 0, 1], "texture": "#log"},
				"east": {"uv": [0, 4, 4, 5], "texture": "#log", "cullface": "east"},
				"south": {"uv": [0, 0, 16, 1], "texture": "#log"},
				"west": {"uv": [0, 4, 4, 5], "texture": "#log", "cullface": "west"},
				"up": {"uv": [0, 0, 16, 4], "rotation": 180, "texture": "#log"},
				"down": {"uv": [0, 0, 16, 4], "texture": "#log"}
			}
		},
		{
			"from": [0, 4, 11],
			"to": [16, 6, 12],
			"faces": {
				"north": {"uv": [16, 1, 0, 3], "texture": "#log"},
				"east": {"uv": [3, 5, 4, 7], "texture": "#log", "cullface": "east"},
				"south": {"uv": [0, 1, 16, 3], "texture": "#log"},
				"west": {"uv": [0, 5, 1, 7], "texture": "#log", "cullface": "west"}
			}
		},
		{
			"from": [0.25, 4, 12],
			"to": [15.75, 6, 14],
			"faces": {
				"east": {"uv": [1, 5, 3, 7], "texture": "#log", "cullface": "east"},
				"west": {"uv": [1, 5, 3, 7], "texture": "#log", "cullface": "west"}
			}
		},
		{
			"from": [0, 3, 11],
			"to": [16, 4, 15],
			"faces": {
				"north": {"uv": [16, 3, 0, 4], "texture": "#log"},
				"east": {"uv": [0, 7, 4, 8], "texture": "#log", "cullface": "east"},
				"south": {"uv": [0, 3, 16, 4], "texture": "#log"},
				"west": {"uv": [0, 7, 4, 8], "texture": "#log", "cullface": "west"},
				"up": {"uv": [0, 0, 16, 4], "rotation": 180, "texture": "#log"},
				"down": {"uv": [0, 0, 16, 4], "texture": "#log"}
			}
		},
		{
			"from": [0, 4, 14],
			"to": [16, 6, 15],
			"faces": {
				"north": {"uv": [16, 1, 0, 3], "texture": "#log"},
				"east": {"uv": [0, 5, 1, 7], "texture": "#log", "cullface": "east"},
				"south": {"uv": [0, 1, 16, 3], "texture": "#log"},
				"west": {"uv": [3, 5, 4, 7], "texture": "#log", "cullface": "west"}
			}
		},
		{
			"from": [0, 6, 1],
			"to": [16, 7, 5],
			"faces": {
				"north": {"uv": [16, 0, 0, 1], "texture": "#log"},
				"east": {"uv": [0, 4, 4, 5], "texture": "#log", "cullface": "east"},
				"south": {"uv": [0, 0, 16, 1], "texture": "#log"},
				"west": {"uv": [0, 4, 4, 5], "texture": "#log", "cullface": "west"},
				"up": {"uv": [0, 0, 16, 4], "rotation": 180, "texture": "#log"},
				"down": {"uv": [0, 0, 16, 4], "texture": "#log"}
			}
		},
		{
			"from": [0, 4, 1],
			"to": [16, 6, 2],
			"faces": {
				"north": {"uv": [16, 1, 0, 3], "texture": "#log"},
				"east": {"uv": [3, 5, 4, 7], "texture": "#log", "cullface": "east"},
				"south": {"uv": [0, 1, 16, 3], "texture": "#log"},
				"west": {"uv": [0, 5, 1, 7], "texture": "#log", "cullface": "west"}
			}
		},
		{
			"from": [0.25, 4, 2],
			"to": [15.75, 6, 4],
			"faces": {
				"east": {"uv": [1, 5, 3, 7], "texture": "#log", "cullface": "east"},
				"west": {"uv": [1, 5, 3, 7], "texture": "#log", "cullface": "west"}
			}
		},
		{
			"from": [0, 3, 1],
			"to": [16, 4, 5],
			"faces": {
				"north": {"uv": [16, 3, 0, 4], "texture": "#log"},
				"east": {"uv": [0, 7, 4, 8], "texture": "#log", "cullface": "east"},
				"south": {"uv": [0, 3, 16, 4], "texture": "#log"},
				"west": {"uv": [0, 7, 4, 8], "texture": "#log", "cullface": "west"},
				"up": {"uv": [0, 0, 16, 4], "rotation": 180, "texture": "#log"},
				"down": {"uv": [0, 0, 16, 4], "texture": "#log"}
			}
		},
		{
			"from": [0, 4, 4],
			"to": [16, 6, 5],
			"faces": {
				"north": {"uv": [16, 1, 0, 3], "texture": "#log"},
				"east": {"uv": [0, 5, 1, 7], "texture": "#log", "cullface": "east"},
				"south": {"uv": [0, 1, 16, 3], "texture": "#log"},
				"west": {"uv": [3, 5, 4, 7], "texture": "#log", "cullface": "west"}
			}
		},
		{
			"from": [1, 3, 0],
			"to": [5, 4, 16],
			"faces": {
				"north": {"uv": [0, 4, 4, 5], "texture": "#log", "cullface": "north"},
				"east": {"uv": [16, 0, 0, 1], "texture": "#log"},
				"south": {"uv": [0, 4, 4, 5], "texture": "#log", "cullface": "south"},
				"west": {"uv": [0, 0, 16, 1], "texture": "#log"},
				"up": {"uv": [0, 0, 16, 4], "rotation": 270, "texture": "#log"},
				"down": {"uv": [0, 0, 16, 4], "rotation": 270, "texture": "#log"}
			}
		},
		{
			"from": [4, 1, 0],
			"to": [5, 3, 16],
			"faces": {
				"north": {"uv": [0, 5, 1, 7], "texture": "#log", "cullface": "north"},
				"east": {"uv": [16, 1, 0, 3], "texture": "#log"},
				"south": {"uv": [3, 5, 4, 7], "texture": "#log", "cullface": "south"},
				"west": {"uv": [0, 1, 16, 3], "texture": "#log"}
			}
		},
		{
			"from": [2, 1, 0.25],
			"to": [4, 3, 15.75],
			"faces": {
				"north": {"uv": [1, 5, 3, 7], "texture": "#log", "cullface": "north"},
				"south": {"uv": [1, 5, 3, 7], "texture": "#log", "cullface": "south"}
			}
		},
		{
			"from": [1, 0, 0],
			"to": [5, 1, 16],
			"faces": {
				"north": {"uv": [0, 7, 4, 8], "texture": "#log", "cullface": "north"},
				"east": {"uv": [16, 3, 0, 4], "texture": "#log"},
				"south": {"uv": [0, 7, 4, 8], "texture": "#log", "cullface": "south"},
				"west": {"uv": [0, 3, 16, 4], "texture": "#log"},
				"up": {"uv": [0, 0, 16, 4], "rotation": 270, "texture": "#log"},
				"down": {"uv": [0, 0, 16, 4], "rotation": 270, "texture": "#log", "cullface": "down"}
			}
		},
		{
			"from": [1, 1, 0],
			"to": [2, 3, 16],
			"faces": {
				"north": {"uv": [3, 5, 4, 7], "texture": "#log", "cullface": "north"},
				"east": {"uv": [16, 1, 0, 3], "texture": "#log"},
				"south": {"uv": [0, 5, 1, 7], "texture": "#log", "cullface": "south"},
				"west": {"uv": [0, 1, 16, 3], "texture": "#log"}
			}
		},
		{
			"from": [11, 3, 0],
			"to": [15, 4, 16],
			"faces": {
				"north": {"uv": [0, 4, 4, 5], "texture": "#log", "cullface": "north"},
				"east": {"uv": [16, 0, 0, 1], "texture": "#log"},
				"south": {"uv": [0, 4, 4, 5], "texture": "#log", "cullface": "south"},
				"west": {"uv": [0, 0, 16, 1], "texture": "#log"},
				"up": {"uv": [0, 0, 16, 4], "rotation": 270, "texture": "#log"},
				"down": {"uv": [0, 0, 16, 4], "rotation": 270, "texture": "#log"}
			}
		},
		{
			"from": [14, 1, 0],
			"to": [15, 3, 16],
			"faces": {
				"north": {"uv": [0, 5, 1, 7], "texture": "#log", "cullface": "north"},
				"east": {"uv": [16, 1, 0, 3], "texture": "#log"},
				"south": {"uv": [3, 5, 4, 7], "texture": "#log", "cullface": "south"},
				"west": {"uv": [0, 1, 16, 3], "texture": "#log"}
			}
		},
		{
			"from": [12, 1, 0.25],
			"to": [14, 3, 15.75],
			"faces": {
				"north": {"uv": [1, 5, 3, 7], "texture": "#log", "cullface": "north"},
				"south": {"uv": [1, 5, 3, 7], "texture": "#log", "cullface": "south"}
			}
		},
		{
			"from": [11, 0, 0],
			"to": [15, 1, 16],
			"faces": {
				"north": {"uv": [0, 7, 4, 8], "texture": "#log", "cullface": "north"},
				"east": {"uv": [16, 3, 0, 4], "texture": "#log"},
				"south": {"uv": [0, 7, 4, 8], "texture": "#log", "cullface": "south"},
				"west": {"uv": [0, 3, 16, 4], "texture": "#log"},
				"up": {"uv": [0, 0, 16, 4], "rotation": 270, "texture": "#log"},
				"down": {"uv": [0, 0, 16, 4], "rotation": 270, "texture": "#log", "cullface": "down"}
			}
		},
		{
			"from": [11, 1, 0],
			"to": [12, 3, 16],
			"faces": {
				"north": {"uv": [3, 5, 4, 7], "texture": "#log", "cullface": "north"},
				"east": {"uv": [16, 1, 0, 3], "texture": "#log"},
				"south": {"uv": [0, 5, 1, 7], "texture": "#log", "cullface": "south"},
				"west": {"uv": [0, 1, 16, 3], "texture": "#log"}
			}
		},
		{
			"from": [5, 0, 15],
			"to": [6, 0.5, 16],
			"faces": {
				"east": {"uv": [12, 11, 13, 11.5], "texture": "#log"},
				"south": {"uv": [12, 11, 13, 11.5], "texture": "#log"},
				"up": {"uv": [12, 11, 13, 12], "texture": "#log"},
				"down": {"uv": [12, 11, 13, 12], "texture": "#log"}
			}
		},
		{
			"from": [5, 0, 14],
			"to": [8, 1, 15],
			"faces": {
				"east": {"uv": [14, 9, 15, 10], "texture": "#log"},
				"south": {"uv": [12, 9, 15, 10], "texture": "#log"},
				"up": {"uv": [12, 9, 15, 10], "texture": "#log"},
				"down": {"uv": [12, 9, 15, 10], "texture": "#log"}
			}
		},
		{
			"from": [10, 0, 14],
			"to": [11, 0.75, 15],
			"faces": {
				"south": {"uv": [14, 15, 15, 15.75], "texture": "#log"},
				"west": {"uv": [14, 15, 15, 15.75], "texture": "#log"},
				"up": {"uv": [14, 15, 15, 16], "texture": "#log"},
				"down": {"uv": [14, 15, 15, 16], "texture": "#log"}
			}
		},
		{
			"from": [5, 0, 2],
			"to": [11, 1, 14],
			"faces": {
				"north": {"uv": [2, 8, 3, 14], "rotation": 270, "texture": "#log", "cullface": "north"},
				"south": {"uv": [13, 8, 14, 14], "rotation": 90, "texture": "#log", "cullface": "south"},
				"up": {"uv": [2, 8, 14, 14], "rotation": 90, "texture": "#log"},
				"down": {"uv": [2, 8, 14, 14], "rotation": 90, "texture": "#log", "cullface": "down"}
			}
		},
		{
			"from": [9, 0, 1],
			"to": [11, 1, 2],
			"faces": {
				"north": {"uv": [2, 8, 4, 9], "texture": "#log"},
				"west": {"uv": [3, 8, 4, 9], "texture": "#log"},
				"up": {"uv": [1, 8, 3, 9], "texture": "#log"},
				"down": {"uv": [1, 8, 3, 9], "texture": "#log", "cullface": "down"}
			}
		},
		{
			"from": [5, 0, 1],
			"to": [7, 0.75, 2],
			"faces": {
				"north": {"uv": [2, 10, 0, 10.75], "texture": "#log"},
				"east": {"uv": [1, 10, 2, 10.75], "texture": "#log"},
				"up": {"uv": [0, 10, 2, 11], "texture": "#log"},
				"down": {"uv": [0, 10, 2, 11], "texture": "#log", "cullface": "down"}
			}
		},
		{
			"from": [8, 0, 0],
			"to": [9, 0.5, 1],
			"faces": {
				"north": {"uv": [2, 8, 3, 8.5], "texture": "#log", "cullface": "north"},
				"east": {"uv": [2, 8, 3, 8.5], "texture": "#log"},
				"south": {"uv": [2, 8, 3, 8.5], "texture": "#log"},
				"west": {"uv": [2, 8, 3, 8.5], "texture": "#log"},
				"up": {"uv": [2, 8, 3, 9], "texture": "#log"},
				"down": {"uv": [2, 8, 3, 9], "texture": "#log", "cullface": "down"}
			}
		}
	],
	"display": {
		"head": {
			"translation": [0, 10.5, 0]
		}
	},
	"groups": [
		{
			"name": "Log1",
			"origin": [0, 0, 0],
			"color": 0,
			"children": [0, 1, 2, 3, 4]
		},
		{
			"name": "Log2",
			"origin": [0, 0, 0],
			"color": 0,
			"children": [5, 6, 7, 8, 9]
		},
		{
			"name": "Log3",
			"origin": [0, 0, 0],
			"color": 0,
			"children": [10, 11, 12, 13, 14]
		},
		{
			"name": "Log4",
			"origin": [0, 0, 0],
			"color": 0,
			"children": [15, 16, 17, 18, 19]
		},
		{
			"name": "ash",
			"origin": [0, 0, 0],
			"color": 0,
			"children": [20, 21, 22, 23, 24, 25, 26]
		}
	]
}