{
	"credit": "Made by TheWaschtlPlays using Blockbench",
	"textures": {
		"1": "custom_textures/doors/acacia/acacia_door_bottom_clean",
		"particle": "custom_textures/doors/acacia/acacia_door_top_clean",
		"bottom": "custom_textures/doors/acacia/acacia_door_top_clean"
	},
	"elements": [
		{
			"name": "Cube",
			"from": [0, 13, 0],
			"to": [3, 16, 16],
			"faces": {
				"north": {"uv": [3, 0, 0, 3], "texture": "#bottom", "cullface": "north"},
				"east": {"uv": [16, 0, 0, 3], "texture": "#bottom"},
				"south": {"uv": [0, 0, 3, 3], "texture": "#bottom", "cullface": "south"},
				"west": {"uv": [0, 0, 16, 3], "texture": "#bottom", "cullface": "west"},
				"up": {"uv": [0, 13, 16, 16], "rotation": 270, "texture": "#1", "cullface": "up"},
				"down": {"uv": [16, 0, 13, 16], "texture": "#bottom"}
			}
		},
		{
			"name": "Cube",
			"from": [0, 0, 0],
			"to": [3, 1, 16],
			"faces": {
				"east": {"uv": [16, 15, 0, 16], "texture": "#bottom"},
				"south": {"uv": [0, 2, 3, 3], "texture": "#bottom", "cullface": "south"},
				"west": {"uv": [0, 15, 16, 16], "texture": "#bottom", "cullface": "west"},
				"up": {"uv": [16, 3, 13, 15], "texture": "#bottom"}
			}
		},
		{
			"name": "Cube",
			"from": [0, 1, 0],
			"to": [3, 13, 3],
			"faces": {
				"north": {"uv": [3, 3, 0, 15], "texture": "#bottom", "cullface": "north"},
				"east": {"uv": [3, 3, 0, 15], "texture": "#bottom"},
				"south": {"uv": [16, 3, 13, 15], "texture": "#bottom"},
				"west": {"uv": [0, 3, 3, 15], "texture": "#bottom", "cullface": "west"}
			}
		},
		{
			"name": "Cube",
			"from": [0.5, 1, 5],
			"to": [2.5, 13, 7],
			"faces": {
				"north": {"uv": [11, 3, 9, 15], "texture": "#bottom"},
				"east": {"uv": [7, 3, 5, 15], "texture": "#bottom"},
				"south": {"uv": [11, 3, 9, 15], "texture": "#bottom"},
				"west": {"uv": [5, 3, 7, 15], "texture": "#bottom", "cullface": "west"}
			}
		},
		{
			"name": "Cube",
			"from": [0.5, 1, 9],
			"to": [2.5, 13, 11],
			"faces": {
				"north": {"uv": [7, 3, 5, 15], "texture": "#bottom"},
				"east": {"uv": [11, 3, 9, 15], "texture": "#bottom"},
				"south": {"uv": [7, 3, 5, 15], "texture": "#bottom"},
				"west": {"uv": [9, 3, 11, 15], "texture": "#bottom", "cullface": "west"}
			}
		},
		{
			"name": "Cube",
			"from": [0, 1, 13],
			"to": [3, 13, 16],
			"faces": {
				"north": {"uv": [13, 3, 16, 15], "texture": "#bottom"},
				"east": {"uv": [16, 3, 13, 15], "texture": "#bottom"},
				"south": {"uv": [13, 3, 16, 15], "texture": "#bottom", "cullface": "south"},
				"west": {"uv": [13, 3, 16, 15], "texture": "#bottom", "cullface": "west"}
			}
		},
		{
			"name": "Hinge",
			"from": [-0.25, 9.75, -0.25],
			"to": [3.25, 12.25, 1],
			"rotation": {"angle": 0, "axis": "y", "origin": [7.75, 17.75, 8]},
			"faces": {
				"north": {"uv": [0, 4, 1, 6], "texture": "#bottom"},
				"east": {"uv": [0, 4, 1, 6], "texture": "#bottom"},
				"south": {"uv": [0, 4, 1, 6], "texture": "#bottom"},
				"west": {"uv": [0, 4, 1, 6], "texture": "#bottom"},
				"up": {"uv": [0, 4, 1, 5], "texture": "#bottom"},
				"down": {"uv": [0, 5, 1, 6], "texture": "#bottom"}
			}
		},
		{
			"from": [3.25, 0, 12],
			"to": [3.75, 1, 15],
			"rotation": {"angle": 0, "axis": "y", "origin": [10.75, 8, 22]},
			"faces": {
				"north": {"uv": [3, 5, 3.5, 6], "texture": "#bottom"},
				"east": {"uv": [3, 3, 4, 6], "rotation": 270, "texture": "#bottom"},
				"south": {"uv": [3, 3, 3.5, 4], "texture": "#bottom"},
				"west": {"uv": [3, 3, 4, 6], "rotation": 90, "texture": "#bottom"},
				"up": {"uv": [3, 6, 3.5, 3], "texture": "#bottom"},
				"down": {"uv": [3, 3, 3.5, 6], "texture": "#bottom"}
			}
		},
		{
			"from": [3.25, -1, 14],
			"to": [3.75, 0, 15],
			"rotation": {"angle": 0, "axis": "y", "origin": [10.75, 7, 22]},
			"faces": {
				"north": {"uv": [4, 3, 5, 4], "texture": "#bottom"},
				"east": {"uv": [4, 3, 5, 4], "texture": "#bottom"},
				"south": {"uv": [4, 3, 5, 4], "texture": "#bottom"},
				"west": {"uv": [4, 3, 5, 4], "texture": "#bottom"},
				"down": {"uv": [4, 3, 5, 4], "texture": "#bottom"}
			}
		},
		{
			"from": [-0.75, 0, 12],
			"to": [-0.25, 1, 15],
			"rotation": {"angle": 0, "axis": "y", "origin": [6.75, 8, 22]},
			"faces": {
				"north": {"uv": [3, 5, 3.5, 6], "texture": "#bottom", "cullface": "west"},
				"east": {"uv": [3, 3, 4, 6], "rotation": 270, "texture": "#bottom", "cullface": "west"},
				"south": {"uv": [3, 3, 3.5, 4], "texture": "#bottom", "cullface": "west"},
				"west": {"uv": [3, 3, 4, 6], "rotation": 90, "texture": "#bottom", "cullface": "west"},
				"up": {"uv": [3, 6, 3.5, 3], "texture": "#bottom", "cullface": "west"},
				"down": {"uv": [3, 3, 3.5, 6], "texture": "#bottom", "cullface": "west"}
			}
		},
		{
			"from": [-0.75, -1, 14],
			"to": [-0.25, 0, 15],
			"rotation": {"angle": 0, "axis": "y", "origin": [6.75, 7, 22]},
			"faces": {
				"north": {"uv": [4, 3, 5, 4], "texture": "#bottom", "cullface": "west"},
				"east": {"uv": [4, 3, 5, 4], "texture": "#bottom", "cullface": "west"},
				"south": {"uv": [4, 3, 5, 4], "texture": "#bottom", "cullface": "west"},
				"west": {"uv": [4, 3, 5, 4], "texture": "#bottom", "cullface": "west"},
				"down": {"uv": [4, 3, 5, 4], "texture": "#bottom", "cullface": "west"}
			}
		},
		{
			"from": [-0.25, 0.25, 14.25],
			"to": [3.25, 0.75, 14.75],
			"rotation": {"angle": 0, "axis": "y", "origin": [7.75, 8, 22]},
			"faces": {
				"north": {"uv": [3, 4, 3.5, 4.5], "texture": "#bottom"},
				"south": {"uv": [3, 4, 3.5, 4.5], "texture": "#bottom"},
				"up": {"uv": [3, 4, 3.5, 4.5], "texture": "#bottom"},
				"down": {"uv": [3, 4, 3.5, 4.5], "texture": "#bottom"}
			}
		}
	],
	"groups": [0, 1, 2, 3, 4, 5, 6,
		{
			"name": "Handle",
			"origin": [8, 8, 8],
			"children": [
				{
					"name": "HandleE",
					"origin": [8, 8, 8],
					"children": [7, 8]
				},
				{
					"name": "HandleW",
					"origin": [8, 8, 8],
					"children": [9, 10]
				}, 11]
		}
	]
}