{
    "__comment": "Model created by TheWaschtlPlays using MrCrayfish's Model Creator (https://mrcrayfish.com/tools?id=mc)",
    "textures": {
        "particle": "minecraft:block/composter_compost",
        "inside": "minecraft:block/composter_compost"
    },
    "elements": [
        {
            "name": "Element",
            "from": [ 2, 8, 2 ], 
            "to": [ 14, 11, 14 ], 
            "faces": {
                "up": { "texture": "#inside", "uv": [ 2, 2, 14, 14 ], "cullface": "up" }
            }
        },
        {
            "name": "Cube",
            "from": [ 4, 11, 3 ], 
            "to": [ 5, 11.5, 4 ], 
            "faces": {
                "north": { "texture": "#inside", "uv": [ 4, 3, 5, 3.5 ] },
                "east": { "texture": "#inside", "uv": [ 4, 3, 5, 3.5 ] },
                "south": { "texture": "#inside", "uv": [ 4, 3, 5, 3.5 ] },
                "west": { "texture": "#inside", "uv": [ 4, 3, 5, 3.5 ] },
                "up": { "texture": "#inside", "uv": [ 4, 3, 5, 4 ] }
            }
        },
        {
            "name": "Cube",
            "from": [ 8, 11, 4 ], 
            "to": [ 9, 11.5, 5 ], 
            "faces": {
                "north": { "texture": "#inside", "uv": [ 8, 4, 9, 4.5 ] },
                "east": { "texture": "#inside", "uv": [ 8, 4, 9, 4.5 ] },
                "south": { "texture": "#inside", "uv": [ 8, 4, 9, 4.5 ] },
                "west": { "texture": "#inside", "uv": [ 8, 4, 9, 4.5 ] },
                "up": { "texture": "#inside", "uv": [ 8, 4, 9, 5 ] }
            }
        },
        {
            "name": "Cube",
            "from": [ 7, 11, 12 ], 
            "to": [ 8, 11.5, 13 ], 
            "faces": {
                "north": { "texture": "#inside", "uv": [ 7, 12, 8, 12.5 ] },
                "east": { "texture": "#inside", "uv": [ 7, 12, 8, 12.5 ] },
                "south": { "texture": "#inside", "uv": [ 7, 12, 8, 12.5 ] },
                "west": { "texture": "#inside", "uv": [ 7, 12, 8, 12.5 ] },
                "up": { "texture": "#inside", "uv": [ 7, 12, 8, 13 ] }
            }
        },
        {
            "name": "Cube",
            "from": [ 11, 11, 9 ], 
            "to": [ 12, 11.3, 10 ], 
            "faces": {
                "north": { "texture": "#inside", "uv": [ 11, 9, 12, 9.3 ] },
                "east": { "texture": "#inside", "uv": [ 11, 9, 12, 9.3 ] },
                "south": { "texture": "#inside", "uv": [ 11, 9, 12, 9.3 ] },
                "west": { "texture": "#inside", "uv": [ 11, 9, 12, 9.3 ] },
                "up": { "texture": "#inside", "uv": [ 11, 9, 12, 10 ] }
            }
        },
        {
            "name": "Cube",
            "from": [ 8, 11, 12 ], 
            "to": [ 9, 11.4, 13 ], 
            "faces": {
                "north": { "texture": "#inside", "uv": [ 8, 12, 9, 12.4 ] },
                "east": { "texture": "#inside", "uv": [ 8, 12, 9, 12.4 ] },
                "south": { "texture": "#inside", "uv": [ 8, 12, 9, 12.4 ] },
                "up": { "texture": "#inside", "uv": [ 8, 12, 9, 13 ] }
            }
        },
        {
            "name": "Cube",
            "from": [ 6, 11, 12 ], 
            "to": [ 7, 11.3, 13 ], 
            "faces": {
                "north": { "texture": "#inside", "uv": [ 6, 12, 7, 12.3 ] },
                "south": { "texture": "#inside", "uv": [ 6, 12, 7, 12.3 ] },
                "west": { "texture": "#inside", "uv": [ 6, 12, 7, 12.3 ] },
                "up": { "texture": "#inside", "uv": [ 6, 12, 7, 13 ] }
            }
        },
        {
            "name": "Cube",
            "from": [ 8, 11, 5 ], 
            "to": [ 9, 11.4, 6 ], 
            "faces": {
                "east": { "texture": "#inside", "uv": [ 8, 5, 9, 5.4 ] },
                "south": { "texture": "#inside", "uv": [ 8, 5, 9, 5.4 ] },
                "west": { "texture": "#inside", "uv": [ 8, 5, 9, 5.4 ] },
                "up": { "texture": "#inside", "uv": [ 8, 5, 9, 6 ] }
            }
        },
        {
            "name": "Cube",
            "from": [ 9, 11, 3 ], 
            "to": [ 10, 11.3, 7 ], 
            "faces": {
                "north": { "texture": "#inside", "uv": [ 9, 3, 10, 3.3 ] },
                "east": { "texture": "#inside", "uv": [ 10, 3, 9, 7 ], "rotation": 90 },
                "south": { "texture": "#inside", "uv": [ 9, 3, 10, 3.3 ] },
                "west": { "texture": "#inside", "uv": [ 9, 3, 13, 3.3 ] },
                "up": { "texture": "#inside", "uv": [ 9, 3, 10, 7 ] }
            }
        },
        {
            "name": "Cube",
            "from": [ 10, 11, 4 ], 
            "to": [ 12, 11.3, 6 ], 
            "faces": {
                "north": { "texture": "#inside", "uv": [ 10, 4, 12, 4.3 ] },
                "east": { "texture": "#inside", "uv": [ 12, 4, 11, 6 ], "rotation": 90 },
                "south": { "texture": "#inside", "uv": [ 10, 5, 12, 5.3 ] },
                "up": { "texture": "#inside", "uv": [ 10, 4, 12, 6 ] }
            }
        },
        {
            "name": "Cube",
            "from": [ 8, 11, 6 ], 
            "to": [ 9, 11.3, 8 ], 
            "faces": {
                "east": { "texture": "#inside", "uv": [ 8, 5, 10, 5.3 ] },
                "south": { "texture": "#inside", "uv": [ 8, 5, 9, 5.3 ] },
                "west": { "texture": "#inside", "uv": [ 8, 5, 10, 5.3 ] },
                "up": { "texture": "#inside", "uv": [ 8, 6, 9, 8 ] }
            }
        },
        {
            "name": "Cube",
            "from": [ 8, 11, 10 ], 
            "to": [ 9, 11.3, 12 ], 
            "faces": {
                "north": { "texture": "#inside", "uv": [ 8, 5, 9, 5.3 ] },
                "east": { "texture": "#inside", "uv": [ 8, 5, 10, 5.3 ] },
                "west": { "texture": "#inside", "uv": [ 8, 5, 10, 5.3 ] },
                "up": { "texture": "#inside", "uv": [ 8, 6, 9, 8 ] }
            }
        },
        {
            "name": "Cube",
            "from": [ 9, 11, 11 ], 
            "to": [ 10, 11.3, 13 ], 
            "faces": {
                "north": { "texture": "#inside", "uv": [ 8, 5, 9, 5.3 ] },
                "east": { "texture": "#inside", "uv": [ 8, 5, 10, 5.3 ] },
                "south": { "texture": "#inside", "uv": [ 8, 5, 9, 5.3 ] },
                "west": { "texture": "#inside", "uv": [ 8, 5, 10, 5.3 ] },
                "up": { "texture": "#inside", "uv": [ 8, 6, 9, 8 ] }
            }
        },
        {
            "name": "Cube",
            "from": [ 7, 11, 10 ], 
            "to": [ 8, 11.35, 11 ], 
            "faces": {
                "north": { "texture": "#inside", "uv": [ 7, 10, 8, 10.35 ] },
                "east": { "texture": "#inside", "uv": [ 7, 10, 8, 10.35 ] },
                "south": { "texture": "#inside", "uv": [ 7, 10, 8, 10.35 ] },
                "west": { "texture": "#inside", "uv": [ 7, 10, 8, 10.35 ] },
                "up": { "texture": "#inside", "uv": [ 7, 10, 8, 11 ] }
            }
        },
        {
            "name": "Cube",
            "from": [ 6, 11, 9 ], 
            "to": [ 7, 11.35, 10 ], 
            "faces": {
                "north": { "texture": "#inside", "uv": [ 7, 10, 8, 10.35 ] },
                "east": { "texture": "#inside", "uv": [ 7, 10, 8, 10.35 ] },
                "south": { "texture": "#inside", "uv": [ 7, 10, 8, 10.35 ] },
                "west": { "texture": "#inside", "uv": [ 7, 10, 8, 10.35 ] },
                "up": { "texture": "#inside", "uv": [ 7, 10, 8, 11 ] }
            }
        },
        {
            "name": "Cube",
            "from": [ 7, 11, 8 ], 
            "to": [ 8, 11.35, 9 ], 
            "faces": {
                "north": { "texture": "#inside", "uv": [ 7, 10, 8, 10.35 ] },
                "east": { "texture": "#inside", "uv": [ 7, 10, 8, 10.35 ] },
                "south": { "texture": "#inside", "uv": [ 7, 10, 8, 10.35 ] },
                "west": { "texture": "#inside", "uv": [ 7, 10, 8, 10.35 ] },
                "up": { "texture": "#inside", "uv": [ 7, 10, 8, 11 ] }
            }
        },
        {
            "name": "Cube",
            "from": [ 6, 11, 5 ], 
            "to": [ 7, 11.35, 6 ], 
            "faces": {
                "north": { "texture": "#inside", "uv": [ 7, 10, 8, 10.35 ] },
                "east": { "texture": "#inside", "uv": [ 7, 10, 8, 10.35 ] },
                "south": { "texture": "#inside", "uv": [ 7, 10, 8, 10.35 ] },
                "west": { "texture": "#inside", "uv": [ 7, 10, 8, 10.35 ] },
                "up": { "texture": "#inside", "uv": [ 7, 10, 8, 11 ] }
            }
        },
        {
            "name": "Cube",
            "from": [ 5, 11, 3 ], 
            "to": [ 6, 11.35, 4 ], 
            "faces": {
                "north": { "texture": "#inside", "uv": [ 7, 10, 8, 10.35 ] },
                "east": { "texture": "#inside", "uv": [ 7, 10, 8, 10.35 ] },
                "south": { "texture": "#inside", "uv": [ 7, 10, 8, 10.35 ] },
                "up": { "texture": "#inside", "uv": [ 7, 10, 8, 11 ] }
            }
        },
        {
            "name": "Cube",
            "from": [ 4, 11, 2 ], 
            "to": [ 5, 11.35, 3 ], 
            "faces": {
                "north": { "texture": "#inside", "uv": [ 7, 10, 8, 10.35 ] },
                "east": { "texture": "#inside", "uv": [ 7, 10, 8, 10.35 ] },
                "west": { "texture": "#inside", "uv": [ 7, 10, 8, 10.35 ] },
                "up": { "texture": "#inside", "uv": [ 7, 10, 8, 11 ] }
            }
        },
        {
            "name": "Cube",
            "from": [ 3, 11, 3 ], 
            "to": [ 4, 11.35, 4 ], 
            "faces": {
                "north": { "texture": "#inside", "uv": [ 7, 10, 8, 10.35 ] },
                "south": { "texture": "#inside", "uv": [ 7, 10, 8, 10.35 ] },
                "west": { "texture": "#inside", "uv": [ 7, 10, 8, 10.35 ] },
                "up": { "texture": "#inside", "uv": [ 7, 10, 8, 11 ] }
            }
        },
        {
            "name": "Cube",
            "from": [ 2, 11, 4 ], 
            "to": [ 3, 11.35, 5 ], 
            "faces": {
                "north": { "texture": "#inside", "uv": [ 7, 10, 8, 10.35 ] },
                "east": { "texture": "#inside", "uv": [ 7, 10, 8, 10.35 ] },
                "south": { "texture": "#inside", "uv": [ 7, 10, 8, 10.35 ] },
                "west": { "texture": "#inside", "uv": [ 7, 10, 8, 10.35 ] },
                "up": { "texture": "#inside", "uv": [ 7, 10, 8, 11 ] }
            }
        },
        {
            "name": "Cube",
            "from": [ 3, 11, 6 ], 
            "to": [ 6, 11.35, 7 ], 
            "faces": {
                "north": { "texture": "#inside", "uv": [ 3, 6, 6, 6.35 ] },
                "east": { "texture": "#inside", "uv": [ 7, 10, 8, 10.35 ] },
                "south": { "texture": "#inside", "uv": [ 3, 6, 6, 6.35 ] },
                "west": { "texture": "#inside", "uv": [ 3, 6, 4, 6.35 ] },
                "up": { "texture": "#inside", "uv": [ 3, 6, 6, 7 ] }
            }
        },
        {
            "name": "Cube",
            "from": [ 3, 11, 7 ], 
            "to": [ 4, 11.35, 8 ], 
            "faces": {
                "east": { "texture": "#inside", "uv": [ 7, 10, 8, 10.35 ] },
                "south": { "texture": "#inside", "uv": [ 7, 10, 8, 10.35 ] },
                "west": { "texture": "#inside", "uv": [ 7, 10, 8, 10.35 ] },
                "up": { "texture": "#inside", "uv": [ 7, 10, 8, 11 ] }
            }
        },
        {
            "name": "Cube",
            "from": [ 3, 11, 10 ], 
            "to": [ 4, 11.35, 11 ], 
            "faces": {
                "north": { "texture": "#inside", "uv": [ 7, 10, 8, 10.35 ] },
                "east": { "texture": "#inside", "uv": [ 7, 10, 8, 10.35 ] },
                "south": { "texture": "#inside", "uv": [ 7, 10, 8, 10.35 ] },
                "west": { "texture": "#inside", "uv": [ 7, 10, 8, 10.35 ] },
                "up": { "texture": "#inside", "uv": [ 7, 10, 8, 11 ] }
            }
        },
        {
            "name": "Cube",
            "from": [ 2, 11, 11 ], 
            "to": [ 3, 11.35, 12 ], 
            "faces": {
                "north": { "texture": "#inside", "uv": [ 7, 10, 8, 10.35 ] },
                "east": { "texture": "#inside", "uv": [ 7, 10, 8, 10.35 ] },
                "south": { "texture": "#inside", "uv": [ 7, 10, 8, 10.35 ] },
                "west": { "texture": "#inside", "uv": [ 7, 10, 8, 10.35 ] },
                "up": { "texture": "#inside", "uv": [ 7, 10, 8, 11 ] }
            }
        },
        {
            "name": "Cube",
            "from": [ 4, 11, 8 ], 
            "to": [ 5, 11.35, 10 ], 
            "faces": {
                "north": { "texture": "#inside", "uv": [ 7, 10, 8, 10.35 ] },
                "east": { "texture": "#inside", "uv": [ 7, 10, 9, 10.35 ] },
                "south": { "texture": "#inside", "uv": [ 7, 10, 8, 10.35 ] },
                "west": { "texture": "#inside", "uv": [ 7, 10, 9, 10.35 ] },
                "up": { "texture": "#inside", "uv": [ 4, 8, 5, 10 ] }
            }
        },
        {
            "name": "Cube",
            "from": [ 5, 11, 2 ], 
            "to": [ 6, 11.2, 3 ], 
            "faces": {
                "north": { "texture": "#inside", "uv": [ 4, 3, 5, 3.2 ] },
                "east": { "texture": "#inside", "uv": [ 4, 3, 5, 3.2 ] },
                "up": { "texture": "#inside", "uv": [ 4, 3, 5, 4 ] }
            }
        },
        {
            "name": "Cube",
            "from": [ 5, 11, 7 ], 
            "to": [ 6, 11.2, 8 ], 
            "faces": {
                "east": { "texture": "#inside", "uv": [ 4, 3, 5, 3.2 ] },
                "south": { "texture": "#inside", "uv": [ 4, 3, 5, 3.2 ] },
                "west": { "texture": "#inside", "uv": [ 4, 3, 5, 3.2 ] },
                "up": { "texture": "#inside", "uv": [ 4, 3, 5, 4 ] }
            }
        },
        {
            "name": "Cube",
            "from": [ 6, 11, 6 ], 
            "to": [ 8, 11.2, 7 ], 
            "faces": {
                "north": { "texture": "#inside", "uv": [ 6, 6, 8, 6.2 ] },
                "south": { "texture": "#inside", "uv": [ 6, 6, 8, 6.2 ] },
                "up": { "texture": "#inside", "uv": [ 6, 6, 8, 7 ] }
            }
        },
        {
            "name": "Cube",
            "from": [ 4, 11, 10 ], 
            "to": [ 5, 11.2, 11 ], 
            "faces": {
                "east": { "texture": "#inside", "uv": [ 4, 3, 5, 3.2 ] },
                "south": { "texture": "#inside", "uv": [ 4, 3, 5, 3.2 ] },
                "up": { "texture": "#inside", "uv": [ 4, 3, 5, 4 ] }
            }
        },
        {
            "name": "Cube",
            "from": [ 7, 11, 13 ], 
            "to": [ 8, 11.2, 14 ], 
            "faces": {
                "east": { "texture": "#inside", "uv": [ 4, 3, 5, 3.2 ] },
                "south": { "texture": "#inside", "uv": [ 4, 3, 5, 3.2 ] },
                "west": { "texture": "#inside", "uv": [ 4, 3, 5, 3.2 ] },
                "up": { "texture": "#inside", "uv": [ 4, 3, 5, 4 ] }
            }
        },
        {
            "name": "Cube",
            "from": [ 11, 11, 11 ], 
            "to": [ 12, 11.2, 13 ], 
            "faces": {
                "north": { "texture": "#inside", "uv": [ 11, 11, 12, 11.2 ] },
                "east": { "texture": "#inside", "uv": [ 10, 11, 12, 11.2 ] },
                "south": { "texture": "#inside", "uv": [ 11, 12, 12, 12.2 ] },
                "west": { "texture": "#inside", "uv": [ 10, 12, 12, 12.2 ] },
                "up": { "texture": "#inside", "uv": [ 11, 11, 12, 13 ] }
            }
        },
        {
            "name": "Cube",
            "from": [ 13, 11, 9 ], 
            "to": [ 14, 11.2, 11 ], 
            "faces": {
                "north": { "texture": "#inside", "uv": [ 11, 11, 12, 11.2 ] },
                "east": { "texture": "#inside", "uv": [ 10, 11, 12, 11.2 ] },
                "south": { "texture": "#inside", "uv": [ 11, 12, 12, 12.2 ] },
                "west": { "texture": "#inside", "uv": [ 10, 12, 12, 12.2 ] },
                "up": { "texture": "#inside", "uv": [ 11, 11, 12, 13 ] }
            }
        },
        {
            "name": "Cube",
            "from": [ 12, 11, 9 ], 
            "to": [ 13, 11.2, 10 ], 
            "faces": {
                "north": { "texture": "#inside", "uv": [ 11, 11, 12, 11.2 ] },
                "south": { "texture": "#inside", "uv": [ 11, 12, 12, 12.2 ] },
                "up": { "texture": "#inside", "uv": [ 11, 11, 12, 12 ] }
            }
        }
    ]
}