{
	"credit": "Made by TheWaschtlPlays using Blockbench",
	"parent": "minecraft:block/door_bottom",
	"textures": {
		"bottom": "custom_textures/doors/crimson/crimson_door_top"
	},
	"elements": [
		{
			"from": [0.5, 5, 0],
			"to": [2.5, 12, 16],
			"rotation": {"angle": 0, "axis": "y", "origin": [8.5, 8, 8]},
			"faces": {
				"north": {"uv": [15.5, 4, 13.5, 11], "texture": "#bottom", "cullface": "north"},
				"east": {"uv": [0, 4, 16, 11], "texture": "#bottom"},
				"south": {"uv": [2.5, 4, 0.5, 11], "texture": "#bottom", "cullface": "south"},
				"west": {"uv": [16, 4, 0, 11], "texture": "#bottom"}
			}
		},
		{
			"from": [0.25, 0, 0],
			"to": [2.75, 5, 16],
			"faces": {
				"north": {"uv": [8.75, 11, 6.25, 16], "texture": "#bottom", "cullface": "north"},
				"east": {"uv": [0, 11, 16, 16], "texture": "#bottom"},
				"south": {"uv": [2.75, 11, 0.25, 16], "texture": "#bottom", "cullface": "south"},
				"west": {"uv": [16, 11, 0, 16], "texture": "#bottom"},
				"up": {"uv": [4, 11, 0, 12], "rotation": 90, "texture": "#bottom"}
			}
		},
		{
			"from": [0.25, 12, 0],
			"to": [2.75, 16, 16],
			"rotation": {"angle": 0, "axis": "y", "origin": [8, 20, 8]},
			"faces": {
				"north": {"uv": [15.75, 0, 13.25, 4], "texture": "#bottom", "cullface": "north"},
				"east": {"uv": [0, 0, 16, 4], "texture": "#bottom"},
				"south": {"uv": [2.75, 0, 0.25, 4], "texture": "#bottom", "cullface": "south"},
				"west": {"uv": [16, 0, 0, 4], "texture": "#bottom"},
				"up": {"uv": [16, 0.25, 0, 2.75], "rotation": 90, "texture": "#bottom", "cullface": "up"},
				"down": {"uv": [16, 4, 0, 5], "rotation": 270, "texture": "#bottom"}
			}
		},
		{
			"from": [0, 6, 0],
			"to": [3, 11, 16],
			"rotation": {"angle": 0, "axis": "y", "origin": [8, 14, 8]},
			"faces": {
				"north": {"uv": [16, 5, 13, 10], "texture": "#bottom", "cullface": "north"},
				"east": {"uv": [1, 5, 16, 10], "texture": "#bottom"},
				"south": {"uv": [3, 5, 0, 10], "texture": "#bottom", "cullface": "south"},
				"west": {"uv": [16, 5, 0, 10], "texture": "#bottom", "cullface": "west"},
				"up": {"uv": [16, 5, 0, 6], "rotation": 90, "texture": "#bottom"},
				"down": {"uv": [16, 9, 0, 10], "rotation": 270, "texture": "#bottom"}
			}
		},
		{
			"name": "HingeUP",
			"from": [-0.25, 9.75, 15],
			"to": [3.25, 12.25, 16.25],
			"rotation": {"angle": 0, "axis": "y", "origin": [8, 18, 8]},
			"faces": {
				"north": {"uv": [1, 4, 0, 6], "texture": "#bottom"},
				"east": {"uv": [1, 4, 0, 6], "texture": "#bottom"},
				"south": {"uv": [1, 4, 0, 6], "texture": "#bottom"},
				"west": {"uv": [1, 4, 0, 6], "texture": "#bottom"},
				"up": {"uv": [0, 5, 1, 4], "texture": "#bottom"},
				"down": {"uv": [0, 6, 1, 5], "texture": "#bottom"}
			}
		},
		{
			"from": [-0.25, 0, 5],
			"to": [3.25, 2, 6],
			"rotation": {"angle": 0, "axis": "y", "origin": [7, 8, -2]},
			"faces": {
				"north": {"uv": [11, 14, 10, 16], "texture": "#bottom"},
				"east": {"uv": [11, 14, 10, 16], "texture": "#bottom"},
				"south": {"uv": [11, 14, 10, 16], "texture": "#bottom"},
				"west": {"uv": [11, 14, 10, 16], "texture": "#bottom", "cullface": "west"},
				"up": {"uv": [10, 15, 10.5, 14], "texture": "#bottom"},
				"down": {"uv": [10, 16, 10.5, 15], "texture": "#bottom", "cullface": "down"}
			}
		},
		{
			"from": [-0.25, 0, 1],
			"to": [3.25, 2, 2],
			"rotation": {"angle": 0, "axis": "y", "origin": [7, 8, -6]},
			"faces": {
				"north": {"uv": [15, 14, 14, 16], "texture": "#bottom"},
				"east": {"uv": [15, 14, 14, 16], "texture": "#bottom"},
				"south": {"uv": [15, 14, 14, 16], "texture": "#bottom"},
				"west": {"uv": [15, 14, 14, 16], "texture": "#bottom", "cullface": "west"},
				"up": {"uv": [14, 15, 14.5, 14], "texture": "#bottom"},
				"down": {"uv": [14, 16, 14.5, 15], "texture": "#bottom", "cullface": "down"}
			}
		}
	]
}