{
	"credit": "Made by TheWaschtlPlays using Blockbench",
	"textures": {
		"particle": "custom_textures/doors/jungle/jungle_door_bottom",
		"bottom": "custom_textures/doors/jungle/jungle_door_bottom"
	},
	"elements": [
		{
			"from": [0, 0, 0],
			"to": [3, 16, 16],
			"faces": {
				"north": {"uv": [13, 0, 16, 16], "texture": "#bottom", "cullface": "north"},
				"east": {"uv": [0, 0, 16, 16], "texture": "#bottom"},
				"south": {"uv": [0, 0, 3, 16], "texture": "#bottom", "cullface": "south"},
				"west": {"uv": [16, 0, 0, 16], "texture": "#bottom", "cullface": "west"},
				"down": {"uv": [0, 13, 16, 16], "rotation": 90, "texture": "#bottom", "cullface": "down"}
			}
		},
		{
			"name": "HingeUP",
			"from": [-0.25, 14.75, 15],
			"to": [3.25, 17.25, 16.25],
			"rotation": {"angle": 0, "axis": "y", "origin": [7.75, 22.75, 8]},
			"faces": {
				"north": {"uv": [1, 9, 0, 11], "texture": "#bottom"},
				"east": {"uv": [1, 9, 0, 11], "texture": "#bottom"},
				"south": {"uv": [1, 9, 0, 11], "texture": "#bottom"},
				"west": {"uv": [1, 9, 0, 11], "texture": "#bottom"},
				"up": {"uv": [0, 10, 1, 9], "texture": "#bottom"},
				"down": {"uv": [0, 11, 1, 10], "texture": "#bottom"}
			}
		},
		{
			"name": "HingeDWN",
			"from": [-0.25, 4.75, 15],
			"to": [3.25, 7.25, 16.25],
			"rotation": {"angle": 0, "axis": "y", "origin": [7.75, 12.75, 8]},
			"faces": {
				"north": {"uv": [1, 9, 0, 11], "texture": "#bottom"},
				"east": {"uv": [1, 9, 0, 11], "texture": "#bottom"},
				"south": {"uv": [1, 9, 0, 11], "texture": "#bottom"},
				"west": {"uv": [1, 9, 0, 11], "texture": "#bottom"},
				"up": {"uv": [0, 10, 1, 9], "texture": "#bottom"},
				"down": {"uv": [0, 11, 1, 10], "texture": "#bottom"}
			}
		}
	]
}