{
	"credit": "Made by TheWaschtlPlays using Blockbench",
	"textures": {
		"particle": "block/oak_trapdoor",
		"texture": "block/oak_trapdoor"
	},
	"elements": [
		{
			"name": "Cube",
			"from": [0, 0, 0],
			"to": [16, 3, 3],
			"faces": {
				"north": {"uv": [0, 16, 16, 13], "texture": "#texture", "cullface": "north"},
				"east": {"uv": [13, 16, 16, 13], "texture": "#texture", "cullface": "east"},
				"south": {"uv": [0, 0, 16, 3], "texture": "#texture"},
				"west": {"uv": [0, 16, 3, 13], "texture": "#texture", "cullface": "west"},
				"up": {"uv": [0, 0, 16, 3], "texture": "#texture"},
				"down": {"uv": [0, 13, 16, 16], "texture": "#texture", "cullface": "down"}
			}
		},
		{
			"name": "Cube",
			"from": [3, 0, 6],
			"to": [13, 3, 10],
			"faces": {
				"north": {"uv": [3, 0, 13, 3], "texture": "#texture"},
				"south": {"uv": [3, 0, 13, 3], "texture": "#texture"},
				"up": {"uv": [3, 6, 13, 10], "texture": "#texture"},
				"down": {"uv": [3, 6, 13, 10], "texture": "#texture", "cullface": "down"}
			}
		},
		{
			"name": "Cube",
			"from": [0, 0, 13],
			"to": [16, 3, 16],
			"faces": {
				"north": {"uv": [0, 0, 16, 3], "texture": "#texture"},
				"east": {"uv": [0, 16, 3, 13], "texture": "#texture", "cullface": "east"},
				"south": {"uv": [0, 16, 16, 13], "texture": "#texture", "cullface": "south"},
				"west": {"uv": [13, 16, 16, 13], "texture": "#texture", "cullface": "west"},
				"up": {"uv": [0, 13, 16, 16], "texture": "#texture"},
				"down": {"uv": [0, 0, 16, 3], "texture": "#texture", "cullface": "down"}
			}
		},
		{
			"name": "Cube",
			"from": [0, 0, 3],
			"to": [3, 3, 13],
			"faces": {
				"east": {"uv": [3, 0, 13, 3], "texture": "#texture"},
				"west": {"uv": [3, 16, 13, 13], "texture": "#texture", "cullface": "west"},
				"up": {"uv": [0, 3, 3, 13], "texture": "#texture"},
				"down": {"uv": [0, 3, 3, 13], "texture": "#texture", "cullface": "down"}
			}
		},
		{
			"name": "Cube",
			"from": [13, 0, 3],
			"to": [16, 3, 13],
			"faces": {
				"east": {"uv": [3, 16, 13, 13], "texture": "#texture", "cullface": "east"},
				"west": {"uv": [3, 0, 13, 3], "texture": "#texture"},
				"up": {"uv": [13, 3, 16, 13], "texture": "#texture"},
				"down": {"uv": [13, 3, 16, 13], "texture": "#texture", "cullface": "down"}
			}
		},
		{
			"name": "Cube",
			"from": [6, 0, 3],
			"to": [10, 3, 13],
			"faces": {
				"east": {"uv": [3, 0, 13, 3], "texture": "#texture"},
				"west": {"uv": [3, 0, 13, 3], "texture": "#texture"},
				"up": {"uv": [6, 3, 10, 13], "texture": "#texture"},
				"down": {"uv": [6, 3, 10, 13], "texture": "#texture", "cullface": "down"}
			}
		}
	],
	"display": {
		"thirdperson_righthand": {
			"rotation": [75, 45, 0],
			"translation": [0, 2.5, 2],
			"scale": [0.375, 0.375, 0.375]
		},
		"thirdperson_lefthand": {
			"rotation": [75, 45, 0],
			"translation": [0, 2.5, 2],
			"scale": [0.375, 0.375, 0.375]
		},
		"firstperson_righthand": {
			"rotation": [0, 45, 0],
			"translation": [0, 4.2, 0],
			"scale": [0.4, 0.4, 0.4]
		},
		"firstperson_lefthand": {
			"rotation": [0, 45, 0],
			"translation": [0, 4.2, 0],
			"scale": [0.4, 0.4, 0.4]
		},
		"ground": {
			"translation": [0, 3, 0],
			"scale": [0.25, 0.25, 0.25]
		},
		"gui": {
			"rotation": [30, 45, 0],
			"scale": [0.625, 0.625, 0.625]
		},
		"head": {
			"rotation": [0, 180, 0]
		},
		"fixed": {
			"rotation": [0, 180, 0]
		}
	}
}