{
	"credit": "Originally made by playtrix using MrCrayfish's Modeleditor, later remastered & de-botched by TheWaschtlPlays using Blockbench",
	"textures": {
		"1": "block/cauldron_side",
		"2": "block/oak_planks",
		"iron_block": "block/iron_block",
		"particle": "block/rail"
	},
	"elements": [
		{
			"name": "Wood",
			"from": [0, 0, 18.5],
			"to": [16, 1, 20.5],
			"rotation": {"angle": -45, "axis": "x", "origin": [8, 1, 0]},
			"faces": {
				"north": {"uv": [0, 0, 16, 1], "texture": "#2"},
				"east": {"uv": [0, 0, 2, 1], "texture": "#2", "cullface": "east"},
				"south": {"uv": [0, 0, 16, 1], "texture": "#2"},
				"west": {"uv": [0, 0, 2, 1], "texture": "#2", "cullface": "west"},
				"up": {"uv": [0, 0, 16, 2], "texture": "#2"},
				"down": {"uv": [0, 0, 16, 2], "texture": "#2"}
			}
		},
		{
			"name": "Wood",
			"from": [0, 0, 14.5],
			"to": [16, 1, 16.5],
			"rotation": {"angle": -45, "axis": "x", "origin": [8, 1, 0]},
			"faces": {
				"north": {"uv": [0, 0, 16, 1], "texture": "#2"},
				"east": {"uv": [0, 0, 2, 1], "texture": "#2", "cullface": "east"},
				"south": {"uv": [0, 0, 16, 1], "texture": "#2"},
				"west": {"uv": [0, 0, 2, 1], "texture": "#2", "cullface": "west"},
				"up": {"uv": [0, 0, 16, 2], "texture": "#2"},
				"down": {"uv": [0, 0, 16, 2], "texture": "#2"}
			}
		},
		{
			"name": "Wood",
			"from": [0, 0, 10.5],
			"to": [16, 1, 12.5],
			"rotation": {"angle": -45, "axis": "x", "origin": [8, 1, 0]},
			"faces": {
				"north": {"uv": [0, 0, 16, 1], "texture": "#2"},
				"east": {"uv": [0, 0, 2, 1], "texture": "#2", "cullface": "east"},
				"south": {"uv": [0, 0, 16, 1], "texture": "#2"},
				"west": {"uv": [0, 0, 2, 1], "texture": "#2", "cullface": "west"},
				"up": {"uv": [0, 0, 16, 2], "texture": "#2"},
				"down": {"uv": [0, 0, 16, 2], "texture": "#2"}
			}
		},
		{
			"name": "Wood",
			"from": [0, 0, 6.5],
			"to": [16, 1, 8.5],
			"rotation": {"angle": -45, "axis": "x", "origin": [8, 1, 0]},
			"faces": {
				"north": {"uv": [0, 0, 16, 1], "texture": "#2"},
				"east": {"uv": [0, 0, 2, 1], "texture": "#2", "cullface": "east"},
				"south": {"uv": [0, 0, 16, 1], "texture": "#2"},
				"west": {"uv": [0, 0, 2, 1], "texture": "#2", "cullface": "west"},
				"up": {"uv": [0, 0, 16, 2], "texture": "#2"},
				"down": {"uv": [0, 0, 16, 2], "texture": "#2"}
			}
		},
		{
			"name": "Wood",
			"from": [0, 0, 2.5],
			"to": [16, 1, 4.5],
			"rotation": {"angle": -45, "axis": "x", "origin": [8, 1, 0]},
			"faces": {
				"north": {"uv": [0, 0, 16, 1], "texture": "#2"},
				"east": {"uv": [0, 0, 2, 1], "texture": "#2", "cullface": "east"},
				"south": {"uv": [0, 0, 16, 1], "texture": "#2"},
				"west": {"uv": [0, 0, 2, 1], "texture": "#2", "cullface": "west"},
				"up": {"uv": [0, 0, 16, 2], "texture": "#2"},
				"down": {"uv": [0, 0, 16, 2], "texture": "#2"}
			}
		},
		{
			"name": "Rail top",
			"from": [1.5, 17, 15.6],
			"to": [3.5, 18, 16],
			"faces": {
				"north": {"uv": [0, 0, 2, 1], "texture": "#iron_block"},
				"east": {"uv": [0, 0, 0.4, 1], "texture": "#iron_block"},
				"south": {"uv": [0, 0, 2, 1], "texture": "#iron_block"},
				"west": {"uv": [0, 0, 0.4, 1], "texture": "#iron_block"},
				"up": {"uv": [0, 0, 2, 0.4], "texture": "#iron_block"},
				"down": {"uv": [0, 0, 2, 0.4], "texture": "#iron_block"}
			}
		},
		{
			"name": "Rail top",
			"from": [12.5, 17, 15.6],
			"to": [14.5, 18, 16],
			"faces": {
				"north": {"uv": [0, 0, 2, 1], "texture": "#iron_block"},
				"east": {"uv": [0, 0, 0.4, 1], "texture": "#iron_block"},
				"south": {"uv": [0, 0, 2, 1], "texture": "#iron_block"},
				"west": {"uv": [0, 0, 0.4, 1], "texture": "#iron_block"},
				"up": {"uv": [0, 0, 2, 0.4], "texture": "#iron_block"},
				"down": {"uv": [0, 0, 2, 0.4], "texture": "#iron_block"}
			}
		},
		{
			"name": "Rail",
			"from": [12.5, 1, -1],
			"to": [14.5, 2, 23],
			"rotation": {"angle": -45, "axis": "x", "origin": [7, 1, 0]},
			"faces": {
				"north": {"uv": [0, 0, 2, 1], "texture": "#iron_block"},
				"east": {"uv": [0, 0, 16, 1], "texture": "#iron_block"},
				"south": {"uv": [0, 0, 1, 1], "texture": "#iron_block"},
				"west": {"uv": [0, 0, 16, 1], "texture": "#iron_block"},
				"up": {"uv": [0, 0, 2, 16], "texture": "#iron_block"},
				"down": {"uv": [0, 0, 2, 16], "texture": "#iron_block"}
			}
		},
		{
			"name": "Rail",
			"from": [1.5, 1, -1],
			"to": [3.5, 2, 23],
			"rotation": {"angle": -45, "axis": "x", "origin": [7, 1, 0]},
			"faces": {
				"north": {"uv": [0, 4, 2, 5], "texture": "#iron_block"},
				"east": {"uv": [0, 0, 16, 1], "texture": "#iron_block"},
				"south": {"uv": [0, 0, 2, 1], "texture": "#iron_block"},
				"west": {"uv": [0, 0, 16, 1], "texture": "#iron_block"},
				"up": {"uv": [14, 0, 16, 16], "texture": "#iron_block"},
				"down": {"uv": [14, 0, 16, 16], "texture": "#iron_block"}
			}
		},
		{
			"name": "Nail",
			"from": [14.8, 0.4, 3.4],
			"to": [15.05, 1.4, 3.65],
			"rotation": {"angle": -45, "axis": "x", "origin": [8, 1, 0]},
			"faces": {
				"north": {"uv": [5, 0, 9.25, 16], "texture": "#iron_block"},
				"east": {"uv": [1, 0, 5.25, 16], "texture": "#iron_block"},
				"south": {"uv": [7, 0, 11.25, 16], "texture": "#iron_block"},
				"west": {"uv": [5, 0, 9.25, 16], "texture": "#iron_block"},
				"up": {"uv": [4, 3, 8.25, 7.25], "texture": "#iron_block"},
				"down": {"uv": [6, 2, 10.25, 6.25], "texture": "#iron_block"}
			}
		},
		{
			"name": "Nail",
			"from": [0.8, 0.4, 7.4],
			"to": [1.05, 1.4, 7.65],
			"rotation": {"angle": -45, "axis": "x", "origin": [8, 1, 0]},
			"faces": {
				"north": {"uv": [5, 0, 9.25, 16], "texture": "#iron_block"},
				"east": {"uv": [1, 0, 5.25, 16], "texture": "#iron_block"},
				"south": {"uv": [7, 0, 11.25, 16], "texture": "#iron_block"},
				"west": {"uv": [5, 0, 9.25, 16], "texture": "#iron_block"},
				"up": {"uv": [4, 3, 8.25, 7.25], "texture": "#iron_block"},
				"down": {"uv": [6, 2, 10.25, 6.25], "texture": "#iron_block"}
			}
		},
		{
			"name": "Nail",
			"from": [0.8, 0.4, 11.4],
			"to": [1.05, 1.4, 11.65],
			"rotation": {"angle": -45, "axis": "x", "origin": [8, 1, 0]},
			"faces": {
				"north": {"uv": [5, 0, 9.25, 16], "texture": "#iron_block"},
				"east": {"uv": [1, 0, 5.25, 16], "texture": "#iron_block"},
				"south": {"uv": [7, 0, 11.25, 16], "texture": "#iron_block"},
				"west": {"uv": [5, 0, 9.25, 16], "texture": "#iron_block"},
				"up": {"uv": [4, 3, 8.25, 7.25], "texture": "#iron_block"},
				"down": {"uv": [6, 2, 10.25, 6.25], "texture": "#iron_block"}
			}
		},
		{
			"name": "Nail",
			"from": [0.8, 0.4, 15.4],
			"to": [1.05, 1.4, 15.65],
			"rotation": {"angle": -45, "axis": "x", "origin": [8, 1, 0]},
			"faces": {
				"north": {"uv": [5, 0, 9.25, 16], "texture": "#iron_block"},
				"east": {"uv": [1, 0, 5.25, 16], "texture": "#iron_block"},
				"south": {"uv": [7, 0, 11.25, 16], "texture": "#iron_block"},
				"west": {"uv": [5, 0, 9.25, 16], "texture": "#iron_block"},
				"up": {"uv": [4, 3, 8.25, 7.25], "texture": "#iron_block"},
				"down": {"uv": [6, 2, 10.25, 6.25], "texture": "#iron_block"}
			}
		},
		{
			"name": "Nail",
			"from": [0.8, 0.4, 19.4],
			"to": [1.05, 1.4, 19.65],
			"rotation": {"angle": -45, "axis": "x", "origin": [8, 1, 0]},
			"faces": {
				"north": {"uv": [5, 0, 9.25, 16], "texture": "#iron_block"},
				"east": {"uv": [1, 0, 5.25, 16], "texture": "#iron_block"},
				"south": {"uv": [7, 0, 11.25, 16], "texture": "#iron_block"},
				"west": {"uv": [5, 0, 9.25, 16], "texture": "#iron_block"},
				"up": {"uv": [4, 3, 8.25, 7.25], "texture": "#iron_block"},
				"down": {"uv": [6, 2, 10.25, 6.25], "texture": "#iron_block"}
			}
		},
		{
			"name": "Nail",
			"from": [3.8, 0.4, 19.4],
			"to": [4.05, 1.4, 19.65],
			"rotation": {"angle": -45, "axis": "x", "origin": [8, 1, 0]},
			"faces": {
				"north": {"uv": [5, 0, 9.25, 16], "texture": "#iron_block"},
				"east": {"uv": [1, 0, 5.25, 16], "texture": "#iron_block"},
				"south": {"uv": [7, 0, 11.25, 16], "texture": "#iron_block"},
				"west": {"uv": [5, 0, 9.25, 16], "texture": "#iron_block"},
				"up": {"uv": [4, 3, 8.25, 7.25], "texture": "#iron_block"},
				"down": {"uv": [6, 2, 10.25, 6.25], "texture": "#iron_block"}
			}
		},
		{
			"name": "Nail",
			"from": [3.8, 0.4, 15.4],
			"to": [4.05, 1.4, 15.65],
			"rotation": {"angle": -45, "axis": "x", "origin": [8, 1, 0]},
			"faces": {
				"north": {"uv": [5, 0, 9.25, 16], "texture": "#iron_block"},
				"east": {"uv": [1, 0, 5.25, 16], "texture": "#iron_block"},
				"south": {"uv": [7, 0, 11.25, 16], "texture": "#iron_block"},
				"west": {"uv": [5, 0, 9.25, 16], "texture": "#iron_block"},
				"up": {"uv": [4, 3, 8.25, 7.25], "texture": "#iron_block"},
				"down": {"uv": [6, 2, 10.25, 6.25], "texture": "#iron_block"}
			}
		},
		{
			"name": "Nail",
			"from": [3.8, 0.4, 11.4],
			"to": [4.05, 1.4, 11.65],
			"rotation": {"angle": -45, "axis": "x", "origin": [8, 1, 0]},
			"faces": {
				"north": {"uv": [5, 0, 9.25, 16], "texture": "#iron_block"},
				"east": {"uv": [1, 0, 5.25, 16], "texture": "#iron_block"},
				"south": {"uv": [7, 0, 11.25, 16], "texture": "#iron_block"},
				"west": {"uv": [5, 0, 9.25, 16], "texture": "#iron_block"},
				"up": {"uv": [4, 3, 8.25, 7.25], "texture": "#iron_block"},
				"down": {"uv": [6, 2, 10.25, 6.25], "texture": "#iron_block"}
			}
		},
		{
			"name": "Nail",
			"from": [3.8, 0.4, 7.4],
			"to": [4.05, 1.4, 7.65],
			"rotation": {"angle": -45, "axis": "x", "origin": [8, 1, 0]},
			"faces": {
				"north": {"uv": [5, 0, 9.25, 16], "texture": "#iron_block"},
				"east": {"uv": [1, 0, 5.25, 16], "texture": "#iron_block"},
				"south": {"uv": [7, 0, 11.25, 16], "texture": "#iron_block"},
				"west": {"uv": [5, 0, 9.25, 16], "texture": "#iron_block"},
				"up": {"uv": [4, 3, 8.25, 7.25], "texture": "#iron_block"},
				"down": {"uv": [6, 2, 10.25, 6.25], "texture": "#iron_block"}
			}
		},
		{
			"name": "Nail",
			"from": [3.8, 0.4, 3.4],
			"to": [4.05, 1.4, 3.65],
			"rotation": {"angle": -45, "axis": "x", "origin": [8, 1, 0]},
			"faces": {
				"north": {"uv": [5, 0, 9.25, 16], "texture": "#iron_block"},
				"east": {"uv": [1, 0, 5.25, 16], "texture": "#iron_block"},
				"south": {"uv": [7, 0, 11.25, 16], "texture": "#iron_block"},
				"west": {"uv": [5, 0, 9.25, 16], "texture": "#iron_block"},
				"up": {"uv": [4, 3, 8.25, 7.25], "texture": "#iron_block"},
				"down": {"uv": [6, 2, 10.25, 6.25], "texture": "#iron_block"}
			}
		},
		{
			"name": "Nail",
			"from": [11.8, 0.4, 3.4],
			"to": [12.05, 1.4, 3.65],
			"rotation": {"angle": -45, "axis": "x", "origin": [8, 1, 0]},
			"faces": {
				"north": {"uv": [5, 0, 9.25, 16], "texture": "#iron_block"},
				"east": {"uv": [1, 0, 5.25, 16], "texture": "#iron_block"},
				"south": {"uv": [7, 0, 11.25, 16], "texture": "#iron_block"},
				"west": {"uv": [5, 0, 9.25, 16], "texture": "#iron_block"},
				"up": {"uv": [4, 3, 8.25, 7.25], "texture": "#iron_block"},
				"down": {"uv": [6, 2, 10.25, 6.25], "texture": "#iron_block"}
			}
		},
		{
			"name": "Nail",
			"from": [0.8, 0.4, 3.4],
			"to": [1.05, 1.4, 3.65],
			"rotation": {"angle": -45, "axis": "x", "origin": [8, 1, 0]},
			"faces": {
				"north": {"uv": [5, 0, 9.25, 16], "texture": "#iron_block"},
				"east": {"uv": [1, 0, 5.25, 16], "texture": "#iron_block"},
				"south": {"uv": [7, 0, 11.25, 16], "texture": "#iron_block"},
				"west": {"uv": [5, 0, 9.25, 16], "texture": "#iron_block"},
				"up": {"uv": [4, 3, 8.25, 7.25], "texture": "#iron_block"},
				"down": {"uv": [6, 2, 10.25, 6.25], "texture": "#iron_block"}
			}
		},
		{
			"name": "Nail",
			"from": [11.8, 0.4, 7.4],
			"to": [12.05, 1.4, 7.65],
			"rotation": {"angle": -45, "axis": "x", "origin": [8, 1, 0]},
			"faces": {
				"north": {"uv": [5, 0, 9.25, 16], "texture": "#iron_block"},
				"east": {"uv": [1, 0, 5.25, 16], "texture": "#iron_block"},
				"south": {"uv": [7, 0, 11.25, 16], "texture": "#iron_block"},
				"west": {"uv": [5, 0, 9.25, 16], "texture": "#iron_block"},
				"up": {"uv": [4, 3, 8.25, 7.25], "texture": "#iron_block"},
				"down": {"uv": [6, 2, 10.25, 6.25], "texture": "#iron_block"}
			}
		},
		{
			"name": "Nail",
			"from": [11.8, 0.4, 11.4],
			"to": [12.05, 1.4, 11.65],
			"rotation": {"angle": -45, "axis": "x", "origin": [8, 1, 0]},
			"faces": {
				"north": {"uv": [5, 0, 9.25, 16], "texture": "#iron_block"},
				"east": {"uv": [1, 0, 5.25, 16], "texture": "#iron_block"},
				"south": {"uv": [7, 0, 11.25, 16], "texture": "#iron_block"},
				"west": {"uv": [5, 0, 9.25, 16], "texture": "#iron_block"},
				"up": {"uv": [4, 3, 8.25, 7.25], "texture": "#iron_block"},
				"down": {"uv": [6, 2, 10.25, 6.25], "texture": "#iron_block"}
			}
		},
		{
			"name": "Nail",
			"from": [11.8, 0.4, 15.4],
			"to": [12.05, 1.4, 15.65],
			"rotation": {"angle": -45, "axis": "x", "origin": [8, 1, 0]},
			"faces": {
				"north": {"uv": [5, 0, 9.25, 16], "texture": "#iron_block"},
				"east": {"uv": [1, 0, 5.25, 16], "texture": "#iron_block"},
				"south": {"uv": [7, 0, 11.25, 16], "texture": "#iron_block"},
				"west": {"uv": [5, 0, 9.25, 16], "texture": "#iron_block"},
				"up": {"uv": [4, 3, 8.25, 7.25], "texture": "#iron_block"},
				"down": {"uv": [6, 2, 10.25, 6.25], "texture": "#iron_block"}
			}
		},
		{
			"name": "Nail",
			"from": [11.8, 0.4, 19.4],
			"to": [12.05, 1.4, 19.65],
			"rotation": {"angle": -45, "axis": "x", "origin": [8, 1, 0]},
			"faces": {
				"north": {"uv": [5, 0, 9.25, 16], "texture": "#iron_block"},
				"east": {"uv": [1, 0, 5.25, 16], "texture": "#iron_block"},
				"south": {"uv": [7, 0, 11.25, 16], "texture": "#iron_block"},
				"west": {"uv": [5, 0, 9.25, 16], "texture": "#iron_block"},
				"up": {"uv": [4, 3, 8.25, 7.25], "texture": "#iron_block"},
				"down": {"uv": [6, 2, 10.25, 6.25], "texture": "#iron_block"}
			}
		},
		{
			"name": "Nail",
			"from": [14.8, 0.4, 19.4],
			"to": [15.05, 1.4, 19.65],
			"rotation": {"angle": -45, "axis": "x", "origin": [8, 1, 0]},
			"faces": {
				"north": {"uv": [5, 0, 9.25, 16], "texture": "#iron_block"},
				"east": {"uv": [1, 0, 5.25, 16], "texture": "#iron_block"},
				"south": {"uv": [7, 0, 11.25, 16], "texture": "#iron_block"},
				"west": {"uv": [5, 0, 9.25, 16], "texture": "#iron_block"},
				"up": {"uv": [4, 3, 8.25, 7.25], "texture": "#iron_block"},
				"down": {"uv": [6, 2, 10.25, 6.25], "texture": "#iron_block"}
			}
		},
		{
			"name": "Nail",
			"from": [14.8, 0.4, 15.4],
			"to": [15.05, 1.4, 15.65],
			"rotation": {"angle": -45, "axis": "x", "origin": [8, 1, 0]},
			"faces": {
				"north": {"uv": [5, 0, 9.25, 16], "texture": "#iron_block"},
				"east": {"uv": [1, 0, 5.25, 16], "texture": "#iron_block"},
				"south": {"uv": [7, 0, 11.25, 16], "texture": "#iron_block"},
				"west": {"uv": [5, 0, 9.25, 16], "texture": "#iron_block"},
				"up": {"uv": [4, 3, 8.25, 7.25], "texture": "#iron_block"},
				"down": {"uv": [6, 2, 10.25, 6.25], "texture": "#iron_block"}
			}
		},
		{
			"name": "Nail",
			"from": [14.8, 0.4, 11.4],
			"to": [15.05, 1.4, 11.65],
			"rotation": {"angle": -45, "axis": "x", "origin": [8, 1, 0]},
			"faces": {
				"north": {"uv": [5, 0, 9.25, 16], "texture": "#iron_block"},
				"east": {"uv": [1, 0, 5.25, 16], "texture": "#iron_block"},
				"south": {"uv": [7, 0, 11.25, 16], "texture": "#iron_block"},
				"west": {"uv": [5, 0, 9.25, 16], "texture": "#iron_block"},
				"up": {"uv": [4, 3, 8.25, 7.25], "texture": "#iron_block"},
				"down": {"uv": [6, 2, 10.25, 6.25], "texture": "#iron_block"}
			}
		},
		{
			"name": "Nail",
			"from": [14.8, 0.4, 7.4],
			"to": [15.05, 1.4, 7.65],
			"rotation": {"angle": -45, "axis": "x", "origin": [8, 1, 0]},
			"faces": {
				"north": {"uv": [5, 0, 9.25, 16], "texture": "#iron_block"},
				"east": {"uv": [1, 0, 5.25, 16], "texture": "#iron_block"},
				"south": {"uv": [7, 0, 11.25, 16], "texture": "#iron_block"},
				"west": {"uv": [5, 0, 9.25, 16], "texture": "#iron_block"},
				"up": {"uv": [4, 3, 8.25, 7.25], "texture": "#iron_block"},
				"down": {"uv": [6, 2, 10.25, 6.25], "texture": "#iron_block"}
			}
		},
		{
			"name": "Holder",
			"from": [11.5, 0.25, 3],
			"to": [15.5, 1.25, 4],
			"rotation": {"angle": -45, "axis": "x", "origin": [8, 1, 0]},
			"faces": {
				"north": {"uv": [0, 0, 4, 1], "texture": "#1"},
				"east": {"uv": [0, 0, 1, 1], "texture": "#1"},
				"south": {"uv": [0, 0, 4, 1], "texture": "#1"},
				"west": {"uv": [0, 0, 1, 1], "texture": "#1"},
				"up": {"uv": [4, 4, 12, 6], "texture": "#1"},
				"down": {"uv": [0, 0, 4, 1], "texture": "#1"}
			}
		},
		{
			"name": "Holder",
			"from": [0.5, 0.25, 3],
			"to": [4.5, 1.25, 4],
			"rotation": {"angle": -45, "axis": "x", "origin": [8, 1, 0]},
			"faces": {
				"north": {"uv": [0, 0, 4, 1], "texture": "#1"},
				"east": {"uv": [0, 0, 1, 1], "texture": "#1"},
				"south": {"uv": [0, 0, 4, 1], "texture": "#1"},
				"west": {"uv": [0, 0, 1, 1], "texture": "#1"},
				"up": {"uv": [4, 4, 12, 6], "texture": "#1"},
				"down": {"uv": [0, 0, 4, 1], "texture": "#1"}
			}
		},
		{
			"name": "Holder",
			"from": [0.5, 0.25, 7],
			"to": [4.5, 1.25, 8],
			"rotation": {"angle": -45, "axis": "x", "origin": [8, 1, 0]},
			"faces": {
				"north": {"uv": [0, 0, 4, 1], "texture": "#1"},
				"east": {"uv": [0, 0, 1, 1], "texture": "#1"},
				"south": {"uv": [0, 0, 4, 1], "texture": "#1"},
				"west": {"uv": [0, 0, 1, 1], "texture": "#1"},
				"up": {"uv": [4, 4, 12, 6], "texture": "#1"},
				"down": {"uv": [0, 0, 4, 1], "texture": "#1"}
			}
		},
		{
			"name": "Holder",
			"from": [0.5, 0.25, 11],
			"to": [4.5, 1.25, 12],
			"rotation": {"angle": -45, "axis": "x", "origin": [8, 1, 0]},
			"faces": {
				"north": {"uv": [0, 0, 4, 1], "texture": "#1"},
				"east": {"uv": [0, 0, 1, 1], "texture": "#1"},
				"south": {"uv": [0, 0, 4, 1], "texture": "#1"},
				"west": {"uv": [0, 0, 1, 1], "texture": "#1"},
				"up": {"uv": [4, 4, 12, 6], "texture": "#1"},
				"down": {"uv": [0, 0, 4, 1], "texture": "#1"}
			}
		},
		{
			"name": "Holder",
			"from": [0.5, 0.25, 15],
			"to": [4.5, 1.25, 16],
			"rotation": {"angle": -45, "axis": "x", "origin": [8, 1, 0]},
			"faces": {
				"north": {"uv": [0, 0, 4, 1], "texture": "#1"},
				"east": {"uv": [0, 0, 1, 1], "texture": "#1"},
				"south": {"uv": [0, 0, 4, 1], "texture": "#1"},
				"west": {"uv": [0, 0, 1, 1], "texture": "#1"},
				"up": {"uv": [4, 4, 12, 6], "texture": "#1"},
				"down": {"uv": [0, 0, 4, 1], "texture": "#1"}
			}
		},
		{
			"name": "Holder",
			"from": [0.5, 0.25, 19],
			"to": [4.5, 1.25, 20],
			"rotation": {"angle": -45, "axis": "x", "origin": [8, 1, 0]},
			"faces": {
				"north": {"uv": [0, 0, 4, 1], "texture": "#1"},
				"east": {"uv": [0, 0, 1, 1], "texture": "#1"},
				"south": {"uv": [0, 0, 4, 1], "texture": "#1"},
				"west": {"uv": [0, 0, 1, 1], "texture": "#1"},
				"up": {"uv": [4, 4, 12, 6], "texture": "#1"},
				"down": {"uv": [0, 0, 4, 1], "texture": "#1"}
			}
		},
		{
			"name": "Holder",
			"from": [11.5, 0.25, 19],
			"to": [15.5, 1.25, 20],
			"rotation": {"angle": -45, "axis": "x", "origin": [8, 1, 0]},
			"faces": {
				"north": {"uv": [0, 0, 4, 1], "texture": "#1"},
				"east": {"uv": [0, 0, 1, 1], "texture": "#1"},
				"south": {"uv": [0, 0, 4, 1], "texture": "#1"},
				"west": {"uv": [0, 0, 1, 1], "texture": "#1"},
				"up": {"uv": [4, 4, 12, 6], "texture": "#1"},
				"down": {"uv": [0, 0, 4, 1], "texture": "#1"}
			}
		},
		{
			"name": "Holder",
			"from": [11.5, 0.25, 15],
			"to": [15.5, 1.25, 16],
			"rotation": {"angle": -45, "axis": "x", "origin": [8, 1, 0]},
			"faces": {
				"north": {"uv": [0, 0, 4, 1], "texture": "#1"},
				"east": {"uv": [0, 0, 1, 1], "texture": "#1"},
				"south": {"uv": [0, 0, 4, 1], "texture": "#1"},
				"west": {"uv": [0, 0, 1, 1], "texture": "#1"},
				"up": {"uv": [4, 4, 12, 6], "texture": "#1"},
				"down": {"uv": [0, 0, 4, 1], "texture": "#1"}
			}
		},
		{
			"name": "Holder",
			"from": [11.5, 0.25, 11],
			"to": [15.5, 1.25, 12],
			"rotation": {"angle": -45, "axis": "x", "origin": [8, 1, 0]},
			"faces": {
				"north": {"uv": [0, 0, 4, 1], "texture": "#1"},
				"east": {"uv": [0, 0, 1, 1], "texture": "#1"},
				"south": {"uv": [0, 0, 4, 1], "texture": "#1"},
				"west": {"uv": [0, 0, 1, 1], "texture": "#1"},
				"up": {"uv": [4, 4, 12, 6], "texture": "#1"},
				"down": {"uv": [0, 0, 4, 1], "texture": "#1"}
			}
		},
		{
			"name": "Holder",
			"from": [11.5, 0.25, 7],
			"to": [15.5, 1.25, 8],
			"rotation": {"angle": -45, "axis": "x", "origin": [8, 1, 0]},
			"faces": {
				"north": {"uv": [0, 0, 4, 1], "texture": "#1"},
				"east": {"uv": [0, 0, 1, 1], "texture": "#1"},
				"south": {"uv": [0, 0, 4, 1], "texture": "#1"},
				"west": {"uv": [0, 0, 1, 1], "texture": "#1"},
				"up": {"uv": [4, 4, 12, 6], "texture": "#1"},
				"down": {"uv": [0, 0, 4, 1], "texture": "#1"}
			}
		}
	],
	"display": {
		"thirdperson_righthand": {
			"rotation": [75, 315, 0],
			"translation": [0, 2.5, 0],
			"scale": [0.375, 0.375, 0.375]
		},
		"firstperson_righthand": {
			"rotation": [0, 315, 0],
			"translation": [0, 2.5, 0],
			"scale": [0.4, 0.4, 0.4]
		},
		"ground": {
			"translation": [0, 3, 0],
			"scale": [0.25, 0.25, 0.25]
		},
		"gui": {
			"rotation": [30, 45, 0],
			"scale": [0.625, 0.625, 0.625]
		},
		"head": {
			"rotation": [0, 180, 0]
		},
		"fixed": {
			"rotation": [0, 180, 0]
		}
	},
	"groups": [
		{
			"name": "Wood",
			"origin": [8, 1, 0],
			"children": [0, 1, 2, 3, 4]
		},
		{
			"name": "Rail",
			"origin": [7, 1, 0],
			"children": [5, 6, 7, 8]
		},
		{
			"name": "Nail",
			"origin": [8, 1, 0],
			"children": [9, 10, 11, 12, 13, 14, 15, 16, 17, 18, 19, 20, 21, 22, 23, 24, 25, 26, 27, 28]
		},
		{
			"name": "Holder",
			"origin": [8, 1, 0],
			"children": [29, 30, 31, 32, 33, 34, 35, 36, 37, 38]
		}
	]
}