{
    "__comment": "Model created by TheWaschtlPlays using MrCrayfish's Model Creator (https://mrcrayfish.com/tools?id=mc)",
    "textures": {
        "particle": "minecraft:block/repeater_on",
        "top": "minecraft:block/repeater_on",
        "lit": "minecraft:block/redstone_torch",
        "slab": "minecraft:block/smooth_stone"
    },
    "display": {
        "gui": {
            "rotation": [ 30, 45, 0 ],
            "translation": [ 0, 0, 0 ],
            "scale": [ 0.625, 0.625, 0.625 ]
        },
        "ground": {
            "rotation": [ 0, 0, 0 ],
            "translation": [ 0, 3, 0 ],
            "scale": [ 0.25, 0.25, 0.25 ]
        },
        "fixed": {
            "rotation": [ 0, 180, 0 ],
            "translation": [ 0, 0, 0 ],
            "scale": [ 1, 1, 1 ]
        },
        "head": {
            "rotation": [ 0, 180, 0 ],
            "translation": [ 0, 0, 0 ],
            "scale": [ 1, 1, 1 ]
        },
        "firstperson_righthand": {
            "rotation": [ 0, 315, 0 ],
            "translation": [ 0, 2.5, 0 ],
            "scale": [ 0.4, 0.4, 0.4 ]
        },
        "thirdperson_righthand": {
            "rotation": [ 75, 315, 0 ],
            "translation": [ 0, 2.5, 0 ],
            "scale": [ 0.375, 0.375, 0.375 ]
        }
    },
    "elements": [
        {
            "name": "Element",
            "from": [ 0, 0, 0 ], 
            "to": [ 16, 2, 16 ], 
            "faces": {
                "north": { "texture": "#slab", "uv": [ 0, 14, 16, 16 ], "cullface": "north" },
                "east": { "texture": "#slab", "uv": [ 0, 14, 16, 16 ], "cullface": "east" },
                "south": { "texture": "#slab", "uv": [ 0, 14, 16, 16 ], "cullface": "south" },
                "west": { "texture": "#slab", "uv": [ 0, 14, 16, 16 ], "cullface": "west" },
                "up": { "texture": "#top", "uv": [ 0, 0, 16, 16 ] },
                "down": { "texture": "#slab", "uv": [ 0, 0, 16, 16 ], "cullface": "down" }
            }
        },
        {
            "name": "Element",
            "from": [ 7, 2, 10 ], 
            "to": [ 9, 7, 12 ], 
            "faces": {
                "north": { "texture": "#lit", "uv": [ 7, 9, 9, 14 ] },
                "east": { "texture": "#lit", "uv": [ 7, 9, 9, 14 ] },
                "south": { "texture": "#lit", "uv": [ 7, 9, 9, 14 ] },
                "west": { "texture": "#lit", "uv": [ 7, 9, 9, 14 ] }
            }
        },
        {
            "name": "Element",
            "from": [ 7, 2, 2 ], 
            "to": [ 9, 7, 4 ], 
            "faces": {
                "north": { "texture": "#lit", "uv": [ 7, 9, 9, 14 ] },
                "east": { "texture": "#lit", "uv": [ 7, 9, 9, 14 ] },
                "south": { "texture": "#lit", "uv": [ 7, 9, 9, 14 ] },
                "west": { "texture": "#lit", "uv": [ 7, 9, 9, 14 ] }
            }
        },
        {
            "name": "Cube",
            "from": [ 6.75, 4.75, 1.75 ], 
            "to": [ 9.25, 7.25, 4.25 ], 
            "faces": {
                "north": { "texture": "#lit", "uv": [ 7, 6, 9, 8 ] },
                "east": { "texture": "#lit", "uv": [ 7, 6, 9, 8 ] },
                "south": { "texture": "#lit", "uv": [ 7, 6, 9, 8 ] },
                "west": { "texture": "#lit", "uv": [ 7, 6, 9, 8 ] },
                "up": { "texture": "#lit", "uv": [ 7, 6, 9, 8 ] },
                "down": { "texture": "#lit", "uv": [ 7, 6, 9, 8 ] }
            }
        },
        {
            "name": "Cube",
            "from": [ 6.75, 4.75, 9.75 ], 
            "to": [ 9.25, 7.25, 12.25 ], 
            "faces": {
                "north": { "texture": "#lit", "uv": [ 7, 6, 9, 8 ] },
                "east": { "texture": "#lit", "uv": [ 7, 6, 9, 8 ] },
                "south": { "texture": "#lit", "uv": [ 7, 6, 9, 8 ] },
                "west": { "texture": "#lit", "uv": [ 7, 6, 9, 8 ] },
                "up": { "texture": "#lit", "uv": [ 7, 6, 9, 8 ] },
                "down": { "texture": "#lit", "uv": [ 7, 6, 9, 8 ] }
            }
        }
    ]
}