{
	"credit": "Originally made by playtrix using Blockbench, later patched up by TheWaschtlPlays using Blockbench",
	"textures": {
		"4": "block/furnace_side",
		"particle": "block/furnace_side",
		"bottom": "block/smoker_bottom",
		"top": "block/smoker_top",
		"front": "block/smoker_front_on",
		"side": "block/smoker_side"
	},
	"elements": [
		{
			"from": [0, 0, 0],
			"to": [2, 16, 2],
			"faces": {
				"north": {"uv": [14, 0, 16, 16], "texture": "#front", "cullface": "north"},
				"east": {"uv": [14, 0, 16, 16], "texture": "#front"},
				"south": {"uv": [0, 0, 2, 16], "texture": "#front"},
				"west": {"uv": [0, 0, 2, 16], "texture": "#front", "cullface": "west"},
				"up": {"uv": [0, 0, 2, 2], "texture": "#top", "cullface": "up"},
				"down": {"uv": [0, 14, 2, 16], "rotation": 180, "texture": "#bottom", "cullface": "down"}
			}
		},
		{
			"from": [0, 0, 14],
			"to": [2, 16, 16],
			"faces": {
				"north": {"uv": [14, 0, 16, 16], "texture": "#front"},
				"east": {"uv": [0, 0, 2, 16], "texture": "#front"},
				"south": {"uv": [0, 0, 2, 16], "texture": "#front", "cullface": "south"},
				"west": {"uv": [14, 0, 16, 16], "texture": "#front", "cullface": "west"},
				"up": {"uv": [0, 0, 2, 2], "rotation": 270, "texture": "#top", "cullface": "up"},
				"down": {"uv": [0, 14, 2, 16], "rotation": 270, "texture": "#bottom", "cullface": "down"}
			}
		},
		{
			"from": [14, 0, 14],
			"to": [16, 16, 16],
			"faces": {
				"north": {"uv": [0, 0, 2, 16], "texture": "#front"},
				"east": {"uv": [0, 0, 2, 16], "texture": "#front", "cullface": "east"},
				"south": {"uv": [14, 0, 16, 16], "texture": "#front", "cullface": "south"},
				"west": {"uv": [14, 0, 16, 16], "texture": "#front"},
				"up": {"uv": [0, 0, 2, 2], "rotation": 180, "texture": "#top", "cullface": "up"},
				"down": {"uv": [0, 14, 2, 16], "texture": "#bottom", "cullface": "down"}
			}
		},
		{
			"from": [14, 0, 0],
			"to": [16, 16, 2],
			"faces": {
				"north": {"uv": [0, 0, 2, 16], "texture": "#front", "cullface": "north"},
				"east": {"uv": [14, 0, 16, 16], "texture": "#front", "cullface": "east"},
				"south": {"uv": [14, 0, 16, 16], "texture": "#front"},
				"west": {"uv": [0, 0, 2, 16], "texture": "#front"},
				"up": {"uv": [0, 0, 2, 2], "rotation": 90, "texture": "#top", "cullface": "up"},
				"down": {"uv": [0, 14, 2, 16], "rotation": 90, "texture": "#bottom", "cullface": "down"}
			}
		},
		{
			"from": [2, 0, 0],
			"to": [14, 1, 1],
			"faces": {
				"north": {"uv": [2, 15, 14, 16], "texture": "#bottom", "cullface": "north"},
				"south": {"uv": [2, 15, 14, 16], "texture": "#bottom", "cullface": "down"},
				"up": {"uv": [2, 0, 14, 1], "texture": "#bottom", "cullface": "north"},
				"down": {"uv": [2, 15, 14, 16], "texture": "#bottom", "cullface": "down"}
			}
		},
		{
			"from": [2, 15, 0],
			"to": [14, 16, 1],
			"faces": {
				"north": {"uv": [2, 15, 14, 16], "texture": "#bottom", "cullface": "north"},
				"east": {"uv": [15, 15, 16, 16], "texture": "#bottom"},
				"south": {"uv": [2, 15, 14, 16], "texture": "#bottom", "cullface": "up"},
				"west": {"uv": [0, 15, 1, 16], "texture": "#bottom"},
				"up": {"uv": [2, 0, 14, 1], "texture": "#bottom", "cullface": "up"},
				"down": {"uv": [2, 15, 14, 16], "texture": "#bottom", "cullface": "north"}
			}
		},
		{
			"from": [0, 0, 2],
			"to": [1, 1, 14],
			"faces": {
				"east": {"uv": [2, 15, 14, 16], "texture": "#bottom", "cullface": "down"},
				"west": {"uv": [2, 15, 14, 16], "texture": "#bottom", "cullface": "west"},
				"up": {"uv": [2, 0, 14, 1], "rotation": 270, "texture": "#bottom", "cullface": "west"},
				"down": {"uv": [2, 15, 14, 16], "rotation": 90, "texture": "#bottom", "cullface": "down"}
			}
		},
		{
			"from": [0, 15, 2],
			"to": [1, 16, 14],
			"faces": {
				"north": {"uv": [15, 15, 16, 16], "texture": "#bottom"},
				"east": {"uv": [2, 15, 14, 16], "texture": "#bottom", "cullface": "up"},
				"south": {"uv": [0, 15, 1, 16], "texture": "#bottom"},
				"west": {"uv": [2, 15, 14, 16], "texture": "#bottom", "cullface": "west"},
				"up": {"uv": [2, 0, 14, 1], "rotation": 270, "texture": "#bottom", "cullface": "up"},
				"down": {"uv": [2, 15, 14, 16], "rotation": 90, "texture": "#bottom", "cullface": "west"}
			}
		},
		{
			"from": [2, 0, 15],
			"to": [14, 1, 16],
			"faces": {
				"north": {"uv": [2, 15, 14, 16], "texture": "#bottom", "cullface": "down"},
				"south": {"uv": [2, 15, 14, 16], "texture": "#bottom", "cullface": "south"},
				"up": {"uv": [2, 0, 14, 1], "rotation": 180, "texture": "#bottom", "cullface": "south"},
				"down": {"uv": [2, 15, 14, 16], "rotation": 180, "texture": "#bottom", "cullface": "down"}
			}
		},
		{
			"from": [2, 15, 15],
			"to": [14, 16, 16],
			"faces": {
				"north": {"uv": [2, 15, 14, 16], "texture": "#bottom", "cullface": "up"},
				"east": {"uv": [0, 15, 1, 16], "texture": "#bottom"},
				"south": {"uv": [2, 15, 14, 16], "texture": "#bottom", "cullface": "south"},
				"west": {"uv": [15, 15, 16, 16], "texture": "#bottom"},
				"up": {"uv": [2, 0, 14, 1], "rotation": 180, "texture": "#bottom", "cullface": "up"},
				"down": {"uv": [2, 15, 14, 16], "rotation": 180, "texture": "#bottom", "cullface": "south"}
			}
		},
		{
			"from": [15, 0, 2],
			"to": [16, 1, 14],
			"faces": {
				"east": {"uv": [2, 15, 14, 16], "texture": "#bottom", "cullface": "east"},
				"west": {"uv": [2, 15, 14, 16], "texture": "#bottom", "cullface": "down"},
				"up": {"uv": [2, 0, 14, 1], "rotation": 90, "texture": "#bottom", "cullface": "east"},
				"down": {"uv": [2, 15, 14, 16], "rotation": 270, "texture": "#bottom", "cullface": "down"}
			}
		},
		{
			"from": [15, 15, 2],
			"to": [16, 16, 14],
			"faces": {
				"north": {"uv": [0, 15, 1, 16], "texture": "#bottom"},
				"east": {"uv": [2, 15, 14, 16], "texture": "#bottom", "cullface": "east"},
				"south": {"uv": [15, 15, 16, 16], "texture": "#bottom"},
				"west": {"uv": [2, 15, 14, 16], "texture": "#bottom", "cullface": "up"},
				"up": {"uv": [2, 0, 14, 1], "rotation": 90, "texture": "#bottom", "cullface": "up"},
				"down": {"uv": [2, 15, 14, 16], "rotation": 270, "texture": "#bottom", "cullface": "east"}
			}
		},
		{
			"from": [2, 1, 0.5],
			"to": [14, 2, 1],
			"faces": {
				"north": {"uv": [2, 14, 14, 15], "texture": "#side", "cullface": "north"},
				"up": {"uv": [2, 13, 14, 13.5], "rotation": 180, "texture": "#side", "cullface": "north"}
			}
		},
		{
			"from": [15, 1, 2],
			"to": [15.5, 4, 14],
			"faces": {
				"east": {"uv": [2, 12, 14, 15], "texture": "#side", "cullface": "east"},
				"up": {"uv": [2, 12, 14, 12.5], "rotation": 270, "texture": "#side", "cullface": "east"}
			}
		},
		{
			"from": [2, 1, 15],
			"to": [14, 4, 15.5],
			"faces": {
				"south": {"uv": [2, 12, 14, 15], "texture": "#side", "cullface": "south"},
				"up": {"uv": [2, 12, 14, 12.5], "texture": "#side", "cullface": "south"}
			}
		},
		{
			"from": [0.5, 1, 2],
			"to": [1, 4, 14],
			"faces": {
				"west": {"uv": [2, 12, 14, 15], "texture": "#side", "cullface": "west"},
				"up": {"uv": [2, 12, 14, 12.5], "rotation": 90, "texture": "#side", "cullface": "west"}
			}
		},
		{
			"from": [0.5, 7, 2],
			"to": [2, 13, 14],
			"faces": {
				"west": {"uv": [2, 3, 14, 9], "texture": "#side", "cullface": "west"},
				"down": {"uv": [2, 8, 14, 9], "rotation": 270, "texture": "#side", "cullface": "west"}
			}
		},
		{
			"from": [2, 7, 14],
			"to": [14, 13, 15.5],
			"faces": {
				"south": {"uv": [2, 3, 14, 9], "texture": "#side", "cullface": "south"},
				"down": {"uv": [2, 8, 14, 9], "texture": "#side", "cullface": "south"}
			}
		},
		{
			"from": [14, 7, 2],
			"to": [15.5, 13, 14],
			"faces": {
				"east": {"uv": [2, 3, 14, 9], "texture": "#side", "cullface": "east"},
				"down": {"uv": [2, 8, 14, 9], "rotation": 90, "texture": "#side", "cullface": "east"}
			}
		},
		{
			"from": [0.75, 4, 2],
			"to": [0.75, 7, 14],
			"faces": {
				"west": {"uv": [2, 11, 14, 14], "texture": "#front", "cullface": "west"}
			}
		},
		{
			"from": [2, 4, 15.25],
			"to": [14, 7, 15.25],
			"faces": {
				"south": {"uv": [2, 11, 14, 14], "texture": "#front", "cullface": "south"}
			}
		},
		{
			"from": [15.25, 4, 2],
			"to": [15.25, 7, 14],
			"faces": {
				"east": {"uv": [2, 11, 14, 14], "texture": "#front", "cullface": "east"}
			}
		},
		{
			"from": [0.25, 13, 2],
			"to": [1, 15, 14],
			"faces": {
				"west": {"uv": [2, 1, 14, 3], "texture": "#side", "cullface": "west"},
				"down": {"uv": [0.25, 2, 1, 14], "texture": "#side", "cullface": "west"}
			}
		},
		{
			"from": [2, 13, 15],
			"to": [14, 15, 15.75],
			"faces": {
				"south": {"uv": [2, 1, 14, 3], "texture": "#side", "cullface": "south"},
				"down": {"uv": [0.25, 2, 1, 14], "rotation": 90, "texture": "#side", "cullface": "south"}
			}
		},
		{
			"from": [15, 13, 2],
			"to": [15.75, 15, 14],
			"faces": {
				"east": {"uv": [2, 1, 14, 3], "texture": "#side", "cullface": "east"},
				"down": {"uv": [0.25, 2, 1, 14], "rotation": 180, "texture": "#side", "cullface": "east"}
			}
		},
		{
			"from": [1, 15, 1],
			"to": [15, 15.5, 4],
			"faces": {
				"up": {"uv": [1, 1, 15, 4], "texture": "#top", "cullface": "up"}
			}
		},
		{
			"from": [1, 15, 12],
			"to": [15, 15.5, 15],
			"faces": {
				"up": {"uv": [1, 12, 15, 15], "texture": "#top", "cullface": "up"}
			}
		},
		{
			"from": [1, 15, 4],
			"to": [4, 15.5, 12],
			"faces": {
				"up": {"uv": [1, 4, 4, 12], "texture": "#top", "cullface": "up"}
			}
		},
		{
			"from": [12, 15, 4],
			"to": [15, 15.5, 12],
			"faces": {
				"up": {"uv": [12, 4, 15, 12], "texture": "#top", "cullface": "up"}
			}
		},
		{
			"from": [5.5, 14, 3.01],
			"to": [10.5, 16.25, 4.01],
			"faces": {
				"north": {"uv": [5.5, 0, 10.5, 2], "texture": "#top", "cullface": "up"},
				"east": {"uv": [11.99, 0, 12.99, 2], "texture": "#top", "cullface": "up"},
				"south": {"uv": [5, 0, 10, 2], "texture": "#top", "cullface": "up"},
				"west": {"uv": [3.01, 0, 4.01, 2], "texture": "#top", "cullface": "up"},
				"up": {"uv": [6, 0, 11, 1], "texture": "#top", "cullface": "up"}
			}
		},
		{
			"from": [3.01, 14, 5.5],
			"to": [4.01, 16.25, 10.5],
			"faces": {
				"north": {"uv": [11.99, 0, 12.99, 2], "texture": "#top", "cullface": "up"},
				"east": {"uv": [5.5, 0, 10.5, 2], "texture": "#top", "cullface": "up"},
				"south": {"uv": [3.01, 0, 4.01, 2], "texture": "#top", "cullface": "up"},
				"west": {"uv": [5.5, 0, 10.5, 2], "texture": "#top", "cullface": "up"},
				"up": {"uv": [0, 4, 1, 9], "texture": "#top", "cullface": "up"}
			}
		},
		{
			"from": [5.5, 14, 11.99],
			"to": [10.5, 16.25, 12.99],
			"faces": {
				"north": {"uv": [5, 0, 10, 2], "texture": "#top", "cullface": "up"},
				"east": {"uv": [3.01, 0, 4.01, 2], "texture": "#top", "cullface": "up"},
				"south": {"uv": [6, 0, 11, 2], "texture": "#top", "cullface": "up"},
				"west": {"uv": [12, 0, 13, 2], "texture": "#top", "cullface": "up"},
				"up": {"uv": [7, 15, 12, 16], "rotation": 180, "texture": "#top", "cullface": "up"}
			}
		},
		{
			"from": [11.99, 14, 5.5],
			"to": [12.99, 16.25, 10.5],
			"faces": {
				"north": {"uv": [3.01, 0, 4.01, 2], "texture": "#top", "cullface": "up"},
				"east": {"uv": [5.5, 0, 10.5, 2], "texture": "#top", "cullface": "up"},
				"south": {"uv": [11.99, 0, 12.99, 2], "texture": "#top", "cullface": "up"},
				"west": {"uv": [5.5, 0, 10.5, 2], "texture": "#top", "cullface": "up"},
				"up": {"uv": [15, 4, 16, 9], "texture": "#top", "cullface": "up"}
			}
		},
		{
			"from": [3.5, 13.999, 3.5],
			"to": [5.5, 16.249, 4.5],
			"faces": {
				"north": {"uv": [10.5, 0, 12.5, 2.001], "texture": "#top", "cullface": "up"},
				"east": {"uv": [11.5, 0, 12.5, 2.001], "texture": "#top", "cullface": "up"},
				"south": {"uv": [3, 0, 5, 2.001], "texture": "#top", "cullface": "up"},
				"west": {"uv": [3.5, 0, 4.5, 2.001], "texture": "#top", "cullface": "up"},
				"up": {"uv": [4, 0, 6, 1], "texture": "#top", "cullface": "up"}
			}
		},
		{
			"from": [3.5, 13.999, 10.5],
			"to": [4.5, 16.249, 12.5],
			"faces": {
				"north": {"uv": [11, 0, 12, 2], "texture": "#top", "cullface": "up"},
				"east": {"uv": [7, 0, 9, 2], "texture": "#top", "cullface": "up"},
				"south": {"uv": [4, 0, 5, 2], "texture": "#top", "cullface": "up"},
				"west": {"uv": [10, 0, 12, 2], "texture": "#top", "cullface": "up"},
				"up": {"uv": [0, 10, 1, 12], "texture": "#top", "cullface": "up"}
			}
		},
		{
			"from": [10.5, 13.999, 11.5],
			"to": [12.5, 16.249, 12.5],
			"faces": {
				"north": {"uv": [3, 0, 5, 2], "texture": "#top", "cullface": "up"},
				"east": {"uv": [4, 0, 5, 2], "texture": "#top", "cullface": "up"},
				"south": {"uv": [9, 0, 11, 2], "texture": "#top", "cullface": "up"},
				"west": {"uv": [10, 0, 11, 2], "texture": "#top", "cullface": "up"},
				"up": {"uv": [12, 15, 14, 16], "rotation": 180, "texture": "#top", "cullface": "up"}
			}
		},
		{
			"from": [11.5, 13.999, 3.5],
			"to": [12.5, 16.249, 5.5],
			"faces": {
				"north": {"uv": [3, 0, 4, 2], "texture": "#top", "cullface": "up"},
				"east": {"uv": [11, 0, 13, 2], "texture": "#top", "cullface": "up"},
				"south": {"uv": [11, 0, 12, 2], "texture": "#top", "cullface": "up"},
				"west": {"uv": [3, 0, 5, 2], "texture": "#top", "cullface": "up"},
				"up": {"uv": [15, 4, 16, 6], "texture": "#top", "cullface": "up"}
			}
		},
		{
			"from": [10.5, 13.999, 3.5],
			"to": [11.5, 16.249, 4.5],
			"faces": {
				"north": {"uv": [4.5, 0, 5.5, 2.001], "texture": "#top", "cullface": "up"},
				"east": {"uv": [11.5, 0, 12.5, 2.001], "texture": "#top", "cullface": "up"},
				"south": {"uv": [9, 0, 10, 2.001], "texture": "#top", "cullface": "up"},
				"west": {"uv": [3.5, 0, 4.5, 2.001], "texture": "#top", "cullface": "up"},
				"up": {"uv": [15, 6, 16, 7], "texture": "#top", "cullface": "up"}
			}
		},
		{
			"from": [3.5, 13.999, 4.5],
			"to": [4.5, 16.249, 5.5],
			"faces": {
				"north": {"uv": [9, 0, 10, 2], "texture": "#top", "cullface": "up"},
				"east": {"uv": [10, 0, 11, 2], "texture": "#top", "cullface": "up"},
				"south": {"uv": [4, 0, 5, 2], "texture": "#top", "cullface": "up"},
				"west": {"uv": [4, 0, 5, 2], "texture": "#top", "cullface": "up"},
				"up": {"uv": [3, 0, 4, 1], "rotation": 270, "texture": "#top", "cullface": "up"}
			}
		},
		{
			"from": [4.5, 13.999, 11.5],
			"to": [5.5, 16.249, 12.5],
			"faces": {
				"north": {"uv": [9, 0, 10, 2], "texture": "#top", "cullface": "up"},
				"east": {"uv": [5, 0, 6, 2], "texture": "#top", "cullface": "up"},
				"south": {"uv": [6, 0, 7, 2], "texture": "#top", "cullface": "up"},
				"west": {"uv": [13, 0, 14, 2], "texture": "#top", "cullface": "up"},
				"up": {"uv": [0, 11, 1, 12], "rotation": 180, "texture": "#top", "cullface": "up"}
			}
		},
		{
			"from": [11.5, 13.999, 10.5],
			"to": [12.5, 16.249, 11.5],
			"faces": {
				"north": {"uv": [3, 0, 4, 2], "texture": "#top", "cullface": "up"},
				"east": {"uv": [5, 0, 6, 2], "texture": "#top", "cullface": "up"},
				"south": {"uv": [12, 0, 13, 2], "texture": "#top", "cullface": "up"},
				"west": {"uv": [11, 0, 12, 2], "texture": "#top", "cullface": "up"},
				"up": {"uv": [8, 15, 9, 16], "rotation": 90, "texture": "#top", "cullface": "up"}
			}
		},
		{
			"from": [1, 13, 1],
			"to": [15, 14, 15],
			"faces": {
				"up": {"uv": [1, 1, 15, 15], "texture": "#top", "cullface": "up"}
			}
		},
		{
			"from": [1, 0.5, 1],
			"to": [15, 1, 15],
			"faces": {
				"down": {"uv": [1, 1, 15, 15], "texture": "#bottom", "cullface": "down"}
			}
		},
		{
			"from": [2, 13, 0.25],
			"to": [14, 15, 1],
			"faces": {
				"north": {"uv": [2, 1, 14, 3], "texture": "#side", "cullface": "north"},
				"down": {"uv": [0.25, 2, 1, 14], "rotation": 270, "texture": "#side", "cullface": "north"}
			}
		},
		{
			"from": [1, 6.999, 0.5],
			"to": [15, 8, 15],
			"faces": {
				"north": {"uv": [1, 8, 15, 9], "texture": "#side", "cullface": "north"},
				"down": {"uv": [1, 1, 15, 15.5], "texture": "#bottom", "cullface": "north"}
			}
		},
		{
			"from": [2, 12, 0.5],
			"to": [14, 13, 1.5],
			"faces": {
				"north": {"uv": [2, 3, 14, 4], "texture": "#side", "cullface": "north"}
			}
		},
		{
			"from": [2, 8, 0.5],
			"to": [4, 12, 1.5],
			"faces": {
				"north": {"uv": [12, 4, 14, 8], "texture": "#side", "cullface": "north"}
			}
		},
		{
			"from": [12, 8, 0.5],
			"to": [14, 12, 1.5],
			"faces": {
				"north": {"uv": [2, 4, 4, 8], "texture": "#side", "cullface": "north"}
			}
		},
		{
			"from": [2, 1, 0.75],
			"to": [14, 7, 0.75],
			"faces": {
				"north": {"uv": [2, 9, 14, 15], "texture": "#front", "cullface": "north"}
			}
		},
		{
			"from": [4, 8, 0.25],
			"to": [12, 12, 0.75],
			"rotation": {"angle": 0, "axis": "x", "origin": [8, 8.25, 0.5]},
			"faces": {
				"north": {"uv": [4, 9, 12, 13], "texture": "#4", "cullface": "north"},
				"east": {"uv": [15, 9, 15.5, 13], "texture": "#4", "cullface": "north"},
				"west": {"uv": [1, 9, 1.5, 13], "texture": "#4", "cullface": "north"},
				"up": {"uv": [4, 9, 12, 9.5], "texture": "#4", "cullface": "north"},
				"down": {"uv": [4, 13, 12, 13.5], "texture": "#4", "cullface": "north"}
			}
		},
		{
			"from": [6, 10, 0],
			"to": [10, 11, 0.5],
			"rotation": {"angle": 0, "axis": "x", "origin": [8, 8.25, 0.5]},
			"faces": {
				"north": {"uv": [6, 5, 10, 6], "texture": "#top", "cullface": "north"},
				"east": {"uv": [10, 5, 11, 6], "texture": "#top", "cullface": "north"},
				"west": {"uv": [5, 5, 6, 6], "texture": "#top", "cullface": "north"},
				"up": {"uv": [6, 5, 10, 6], "texture": "#top", "cullface": "north"},
				"down": {"uv": [6, 11, 10, 12], "texture": "#top", "cullface": "north"}
			}
		}
	],
	"groups": [
		{
			"name": "frame",
			"origin": [8, 8, 8],
			"children": [0, 1, 2, 3, 4, 5, 6, 7, 8, 9, 10, 11]
		},
		{
			"name": "sides",
			"origin": [8, 8, 8],
			"children": [12, 13, 14, 15, 16, 17, 18, 19, 20, 21, 22, 23, 24]
		},
		{
			"name": "top",
			"origin": [8, 8, 8],
			"children": [25, 26, 27, 28, 29, 30, 31, 32, 33, 34, 35, 36, 37, 38, 39, 40, 41]
		},
		{
			"name": "bottom",
			"origin": [8, 8, 8],
			"children": [42]
		},
		{
			"name": "front",
			"origin": [8, 8, 8],
			"children": [43, 44, 45, 46, 47, 48, 49, 50]
		}
	]
}