{
	"credit": "Made by TheWaschtlPlays using Blockbench",
	"textures": {
		"particle": "block/spruce_trapdoor",
		"texture": "block/spruce_trapdoor"
	},
	"elements": [
		{
			"from": [0, 13, 0],
			"to": [3, 16, 16],
			"rotation": {"angle": 0, "axis": "y", "origin": [8, 21, 8]},
			"faces": {
				"north": {"uv": [13, 0, 16, 3], "texture": "#texture", "cullface": "north"},
				"east": {"uv": [16, 0, 15, 16], "rotation": 90, "texture": "#texture"},
				"south": {"uv": [0, 13, 3, 16], "texture": "#texture", "cullface": "south"},
				"west": {"uv": [13, 0, 16, 16], "rotation": 90, "texture": "#texture", "cullface": "west"},
				"up": {"uv": [16, 0, 13, 16], "texture": "#texture", "cullface": "up"},
				"down": {"uv": [13, 0, 16, 16], "rotation": 180, "texture": "#texture"}
			}
		},
		{
			"from": [13, 13, 0],
			"to": [16, 16, 16],
			"rotation": {"angle": 0, "axis": "y", "origin": [21, 21, 8]},
			"faces": {
				"north": {"uv": [0, 0, 3, 3], "texture": "#texture", "cullface": "north"},
				"east": {"uv": [16, 0, 13, 16], "rotation": 90, "texture": "#texture", "cullface": "east"},
				"south": {"uv": [13, 13, 16, 16], "texture": "#texture", "cullface": "south"},
				"west": {"uv": [2, 0, 3, 16], "rotation": 270, "texture": "#texture"},
				"up": {"uv": [3, 0, 0, 16], "texture": "#texture", "cullface": "up"},
				"down": {"uv": [0, 0, 3, 16], "rotation": 180, "texture": "#texture"}
			}
		},
		{
			"from": [10, 13, 0],
			"to": [12, 16, 16],
			"rotation": {"angle": 0, "axis": "y", "origin": [17, 21, 8]},
			"faces": {
				"north": {"uv": [4, 0, 6, 3], "texture": "#texture", "cullface": "north"},
				"east": {"uv": [4, 0, 5, 16], "rotation": 90, "texture": "#texture"},
				"south": {"uv": [10, 13, 12, 16], "texture": "#texture", "cullface": "south"},
				"west": {"uv": [5, 0, 6, 16], "rotation": 270, "texture": "#texture"},
				"up": {"uv": [6, 0, 4, 16], "texture": "#texture", "cullface": "up"},
				"down": {"uv": [4, 0, 6, 16], "rotation": 180, "texture": "#texture"}
			}
		},
		{
			"from": [7, 13, 0],
			"to": [9, 16, 16],
			"rotation": {"angle": 0, "axis": "y", "origin": [14, 21, 8]},
			"faces": {
				"north": {"uv": [7, 0, 9, 3], "texture": "#texture", "cullface": "north"},
				"east": {"uv": [7, 0, 8, 16], "rotation": 90, "texture": "#texture"},
				"south": {"uv": [7, 13, 9, 16], "texture": "#texture", "cullface": "south"},
				"west": {"uv": [8, 0, 9, 16], "rotation": 270, "texture": "#texture"},
				"up": {"uv": [9, 0, 7, 16], "texture": "#texture", "cullface": "up"},
				"down": {"uv": [7, 0, 9, 16], "rotation": 180, "texture": "#texture"}
			}
		},
		{
			"from": [4, 13, 0],
			"to": [6, 16, 16],
			"rotation": {"angle": 0, "axis": "y", "origin": [11, 21, 8]},
			"faces": {
				"north": {"uv": [10, 0, 12, 3], "texture": "#texture", "cullface": "north"},
				"east": {"uv": [10, 0, 11, 16], "rotation": 90, "texture": "#texture"},
				"south": {"uv": [4, 13, 6, 16], "texture": "#texture", "cullface": "south"},
				"west": {"uv": [11, 0, 12, 16], "rotation": 270, "texture": "#texture"},
				"up": {"uv": [12, 0, 10, 16], "texture": "#texture", "cullface": "up"},
				"down": {"uv": [10, 0, 12, 16], "rotation": 180, "texture": "#texture"}
			}
		},
		{
			"name": "inner",
			"from": [3, 13.5, 0],
			"to": [13, 15.5, 16],
			"rotation": {"angle": 0, "axis": "y", "origin": [11, 21.5, 8]},
			"faces": {
				"north": {"uv": [3, 0.5, 13, 2.5], "texture": "#texture", "cullface": "north"},
				"south": {"uv": [3, 13.5, 13, 15.5], "texture": "#texture", "cullface": "south"},
				"up": {"uv": [3, 0, 13, 16], "rotation": 180, "texture": "#texture"},
				"down": {"uv": [13, 16, 3, 0], "texture": "#texture"}
			}
		}
	]
}