{
	"credit": "Made by TheWaschtlPlays using Blockbench",
	"textures": {
		"1": "custom_textures/doors/spruce/spruce_door_bottom",
		"particle": "custom_textures/doors/spruce/spruce_door_bottom",
		"bottom": "custom_textures/doors/spruce/spruce_door_bottom_clean"
	},
	"elements": [
		{
			"name": "Middle",
			"from": [0.5, 0, 0],
			"to": [2.5, 16, 13],
			"rotation": {"angle": 0, "axis": "y", "origin": [8.5, 8, -7]},
			"faces": {
				"north": {"uv": [16, 0, 15, 16], "texture": "#bottom", "cullface": "north"},
				"east": {"uv": [3, 0, 16, 16], "texture": "#bottom"},
				"west": {"uv": [16, 0, 3, 16], "texture": "#bottom"},
				"down": {"uv": [3, 13.5, 16, 15.5], "rotation": 90, "texture": "#bottom", "cullface": "down"}
			}
		},
		{
			"from": [0.01, 0, 13],
			"to": [3, 16, 16],
			"rotation": {"angle": 0, "axis": "y", "origin": [8, 8, 6]},
			"faces": {
				"north": {"uv": [3, 0, 2, 16], "texture": "#bottom"},
				"east": {"uv": [0, 0, 3, 16], "texture": "#bottom"},
				"south": {"uv": [0, 0, 3, 16], "texture": "#bottom", "cullface": "south"},
				"west": {"uv": [3, 0, 0, 16], "texture": "#bottom", "cullface": "west"},
				"down": {"uv": [0, 16, 3, 13], "texture": "#bottom", "cullface": "down"}
			}
		},
		{
			"from": [0.01, 0, 1],
			"to": [3, 16, 3],
			"rotation": {"angle": 0, "axis": "y", "origin": [8, 8, -6]},
			"faces": {
				"north": {"uv": [15, 0, 14, 16], "texture": "#bottom"},
				"east": {"uv": [13, 0, 15, 16], "texture": "#bottom"},
				"south": {"uv": [14, 0, 13, 16], "texture": "#bottom"},
				"west": {"uv": [15, 0, 13, 16], "texture": "#bottom", "cullface": "west"},
				"down": {"uv": [13, 13, 15, 16], "rotation": 90, "texture": "#bottom", "cullface": "down"}
			}
		},
		{
			"from": [0.01, 0, 4],
			"to": [3, 16, 6],
			"rotation": {"angle": 0, "axis": "y", "origin": [8, 8, -3]},
			"faces": {
				"north": {"uv": [12, 0, 11, 16], "texture": "#bottom"},
				"east": {"uv": [10, 0, 12, 16], "texture": "#bottom"},
				"south": {"uv": [11, 0, 10, 16], "texture": "#bottom"},
				"west": {"uv": [12, 0, 10, 16], "texture": "#bottom", "cullface": "west"},
				"down": {"uv": [10, 13, 12, 16], "rotation": 90, "texture": "#bottom", "cullface": "down"}
			}
		},
		{
			"from": [0.01, 0, 7],
			"to": [3, 16, 9],
			"rotation": {"angle": 0, "axis": "y", "origin": [8, 8, 0]},
			"faces": {
				"north": {"uv": [9, 0, 8, 16], "texture": "#bottom"},
				"east": {"uv": [7, 0, 9, 16], "texture": "#bottom"},
				"south": {"uv": [8, 0, 7, 16], "texture": "#bottom"},
				"west": {"uv": [9, 0, 7, 16], "texture": "#bottom", "cullface": "west"},
				"down": {"uv": [7, 13, 9, 16], "rotation": 90, "texture": "#bottom", "cullface": "down"}
			}
		},
		{
			"from": [0.01, 0, 10],
			"to": [3, 16, 12],
			"rotation": {"angle": 0, "axis": "y", "origin": [8, 8, 3]},
			"faces": {
				"north": {"uv": [6, 0, 5, 16], "texture": "#bottom"},
				"east": {"uv": [4, 0, 6, 16], "texture": "#bottom"},
				"south": {"uv": [5, 0, 4, 16], "texture": "#bottom"},
				"west": {"uv": [6, 0, 4, 16], "texture": "#bottom", "cullface": "west"},
				"down": {"uv": [4, 13, 6, 16], "rotation": 90, "texture": "#bottom", "cullface": "down"}
			}
		},
		{
			"from": [-0.5, 13, 2],
			"to": [0, 15, 3],
			"rotation": {"angle": 0, "axis": "y", "origin": [7, 22, -5]},
			"faces": {
				"north": {"uv": [13.5, 1, 13, 3], "texture": "#1", "cullface": "west"},
				"south": {"uv": [13.5, 1, 13, 3], "texture": "#1", "cullface": "west"},
				"west": {"uv": [14, 1, 13, 3], "texture": "#1", "cullface": "west"},
				"up": {"uv": [13, 2, 13.5, 1], "texture": "#1", "cullface": "west"},
				"down": {"uv": [13, 3, 13.5, 2], "texture": "#1", "cullface": "west"}
			}
		},
		{
			"from": [-0.5, 15, 3],
			"to": [0, 16, 5],
			"rotation": {"angle": 0, "axis": "y", "origin": [7.5, 23, -3]},
			"faces": {
				"north": {"uv": [12.5, 0, 12, 1], "texture": "#1", "cullface": "west"},
				"south": {"uv": [11.5, 0, 11, 1], "texture": "#1", "cullface": "west"},
				"west": {"uv": [13, 0, 11, 1], "texture": "#1", "cullface": "west"},
				"up": {"uv": [13, 0, 11, 0.5], "rotation": 90, "texture": "#1", "cullface": "west"},
				"down": {"uv": [13, 0, 11, 0.5], "rotation": 270, "texture": "#1", "cullface": "west"}
			}
		},
		{
			"from": [-0.5, 13, 5],
			"to": [0, 15, 6],
			"rotation": {"angle": 0, "axis": "y", "origin": [7, 22, -2]},
			"faces": {
				"north": {"uv": [10.5, 1, 10, 3], "texture": "#1", "cullface": "west"},
				"south": {"uv": [10.5, 1, 10, 3], "texture": "#1", "cullface": "west"},
				"west": {"uv": [11, 1, 10, 3], "texture": "#1", "cullface": "west"},
				"up": {"uv": [10, 2, 10.5, 1], "texture": "#1", "cullface": "west"},
				"down": {"uv": [10, 3, 10.5, 2], "texture": "#1", "cullface": "west"}
			}
		},
		{
			"from": [-0.5, 12, 3],
			"to": [0, 13, 5],
			"rotation": {"angle": 0, "axis": "y", "origin": [7, 20, -4]},
			"faces": {
				"north": {"uv": [12.5, 3, 12, 4], "texture": "#1", "cullface": "west"},
				"south": {"uv": [11.5, 3, 11, 4], "texture": "#1", "cullface": "west"},
				"west": {"uv": [13, 3, 11, 4], "texture": "#1", "cullface": "west"},
				"up": {"uv": [13, 3, 11, 3.5], "rotation": 90, "texture": "#1", "cullface": "west"},
				"down": {"uv": [13, 3, 11, 3.5], "rotation": 270, "texture": "#1", "cullface": "west"}
			}
		},
		{
			"from": [3, 13, 2],
			"to": [3.5, 15, 3],
			"rotation": {"angle": 0, "axis": "y", "origin": [10.5, 22, -5]},
			"faces": {
				"north": {"uv": [13.5, 1, 13, 3], "texture": "#1"},
				"east": {"uv": [14, 1, 13, 3], "texture": "#1"},
				"south": {"uv": [13.5, 1, 13, 3], "texture": "#1"},
				"up": {"uv": [13, 2, 13.5, 1], "texture": "#1"},
				"down": {"uv": [13, 3, 13.5, 2], "texture": "#1"}
			}
		},
		{
			"from": [3, 15, 3],
			"to": [3.5, 16, 5],
			"rotation": {"angle": 0, "axis": "y", "origin": [11, 23, -3]},
			"faces": {
				"north": {"uv": [12.5, 0, 12, 1], "texture": "#1"},
				"east": {"uv": [13, 0, 11, 1], "rotation": 180, "texture": "#1"},
				"south": {"uv": [11.5, 0, 11, 1], "texture": "#1"},
				"up": {"uv": [13, 0, 11, 0.5], "rotation": 90, "texture": "#1"},
				"down": {"uv": [13, 0, 11, 0.5], "rotation": 270, "texture": "#1"}
			}
		},
		{
			"from": [3, 13, 5],
			"to": [3.5, 15, 6],
			"rotation": {"angle": 0, "axis": "y", "origin": [10.5, 22, -2]},
			"faces": {
				"north": {"uv": [10.5, 1, 10, 3], "texture": "#1"},
				"east": {"uv": [11, 1, 10, 3], "texture": "#1"},
				"south": {"uv": [10.5, 1, 10, 3], "texture": "#1"},
				"up": {"uv": [10, 2, 10.5, 1], "texture": "#1"},
				"down": {"uv": [10, 3, 10.5, 2], "texture": "#1"}
			}
		},
		{
			"from": [3, 12, 3],
			"to": [3.5, 13, 5],
			"rotation": {"angle": 0, "axis": "y", "origin": [10.5, 20, -4]},
			"faces": {
				"north": {"uv": [12.5, 3, 12, 4], "texture": "#1"},
				"east": {"uv": [13, 3, 11, 4], "rotation": 180, "texture": "#1"},
				"south": {"uv": [11.5, 3, 11, 4], "texture": "#1"},
				"up": {"uv": [13, 3, 11, 3.5], "rotation": 90, "texture": "#1"},
				"down": {"uv": [13, 3, 11, 3.5], "rotation": 270, "texture": "#1"}
			}
		},
		{
			"name": "HingeUP",
			"from": [-0.25, 14.75, 15],
			"to": [3.25, 17.25, 16.25],
			"rotation": {"angle": 0, "axis": "y", "origin": [7.75, 22.75, 8]},
			"faces": {
				"north": {"uv": [1, 10, 0, 12], "texture": "#bottom"},
				"east": {"uv": [1, 10, 0, 12], "texture": "#bottom"},
				"south": {"uv": [1, 10, 0, 12], "texture": "#bottom"},
				"west": {"uv": [1, 10, 0, 12], "texture": "#bottom"},
				"up": {"uv": [0, 11, 1, 10], "texture": "#bottom"},
				"down": {"uv": [0, 12, 1, 11], "texture": "#bottom"}
			}
		},
		{
			"name": "HingeDWN",
			"from": [-0.25, 3.75, 15],
			"to": [3.25, 6.25, 16.25],
			"rotation": {"angle": 0, "axis": "y", "origin": [7.75, 11.75, 8]},
			"faces": {
				"north": {"uv": [1, 10, 0, 12], "texture": "#bottom"},
				"east": {"uv": [1, 10, 0, 12], "texture": "#bottom"},
				"south": {"uv": [1, 10, 0, 12], "texture": "#bottom"},
				"west": {"uv": [1, 10, 0, 12], "texture": "#bottom"},
				"up": {"uv": [0, 11, 1, 10], "texture": "#bottom"},
				"down": {"uv": [0, 12, 1, 11], "texture": "#bottom"}
			}
		}
	],
	"groups": [
		{
			"name": "Door",
			"origin": [8, 8, 13],
			"children": [0, 1, 2, 3, 4, 5]
		},
		{
			"name": "Ring",
			"origin": [8.5, 8, 23],
			"children": [
				{
					"name": "RingW",
					"origin": [7, 20, 20],
					"children": [6, 7, 8, 9]
				},
				{
					"name": "RingE",
					"origin": [7, 20, 20],
					"children": [10, 11, 12, 13]
				}
			]
		}, 14, 15]
}