{
	"credit": "Made by TheWaschtlPlays using Blockbench",
	"ambientocclusion": false,
	"textures": {
		"particle": "#trapdoor"
	},
	"elements": [
		{
			"name": "Cube",
			"from": [0, 0, 0],
			"to": [16, 3, 1],
			"faces": {
				"north": {"uv": [0, 3, 16, 0], "texture": "#side", "cullface": "north"},
				"east": {"uv": [15, 3, 16, 0], "texture": "#side", "cullface": "east"},
				"south": {"uv": [0, 0, 16, 1], "texture": "#trapdoor"},
				"west": {"uv": [0, 3, 1, 0], "texture": "#side", "cullface": "west"},
				"up": {"uv": [0, 0, 16, 1], "texture": "#trapdoor"},
				"down": {"uv": [0, 15, 16, 16], "texture": "#trapdoor", "cullface": "down"}
			}
		},
		{
			"name": "Cube",
			"from": [3, 0.5, 6],
			"to": [13, 2.5, 10],
			"faces": {
				"north": {"uv": [3, 6, 13, 7], "rotation": 180, "texture": "#trapdoor"},
				"south": {"uv": [3, 9, 13, 10], "texture": "#trapdoor"},
				"up": {"uv": [3, 6, 13, 10], "texture": "#trapdoor"},
				"down": {"uv": [13, 6, 3, 10], "rotation": 180, "texture": "#trapdoor", "cullface": "down"}
			}
		},
		{
			"name": "Cube",
			"from": [1, 0.5, 1],
			"to": [15, 2.5, 3],
			"rotation": {"angle": 0, "axis": "y", "origin": [8, 8, 4]},
			"faces": {
				"south": {"uv": [1, 2, 15, 3], "texture": "#trapdoor"},
				"up": {"uv": [1, 1, 15, 3], "texture": "#trapdoor"},
				"down": {"uv": [15, 1, 1, 3], "rotation": 180, "texture": "#trapdoor", "cullface": "down"}
			}
		},
		{
			"name": "Cube",
			"from": [1, 0.5, 13],
			"to": [15, 2.5, 15],
			"rotation": {"angle": 0, "axis": "y", "origin": [8, 8, 15]},
			"faces": {
				"north": {"uv": [1, 13, 15, 14], "rotation": 180, "texture": "#trapdoor"},
				"up": {"uv": [1, 13, 15, 15], "texture": "#trapdoor"},
				"down": {"uv": [15, 13, 1, 15], "rotation": 180, "texture": "#trapdoor", "cullface": "down"}
			}
		},
		{
			"name": "Cube",
			"from": [0, 0, 15],
			"to": [16, 3, 16],
			"faces": {
				"north": {"uv": [0, 15, 16, 16], "rotation": 180, "texture": "#trapdoor"},
				"east": {"uv": [0, 3, 1, 0], "texture": "#side", "cullface": "east"},
				"south": {"uv": [0, 3, 16, 0], "texture": "#side", "cullface": "south"},
				"west": {"uv": [15, 3, 16, 0], "texture": "#side", "cullface": "west"},
				"up": {"uv": [0, 15, 16, 16], "texture": "#trapdoor"},
				"down": {"uv": [0, 0, 16, 1], "texture": "#trapdoor", "cullface": "down"}
			}
		},
		{
			"name": "Cube",
			"from": [0, 0, 1],
			"to": [1, 3, 15],
			"faces": {
				"east": {"uv": [0, 1, 1, 15], "rotation": 90, "texture": "#trapdoor"},
				"west": {"uv": [1, 3, 15, 0], "texture": "#side", "cullface": "west"},
				"up": {"uv": [0, 1, 1, 15], "texture": "#trapdoor"},
				"down": {"uv": [16, 1, 15, 15], "rotation": 180, "texture": "#trapdoor", "cullface": "down"}
			}
		},
		{
			"name": "Cube",
			"from": [15, 0, 1],
			"to": [16, 3, 15],
			"faces": {
				"east": {"uv": [1, 3, 15, 0], "texture": "#side", "cullface": "east"},
				"west": {"uv": [15, 1, 16, 15], "rotation": 270, "texture": "#trapdoor"},
				"up": {"uv": [15, 1, 16, 15], "texture": "#trapdoor"},
				"down": {"uv": [1, 1, 0, 15], "rotation": 180, "texture": "#trapdoor", "cullface": "down"}
			}
		},
		{
			"name": "Cube",
			"from": [6, 0.5, 3],
			"to": [10, 2.5, 13],
			"faces": {
				"east": {"uv": [9, 3, 10, 13], "rotation": 90, "texture": "#trapdoor"},
				"west": {"uv": [6, 3, 7, 13], "rotation": 270, "texture": "#trapdoor"},
				"up": {"uv": [6, 3, 10, 13], "texture": "#trapdoor"},
				"down": {"uv": [10, 3, 6, 13], "rotation": 180, "texture": "#trapdoor", "cullface": "down"}
			}
		},
		{
			"name": "Cube",
			"from": [1, 0.5, 3],
			"to": [3, 2.5, 13],
			"rotation": {"angle": 0, "axis": "y", "origin": [4, 8, 8]},
			"faces": {
				"east": {"uv": [2, 3, 3, 13], "rotation": 90, "texture": "#trapdoor"},
				"up": {"uv": [1, 3, 3, 13], "texture": "#trapdoor"},
				"down": {"uv": [3, 3, 1, 13], "rotation": 180, "texture": "#trapdoor", "cullface": "down"}
			}
		},
		{
			"name": "Cube",
			"from": [13, 0.5, 3],
			"to": [15, 2.5, 13],
			"rotation": {"angle": 0, "axis": "y", "origin": [15, 8, 8]},
			"faces": {
				"west": {"uv": [13, 3, 14, 13], "rotation": 270, "texture": "#trapdoor"},
				"up": {"uv": [13, 3, 15, 13], "texture": "#trapdoor"},
				"down": {"uv": [15, 3, 13, 13], "rotation": 180, "texture": "#trapdoor", "cullface": "down"}
			}
		}
	]
}