{
	"credit": "Made by TheWaschtlPlays using Blockbench",
	"textures": {
		"4": "custom_textures/cactus/cactus_flower_2",
		"particle": "blocks/cactus_top",
		"top": "blocks/cactus_top",
		"bottom": "blocks/cactus_bottom",
		"flower": "custom_textures/cactus/cactus_flower_1",
		"16_side": "custom_textures/cactus/cactus_side"
	},
	"elements": [
		{
			"name": "Cactus",
			"from": [1, 0, 1],
			"to": [15, 16, 15],
			"faces": {
				"north": {"uv": [1, 0, 15, 16], "texture": "#16_side"},
				"east": {"uv": [1, 0, 15, 16], "texture": "#16_side"},
				"south": {"uv": [1, 0, 15, 16], "texture": "#16_side"},
				"west": {"uv": [1, 0, 15, 16], "texture": "#16_side"},
				"up": {"uv": [1, 1, 15, 15], "texture": "#top", "cullface": "up"},
				"down": {"uv": [1, 1, 15, 15], "texture": "#bottom", "cullface": "down"}
			}
		},
		{
			"name": "Cube",
			"from": [6, 16, 12],
			"to": [7, 16.25, 13],
			"faces": {
				"north": {"uv": [6, 12, 7, 12.25], "texture": "#top", "cullface": "up"},
				"east": {"uv": [6, 12, 7, 12.25], "texture": "#top", "cullface": "up"},
				"south": {"uv": [6, 12, 7, 12.25], "texture": "#top", "cullface": "up"},
				"west": {"uv": [6, 12, 7, 12.25], "texture": "#top", "cullface": "up"},
				"up": {"uv": [6, 12, 7, 13], "texture": "#top", "cullface": "up"}
			}
		},
		{
			"name": "Cube",
			"from": [4, 16, 3],
			"to": [5, 16.35, 4],
			"faces": {
				"north": {"uv": [4, 3, 5, 3.35], "texture": "#top", "cullface": "up"},
				"east": {"uv": [4, 3, 5, 3.35], "texture": "#top", "cullface": "up"},
				"south": {"uv": [4, 3, 5, 3.35], "texture": "#top", "cullface": "up"},
				"west": {"uv": [4, 3, 5, 3.35], "texture": "#top", "cullface": "up"},
				"up": {"uv": [4, 3, 5, 4], "texture": "#top", "cullface": "up"}
			}
		},
		{
			"name": "Cube",
			"from": [8, 16, 1],
			"to": [9, 16.25, 2],
			"faces": {
				"north": {"uv": [8, 1, 9, 1.25], "texture": "#top", "cullface": "up"},
				"east": {"uv": [8, 1, 9, 1.25], "texture": "#top", "cullface": "up"},
				"south": {"uv": [8, 1, 9, 1.25], "texture": "#top", "cullface": "up"},
				"west": {"uv": [8, 1, 9, 1.25], "texture": "#top", "cullface": "up"},
				"up": {"uv": [8, 1, 9, 2], "texture": "#top", "cullface": "up"}
			}
		},
		{
			"name": "Cube",
			"from": [7, 16, 4],
			"to": [8, 16.5, 5],
			"faces": {
				"north": {"uv": [7, 4, 8, 4.5], "texture": "#top", "cullface": "up"},
				"east": {"uv": [7, 4, 8, 4.5], "texture": "#top", "cullface": "up"},
				"south": {"uv": [7, 4, 8, 4.5], "texture": "#top", "cullface": "up"},
				"west": {"uv": [7, 4, 8, 4.5], "texture": "#top", "cullface": "up"},
				"up": {"uv": [7, 4, 8, 5], "texture": "#top", "cullface": "up"}
			}
		},
		{
			"name": "Cube",
			"from": [10, 16, 5],
			"to": [11, 16.75, 6],
			"faces": {
				"north": {"uv": [10, 5, 11, 5.75], "texture": "#top", "cullface": "up"},
				"east": {"uv": [10, 5, 11, 5.75], "texture": "#top", "cullface": "up"},
				"south": {"uv": [10, 5, 11, 5.75], "texture": "#top", "cullface": "up"},
				"west": {"uv": [10, 5, 11, 5.75], "texture": "#top", "cullface": "up"},
				"up": {"uv": [10, 5, 11, 6], "texture": "#top", "cullface": "up"}
			}
		},
		{
			"name": "Cube",
			"from": [2, 16, 6],
			"to": [3, 16.35, 7],
			"faces": {
				"north": {"uv": [2, 6, 3, 6.35], "texture": "#top", "cullface": "up"},
				"east": {"uv": [2, 6, 3, 6.35], "texture": "#top", "cullface": "up"},
				"south": {"uv": [2, 6, 3, 6.35], "texture": "#top", "cullface": "up"},
				"west": {"uv": [2, 6, 3, 6.35], "texture": "#top", "cullface": "up"},
				"up": {"uv": [2, 6, 3, 7], "texture": "#top", "cullface": "up"}
			}
		},
		{
			"name": "Cube",
			"from": [5, 16, 8],
			"to": [6, 16.75, 9],
			"faces": {
				"north": {"uv": [5, 8, 6, 8.75], "texture": "#top", "cullface": "up"},
				"east": {"uv": [5, 8, 6, 8.75], "texture": "#top", "cullface": "up"},
				"south": {"uv": [5, 8, 6, 8.75], "texture": "#top", "cullface": "up"},
				"west": {"uv": [5, 8, 6, 8.75], "texture": "#top", "cullface": "up"},
				"up": {"uv": [5, 8, 6, 9], "texture": "#top", "cullface": "up"}
			}
		},
		{
			"name": "Cube",
			"from": [9, 16, 9],
			"to": [10, 17, 10],
			"faces": {
				"north": {"uv": [9, 9, 10, 10], "texture": "#top", "cullface": "up"},
				"east": {"uv": [9, 9, 10, 10], "texture": "#top", "cullface": "up"},
				"south": {"uv": [9, 9, 10, 10], "texture": "#top", "cullface": "up"},
				"west": {"uv": [9, 9, 10, 10], "texture": "#top", "cullface": "up"},
				"up": {"uv": [9, 9, 10, 10], "texture": "#top", "cullface": "up"}
			}
		},
		{
			"name": "Cube",
			"from": [12, 16, 9],
			"to": [13, 16.5, 10],
			"faces": {
				"north": {"uv": [12, 9, 13, 9.5], "texture": "#top", "cullface": "up"},
				"east": {"uv": [12, 9, 13, 9.5], "texture": "#top", "cullface": "up"},
				"south": {"uv": [12, 9, 13, 9.5], "texture": "#top", "cullface": "up"},
				"west": {"uv": [12, 9, 13, 9.5], "texture": "#top", "cullface": "up"},
				"up": {"uv": [12, 9, 13, 10], "texture": "#top", "cullface": "up"}
			}
		},
		{
			"name": "Cube",
			"from": [12, 16, 12],
			"to": [13, 16.3, 13],
			"faces": {
				"north": {"uv": [12, 12, 13, 12.3], "texture": "#top", "cullface": "up"},
				"east": {"uv": [12, 12, 13, 12.3], "texture": "#top", "cullface": "up"},
				"south": {"uv": [12, 12, 13, 12.3], "texture": "#top", "cullface": "up"},
				"west": {"uv": [12, 12, 13, 12.3], "texture": "#top", "cullface": "up"},
				"up": {"uv": [12, 12, 13, 13], "texture": "#top", "cullface": "up"}
			}
		},
		{
			"name": "Spike",
			"from": [6, 1, 0],
			"to": [7, 2, 1],
			"faces": {
				"north": {"uv": [9, 9, 10, 10], "texture": "#top"},
				"east": {"uv": [9, 9, 10, 10], "texture": "#top"},
				"west": {"uv": [9, 9, 10, 10], "texture": "#top"},
				"up": {"uv": [9, 9, 10, 10], "texture": "#top"},
				"down": {"uv": [9, 9, 10, 10], "texture": "#top"}
			}
		},
		{
			"name": "Spike",
			"from": [10, 11, 0.25],
			"to": [11, 12, 1],
			"rotation": {"angle": 0, "axis": "y", "origin": [8, 14, 8]},
			"faces": {
				"north": {"uv": [10, 5, 11, 6], "texture": "#top"},
				"east": {"uv": [10, 5, 11, 6], "texture": "#top"},
				"west": {"uv": [10, 5, 11, 6], "texture": "#top"},
				"up": {"uv": [10, 5, 11, 6], "texture": "#top"},
				"down": {"uv": [10, 5, 11, 6], "texture": "#top"}
			}
		},
		{
			"name": "Spike",
			"from": [13, 3, 0.5],
			"to": [14, 4, 1],
			"faces": {
				"north": {"uv": [2, 6, 3, 7], "texture": "#top"},
				"east": {"uv": [2, 6, 3, 7], "texture": "#top"},
				"west": {"uv": [2, 6, 3, 7], "texture": "#top"},
				"up": {"uv": [2, 6, 3, 7], "texture": "#top"},
				"down": {"uv": [2, 6, 3, 7], "texture": "#top"}
			}
		},
		{
			"name": "Spike",
			"from": [8, 5, 0.25],
			"to": [9, 6, 1],
			"rotation": {"angle": 0, "axis": "y", "origin": [8, 4, 8]},
			"faces": {
				"north": {"uv": [7, 4, 8, 5], "texture": "#top"},
				"east": {"uv": [7, 4, 8, 5], "texture": "#top"},
				"west": {"uv": [7, 4, 8, 5], "texture": "#top"},
				"up": {"uv": [7, 4, 8, 5], "texture": "#top"},
				"down": {"uv": [7, 4, 8, 5], "texture": "#top"}
			}
		},
		{
			"name": "Spike",
			"from": [2, 5, 0.625],
			"to": [3, 6, 1],
			"faces": {
				"north": {"uv": [9, 9, 10, 10], "texture": "#top"},
				"east": {"uv": [9, 9, 10, 10], "texture": "#top"},
				"west": {"uv": [9, 9, 10, 10], "texture": "#top"},
				"up": {"uv": [9, 9, 10, 10], "texture": "#top"},
				"down": {"uv": [9, 9, 10, 10], "texture": "#top"}
			}
		},
		{
			"name": "Spike",
			"from": [1, 9, 0.5],
			"to": [2, 10, 1],
			"rotation": {"angle": 0, "axis": "y", "origin": [8, 7, 8]},
			"faces": {
				"north": {"uv": [12, 12, 13, 13], "texture": "#top"},
				"east": {"uv": [12, 12, 13, 13], "texture": "#top"},
				"west": {"uv": [12, 12, 13, 13], "texture": "#top"},
				"up": {"uv": [12, 12, 13, 13], "texture": "#top"},
				"down": {"uv": [12, 12, 13, 13], "texture": "#top"}
			}
		},
		{
			"name": "Spike",
			"from": [2, 14, 0.75],
			"to": [3, 15, 1],
			"faces": {
				"north": {"uv": [8, 1, 9, 2], "texture": "#top"},
				"east": {"uv": [8, 1, 9, 2], "texture": "#top"},
				"west": {"uv": [8, 1, 9, 2], "texture": "#top"},
				"up": {"uv": [8, 1, 9, 2], "texture": "#top"},
				"down": {"uv": [8, 1, 9, 2], "texture": "#top"}
			}
		},
		{
			"name": "Spike",
			"from": [11, 14, 0.25],
			"to": [12, 15, 1],
			"faces": {
				"north": {"uv": [8, 1, 9, 2], "texture": "#top"},
				"east": {"uv": [8, 1, 9, 2], "texture": "#top"},
				"west": {"uv": [8, 1, 9, 2], "texture": "#top"},
				"up": {"uv": [8, 1, 9, 2], "texture": "#top"},
				"down": {"uv": [8, 1, 9, 2], "texture": "#top"}
			}
		},
		{
			"name": "Spike",
			"from": [14, 12, 0.625],
			"to": [15, 13, 1],
			"rotation": {"angle": 0, "axis": "y", "origin": [8, 7, 8]},
			"faces": {
				"north": {"uv": [4, 3, 5, 4], "texture": "#top"},
				"east": {"uv": [4, 3, 5, 4], "texture": "#top"},
				"west": {"uv": [4, 3, 5, 4], "texture": "#top"},
				"up": {"uv": [4, 3, 5, 4], "texture": "#top"},
				"down": {"uv": [4, 3, 5, 4], "texture": "#top"}
			}
		},
		{
			"name": "Spike",
			"from": [5, 10, 0],
			"to": [6, 11, 1],
			"rotation": {"angle": 0, "axis": "y", "origin": [8, 6, 8]},
			"faces": {
				"north": {"uv": [10, 5, 11, 6], "texture": "#top"},
				"east": {"uv": [10, 5, 11, 6], "texture": "#top"},
				"west": {"uv": [10, 5, 11, 6], "texture": "#top"},
				"up": {"uv": [10, 5, 11, 6], "texture": "#top"},
				"down": {"uv": [10, 5, 11, 6], "texture": "#top"}
			}
		},
		{
			"name": "Spike",
			"from": [0, 1, 9],
			"to": [1, 2, 10],
			"faces": {
				"north": {"uv": [9, 9, 10, 10], "texture": "#top"},
				"south": {"uv": [9, 9, 10, 10], "texture": "#top"},
				"west": {"uv": [9, 9, 10, 10], "texture": "#top"},
				"up": {"uv": [9, 9, 10, 10], "rotation": 270, "texture": "#top"},
				"down": {"uv": [9, 9, 10, 10], "rotation": 90, "texture": "#top"}
			}
		},
		{
			"name": "Spike",
			"from": [0.25, 11, 5],
			"to": [1, 12, 6],
			"rotation": {"angle": 0, "axis": "y", "origin": [8, 14, 8]},
			"faces": {
				"north": {"uv": [10, 5, 11, 6], "texture": "#top"},
				"south": {"uv": [10, 5, 11, 6], "texture": "#top"},
				"west": {"uv": [10, 5, 11, 6], "texture": "#top"},
				"up": {"uv": [10, 5, 11, 6], "rotation": 270, "texture": "#top"},
				"down": {"uv": [10, 5, 11, 6], "rotation": 90, "texture": "#top"}
			}
		},
		{
			"name": "Spike",
			"from": [0.5, 3, 2],
			"to": [1, 4, 3],
			"faces": {
				"north": {"uv": [2, 6, 3, 7], "texture": "#top"},
				"south": {"uv": [2, 6, 3, 7], "texture": "#top"},
				"west": {"uv": [2, 6, 3, 7], "texture": "#top"},
				"up": {"uv": [2, 6, 3, 7], "rotation": 270, "texture": "#top"},
				"down": {"uv": [2, 6, 3, 7], "rotation": 90, "texture": "#top"}
			}
		},
		{
			"name": "Spike",
			"from": [0.25, 5, 7],
			"to": [1, 6, 8],
			"rotation": {"angle": 0, "axis": "y", "origin": [8, 4, 8]},
			"faces": {
				"north": {"uv": [7, 4, 8, 5], "texture": "#top"},
				"south": {"uv": [7, 4, 8, 5], "texture": "#top"},
				"west": {"uv": [7, 4, 8, 5], "texture": "#top"},
				"up": {"uv": [7, 4, 8, 5], "rotation": 270, "texture": "#top"},
				"down": {"uv": [7, 4, 8, 5], "rotation": 90, "texture": "#top"}
			}
		},
		{
			"name": "Spike",
			"from": [0.625, 5, 13],
			"to": [1, 6, 14],
			"faces": {
				"north": {"uv": [9, 9, 10, 10], "texture": "#top"},
				"south": {"uv": [9, 9, 10, 10], "texture": "#top"},
				"west": {"uv": [9, 9, 10, 10], "texture": "#top"},
				"up": {"uv": [9, 9, 10, 10], "rotation": 270, "texture": "#top"},
				"down": {"uv": [9, 9, 10, 10], "rotation": 90, "texture": "#top"}
			}
		},
		{
			"name": "Spike",
			"from": [0.5, 9, 14],
			"to": [1, 10, 15],
			"rotation": {"angle": 0, "axis": "y", "origin": [8, 7, 8]},
			"faces": {
				"north": {"uv": [12, 12, 13, 13], "texture": "#top"},
				"south": {"uv": [12, 12, 13, 13], "texture": "#top"},
				"west": {"uv": [12, 12, 13, 13], "texture": "#top"},
				"up": {"uv": [12, 12, 13, 13], "rotation": 270, "texture": "#top"},
				"down": {"uv": [12, 12, 13, 13], "rotation": 90, "texture": "#top"}
			}
		},
		{
			"name": "Spike",
			"from": [0.75, 14, 13],
			"to": [1, 15, 14],
			"faces": {
				"north": {"uv": [8, 1, 9, 2], "texture": "#top"},
				"south": {"uv": [8, 1, 9, 2], "texture": "#top"},
				"west": {"uv": [8, 1, 9, 2], "texture": "#top"},
				"up": {"uv": [8, 1, 9, 2], "rotation": 270, "texture": "#top"},
				"down": {"uv": [8, 1, 9, 2], "rotation": 90, "texture": "#top"}
			}
		},
		{
			"name": "Spike",
			"from": [0.25, 14, 4],
			"to": [1, 15, 5],
			"faces": {
				"north": {"uv": [8, 1, 9, 2], "texture": "#top"},
				"south": {"uv": [8, 1, 9, 2], "texture": "#top"},
				"west": {"uv": [8, 1, 9, 2], "texture": "#top"},
				"up": {"uv": [8, 1, 9, 2], "rotation": 270, "texture": "#top"},
				"down": {"uv": [8, 1, 9, 2], "rotation": 90, "texture": "#top"}
			}
		},
		{
			"name": "Spike",
			"from": [0.625, 12, 1],
			"to": [1, 13, 2],
			"rotation": {"angle": 0, "axis": "y", "origin": [8, 7, 8]},
			"faces": {
				"north": {"uv": [4, 3, 5, 4], "texture": "#top"},
				"south": {"uv": [4, 3, 5, 4], "texture": "#top"},
				"west": {"uv": [4, 3, 5, 4], "texture": "#top"},
				"up": {"uv": [4, 3, 5, 4], "rotation": 270, "texture": "#top"},
				"down": {"uv": [4, 3, 5, 4], "rotation": 90, "texture": "#top"}
			}
		},
		{
			"name": "Spike",
			"from": [0, 10, 10],
			"to": [1, 11, 11],
			"rotation": {"angle": 0, "axis": "y", "origin": [8, 6, 8]},
			"faces": {
				"north": {"uv": [10, 5, 11, 6], "texture": "#top"},
				"south": {"uv": [10, 5, 11, 6], "texture": "#top"},
				"west": {"uv": [10, 5, 11, 6], "texture": "#top"},
				"up": {"uv": [10, 5, 11, 6], "rotation": 270, "texture": "#top"},
				"down": {"uv": [10, 5, 11, 6], "rotation": 90, "texture": "#top"}
			}
		},
		{
			"name": "Spike",
			"from": [9, 1, 15],
			"to": [10, 2, 16],
			"faces": {
				"east": {"uv": [9, 9, 10, 10], "texture": "#top"},
				"south": {"uv": [9, 9, 10, 10], "texture": "#top"},
				"west": {"uv": [9, 9, 10, 10], "texture": "#top"},
				"up": {"uv": [9, 9, 10, 10], "rotation": 180, "texture": "#top"},
				"down": {"uv": [9, 9, 10, 10], "rotation": 180, "texture": "#top"}
			}
		},
		{
			"name": "Spike",
			"from": [5, 11, 15],
			"to": [6, 12, 15.75],
			"rotation": {"angle": 0, "axis": "y", "origin": [8, 14, 8]},
			"faces": {
				"east": {"uv": [10, 5, 11, 6], "texture": "#top"},
				"south": {"uv": [10, 5, 11, 6], "texture": "#top"},
				"west": {"uv": [10, 5, 11, 6], "texture": "#top"},
				"up": {"uv": [10, 5, 11, 6], "rotation": 180, "texture": "#top"},
				"down": {"uv": [10, 5, 11, 6], "rotation": 180, "texture": "#top"}
			}
		},
		{
			"name": "Spike",
			"from": [2, 3, 15],
			"to": [3, 4, 15.5],
			"faces": {
				"east": {"uv": [2, 6, 3, 7], "texture": "#top"},
				"south": {"uv": [2, 6, 3, 7], "texture": "#top"},
				"west": {"uv": [2, 6, 3, 7], "texture": "#top"},
				"up": {"uv": [2, 6, 3, 7], "rotation": 180, "texture": "#top"},
				"down": {"uv": [2, 6, 3, 7], "rotation": 180, "texture": "#top"}
			}
		},
		{
			"name": "Spike",
			"from": [7, 5, 15],
			"to": [8, 6, 15.75],
			"rotation": {"angle": 0, "axis": "y", "origin": [8, 4, 8]},
			"faces": {
				"east": {"uv": [7, 4, 8, 5], "texture": "#top"},
				"south": {"uv": [7, 4, 8, 5], "texture": "#top"},
				"west": {"uv": [7, 4, 8, 5], "texture": "#top"},
				"up": {"uv": [7, 4, 8, 5], "rotation": 180, "texture": "#top"},
				"down": {"uv": [7, 4, 8, 5], "rotation": 180, "texture": "#top"}
			}
		},
		{
			"name": "Spike",
			"from": [13, 5, 15],
			"to": [14, 6, 15.375],
			"faces": {
				"east": {"uv": [9, 9, 10, 10], "texture": "#top"},
				"south": {"uv": [9, 9, 10, 10], "texture": "#top"},
				"west": {"uv": [9, 9, 10, 10], "texture": "#top"},
				"up": {"uv": [9, 9, 10, 10], "rotation": 180, "texture": "#top"},
				"down": {"uv": [9, 9, 10, 10], "rotation": 180, "texture": "#top"}
			}
		},
		{
			"name": "Spike",
			"from": [14, 9, 15],
			"to": [15, 10, 15.5],
			"rotation": {"angle": 0, "axis": "y", "origin": [8, 7, 8]},
			"faces": {
				"east": {"uv": [12, 12, 13, 13], "texture": "#top"},
				"south": {"uv": [12, 12, 13, 13], "texture": "#top"},
				"west": {"uv": [12, 12, 13, 13], "texture": "#top"},
				"up": {"uv": [12, 12, 13, 13], "rotation": 180, "texture": "#top"},
				"down": {"uv": [12, 12, 13, 13], "rotation": 180, "texture": "#top"}
			}
		},
		{
			"name": "Spike",
			"from": [13, 14, 15],
			"to": [14, 15, 15.25],
			"faces": {
				"east": {"uv": [8, 1, 9, 2], "texture": "#top"},
				"south": {"uv": [8, 1, 9, 2], "texture": "#top"},
				"west": {"uv": [8, 1, 9, 2], "texture": "#top"},
				"up": {"uv": [8, 1, 9, 2], "rotation": 180, "texture": "#top"},
				"down": {"uv": [8, 1, 9, 2], "rotation": 180, "texture": "#top"}
			}
		},
		{
			"name": "Spike",
			"from": [4, 14, 15],
			"to": [5, 15, 15.75],
			"faces": {
				"east": {"uv": [8, 1, 9, 2], "texture": "#top"},
				"south": {"uv": [8, 1, 9, 2], "texture": "#top"},
				"west": {"uv": [8, 1, 9, 2], "texture": "#top"},
				"up": {"uv": [8, 1, 9, 2], "rotation": 180, "texture": "#top"},
				"down": {"uv": [8, 1, 9, 2], "rotation": 180, "texture": "#top"}
			}
		},
		{
			"name": "Spike",
			"from": [1, 12, 15],
			"to": [2, 13, 15.375],
			"rotation": {"angle": 0, "axis": "y", "origin": [8, 7, 8]},
			"faces": {
				"east": {"uv": [4, 3, 5, 4], "texture": "#top"},
				"south": {"uv": [4, 3, 5, 4], "texture": "#top"},
				"west": {"uv": [4, 3, 5, 4], "texture": "#top"},
				"up": {"uv": [4, 3, 5, 4], "rotation": 180, "texture": "#top"},
				"down": {"uv": [4, 3, 5, 4], "rotation": 180, "texture": "#top"}
			}
		},
		{
			"name": "Spike",
			"from": [10, 10, 15],
			"to": [11, 11, 16],
			"rotation": {"angle": 0, "axis": "y", "origin": [8, 6, 8]},
			"faces": {
				"east": {"uv": [10, 5, 11, 6], "texture": "#top"},
				"south": {"uv": [10, 5, 11, 6], "texture": "#top"},
				"west": {"uv": [10, 5, 11, 6], "texture": "#top"},
				"up": {"uv": [10, 5, 11, 6], "rotation": 180, "texture": "#top"},
				"down": {"uv": [10, 5, 11, 6], "rotation": 180, "texture": "#top"}
			}
		},
		{
			"name": "Spike",
			"from": [15, 1, 6],
			"to": [16, 2, 7],
			"faces": {
				"north": {"uv": [9, 9, 10, 10], "texture": "#top"},
				"east": {"uv": [9, 9, 10, 10], "texture": "#top"},
				"south": {"uv": [9, 9, 10, 10], "texture": "#top"},
				"up": {"uv": [9, 9, 10, 10], "rotation": 90, "texture": "#top"},
				"down": {"uv": [9, 9, 10, 10], "rotation": 270, "texture": "#top"}
			}
		},
		{
			"name": "Spike",
			"from": [15, 11, 10],
			"to": [15.75, 12, 11],
			"rotation": {"angle": 0, "axis": "y", "origin": [8, 14, 8]},
			"faces": {
				"north": {"uv": [10, 5, 11, 6], "texture": "#top"},
				"east": {"uv": [10, 5, 11, 6], "texture": "#top"},
				"south": {"uv": [10, 5, 11, 6], "texture": "#top"},
				"up": {"uv": [10, 5, 11, 6], "rotation": 90, "texture": "#top"},
				"down": {"uv": [10, 5, 11, 6], "rotation": 270, "texture": "#top"}
			}
		},
		{
			"name": "Spike",
			"from": [15, 3, 13],
			"to": [15.5, 4, 14],
			"faces": {
				"north": {"uv": [2, 6, 3, 7], "texture": "#top"},
				"east": {"uv": [2, 6, 3, 7], "texture": "#top"},
				"south": {"uv": [2, 6, 3, 7], "texture": "#top"},
				"up": {"uv": [2, 6, 3, 7], "rotation": 90, "texture": "#top"},
				"down": {"uv": [2, 6, 3, 7], "rotation": 270, "texture": "#top"}
			}
		},
		{
			"name": "Spike",
			"from": [15, 5, 8],
			"to": [15.75, 6, 9],
			"rotation": {"angle": 0, "axis": "y", "origin": [8, 4, 8]},
			"faces": {
				"north": {"uv": [7, 4, 8, 5], "texture": "#top"},
				"east": {"uv": [7, 4, 8, 5], "texture": "#top"},
				"south": {"uv": [7, 4, 8, 5], "texture": "#top"},
				"up": {"uv": [7, 4, 8, 5], "rotation": 90, "texture": "#top"},
				"down": {"uv": [7, 4, 8, 5], "rotation": 270, "texture": "#top"}
			}
		},
		{
			"name": "Spike",
			"from": [15, 5, 2],
			"to": [15.375, 6, 3],
			"faces": {
				"north": {"uv": [9, 9, 10, 10], "texture": "#top"},
				"east": {"uv": [9, 9, 10, 10], "texture": "#top"},
				"south": {"uv": [9, 9, 10, 10], "texture": "#top"},
				"up": {"uv": [9, 9, 10, 10], "rotation": 90, "texture": "#top"},
				"down": {"uv": [9, 9, 10, 10], "rotation": 270, "texture": "#top"}
			}
		},
		{
			"name": "Spike",
			"from": [15, 9, 1],
			"to": [15.5, 10, 2],
			"rotation": {"angle": 0, "axis": "y", "origin": [8, 7, 8]},
			"faces": {
				"north": {"uv": [12, 12, 13, 13], "texture": "#top"},
				"east": {"uv": [12, 12, 13, 13], "texture": "#top"},
				"south": {"uv": [12, 12, 13, 13], "texture": "#top"},
				"up": {"uv": [12, 12, 13, 13], "rotation": 90, "texture": "#top"},
				"down": {"uv": [12, 12, 13, 13], "rotation": 270, "texture": "#top"}
			}
		},
		{
			"name": "Spike",
			"from": [15, 14, 2],
			"to": [15.25, 15, 3],
			"faces": {
				"north": {"uv": [8, 1, 9, 2], "texture": "#top"},
				"east": {"uv": [8, 1, 9, 2], "texture": "#top"},
				"south": {"uv": [8, 1, 9, 2], "texture": "#top"},
				"up": {"uv": [8, 1, 9, 2], "rotation": 90, "texture": "#top"},
				"down": {"uv": [8, 1, 9, 2], "rotation": 270, "texture": "#top"}
			}
		},
		{
			"name": "Spike",
			"from": [15, 14, 11],
			"to": [15.75, 15, 12],
			"faces": {
				"north": {"uv": [8, 1, 9, 2], "texture": "#top"},
				"east": {"uv": [8, 1, 9, 2], "texture": "#top"},
				"south": {"uv": [8, 1, 9, 2], "texture": "#top"},
				"up": {"uv": [8, 1, 9, 2], "rotation": 90, "texture": "#top"},
				"down": {"uv": [8, 1, 9, 2], "rotation": 270, "texture": "#top"}
			}
		},
		{
			"name": "Spike",
			"from": [15, 12, 14],
			"to": [15.375, 13, 15],
			"rotation": {"angle": 0, "axis": "y", "origin": [8, 7, 8]},
			"faces": {
				"north": {"uv": [4, 3, 5, 4], "texture": "#top"},
				"east": {"uv": [4, 3, 5, 4], "texture": "#top"},
				"south": {"uv": [4, 3, 5, 4], "texture": "#top"},
				"up": {"uv": [4, 3, 5, 4], "rotation": 90, "texture": "#top"},
				"down": {"uv": [4, 3, 5, 4], "rotation": 270, "texture": "#top"}
			}
		},
		{
			"name": "Spike",
			"from": [15, 10, 5],
			"to": [16, 11, 6],
			"rotation": {"angle": 0, "axis": "y", "origin": [8, 6, 8]},
			"faces": {
				"north": {"uv": [10, 5, 11, 6], "texture": "#top"},
				"east": {"uv": [10, 5, 11, 6], "texture": "#top"},
				"south": {"uv": [10, 5, 11, 6], "texture": "#top"},
				"up": {"uv": [10, 5, 11, 6], "rotation": 90, "texture": "#top"},
				"down": {"uv": [10, 5, 11, 6], "rotation": 270, "texture": "#top"}
			}
		},
		{
			"from": [-0.75, 12, 11.25],
			"to": [1.25, 12, 13.25],
			"rotation": {"angle": 22.5, "axis": "x", "origin": [0.25, 12, 12.25]},
			"faces": {
				"up": {"uv": [0, 0, 16, 16], "rotation": 180, "texture": "#4"},
				"down": {"uv": [0, 0, 16, 16], "rotation": 180, "texture": "#4"}
			}
		},
		{
			"from": [-0.75, 11, 12.25],
			"to": [1.25, 13, 12.25],
			"rotation": {"angle": 22.5, "axis": "x", "origin": [0.25, 12, 12.25]},
			"faces": {
				"north": {"uv": [0, 0, 16, 16], "texture": "#4"},
				"south": {"uv": [0, 0, 16, 16], "rotation": 180, "texture": "#4"}
			}
		},
		{
			"from": [3.75, 5, -1.25],
			"to": [6.75, 5, 1.75],
			"rotation": {"angle": 22.5, "axis": "z", "origin": [5.25, 5, 0.25]},
			"faces": {
				"up": {"uv": [0, 0, 16, 16], "rotation": 270, "texture": "#flower"},
				"down": {"uv": [0, 0, 16, 16], "rotation": 90, "texture": "#flower"}
			}
		},
		{
			"from": [5.25, 3.5, -1.25],
			"to": [5.25, 6.5, 1.75],
			"rotation": {"angle": 22.5, "axis": "z", "origin": [5.25, 5, 0.25]},
			"faces": {
				"east": {"uv": [0, 0, 16, 16], "texture": "#flower"},
				"west": {"uv": [0, 0, 16, 16], "rotation": 180, "texture": "#flower"}
			}
		},
		{
			"from": [12.5, 10, -0.75],
			"to": [12.5, 12, 1.25],
			"rotation": {"angle": -22.5, "axis": "z", "origin": [12.5, 11, 0.25]},
			"faces": {
				"east": {"uv": [0, 0, 16, 16], "texture": "#4"},
				"west": {"uv": [0, 0, 16, 16], "rotation": 180, "texture": "#4"}
			}
		},
		{
			"from": [11.5, 11, -0.75],
			"to": [13.5, 11, 1.25],
			"rotation": {"angle": -22.5, "axis": "z", "origin": [12.5, 11, 0.25]},
			"faces": {
				"up": {"uv": [0, 0, 16, 16], "rotation": 270, "texture": "#4"},
				"down": {"uv": [0, 0, 16, 16], "rotation": 90, "texture": "#4"}
			}
		},
		{
			"from": [-1.75, 7, 3.75],
			"to": [1.25, 7, 6.75],
			"rotation": {"angle": 45, "axis": "x", "origin": [-0.25, 7, 5.25]},
			"faces": {
				"up": {"uv": [0, 0, 16, 16], "rotation": 180, "texture": "#flower"},
				"down": {"uv": [0, 0, 16, 16], "rotation": 180, "texture": "#flower"}
			}
		},
		{
			"from": [-1.75, 5.5, 5.25],
			"to": [1.25, 8.5, 5.25],
			"rotation": {"angle": 45, "axis": "x", "origin": [-0.25, 7, 5.25]},
			"faces": {
				"north": {"uv": [0, 0, 16, 16], "texture": "#flower"},
				"south": {"uv": [0, 0, 16, 16], "rotation": 180, "texture": "#flower"}
			}
		},
		{
			"from": [8.25, 11.75, 14.75],
			"to": [8.25, 14.25, 17.25],
			"rotation": {"angle": -45, "axis": "z", "origin": [8.25, 13, 16.25]},
			"faces": {
				"east": {"uv": [0, 0, 16, 16], "rotation": 180, "texture": "#4"},
				"west": {"uv": [0, 0, 16, 16], "texture": "#4"},
				"up": {"uv": [0, 0, 0, 0], "rotation": 180, "texture": "#4"}
			}
		},
		{
			"from": [7, 13, 14.75],
			"to": [9.5, 13, 17.25],
			"rotation": {"angle": -45, "axis": "z", "origin": [8.25, 13, 16.25]},
			"faces": {
				"up": {"uv": [0, 0, 16, 16], "rotation": 90, "texture": "#4"},
				"down": {"uv": [0, 0, 16, 16], "rotation": 270, "texture": "#4"}
			}
		},
		{
			"from": [14.75, 4.75, 6],
			"to": [17.25, 7.25, 6],
			"rotation": {"angle": -22.5, "axis": "x", "origin": [16.25, 6, 6]},
			"faces": {
				"north": {"uv": [0, 0, 16, 16], "rotation": 180, "texture": "#4"},
				"south": {"uv": [0, 0, 16, 16], "texture": "#4"}
			}
		},
		{
			"from": [14.75, 6, 4.75],
			"to": [17.25, 6, 7.25],
			"rotation": {"angle": -22.5, "axis": "x", "origin": [16.25, 6, 6]},
			"faces": {
				"up": {"uv": [0, 0, 16, 16], "texture": "#4"},
				"down": {"uv": [0, 0, 16, 16], "texture": "#4"}
			}
		},
		{
			"from": [14.75, 11, 12.75],
			"to": [16.75, 13, 12.75],
			"rotation": {"angle": -22.5, "axis": "x", "origin": [15.75, 12, 12.75]},
			"faces": {
				"north": {"uv": [0, 0, 16, 16], "rotation": 180, "texture": "#flower"},
				"south": {"uv": [0, 0, 16, 16], "texture": "#flower"}
			}
		},
		{
			"from": [14.75, 12, 11.75],
			"to": [16.75, 12, 13.75],
			"rotation": {"angle": -22.5, "axis": "x", "origin": [15.75, 12, 12.75]},
			"faces": {
				"up": {"uv": [0, 0, 16, 16], "texture": "#flower"},
				"down": {"uv": [0, 0, 16, 16], "texture": "#flower"}
			}
		},
		{
			"from": [11, 3, 14.75],
			"to": [13.5, 3, 17.25],
			"rotation": {"angle": -22.5, "axis": "z", "origin": [12.25, 3, 16.25]},
			"faces": {
				"up": {"uv": [0, 0, 16, 16], "rotation": 90, "texture": "#flower"},
				"down": {"uv": [0, 0, 16, 16], "rotation": 270, "texture": "#flower"}
			}
		},
		{
			"from": [12.25, 1.75, 14.75],
			"to": [12.25, 4.25, 17.25],
			"rotation": {"angle": -22.5, "axis": "z", "origin": [12.25, 3, 16.25]},
			"faces": {
				"east": {"uv": [0, 0, 16, 16], "rotation": 180, "texture": "#flower"},
				"west": {"uv": [0, 0, 16, 16], "texture": "#flower"}
			}
		}
	],
	"display": {
		"thirdperson_righthand": {
			"rotation": [75, 45, 0],
			"translation": [0, 2.5, 0],
			"scale": [0.375, 0.375, 0.375]
		},
		"thirdperson_lefthand": {
			"rotation": [75, 45, 0],
			"translation": [0, 2.5, 0],
			"scale": [0.375, 0.375, 0.375]
		},
		"firstperson_righthand": {
			"rotation": [0, 135, 0],
			"scale": [0.4, 0.4, 0.4]
		},
		"firstperson_lefthand": {
			"rotation": [0, 135, 0],
			"scale": [0.4, 0.4, 0.4]
		},
		"ground": {
			"translation": [0, 3, 0],
			"scale": [0.25, 0.25, 0.25]
		},
		"gui": {
			"rotation": [30, -135, 0],
			"scale": [0.625, 0.625, 0.625]
		},
		"fixed": {
			"scale": [0.5, 0.5, 0.5]
		}
	},
	"groups": [0,
		{
			"name": "U",
			"origin": [8, 8, 8],
			"children": [1, 2, 3, 4, 5, 6, 7, 8, 9, 10]
		},
		{
			"name": "N",
			"origin": [8, 8, 8],
			"children": [11, 12, 13, 14, 15, 16, 17, 18, 19, 20]
		},
		{
			"name": "W",
			"origin": [8, 8, 8],
			"children": [21, 22, 23, 24, 25, 26, 27, 28, 29, 30]
		},
		{
			"name": "S",
			"origin": [8, 8, 8],
			"children": [31, 32, 33, 34, 35, 36, 37, 38, 39, 40]
		},
		{
			"name": "E",
			"origin": [8, 8, 8],
			"children": [41, 42, 43, 44, 45, 46, 47, 48, 49, 50]
		},
		{
			"name": "Flower1",
			"origin": [-3, 12, 4],
			"children": [51, 52]
		},
		{
			"name": "Flower2",
			"origin": [-3, 12, 4],
			"children": [53, 54]
		},
		{
			"name": "Flower3",
			"origin": [-3, 12, 4],
			"children": [55, 56]
		},
		{
			"name": "Flower4",
			"origin": [-3, 12, 4],
			"children": [57, 58]
		},
		{
			"name": "Flower5",
			"origin": [-3, 12, 4],
			"children": [59, 60]
		},
		{
			"name": "Flower6",
			"origin": [-3, 12, 4],
			"children": [61, 62]
		},
		{
			"name": "Flower3",
			"origin": [-3, 12, 4],
			"children": [63, 64]
		},
		{
			"name": "Flower6",
			"origin": [-3, 12, 4],
			"children": [65, 66]
		}
	]
}