{
	"credit": "Made by TheWaschtlPlays using Blockbench",
	"textures": {
		"0": "blocks/emerald_ore",
		"particle": "blocks/emerald_ore"
	},
	"elements": [
		{
			"from": [0, 0, 0],
			"to": [16, 16, 16],
			"faces": {
				"north": {"uv": [0, 0, 16, 16], "texture": "#0"},
				"east": {"uv": [0, 0, 16, 16], "texture": "#0"},
				"south": {"uv": [0, 0, 16, 16], "texture": "#0"},
				"west": {"uv": [0, 0, 16, 16], "texture": "#0"},
				"up": {"uv": [0, 0, 16, 16], "texture": "#0"},
				"down": {"uv": [0, 0, 16, 16], "texture": "#0"}
			}
		},
		{
			"from": [13, 1, -0.5],
			"to": [15, 3, 0],
			"faces": {
				"north": {"uv": [1, 13, 3, 15], "texture": "#0", "cullface": "north"},
				"east": {"uv": [1, 13, 1.5, 15], "texture": "#0", "cullface": "north"},
				"west": {"uv": [2, 13, 2.5, 15], "texture": "#0", "cullface": "north"},
				"up": {"uv": [1, 13, 3, 13.5], "rotation": 180, "texture": "#0", "cullface": "north"},
				"down": {"uv": [1, 14, 3, 14.5], "rotation": 180, "texture": "#0", "cullface": "north"}
			}
		},
		{
			"from": [7, 3, -0.4],
			"to": [9, 5, 0],
			"rotation": {"angle": 0, "axis": "y", "origin": [8, 10, 8]},
			"faces": {
				"north": {"uv": [1, 13, 3, 15], "texture": "#0", "cullface": "north"},
				"east": {"uv": [1, 13, 1.5, 15], "texture": "#0", "cullface": "north"},
				"west": {"uv": [2, 13, 2.5, 15], "texture": "#0", "cullface": "north"},
				"up": {"uv": [1, 13, 3, 13.5], "rotation": 180, "texture": "#0", "cullface": "north"},
				"down": {"uv": [1, 14, 3, 14.5], "rotation": 180, "texture": "#0", "cullface": "north"}
			}
		},
		{
			"from": [8, 6, -0.5],
			"to": [10, 8, 0],
			"rotation": {"angle": 0, "axis": "y", "origin": [8, 13, 8]},
			"faces": {
				"north": {"uv": [1, 13, 3, 15], "texture": "#0", "cullface": "north"},
				"east": {"uv": [1, 13, 1.5, 15], "texture": "#0", "cullface": "north"},
				"west": {"uv": [2, 13, 2.5, 15], "texture": "#0", "cullface": "north"},
				"up": {"uv": [1, 13, 3, 13.5], "rotation": 180, "texture": "#0", "cullface": "north"},
				"down": {"uv": [1, 14, 3, 14.5], "rotation": 180, "texture": "#0", "cullface": "north"}
			}
		},
		{
			"from": [1, 4, -0.5],
			"to": [3, 6, 0],
			"rotation": {"angle": 0, "axis": "y", "origin": [8, 11, 8]},
			"faces": {
				"north": {"uv": [1, 13, 3, 15], "texture": "#0", "cullface": "north"},
				"east": {"uv": [1, 13, 1.5, 15], "texture": "#0", "cullface": "north"},
				"west": {"uv": [2, 13, 2.5, 15], "texture": "#0", "cullface": "north"},
				"up": {"uv": [1, 13, 3, 13.5], "rotation": 180, "texture": "#0", "cullface": "north"},
				"down": {"uv": [1, 14, 3, 14.5], "rotation": 180, "texture": "#0", "cullface": "north"}
			}
		},
		{
			"from": [4, 5, -0.4],
			"to": [6, 7, 0],
			"rotation": {"angle": 0, "axis": "y", "origin": [8, 12, 8]},
			"faces": {
				"north": {"uv": [1, 13, 3, 15], "texture": "#0", "cullface": "north"},
				"east": {"uv": [1, 13, 1.5, 15], "texture": "#0", "cullface": "north"},
				"west": {"uv": [2, 13, 2.5, 15], "texture": "#0", "cullface": "north"},
				"up": {"uv": [1, 13, 3, 13.5], "rotation": 180, "texture": "#0", "cullface": "north"},
				"down": {"uv": [1, 14, 3, 14.5], "rotation": 180, "texture": "#0", "cullface": "north"}
			}
		},
		{
			"from": [2, 11, -0.25],
			"to": [4, 13, 0],
			"rotation": {"angle": 0, "axis": "y", "origin": [8, 18, 8]},
			"faces": {
				"north": {"uv": [1, 13, 3, 15], "texture": "#0", "cullface": "north"},
				"east": {"uv": [1, 13, 1.5, 15], "texture": "#0", "cullface": "north"},
				"west": {"uv": [2, 13, 2.5, 15], "texture": "#0", "cullface": "north"},
				"up": {"uv": [1, 13, 3, 13.5], "rotation": 180, "texture": "#0", "cullface": "north"},
				"down": {"uv": [1, 14, 3, 14.5], "rotation": 180, "texture": "#0", "cullface": "north"}
			}
		},
		{
			"from": [8, 9, -0.25],
			"to": [10, 11, 0],
			"rotation": {"angle": 0, "axis": "y", "origin": [8, 16, 8]},
			"faces": {
				"north": {"uv": [1, 13, 3, 15], "texture": "#0", "cullface": "north"},
				"east": {"uv": [1, 13, 1.5, 15], "texture": "#0", "cullface": "north"},
				"west": {"uv": [2, 13, 2.5, 15], "texture": "#0", "cullface": "north"},
				"up": {"uv": [1, 13, 3, 13.5], "rotation": 180, "texture": "#0", "cullface": "north"},
				"down": {"uv": [1, 14, 3, 14.5], "rotation": 180, "texture": "#0", "cullface": "north"}
			}
		},
		{
			"from": [10, 10, -0.4],
			"to": [12, 12, 0.1],
			"rotation": {"angle": 0, "axis": "y", "origin": [8, 17, 8]},
			"faces": {
				"north": {"uv": [1, 13, 3, 15], "texture": "#0", "cullface": "north"},
				"east": {"uv": [1, 13, 1.5, 15], "texture": "#0", "cullface": "north"},
				"west": {"uv": [2, 13, 2.5, 15], "texture": "#0", "cullface": "north"},
				"up": {"uv": [1, 13, 3, 13.5], "rotation": 180, "texture": "#0", "cullface": "north"},
				"down": {"uv": [1, 14, 3, 14.5], "rotation": 180, "texture": "#0", "cullface": "north"}
			}
		},
		{
			"from": [8, 13, -0.5],
			"to": [10, 15, 0],
			"rotation": {"angle": 0, "axis": "y", "origin": [8, 20, 8]},
			"faces": {
				"north": {"uv": [1, 13, 3, 15], "texture": "#0", "cullface": "north"},
				"east": {"uv": [1, 13, 1.5, 15], "texture": "#0", "cullface": "north"},
				"west": {"uv": [2, 13, 2.5, 15], "texture": "#0", "cullface": "north"},
				"up": {"uv": [1, 13, 3, 13.5], "rotation": 180, "texture": "#0", "cullface": "north"},
				"down": {"uv": [1, 14, 3, 14.5], "rotation": 180, "texture": "#0", "cullface": "north"}
			}
		},
		{
			"from": [16, 1, 13],
			"to": [16.5, 3, 15],
			"faces": {
				"north": {"uv": [2, 13, 2.5, 15], "texture": "#0", "cullface": "north"},
				"east": {"uv": [1, 13, 3, 15], "texture": "#0", "cullface": "north"},
				"south": {"uv": [1, 13, 1.5, 15], "texture": "#0", "cullface": "north"},
				"up": {"uv": [1, 13, 3, 13.5], "rotation": 270, "texture": "#0", "cullface": "north"},
				"down": {"uv": [1, 14, 3, 14.5], "rotation": 90, "texture": "#0", "cullface": "north"}
			}
		},
		{
			"from": [16, 3, 7],
			"to": [16.4, 5, 9],
			"faces": {
				"north": {"uv": [2, 13, 2.5, 15], "texture": "#0", "cullface": "north"},
				"east": {"uv": [1, 13, 3, 15], "texture": "#0", "cullface": "north"},
				"south": {"uv": [1, 13, 1.5, 15], "texture": "#0", "cullface": "north"},
				"up": {"uv": [1, 13, 3, 13.5], "rotation": 270, "texture": "#0", "cullface": "north"},
				"down": {"uv": [1, 14, 3, 14.5], "rotation": 90, "texture": "#0", "cullface": "north"}
			}
		},
		{
			"from": [16, 6, 8],
			"to": [16.5, 8, 10],
			"faces": {
				"north": {"uv": [2, 13, 2.5, 15], "texture": "#0", "cullface": "north"},
				"east": {"uv": [1, 13, 3, 15], "texture": "#0", "cullface": "north"},
				"south": {"uv": [1, 13, 1.5, 15], "texture": "#0", "cullface": "north"},
				"up": {"uv": [1, 13, 3, 13.5], "rotation": 270, "texture": "#0", "cullface": "north"},
				"down": {"uv": [1, 14, 3, 14.5], "rotation": 90, "texture": "#0", "cullface": "north"}
			}
		},
		{
			"from": [16, 4, 1],
			"to": [16.5, 6, 3],
			"faces": {
				"north": {"uv": [2, 13, 2.5, 15], "texture": "#0", "cullface": "north"},
				"east": {"uv": [1, 13, 3, 15], "texture": "#0", "cullface": "north"},
				"south": {"uv": [1, 13, 1.5, 15], "texture": "#0", "cullface": "north"},
				"up": {"uv": [1, 13, 3, 13.5], "rotation": 270, "texture": "#0", "cullface": "north"},
				"down": {"uv": [1, 14, 3, 14.5], "rotation": 90, "texture": "#0", "cullface": "north"}
			}
		},
		{
			"from": [16, 5, 4],
			"to": [16.4, 7, 6],
			"faces": {
				"north": {"uv": [2, 13, 2.5, 15], "texture": "#0", "cullface": "north"},
				"east": {"uv": [1, 13, 3, 15], "texture": "#0", "cullface": "north"},
				"south": {"uv": [1, 13, 1.5, 15], "texture": "#0", "cullface": "north"},
				"up": {"uv": [1, 13, 3, 13.5], "rotation": 270, "texture": "#0", "cullface": "north"},
				"down": {"uv": [1, 14, 3, 14.5], "rotation": 90, "texture": "#0", "cullface": "north"}
			}
		},
		{
			"from": [16, 11, 2],
			"to": [16.25, 13, 4],
			"faces": {
				"north": {"uv": [2, 13, 2.5, 15], "texture": "#0", "cullface": "north"},
				"east": {"uv": [1, 13, 3, 15], "texture": "#0", "cullface": "north"},
				"south": {"uv": [1, 13, 1.5, 15], "texture": "#0", "cullface": "north"},
				"up": {"uv": [1, 13, 3, 13.5], "rotation": 270, "texture": "#0", "cullface": "north"},
				"down": {"uv": [1, 14, 3, 14.5], "rotation": 90, "texture": "#0", "cullface": "north"}
			}
		},
		{
			"from": [16, 9, 8],
			"to": [16.25, 11, 10],
			"faces": {
				"north": {"uv": [2, 13, 2.5, 15], "texture": "#0", "cullface": "north"},
				"east": {"uv": [1, 13, 3, 15], "texture": "#0", "cullface": "north"},
				"south": {"uv": [1, 13, 1.5, 15], "texture": "#0", "cullface": "north"},
				"up": {"uv": [1, 13, 3, 13.5], "rotation": 270, "texture": "#0", "cullface": "north"},
				"down": {"uv": [1, 14, 3, 14.5], "rotation": 90, "texture": "#0", "cullface": "north"}
			}
		},
		{
			"from": [15.9, 10, 10],
			"to": [16.4, 12, 12],
			"faces": {
				"north": {"uv": [2, 13, 2.5, 15], "texture": "#0", "cullface": "north"},
				"east": {"uv": [1, 13, 3, 15], "texture": "#0", "cullface": "north"},
				"south": {"uv": [1, 13, 1.5, 15], "texture": "#0", "cullface": "north"},
				"up": {"uv": [1, 13, 3, 13.5], "rotation": 270, "texture": "#0", "cullface": "north"},
				"down": {"uv": [1, 14, 3, 14.5], "rotation": 90, "texture": "#0", "cullface": "north"}
			}
		},
		{
			"from": [16, 13, 8],
			"to": [16.5, 15, 10],
			"faces": {
				"north": {"uv": [2, 13, 2.5, 15], "texture": "#0", "cullface": "north"},
				"east": {"uv": [1, 13, 3, 15], "texture": "#0", "cullface": "north"},
				"south": {"uv": [1, 13, 1.5, 15], "texture": "#0", "cullface": "north"},
				"up": {"uv": [1, 13, 3, 13.5], "rotation": 270, "texture": "#0", "cullface": "north"},
				"down": {"uv": [1, 14, 3, 14.5], "rotation": 90, "texture": "#0", "cullface": "north"}
			}
		},
		{
			"from": [1, 1, 16],
			"to": [3, 3, 16.5],
			"faces": {
				"east": {"uv": [2, 13, 2.5, 15], "texture": "#0", "cullface": "north"},
				"south": {"uv": [1, 13, 3, 15], "texture": "#0", "cullface": "north"},
				"west": {"uv": [1, 13, 1.5, 15], "texture": "#0", "cullface": "north"},
				"up": {"uv": [1, 13, 3, 13.5], "texture": "#0", "cullface": "north"},
				"down": {"uv": [1, 14, 3, 14.5], "texture": "#0", "cullface": "north"}
			}
		},
		{
			"from": [7, 3, 16],
			"to": [9, 5, 16.4],
			"faces": {
				"east": {"uv": [2, 13, 2.5, 15], "texture": "#0", "cullface": "north"},
				"south": {"uv": [1, 13, 3, 15], "texture": "#0", "cullface": "north"},
				"west": {"uv": [1, 13, 1.5, 15], "texture": "#0", "cullface": "north"},
				"up": {"uv": [1, 13, 3, 13.5], "texture": "#0", "cullface": "north"},
				"down": {"uv": [1, 14, 3, 14.5], "texture": "#0", "cullface": "north"}
			}
		},
		{
			"from": [6, 6, 16],
			"to": [8, 8, 16.5],
			"faces": {
				"east": {"uv": [2, 13, 2.5, 15], "texture": "#0", "cullface": "north"},
				"south": {"uv": [1, 13, 3, 15], "texture": "#0", "cullface": "north"},
				"west": {"uv": [1, 13, 1.5, 15], "texture": "#0", "cullface": "north"},
				"up": {"uv": [1, 13, 3, 13.5], "texture": "#0", "cullface": "north"},
				"down": {"uv": [1, 14, 3, 14.5], "texture": "#0", "cullface": "north"}
			}
		},
		{
			"from": [13, 4, 16],
			"to": [15, 6, 16.5],
			"faces": {
				"east": {"uv": [2, 13, 2.5, 15], "texture": "#0", "cullface": "north"},
				"south": {"uv": [1, 13, 3, 15], "texture": "#0", "cullface": "north"},
				"west": {"uv": [1, 13, 1.5, 15], "texture": "#0", "cullface": "north"},
				"up": {"uv": [1, 13, 3, 13.5], "texture": "#0", "cullface": "north"},
				"down": {"uv": [1, 14, 3, 14.5], "texture": "#0", "cullface": "north"}
			}
		},
		{
			"from": [10, 5, 16],
			"to": [12, 7, 16.4],
			"faces": {
				"east": {"uv": [2, 13, 2.5, 15], "texture": "#0", "cullface": "north"},
				"south": {"uv": [1, 13, 3, 15], "texture": "#0", "cullface": "north"},
				"west": {"uv": [1, 13, 1.5, 15], "texture": "#0", "cullface": "north"},
				"up": {"uv": [1, 13, 3, 13.5], "texture": "#0", "cullface": "north"},
				"down": {"uv": [1, 14, 3, 14.5], "texture": "#0", "cullface": "north"}
			}
		},
		{
			"from": [12, 11, 16],
			"to": [14, 13, 16.25],
			"faces": {
				"east": {"uv": [2, 13, 2.5, 15], "texture": "#0", "cullface": "north"},
				"south": {"uv": [1, 13, 3, 15], "texture": "#0", "cullface": "north"},
				"west": {"uv": [1, 13, 1.5, 15], "texture": "#0", "cullface": "north"},
				"up": {"uv": [1, 13, 3, 13.5], "texture": "#0", "cullface": "north"},
				"down": {"uv": [1, 14, 3, 14.5], "texture": "#0", "cullface": "north"}
			}
		},
		{
			"from": [6, 9, 16],
			"to": [8, 11, 16.25],
			"faces": {
				"east": {"uv": [2, 13, 2.5, 15], "texture": "#0", "cullface": "north"},
				"south": {"uv": [1, 13, 3, 15], "texture": "#0", "cullface": "north"},
				"west": {"uv": [1, 13, 1.5, 15], "texture": "#0", "cullface": "north"},
				"up": {"uv": [1, 13, 3, 13.5], "texture": "#0", "cullface": "north"},
				"down": {"uv": [1, 14, 3, 14.5], "texture": "#0", "cullface": "north"}
			}
		},
		{
			"from": [4, 10, 15.9],
			"to": [6, 12, 16.4],
			"faces": {
				"east": {"uv": [2, 13, 2.5, 15], "texture": "#0", "cullface": "north"},
				"south": {"uv": [1, 13, 3, 15], "texture": "#0", "cullface": "north"},
				"west": {"uv": [1, 13, 1.5, 15], "texture": "#0", "cullface": "north"},
				"up": {"uv": [1, 13, 3, 13.5], "texture": "#0", "cullface": "north"},
				"down": {"uv": [1, 14, 3, 14.5], "texture": "#0", "cullface": "north"}
			}
		},
		{
			"from": [6, 13, 16],
			"to": [8, 15, 16.5],
			"faces": {
				"east": {"uv": [2, 13, 2.5, 15], "texture": "#0", "cullface": "north"},
				"south": {"uv": [1, 13, 3, 15], "texture": "#0", "cullface": "north"},
				"west": {"uv": [1, 13, 1.5, 15], "texture": "#0", "cullface": "north"},
				"up": {"uv": [1, 13, 3, 13.5], "texture": "#0", "cullface": "north"},
				"down": {"uv": [1, 14, 3, 14.5], "texture": "#0", "cullface": "north"}
			}
		},
		{
			"from": [-0.5, 1, 1],
			"to": [0, 3, 3],
			"faces": {
				"north": {"uv": [1, 13, 1.5, 15], "texture": "#0", "cullface": "north"},
				"south": {"uv": [2, 13, 2.5, 15], "texture": "#0", "cullface": "north"},
				"west": {"uv": [1, 13, 3, 15], "texture": "#0", "cullface": "north"},
				"up": {"uv": [1, 13, 3, 13.5], "rotation": 90, "texture": "#0", "cullface": "north"},
				"down": {"uv": [1, 14, 3, 14.5], "rotation": 270, "texture": "#0", "cullface": "north"}
			}
		},
		{
			"from": [-0.4, 3, 7],
			"to": [0, 5, 9],
			"rotation": {"angle": 0, "axis": "y", "origin": [8, 10, 8]},
			"faces": {
				"north": {"uv": [1, 13, 1.5, 15], "texture": "#0", "cullface": "north"},
				"south": {"uv": [2, 13, 2.5, 15], "texture": "#0", "cullface": "north"},
				"west": {"uv": [1, 13, 3, 15], "texture": "#0", "cullface": "north"},
				"up": {"uv": [1, 13, 3, 13.5], "rotation": 90, "texture": "#0", "cullface": "north"},
				"down": {"uv": [1, 14, 3, 14.5], "rotation": 270, "texture": "#0", "cullface": "north"}
			}
		},
		{
			"from": [-0.5, 6, 6],
			"to": [0, 8, 8],
			"rotation": {"angle": 0, "axis": "y", "origin": [8, 13, 8]},
			"faces": {
				"north": {"uv": [1, 13, 1.5, 15], "texture": "#0", "cullface": "north"},
				"south": {"uv": [2, 13, 2.5, 15], "texture": "#0", "cullface": "north"},
				"west": {"uv": [1, 13, 3, 15], "texture": "#0", "cullface": "north"},
				"up": {"uv": [1, 13, 3, 13.5], "rotation": 90, "texture": "#0", "cullface": "north"},
				"down": {"uv": [1, 14, 3, 14.5], "rotation": 270, "texture": "#0", "cullface": "north"}
			}
		},
		{
			"from": [-0.5, 4, 13],
			"to": [0, 6, 15],
			"rotation": {"angle": 0, "axis": "y", "origin": [8, 11, 8]},
			"faces": {
				"north": {"uv": [1, 13, 1.5, 15], "texture": "#0", "cullface": "north"},
				"south": {"uv": [2, 13, 2.5, 15], "texture": "#0", "cullface": "north"},
				"west": {"uv": [1, 13, 3, 15], "texture": "#0", "cullface": "north"},
				"up": {"uv": [1, 13, 3, 13.5], "rotation": 90, "texture": "#0", "cullface": "north"},
				"down": {"uv": [1, 14, 3, 14.5], "rotation": 270, "texture": "#0", "cullface": "north"}
			}
		},
		{
			"from": [-0.4, 5, 10],
			"to": [0, 7, 12],
			"rotation": {"angle": 0, "axis": "y", "origin": [8, 12, 8]},
			"faces": {
				"north": {"uv": [1, 13, 1.5, 15], "texture": "#0", "cullface": "north"},
				"south": {"uv": [2, 13, 2.5, 15], "texture": "#0", "cullface": "north"},
				"west": {"uv": [1, 13, 3, 15], "texture": "#0", "cullface": "north"},
				"up": {"uv": [1, 13, 3, 13.5], "rotation": 90, "texture": "#0", "cullface": "north"},
				"down": {"uv": [1, 14, 3, 14.5], "rotation": 270, "texture": "#0", "cullface": "north"}
			}
		},
		{
			"from": [-0.25, 11, 12],
			"to": [0, 13, 14],
			"rotation": {"angle": 0, "axis": "y", "origin": [8, 18, 8]},
			"faces": {
				"north": {"uv": [1, 13, 1.5, 15], "texture": "#0", "cullface": "north"},
				"south": {"uv": [2, 13, 2.5, 15], "texture": "#0", "cullface": "north"},
				"west": {"uv": [1, 13, 3, 15], "texture": "#0", "cullface": "north"},
				"up": {"uv": [1, 13, 3, 13.5], "rotation": 90, "texture": "#0", "cullface": "north"},
				"down": {"uv": [1, 14, 3, 14.5], "rotation": 270, "texture": "#0", "cullface": "north"}
			}
		},
		{
			"from": [-0.25, 9, 6],
			"to": [0, 11, 8],
			"rotation": {"angle": 0, "axis": "y", "origin": [8, 16, 8]},
			"faces": {
				"north": {"uv": [1, 13, 1.5, 15], "texture": "#0", "cullface": "north"},
				"south": {"uv": [2, 13, 2.5, 15], "texture": "#0", "cullface": "north"},
				"west": {"uv": [1, 13, 3, 15], "texture": "#0", "cullface": "north"},
				"up": {"uv": [1, 13, 3, 13.5], "rotation": 90, "texture": "#0", "cullface": "north"},
				"down": {"uv": [1, 14, 3, 14.5], "rotation": 270, "texture": "#0", "cullface": "north"}
			}
		},
		{
			"from": [-0.4, 10, 4],
			"to": [0.1, 12, 6],
			"rotation": {"angle": 0, "axis": "y", "origin": [8, 17, 8]},
			"faces": {
				"north": {"uv": [1, 13, 1.5, 15], "texture": "#0", "cullface": "north"},
				"south": {"uv": [2, 13, 2.5, 15], "texture": "#0", "cullface": "north"},
				"west": {"uv": [1, 13, 3, 15], "texture": "#0", "cullface": "north"},
				"up": {"uv": [1, 13, 3, 13.5], "rotation": 90, "texture": "#0", "cullface": "north"},
				"down": {"uv": [1, 14, 3, 14.5], "rotation": 270, "texture": "#0", "cullface": "north"}
			}
		},
		{
			"from": [-0.5, 13, 6],
			"to": [0, 15, 8],
			"rotation": {"angle": 0, "axis": "y", "origin": [8, 20, 8]},
			"faces": {
				"north": {"uv": [1, 13, 1.5, 15], "texture": "#0", "cullface": "north"},
				"south": {"uv": [2, 13, 2.5, 15], "texture": "#0", "cullface": "north"},
				"west": {"uv": [1, 13, 3, 15], "texture": "#0", "cullface": "north"},
				"up": {"uv": [1, 13, 3, 13.5], "rotation": 90, "texture": "#0", "cullface": "north"},
				"down": {"uv": [1, 14, 3, 14.5], "rotation": 270, "texture": "#0", "cullface": "north"}
			}
		},
		{
			"from": [1, 16, 13],
			"to": [3, 16.5, 15],
			"faces": {
				"north": {"uv": [1, 13, 3, 13.5], "rotation": 180, "texture": "#0", "cullface": "north"},
				"east": {"uv": [2, 13, 2.5, 15], "rotation": 90, "texture": "#0", "cullface": "north"},
				"south": {"uv": [1, 14, 3, 14.5], "texture": "#0", "cullface": "north"},
				"west": {"uv": [1, 13, 1.5, 15], "rotation": 270, "texture": "#0", "cullface": "north"},
				"up": {"uv": [1, 13, 3, 15], "texture": "#0", "cullface": "north"}
			}
		},
		{
			"from": [7, 16, 11],
			"to": [9, 16.4, 13],
			"faces": {
				"north": {"uv": [1, 13, 3, 13.5], "rotation": 180, "texture": "#0", "cullface": "north"},
				"east": {"uv": [2, 13, 2.5, 15], "rotation": 90, "texture": "#0", "cullface": "north"},
				"south": {"uv": [1, 14, 3, 14.5], "texture": "#0", "cullface": "north"},
				"west": {"uv": [1, 13, 1.5, 15], "rotation": 270, "texture": "#0", "cullface": "north"},
				"up": {"uv": [1, 13, 3, 15], "texture": "#0", "cullface": "north"}
			}
		},
		{
			"from": [6, 16, 8],
			"to": [8, 16.5, 10],
			"faces": {
				"north": {"uv": [1, 13, 3, 13.5], "rotation": 180, "texture": "#0", "cullface": "north"},
				"east": {"uv": [2, 13, 2.5, 15], "rotation": 90, "texture": "#0", "cullface": "north"},
				"south": {"uv": [1, 14, 3, 14.5], "texture": "#0", "cullface": "north"},
				"west": {"uv": [1, 13, 1.5, 15], "rotation": 270, "texture": "#0", "cullface": "north"},
				"up": {"uv": [1, 13, 3, 15], "texture": "#0", "cullface": "north"}
			}
		},
		{
			"from": [13, 16, 10],
			"to": [15, 16.5, 12],
			"faces": {
				"north": {"uv": [1, 13, 3, 13.5], "rotation": 180, "texture": "#0", "cullface": "north"},
				"east": {"uv": [2, 13, 2.5, 15], "rotation": 90, "texture": "#0", "cullface": "north"},
				"south": {"uv": [1, 14, 3, 14.5], "texture": "#0", "cullface": "north"},
				"west": {"uv": [1, 13, 1.5, 15], "rotation": 270, "texture": "#0", "cullface": "north"},
				"up": {"uv": [1, 13, 3, 15], "texture": "#0", "cullface": "north"}
			}
		},
		{
			"from": [10, 16, 9],
			"to": [12, 16.4, 11],
			"faces": {
				"north": {"uv": [1, 13, 3, 13.5], "rotation": 180, "texture": "#0", "cullface": "north"},
				"east": {"uv": [2, 13, 2.5, 15], "rotation": 90, "texture": "#0", "cullface": "north"},
				"south": {"uv": [1, 14, 3, 14.5], "texture": "#0", "cullface": "north"},
				"west": {"uv": [1, 13, 1.5, 15], "rotation": 270, "texture": "#0", "cullface": "north"},
				"up": {"uv": [1, 13, 3, 15], "texture": "#0", "cullface": "north"}
			}
		},
		{
			"from": [12, 16, 3],
			"to": [14, 16.25, 5],
			"faces": {
				"north": {"uv": [1, 13, 3, 13.5], "rotation": 180, "texture": "#0", "cullface": "north"},
				"east": {"uv": [2, 13, 2.5, 15], "rotation": 90, "texture": "#0", "cullface": "north"},
				"south": {"uv": [1, 14, 3, 14.5], "texture": "#0", "cullface": "north"},
				"west": {"uv": [1, 13, 1.5, 15], "rotation": 270, "texture": "#0", "cullface": "north"},
				"up": {"uv": [1, 13, 3, 15], "texture": "#0", "cullface": "north"}
			}
		},
		{
			"from": [6, 16, 5],
			"to": [8, 16.25, 7],
			"faces": {
				"north": {"uv": [1, 13, 3, 13.5], "rotation": 180, "texture": "#0", "cullface": "north"},
				"east": {"uv": [2, 13, 2.5, 15], "rotation": 90, "texture": "#0", "cullface": "north"},
				"south": {"uv": [1, 14, 3, 14.5], "texture": "#0", "cullface": "north"},
				"west": {"uv": [1, 13, 1.5, 15], "rotation": 270, "texture": "#0", "cullface": "north"},
				"up": {"uv": [1, 13, 3, 15], "texture": "#0", "cullface": "north"}
			}
		},
		{
			"from": [4, 15.9, 4],
			"to": [6, 16.4, 6],
			"faces": {
				"north": {"uv": [1, 13, 3, 13.5], "rotation": 180, "texture": "#0", "cullface": "north"},
				"east": {"uv": [2, 13, 2.5, 15], "rotation": 90, "texture": "#0", "cullface": "north"},
				"south": {"uv": [1, 14, 3, 14.5], "texture": "#0", "cullface": "north"},
				"west": {"uv": [1, 13, 1.5, 15], "rotation": 270, "texture": "#0", "cullface": "north"},
				"up": {"uv": [1, 13, 3, 15], "texture": "#0", "cullface": "north"}
			}
		},
		{
			"from": [6, 16, 1],
			"to": [8, 16.5, 3],
			"faces": {
				"north": {"uv": [1, 13, 3, 13.5], "rotation": 180, "texture": "#0", "cullface": "north"},
				"east": {"uv": [2, 13, 2.5, 15], "rotation": 90, "texture": "#0", "cullface": "north"},
				"south": {"uv": [1, 14, 3, 14.5], "texture": "#0", "cullface": "north"},
				"west": {"uv": [1, 13, 1.5, 15], "rotation": 270, "texture": "#0", "cullface": "north"},
				"up": {"uv": [1, 13, 3, 15], "texture": "#0", "cullface": "north"}
			}
		},
		{
			"from": [1, -0.5, 1],
			"to": [3, 0, 3],
			"faces": {
				"north": {"uv": [1, 14, 3, 14.5], "rotation": 180, "texture": "#0", "cullface": "north"},
				"east": {"uv": [2, 13, 2.5, 15], "rotation": 270, "texture": "#0", "cullface": "north"},
				"south": {"uv": [1, 13, 3, 13.5], "texture": "#0", "cullface": "north"},
				"west": {"uv": [1, 13, 1.5, 15], "rotation": 90, "texture": "#0", "cullface": "north"},
				"down": {"uv": [1, 13, 3, 15], "texture": "#0", "cullface": "north"}
			}
		},
		{
			"from": [7, -0.4, 3],
			"to": [9, 0, 5],
			"faces": {
				"north": {"uv": [1, 14, 3, 14.5], "rotation": 180, "texture": "#0", "cullface": "north"},
				"east": {"uv": [2, 13, 2.5, 15], "rotation": 270, "texture": "#0", "cullface": "north"},
				"south": {"uv": [1, 13, 3, 13.5], "texture": "#0", "cullface": "north"},
				"west": {"uv": [1, 13, 1.5, 15], "rotation": 90, "texture": "#0", "cullface": "north"},
				"down": {"uv": [1, 13, 3, 15], "texture": "#0", "cullface": "north"}
			}
		},
		{
			"from": [6, -0.5, 6],
			"to": [8, 0, 8],
			"faces": {
				"north": {"uv": [1, 14, 3, 14.5], "rotation": 180, "texture": "#0", "cullface": "north"},
				"east": {"uv": [2, 13, 2.5, 15], "rotation": 270, "texture": "#0", "cullface": "north"},
				"south": {"uv": [1, 13, 3, 13.5], "texture": "#0", "cullface": "north"},
				"west": {"uv": [1, 13, 1.5, 15], "rotation": 90, "texture": "#0", "cullface": "north"},
				"down": {"uv": [1, 13, 3, 15], "texture": "#0", "cullface": "north"}
			}
		},
		{
			"from": [13, -0.5, 4],
			"to": [15, 0, 6],
			"faces": {
				"north": {"uv": [1, 14, 3, 14.5], "rotation": 180, "texture": "#0", "cullface": "north"},
				"east": {"uv": [2, 13, 2.5, 15], "rotation": 270, "texture": "#0", "cullface": "north"},
				"south": {"uv": [1, 13, 3, 13.5], "texture": "#0", "cullface": "north"},
				"west": {"uv": [1, 13, 1.5, 15], "rotation": 90, "texture": "#0", "cullface": "north"},
				"down": {"uv": [1, 13, 3, 15], "texture": "#0", "cullface": "north"}
			}
		},
		{
			"from": [10, -0.4, 5],
			"to": [12, 0, 7],
			"faces": {
				"north": {"uv": [1, 14, 3, 14.5], "rotation": 180, "texture": "#0", "cullface": "north"},
				"east": {"uv": [2, 13, 2.5, 15], "rotation": 270, "texture": "#0", "cullface": "north"},
				"south": {"uv": [1, 13, 3, 13.5], "texture": "#0", "cullface": "north"},
				"west": {"uv": [1, 13, 1.5, 15], "rotation": 90, "texture": "#0", "cullface": "north"},
				"down": {"uv": [1, 13, 3, 15], "texture": "#0", "cullface": "north"}
			}
		},
		{
			"from": [12, -0.25, 11],
			"to": [14, 0, 13],
			"faces": {
				"north": {"uv": [1, 14, 3, 14.5], "rotation": 180, "texture": "#0", "cullface": "north"},
				"east": {"uv": [2, 13, 2.5, 15], "rotation": 270, "texture": "#0", "cullface": "north"},
				"south": {"uv": [1, 13, 3, 13.5], "texture": "#0", "cullface": "north"},
				"west": {"uv": [1, 13, 1.5, 15], "rotation": 90, "texture": "#0", "cullface": "north"},
				"down": {"uv": [1, 13, 3, 15], "texture": "#0", "cullface": "north"}
			}
		},
		{
			"from": [6, -0.25, 9],
			"to": [8, 0, 11],
			"faces": {
				"north": {"uv": [1, 14, 3, 14.5], "rotation": 180, "texture": "#0", "cullface": "north"},
				"east": {"uv": [2, 13, 2.5, 15], "rotation": 270, "texture": "#0", "cullface": "north"},
				"south": {"uv": [1, 13, 3, 13.5], "texture": "#0", "cullface": "north"},
				"west": {"uv": [1, 13, 1.5, 15], "rotation": 90, "texture": "#0", "cullface": "north"},
				"down": {"uv": [1, 13, 3, 15], "texture": "#0", "cullface": "north"}
			}
		},
		{
			"from": [4, -0.4, 10],
			"to": [6, 0.1, 12],
			"faces": {
				"north": {"uv": [1, 14, 3, 14.5], "rotation": 180, "texture": "#0", "cullface": "north"},
				"east": {"uv": [2, 13, 2.5, 15], "rotation": 270, "texture": "#0", "cullface": "north"},
				"south": {"uv": [1, 13, 3, 13.5], "texture": "#0", "cullface": "north"},
				"west": {"uv": [1, 13, 1.5, 15], "rotation": 90, "texture": "#0", "cullface": "north"},
				"down": {"uv": [1, 13, 3, 15], "texture": "#0", "cullface": "north"}
			}
		},
		{
			"from": [6, -0.5, 13],
			"to": [8, 0, 15],
			"faces": {
				"north": {"uv": [1, 14, 3, 14.5], "rotation": 180, "texture": "#0", "cullface": "north"},
				"east": {"uv": [2, 13, 2.5, 15], "rotation": 270, "texture": "#0", "cullface": "north"},
				"south": {"uv": [1, 13, 3, 13.5], "texture": "#0", "cullface": "north"},
				"west": {"uv": [1, 13, 1.5, 15], "rotation": 90, "texture": "#0", "cullface": "north"},
				"down": {"uv": [1, 13, 3, 15], "texture": "#0", "cullface": "north"}
			}
		}
	],
	"groups": [0,
		{
			"name": "N",
			"origin": [8, 8, 8],
			"children": [1, 2, 3, 4, 5, 6, 7, 8, 9]
		},
		{
			"name": "E",
			"origin": [8, 8, 8],
			"children": [10, 11, 12, 13, 14, 15, 16, 17, 18]
		},
		{
			"name": "S",
			"origin": [8, 8, 8],
			"children": [19, 20, 21, 22, 23, 24, 25, 26, 27]
		},
		{
			"name": "W",
			"origin": [8, 8, 8],
			"children": [28, 29, 30, 31, 32, 33, 34, 35, 36]
		},
		{
			"name": "U",
			"origin": [8, 8, 8],
			"children": [37, 38, 39, 40, 41, 42, 43, 44, 45]
		},
		{
			"name": "D",
			"origin": [8, 8, 8],
			"children": [46, 47, 48, 49, 50, 51, 52, 53, 54]
		}
	]
}