{
	"credit": "Made by TheWaschtlPlays using Blockbench",
	"textures": {
		"particle": "blocks/iron_ore",
		"ore": "blocks/iron_ore"
	},
	"elements": [
		{
			"from": [0, 0, 0],
			"to": [16, 16, 16],
			"faces": {
				"north": {"uv": [0, 0, 16, 16], "texture": "#ore"},
				"east": {"uv": [0, 0, 16, 16], "texture": "#ore"},
				"south": {"uv": [0, 0, 16, 16], "texture": "#ore"},
				"west": {"uv": [0, 0, 16, 16], "texture": "#ore"},
				"up": {"uv": [0, 0, 16, 16], "texture": "#ore"},
				"down": {"uv": [0, 0, 16, 16], "texture": "#ore"}
			}
		},
		{
			"from": [11, 2, -0.5],
			"to": [13, 4, 0],
			"faces": {
				"north": {"uv": [3, 12, 5, 14], "texture": "#ore", "cullface": "north"},
				"east": {"uv": [3, 12, 3.5, 14], "texture": "#ore", "cullface": "north"},
				"west": {"uv": [4, 12, 4.5, 14], "texture": "#ore", "cullface": "north"},
				"up": {"uv": [3, 12, 5, 12.5], "rotation": 180, "texture": "#ore", "cullface": "north"},
				"down": {"uv": [3, 13, 5, 13.5], "rotation": 180, "texture": "#ore", "cullface": "north"}
			}
		},
		{
			"from": [10, 2, -0.4],
			"to": [11, 3, 0.1],
			"faces": {
				"north": {"uv": [5, 13, 6, 14], "texture": "#ore", "cullface": "north"},
				"west": {"uv": [5, 13, 5.5, 14], "rotation": 180, "texture": "#ore", "cullface": "north"},
				"up": {"uv": [5, 13, 6, 13.5], "rotation": 180, "texture": "#ore", "cullface": "north"},
				"down": {"uv": [5, 13, 6, 13.5], "rotation": 180, "texture": "#ore", "cullface": "north"}
			}
		},
		{
			"from": [2, 3, -0.4],
			"to": [6, 5, 0.1],
			"faces": {
				"north": {"uv": [10, 11, 14, 13], "texture": "#ore", "cullface": "north"},
				"east": {"uv": [10, 11, 10.5, 13], "texture": "#ore", "cullface": "north"},
				"west": {"uv": [13, 11, 13.5, 13], "texture": "#ore", "cullface": "north"},
				"up": {"uv": [10, 11, 14, 11.5], "rotation": 180, "texture": "#ore", "cullface": "north"},
				"down": {"uv": [10, 12, 14, 12.5], "rotation": 180, "texture": "#ore", "cullface": "north"}
			}
		},
		{
			"from": [2, 5, -0.4],
			"to": [4, 6, 0.1],
			"faces": {
				"north": {"uv": [12, 10, 14, 11], "texture": "#ore", "cullface": "north"},
				"east": {"uv": [12, 10, 12.5, 11], "rotation": 180, "texture": "#ore", "cullface": "north"},
				"west": {"uv": [13, 10, 13.5, 11], "rotation": 180, "texture": "#ore", "cullface": "north"},
				"up": {"uv": [12, 10, 14, 10.5], "rotation": 180, "texture": "#ore", "cullface": "north"}
			}
		},
		{
			"from": [1, 8, -0.25],
			"to": [2, 9, 0],
			"faces": {
				"north": {"uv": [14, 7, 15, 8], "texture": "#ore", "cullface": "north"},
				"east": {"uv": [14, 7, 14.25, 8], "texture": "#ore", "cullface": "north"},
				"west": {"uv": [14, 7, 14.25, 8], "texture": "#ore", "cullface": "north"},
				"up": {"uv": [14, 7, 15, 7.25], "texture": "#ore", "cullface": "north"},
				"down": {"uv": [14, 7, 15, 7.25], "texture": "#ore", "cullface": "north"}
			}
		},
		{
			"from": [5, 7, -0.4],
			"to": [7, 8, 0.1],
			"faces": {
				"north": {"uv": [9, 8, 11, 9], "texture": "#ore", "cullface": "north"},
				"east": {"uv": [9, 8, 9.5, 9], "texture": "#ore", "cullface": "north"},
				"west": {"uv": [10, 8, 10.5, 9], "texture": "#ore", "cullface": "north"},
				"up": {"uv": [9, 8, 11, 8.5], "rotation": 180, "texture": "#ore", "cullface": "north"},
				"down": {"uv": [9, 8, 11, 8.5], "rotation": 180, "texture": "#ore", "cullface": "north"}
			}
		},
		{
			"from": [6, 6, -0.5],
			"to": [8, 7, 0],
			"faces": {
				"north": {"uv": [8, 9, 10, 10], "texture": "#ore", "cullface": "north"},
				"east": {"uv": [8, 9, 8.5, 10], "texture": "#ore", "cullface": "north"},
				"west": {"uv": [9, 9, 9.5, 10], "texture": "#ore", "cullface": "north"},
				"up": {"uv": [8, 9, 10, 9.5], "rotation": 180, "texture": "#ore", "cullface": "north"},
				"down": {"uv": [8, 9, 10, 9.5], "rotation": 180, "texture": "#ore", "cullface": "north"}
			}
		},
		{
			"from": [7, 5, -0.4],
			"to": [9, 6, 0.1],
			"faces": {
				"north": {"uv": [7, 10, 9, 11], "texture": "#ore", "cullface": "north"},
				"east": {"uv": [7, 10, 7.5, 11], "texture": "#ore", "cullface": "north"},
				"west": {"uv": [8, 10, 8.5, 11], "texture": "#ore", "cullface": "north"},
				"up": {"uv": [7, 10, 9, 10.5], "rotation": 180, "texture": "#ore", "cullface": "north"},
				"down": {"uv": [7, 10, 9, 10.5], "rotation": 180, "texture": "#ore", "cullface": "north"}
			}
		},
		{
			"from": [4, 8, -0.5],
			"to": [6, 11, 0],
			"faces": {
				"north": {"uv": [10, 5, 12, 8], "texture": "#ore", "cullface": "north"},
				"east": {"uv": [10, 5, 10.5, 8], "texture": "#ore", "cullface": "north"},
				"west": {"uv": [11, 5, 11.5, 8], "texture": "#ore", "cullface": "north"},
				"up": {"uv": [10, 5, 12, 5.5], "rotation": 180, "texture": "#ore", "cullface": "north"},
				"down": {"uv": [10, 7, 12, 7.5], "rotation": 180, "texture": "#ore", "cullface": "north"}
			}
		},
		{
			"from": [6, 9, -0.5],
			"to": [7, 10, 0],
			"faces": {
				"north": {"uv": [9, 6, 10, 7], "texture": "#ore", "cullface": "north"},
				"east": {"uv": [9, 6, 9.5, 7], "texture": "#ore", "cullface": "north"},
				"up": {"uv": [9, 6, 10, 6.5], "texture": "#ore", "cullface": "north"},
				"down": {"uv": [9, 6, 10, 6.5], "texture": "#ore", "cullface": "north"}
			}
		},
		{
			"from": [11, 8, -0.5],
			"to": [15, 9, 0],
			"faces": {
				"north": {"uv": [1, 7, 5, 8], "texture": "#ore", "cullface": "north"},
				"east": {"uv": [1, 7, 1.5, 8], "texture": "#ore", "cullface": "north"},
				"west": {"uv": [4, 7, 4.5, 8], "texture": "#ore", "cullface": "north"},
				"up": {"uv": [1, 7, 5, 7.5], "rotation": 180, "texture": "#ore", "cullface": "north"},
				"down": {"uv": [1, 7, 5, 7.5], "rotation": 180, "texture": "#ore", "cullface": "north"}
			}
		},
		{
			"from": [13, 9, -0.4],
			"to": [14, 10, 0.1],
			"faces": {
				"north": {"uv": [2, 6, 3, 7], "texture": "#ore", "cullface": "north"},
				"east": {"uv": [2, 6, 2.5, 7], "texture": "#ore", "cullface": "north"},
				"west": {"uv": [2, 6, 2.5, 7], "texture": "#ore", "cullface": "north"},
				"up": {"uv": [2, 6, 3, 6.5], "texture": "#ore", "cullface": "north"}
			}
		},
		{
			"from": [12, 7, -0.4],
			"to": [13, 8, 0.1],
			"faces": {
				"north": {"uv": [3, 8, 4, 9], "texture": "#ore", "cullface": "north"},
				"east": {"uv": [3, 8, 3.5, 9], "texture": "#ore", "cullface": "north"},
				"west": {"uv": [3, 8, 3.5, 9], "texture": "#ore", "cullface": "north"},
				"down": {"uv": [3, 8, 4, 8.5], "texture": "#ore", "cullface": "north"}
			}
		},
		{
			"from": [3, 11, -0.4],
			"to": [4, 14, 0.1],
			"faces": {
				"north": {"uv": [12, 2, 13, 5], "texture": "#ore", "cullface": "north"},
				"east": {"uv": [12, 2, 12.5, 5], "texture": "#ore", "cullface": "north"},
				"west": {"uv": [12, 2, 12.5, 5], "texture": "#ore", "cullface": "north"},
				"up": {"uv": [12, 2, 13, 2.5], "rotation": 180, "texture": "#ore", "cullface": "north"},
				"down": {"uv": [12, 4, 13, 4.5], "rotation": 180, "texture": "#ore", "cullface": "north"}
			}
		},
		{
			"from": [2, 12, -0.4],
			"to": [3, 13, 0.1],
			"faces": {
				"north": {"uv": [13, 3, 14, 4], "texture": "#ore", "cullface": "north"},
				"west": {"uv": [13, 3, 13.5, 4], "texture": "#ore", "cullface": "north"},
				"up": {"uv": [13, 3, 14, 3.5], "texture": "#ore", "cullface": "north"},
				"down": {"uv": [13, 3, 14, 3.5], "texture": "#ore", "cullface": "north"}
			}
		},
		{
			"from": [9, 13, -0.25],
			"to": [11, 14, 0],
			"faces": {
				"north": {"uv": [5, 2, 7, 3], "texture": "#ore", "cullface": "north"},
				"east": {"uv": [5, 2, 5.25, 3], "texture": "#ore", "cullface": "north"},
				"west": {"uv": [6, 2, 6.25, 3], "texture": "#ore", "cullface": "north"},
				"up": {"uv": [5, 2, 7, 2.25], "rotation": 180, "texture": "#ore", "cullface": "north"}
			}
		},
		{
			"from": [10, 11, -0.4],
			"to": [12, 12, 0.1],
			"faces": {
				"north": {"uv": [4, 4, 6, 5], "texture": "#ore", "cullface": "north"},
				"east": {"uv": [4, 4, 4.5, 5], "texture": "#ore", "cullface": "north"},
				"west": {"uv": [5, 4, 5.5, 5], "texture": "#ore", "cullface": "north"},
				"down": {"uv": [4, 4, 6, 4.5], "rotation": 180, "texture": "#ore", "cullface": "north"}
			}
		},
		{
			"from": [9, 12, -0.4],
			"to": [13, 13, 0.1],
			"faces": {
				"north": {"uv": [3, 3, 7, 4], "texture": "#ore", "cullface": "north"},
				"east": {"uv": [3, 3, 3.5, 4], "texture": "#ore", "cullface": "north"},
				"west": {"uv": [6, 3, 6.5, 4], "texture": "#ore", "cullface": "north"},
				"up": {"uv": [3, 3, 7, 3.5], "rotation": 180, "texture": "#ore", "cullface": "north"},
				"down": {"uv": [3, 3, 7, 3.5], "rotation": 180, "texture": "#ore", "cullface": "north"}
			}
		},
		{
			"from": [-0.5, 2, 3],
			"to": [0, 4, 5],
			"faces": {
				"north": {"uv": [3, 12, 3.5, 14], "texture": "#ore", "cullface": "west"},
				"south": {"uv": [4, 12, 4.5, 14], "texture": "#ore", "cullface": "west"},
				"west": {"uv": [3, 12, 5, 14], "texture": "#ore", "cullface": "west"},
				"up": {"uv": [3, 12, 5, 12.5], "rotation": 90, "texture": "#ore", "cullface": "west"},
				"down": {"uv": [3, 13, 5, 13.5], "rotation": 270, "texture": "#ore", "cullface": "west"}
			}
		},
		{
			"from": [-0.4, 2, 5],
			"to": [0.1, 3, 6],
			"faces": {
				"south": {"uv": [5, 13, 5.5, 14], "rotation": 180, "texture": "#ore", "cullface": "west"},
				"west": {"uv": [5, 13, 6, 14], "texture": "#ore", "cullface": "west"},
				"up": {"uv": [5, 13, 6, 13.5], "rotation": 90, "texture": "#ore", "cullface": "west"},
				"down": {"uv": [5, 13, 6, 13.5], "rotation": 270, "texture": "#ore", "cullface": "west"}
			}
		},
		{
			"from": [-0.4, 3, 10],
			"to": [0.1, 5, 14],
			"faces": {
				"north": {"uv": [10, 11, 10.5, 13], "texture": "#ore", "cullface": "west"},
				"south": {"uv": [13, 11, 13.5, 13], "texture": "#ore", "cullface": "west"},
				"west": {"uv": [10, 11, 14, 13], "texture": "#ore", "cullface": "west"},
				"up": {"uv": [10, 11, 14, 11.5], "rotation": 90, "texture": "#ore", "cullface": "west"},
				"down": {"uv": [10, 12, 14, 12.5], "rotation": 270, "texture": "#ore", "cullface": "west"}
			}
		},
		{
			"from": [-0.4, 5, 12],
			"to": [0.1, 6, 14],
			"faces": {
				"north": {"uv": [12, 10, 12.5, 11], "rotation": 180, "texture": "#ore", "cullface": "west"},
				"south": {"uv": [13, 10, 13.5, 11], "rotation": 180, "texture": "#ore", "cullface": "west"},
				"west": {"uv": [12, 10, 14, 11], "texture": "#ore", "cullface": "west"},
				"up": {"uv": [12, 10, 14, 10.5], "rotation": 90, "texture": "#ore", "cullface": "west"}
			}
		},
		{
			"from": [-0.25, 8, 14],
			"to": [0, 9, 15],
			"faces": {
				"north": {"uv": [14, 7, 14.25, 8], "texture": "#ore", "cullface": "west"},
				"south": {"uv": [14, 7, 14.25, 8], "texture": "#ore", "cullface": "west"},
				"west": {"uv": [14, 7, 15, 8], "texture": "#ore", "cullface": "west"},
				"up": {"uv": [14, 7, 15, 7.25], "rotation": 270, "texture": "#ore", "cullface": "west"},
				"down": {"uv": [14, 7, 15, 7.25], "rotation": 90, "texture": "#ore", "cullface": "west"}
			}
		},
		{
			"from": [-0.4, 7, 9],
			"to": [0.1, 8, 11],
			"faces": {
				"north": {"uv": [9, 8, 9.5, 9], "texture": "#ore", "cullface": "west"},
				"south": {"uv": [10, 8, 10.5, 9], "texture": "#ore", "cullface": "west"},
				"west": {"uv": [9, 8, 11, 9], "texture": "#ore", "cullface": "west"},
				"up": {"uv": [9, 8, 11, 8.5], "rotation": 90, "texture": "#ore", "cullface": "west"},
				"down": {"uv": [9, 8, 11, 8.5], "rotation": 270, "texture": "#ore", "cullface": "west"}
			}
		},
		{
			"from": [-0.5, 6, 8],
			"to": [0, 7, 10],
			"faces": {
				"north": {"uv": [8, 9, 8.5, 10], "texture": "#ore", "cullface": "west"},
				"south": {"uv": [9, 9, 9.5, 10], "texture": "#ore", "cullface": "west"},
				"west": {"uv": [8, 9, 10, 10], "texture": "#ore", "cullface": "west"},
				"up": {"uv": [8, 9, 10, 9.5], "rotation": 90, "texture": "#ore", "cullface": "west"},
				"down": {"uv": [8, 9, 10, 9.5], "rotation": 270, "texture": "#ore", "cullface": "west"}
			}
		},
		{
			"from": [-0.4, 5, 7],
			"to": [0.1, 6, 9],
			"faces": {
				"north": {"uv": [7, 10, 7.5, 11], "texture": "#ore", "cullface": "west"},
				"south": {"uv": [8, 10, 8.5, 11], "texture": "#ore", "cullface": "west"},
				"west": {"uv": [7, 10, 9, 11], "texture": "#ore", "cullface": "west"},
				"up": {"uv": [7, 10, 9, 10.5], "rotation": 90, "texture": "#ore", "cullface": "west"},
				"down": {"uv": [7, 10, 9, 10.5], "rotation": 270, "texture": "#ore", "cullface": "west"}
			}
		},
		{
			"from": [-0.5, 8, 10],
			"to": [0, 11, 12],
			"faces": {
				"north": {"uv": [10, 5, 10.5, 8], "texture": "#ore", "cullface": "west"},
				"south": {"uv": [11, 5, 11.5, 8], "texture": "#ore", "cullface": "west"},
				"west": {"uv": [10, 5, 12, 8], "texture": "#ore", "cullface": "west"},
				"up": {"uv": [10, 5, 12, 5.5], "rotation": 90, "texture": "#ore", "cullface": "west"},
				"down": {"uv": [10, 7, 12, 7.5], "rotation": 270, "texture": "#ore", "cullface": "west"}
			}
		},
		{
			"from": [-0.5, 9, 9],
			"to": [0, 10, 10],
			"faces": {
				"north": {"uv": [9, 6, 9.5, 7], "texture": "#ore", "cullface": "west"},
				"west": {"uv": [9, 6, 10, 7], "texture": "#ore", "cullface": "west"},
				"up": {"uv": [9, 6, 10, 6.5], "rotation": 270, "texture": "#ore", "cullface": "west"},
				"down": {"uv": [9, 6, 10, 6.5], "rotation": 90, "texture": "#ore", "cullface": "west"}
			}
		},
		{
			"from": [-0.5, 8, 1],
			"to": [0, 9, 5],
			"faces": {
				"north": {"uv": [1, 7, 1.5, 8], "texture": "#ore", "cullface": "west"},
				"south": {"uv": [4, 7, 4.5, 8], "texture": "#ore", "cullface": "west"},
				"west": {"uv": [1, 7, 5, 8], "texture": "#ore", "cullface": "west"},
				"up": {"uv": [1, 7, 5, 7.5], "rotation": 90, "texture": "#ore", "cullface": "west"},
				"down": {"uv": [1, 7, 5, 7.5], "rotation": 270, "texture": "#ore", "cullface": "west"}
			}
		},
		{
			"from": [-0.4, 9, 2],
			"to": [0.1, 10, 3],
			"faces": {
				"north": {"uv": [2, 6, 2.5, 7], "texture": "#ore", "cullface": "west"},
				"south": {"uv": [2, 6, 2.5, 7], "texture": "#ore", "cullface": "west"},
				"west": {"uv": [2, 6, 3, 7], "texture": "#ore", "cullface": "west"},
				"up": {"uv": [2, 6, 3, 6.5], "rotation": 270, "texture": "#ore", "cullface": "west"}
			}
		},
		{
			"from": [-0.4, 7, 3],
			"to": [0.1, 8, 4],
			"faces": {
				"north": {"uv": [3, 8, 3.5, 9], "texture": "#ore", "cullface": "west"},
				"south": {"uv": [3, 8, 3.5, 9], "texture": "#ore", "cullface": "west"},
				"west": {"uv": [3, 8, 4, 9], "texture": "#ore", "cullface": "west"},
				"down": {"uv": [3, 8, 4, 8.5], "rotation": 90, "texture": "#ore", "cullface": "west"}
			}
		},
		{
			"from": [-0.4, 11, 12],
			"to": [0.1, 14, 13],
			"faces": {
				"north": {"uv": [12, 2, 12.5, 5], "texture": "#ore", "cullface": "west"},
				"south": {"uv": [12, 2, 12.5, 5], "texture": "#ore", "cullface": "west"},
				"west": {"uv": [12, 2, 13, 5], "texture": "#ore", "cullface": "west"},
				"up": {"uv": [12, 2, 13, 2.5], "rotation": 90, "texture": "#ore", "cullface": "west"},
				"down": {"uv": [12, 4, 13, 4.5], "rotation": 270, "texture": "#ore", "cullface": "west"}
			}
		},
		{
			"from": [-0.4, 12, 13],
			"to": [0.1, 13, 14],
			"faces": {
				"south": {"uv": [13, 3, 13.5, 4], "texture": "#ore", "cullface": "west"},
				"west": {"uv": [13, 3, 14, 4], "texture": "#ore", "cullface": "west"},
				"up": {"uv": [13, 3, 14, 3.5], "rotation": 270, "texture": "#ore", "cullface": "west"},
				"down": {"uv": [13, 3, 14, 3.5], "rotation": 90, "texture": "#ore", "cullface": "west"}
			}
		},
		{
			"from": [-0.25, 13, 5],
			"to": [0, 14, 7],
			"faces": {
				"north": {"uv": [5, 2, 5.25, 3], "texture": "#ore", "cullface": "west"},
				"south": {"uv": [6, 2, 6.25, 3], "texture": "#ore", "cullface": "west"},
				"west": {"uv": [5, 2, 7, 3], "texture": "#ore", "cullface": "west"},
				"up": {"uv": [5, 2, 7, 2.25], "rotation": 90, "texture": "#ore", "cullface": "west"}
			}
		},
		{
			"from": [-0.4, 11, 4],
			"to": [0.1, 12, 6],
			"faces": {
				"north": {"uv": [4, 4, 4.5, 5], "texture": "#ore", "cullface": "west"},
				"south": {"uv": [5, 4, 5.5, 5], "texture": "#ore", "cullface": "west"},
				"west": {"uv": [4, 4, 6, 5], "texture": "#ore", "cullface": "west"},
				"down": {"uv": [4, 4, 6, 4.5], "rotation": 270, "texture": "#ore", "cullface": "west"}
			}
		},
		{
			"from": [-0.4, 12, 3],
			"to": [0.1, 13, 7],
			"faces": {
				"north": {"uv": [3, 3, 3.5, 4], "texture": "#ore", "cullface": "west"},
				"south": {"uv": [6, 3, 6.5, 4], "texture": "#ore", "cullface": "west"},
				"west": {"uv": [3, 3, 7, 4], "texture": "#ore", "cullface": "west"},
				"up": {"uv": [3, 3, 7, 3.5], "rotation": 90, "texture": "#ore", "cullface": "west"},
				"down": {"uv": [3, 3, 7, 3.5], "rotation": 270, "texture": "#ore", "cullface": "west"}
			}
		},
		{
			"from": [3, 2, 16],
			"to": [5, 4, 16.5],
			"faces": {
				"east": {"uv": [4, 12, 4.5, 14], "texture": "#ore", "cullface": "south"},
				"south": {"uv": [3, 12, 5, 14], "texture": "#ore", "cullface": "south"},
				"west": {"uv": [3, 12, 3.5, 14], "texture": "#ore", "cullface": "south"},
				"up": {"uv": [3, 12, 5, 12.5], "texture": "#ore", "cullface": "south"},
				"down": {"uv": [3, 13, 5, 13.5], "texture": "#ore", "cullface": "south"}
			}
		},
		{
			"from": [5, 2, 15.9],
			"to": [6, 3, 16.4],
			"faces": {
				"east": {"uv": [5, 13, 5.5, 14], "rotation": 180, "texture": "#ore", "cullface": "south"},
				"south": {"uv": [5, 13, 6, 14], "texture": "#ore", "cullface": "south"},
				"up": {"uv": [5, 13, 6, 13.5], "texture": "#ore", "cullface": "south"},
				"down": {"uv": [5, 13, 6, 13.5], "texture": "#ore", "cullface": "south"}
			}
		},
		{
			"from": [10, 3, 15.9],
			"to": [14, 5, 16.4],
			"faces": {
				"east": {"uv": [13, 11, 13.5, 13], "texture": "#ore", "cullface": "south"},
				"south": {"uv": [10, 11, 14, 13], "texture": "#ore", "cullface": "south"},
				"west": {"uv": [10, 11, 10.5, 13], "texture": "#ore", "cullface": "south"},
				"up": {"uv": [10, 11, 14, 11.5], "texture": "#ore", "cullface": "south"},
				"down": {"uv": [10, 12, 14, 12.5], "texture": "#ore", "cullface": "south"}
			}
		},
		{
			"from": [12, 5, 15.9],
			"to": [14, 6, 16.4],
			"faces": {
				"east": {"uv": [13, 10, 13.5, 11], "rotation": 180, "texture": "#ore", "cullface": "south"},
				"south": {"uv": [12, 10, 14, 11], "texture": "#ore", "cullface": "south"},
				"west": {"uv": [12, 10, 12.5, 11], "rotation": 180, "texture": "#ore", "cullface": "south"},
				"up": {"uv": [12, 10, 14, 10.5], "texture": "#ore", "cullface": "south"}
			}
		},
		{
			"from": [14, 8, 16],
			"to": [15, 9, 16.25],
			"faces": {
				"east": {"uv": [14, 7, 14.25, 8], "texture": "#ore", "cullface": "south"},
				"south": {"uv": [14, 7, 15, 8], "texture": "#ore", "cullface": "south"},
				"west": {"uv": [14, 7, 14.25, 8], "texture": "#ore", "cullface": "south"},
				"up": {"uv": [14, 7, 15, 7.25], "rotation": 180, "texture": "#ore", "cullface": "south"},
				"down": {"uv": [14, 7, 15, 7.25], "rotation": 180, "texture": "#ore", "cullface": "south"}
			}
		},
		{
			"from": [9, 7, 15.9],
			"to": [11, 8, 16.4],
			"faces": {
				"east": {"uv": [10, 8, 10.5, 9], "texture": "#ore", "cullface": "south"},
				"south": {"uv": [9, 8, 11, 9], "texture": "#ore", "cullface": "south"},
				"west": {"uv": [9, 8, 9.5, 9], "texture": "#ore", "cullface": "south"},
				"up": {"uv": [9, 8, 11, 8.5], "texture": "#ore", "cullface": "south"},
				"down": {"uv": [9, 8, 11, 8.5], "texture": "#ore", "cullface": "south"}
			}
		},
		{
			"from": [8, 6, 16],
			"to": [10, 7, 16.5],
			"faces": {
				"east": {"uv": [9, 9, 9.5, 10], "texture": "#ore", "cullface": "south"},
				"south": {"uv": [8, 9, 10, 10], "texture": "#ore", "cullface": "south"},
				"west": {"uv": [8, 9, 8.5, 10], "texture": "#ore", "cullface": "south"},
				"up": {"uv": [8, 9, 10, 9.5], "texture": "#ore", "cullface": "south"},
				"down": {"uv": [8, 9, 10, 9.5], "texture": "#ore", "cullface": "south"}
			}
		},
		{
			"from": [7, 5, 15.9],
			"to": [9, 6, 16.4],
			"faces": {
				"east": {"uv": [8, 10, 8.5, 11], "texture": "#ore", "cullface": "south"},
				"south": {"uv": [7, 10, 9, 11], "texture": "#ore", "cullface": "south"},
				"west": {"uv": [7, 10, 7.5, 11], "texture": "#ore", "cullface": "south"},
				"up": {"uv": [7, 10, 9, 10.5], "texture": "#ore", "cullface": "south"},
				"down": {"uv": [7, 10, 9, 10.5], "texture": "#ore", "cullface": "south"}
			}
		},
		{
			"from": [10, 8, 16],
			"to": [12, 11, 16.5],
			"faces": {
				"east": {"uv": [11, 5, 11.5, 8], "texture": "#ore", "cullface": "south"},
				"south": {"uv": [10, 5, 12, 8], "texture": "#ore", "cullface": "south"},
				"west": {"uv": [10, 5, 10.5, 8], "texture": "#ore", "cullface": "south"},
				"up": {"uv": [10, 5, 12, 5.5], "texture": "#ore", "cullface": "south"},
				"down": {"uv": [10, 7, 12, 7.5], "texture": "#ore", "cullface": "south"}
			}
		},
		{
			"from": [9, 9, 16],
			"to": [10, 10, 16.5],
			"faces": {
				"south": {"uv": [9, 6, 10, 7], "texture": "#ore", "cullface": "south"},
				"west": {"uv": [9, 6, 9.5, 7], "texture": "#ore", "cullface": "south"},
				"up": {"uv": [9, 6, 10, 6.5], "rotation": 180, "texture": "#ore", "cullface": "south"},
				"down": {"uv": [9, 6, 10, 6.5], "rotation": 180, "texture": "#ore", "cullface": "south"}
			}
		},
		{
			"from": [1, 8, 16],
			"to": [5, 9, 16.5],
			"faces": {
				"east": {"uv": [4, 7, 4.5, 8], "texture": "#ore", "cullface": "south"},
				"south": {"uv": [1, 7, 5, 8], "texture": "#ore", "cullface": "south"},
				"west": {"uv": [1, 7, 1.5, 8], "texture": "#ore", "cullface": "south"},
				"up": {"uv": [1, 7, 5, 7.5], "texture": "#ore", "cullface": "south"},
				"down": {"uv": [1, 7, 5, 7.5], "texture": "#ore", "cullface": "south"}
			}
		},
		{
			"from": [2, 9, 15.9],
			"to": [3, 10, 16.4],
			"faces": {
				"east": {"uv": [2, 6, 2.5, 7], "texture": "#ore", "cullface": "south"},
				"south": {"uv": [2, 6, 3, 7], "texture": "#ore", "cullface": "south"},
				"west": {"uv": [2, 6, 2.5, 7], "texture": "#ore", "cullface": "south"},
				"up": {"uv": [2, 6, 3, 6.5], "rotation": 180, "texture": "#ore", "cullface": "south"}
			}
		},
		{
			"from": [3, 7, 15.9],
			"to": [4, 8, 16.4],
			"faces": {
				"east": {"uv": [3, 8, 3.5, 9], "texture": "#ore", "cullface": "south"},
				"south": {"uv": [3, 8, 4, 9], "texture": "#ore", "cullface": "south"},
				"west": {"uv": [3, 8, 3.5, 9], "texture": "#ore", "cullface": "south"},
				"down": {"uv": [3, 8, 4, 8.5], "rotation": 180, "texture": "#ore", "cullface": "south"}
			}
		},
		{
			"from": [12, 11, 15.9],
			"to": [13, 14, 16.4],
			"faces": {
				"east": {"uv": [12, 2, 12.5, 5], "texture": "#ore", "cullface": "south"},
				"south": {"uv": [12, 2, 13, 5], "texture": "#ore", "cullface": "south"},
				"west": {"uv": [12, 2, 12.5, 5], "texture": "#ore", "cullface": "south"},
				"up": {"uv": [12, 2, 13, 2.5], "texture": "#ore", "cullface": "south"},
				"down": {"uv": [12, 4, 13, 4.5], "texture": "#ore", "cullface": "south"}
			}
		},
		{
			"from": [13, 12, 15.9],
			"to": [14, 13, 16.4],
			"faces": {
				"east": {"uv": [13, 3, 13.5, 4], "texture": "#ore", "cullface": "south"},
				"south": {"uv": [13, 3, 14, 4], "texture": "#ore", "cullface": "south"},
				"up": {"uv": [13, 3, 14, 3.5], "rotation": 180, "texture": "#ore", "cullface": "south"},
				"down": {"uv": [13, 3, 14, 3.5], "rotation": 180, "texture": "#ore", "cullface": "south"}
			}
		},
		{
			"from": [5, 13, 16],
			"to": [7, 14, 16.25],
			"faces": {
				"east": {"uv": [6, 2, 6.25, 3], "texture": "#ore", "cullface": "south"},
				"south": {"uv": [5, 2, 7, 3], "texture": "#ore", "cullface": "south"},
				"west": {"uv": [5, 2, 5.25, 3], "texture": "#ore", "cullface": "south"},
				"up": {"uv": [5, 2, 7, 2.25], "texture": "#ore", "cullface": "south"}
			}
		},
		{
			"from": [4, 11, 15.9],
			"to": [6, 12, 16.4],
			"faces": {
				"east": {"uv": [5, 4, 5.5, 5], "texture": "#ore", "cullface": "south"},
				"south": {"uv": [4, 4, 6, 5], "texture": "#ore", "cullface": "south"},
				"west": {"uv": [4, 4, 4.5, 5], "texture": "#ore", "cullface": "south"},
				"down": {"uv": [4, 4, 6, 4.5], "texture": "#ore", "cullface": "south"}
			}
		},
		{
			"from": [3, 12, 15.9],
			"to": [7, 13, 16.4],
			"faces": {
				"east": {"uv": [6, 3, 6.5, 4], "texture": "#ore", "cullface": "south"},
				"south": {"uv": [3, 3, 7, 4], "texture": "#ore", "cullface": "south"},
				"west": {"uv": [3, 3, 3.5, 4], "texture": "#ore", "cullface": "south"},
				"up": {"uv": [3, 3, 7, 3.5], "texture": "#ore", "cullface": "south"},
				"down": {"uv": [3, 3, 7, 3.5], "texture": "#ore", "cullface": "south"}
			}
		},
		{
			"from": [16, 2, 11],
			"to": [16.5, 4, 13],
			"faces": {
				"north": {"uv": [4, 12, 4.5, 14], "texture": "#ore", "cullface": "east"},
				"east": {"uv": [3, 12, 5, 14], "texture": "#ore", "cullface": "east"},
				"south": {"uv": [3, 12, 3.5, 14], "texture": "#ore", "cullface": "east"},
				"up": {"uv": [3, 12, 5, 12.5], "rotation": 270, "texture": "#ore", "cullface": "east"},
				"down": {"uv": [3, 13, 5, 13.5], "rotation": 90, "texture": "#ore", "cullface": "east"}
			}
		},
		{
			"from": [15.9, 2, 10],
			"to": [16.4, 3, 11],
			"faces": {
				"north": {"uv": [5, 13, 5.5, 14], "rotation": 180, "texture": "#ore", "cullface": "east"},
				"east": {"uv": [5, 13, 6, 14], "texture": "#ore", "cullface": "east"},
				"up": {"uv": [5, 13, 6, 13.5], "rotation": 270, "texture": "#ore", "cullface": "east"},
				"down": {"uv": [5, 13, 6, 13.5], "rotation": 90, "texture": "#ore", "cullface": "east"}
			}
		},
		{
			"from": [15.9, 3, 2],
			"to": [16.4, 5, 6],
			"faces": {
				"north": {"uv": [13, 11, 13.5, 13], "texture": "#ore", "cullface": "east"},
				"east": {"uv": [10, 11, 14, 13], "texture": "#ore", "cullface": "east"},
				"south": {"uv": [10, 11, 10.5, 13], "texture": "#ore", "cullface": "east"},
				"up": {"uv": [10, 11, 14, 11.5], "rotation": 270, "texture": "#ore", "cullface": "east"},
				"down": {"uv": [10, 12, 14, 12.5], "rotation": 90, "texture": "#ore", "cullface": "east"}
			}
		},
		{
			"from": [15.9, 5, 2],
			"to": [16.4, 6, 4],
			"faces": {
				"north": {"uv": [13, 10, 13.5, 11], "rotation": 180, "texture": "#ore", "cullface": "east"},
				"east": {"uv": [12, 10, 14, 11], "texture": "#ore", "cullface": "east"},
				"south": {"uv": [12, 10, 12.5, 11], "rotation": 180, "texture": "#ore", "cullface": "east"},
				"up": {"uv": [12, 10, 14, 10.5], "rotation": 270, "texture": "#ore", "cullface": "east"}
			}
		},
		{
			"from": [16, 8, 1],
			"to": [16.25, 9, 2],
			"faces": {
				"north": {"uv": [14, 7, 14.25, 8], "texture": "#ore", "cullface": "east"},
				"east": {"uv": [14, 7, 15, 8], "texture": "#ore", "cullface": "east"},
				"south": {"uv": [14, 7, 14.25, 8], "texture": "#ore", "cullface": "east"},
				"up": {"uv": [14, 7, 15, 7.25], "rotation": 90, "texture": "#ore", "cullface": "east"},
				"down": {"uv": [14, 7, 15, 7.25], "rotation": 270, "texture": "#ore", "cullface": "east"}
			}
		},
		{
			"from": [15.9, 7, 5],
			"to": [16.4, 8, 7],
			"faces": {
				"north": {"uv": [10, 8, 10.5, 9], "texture": "#ore", "cullface": "east"},
				"east": {"uv": [9, 8, 11, 9], "texture": "#ore", "cullface": "east"},
				"south": {"uv": [9, 8, 9.5, 9], "texture": "#ore", "cullface": "east"},
				"up": {"uv": [9, 8, 11, 8.5], "rotation": 270, "texture": "#ore", "cullface": "east"},
				"down": {"uv": [9, 8, 11, 8.5], "rotation": 90, "texture": "#ore", "cullface": "east"}
			}
		},
		{
			"from": [16, 6, 6],
			"to": [16.5, 7, 8],
			"faces": {
				"north": {"uv": [9, 9, 9.5, 10], "texture": "#ore", "cullface": "east"},
				"east": {"uv": [8, 9, 10, 10], "texture": "#ore", "cullface": "east"},
				"south": {"uv": [8, 9, 8.5, 10], "texture": "#ore", "cullface": "east"},
				"up": {"uv": [8, 9, 10, 9.5], "rotation": 270, "texture": "#ore", "cullface": "east"},
				"down": {"uv": [8, 9, 10, 9.5], "rotation": 90, "texture": "#ore", "cullface": "east"}
			}
		},
		{
			"from": [15.9, 5, 7],
			"to": [16.4, 6, 9],
			"faces": {
				"north": {"uv": [8, 10, 8.5, 11], "texture": "#ore", "cullface": "east"},
				"east": {"uv": [7, 10, 9, 11], "texture": "#ore", "cullface": "east"},
				"south": {"uv": [7, 10, 7.5, 11], "texture": "#ore", "cullface": "east"},
				"up": {"uv": [7, 10, 9, 10.5], "rotation": 270, "texture": "#ore", "cullface": "east"},
				"down": {"uv": [7, 10, 9, 10.5], "rotation": 90, "texture": "#ore", "cullface": "east"}
			}
		},
		{
			"from": [16, 8, 4],
			"to": [16.5, 11, 6],
			"faces": {
				"north": {"uv": [11, 5, 11.5, 8], "texture": "#ore", "cullface": "east"},
				"east": {"uv": [10, 5, 12, 8], "texture": "#ore", "cullface": "east"},
				"south": {"uv": [10, 5, 10.5, 8], "texture": "#ore", "cullface": "east"},
				"up": {"uv": [10, 5, 12, 5.5], "rotation": 270, "texture": "#ore", "cullface": "east"},
				"down": {"uv": [10, 7, 12, 7.5], "rotation": 90, "texture": "#ore", "cullface": "east"}
			}
		},
		{
			"from": [16, 9, 6],
			"to": [16.5, 10, 7],
			"faces": {
				"east": {"uv": [9, 6, 10, 7], "texture": "#ore", "cullface": "east"},
				"south": {"uv": [9, 6, 9.5, 7], "texture": "#ore", "cullface": "east"},
				"up": {"uv": [9, 6, 10, 6.5], "rotation": 90, "texture": "#ore", "cullface": "east"},
				"down": {"uv": [9, 6, 10, 6.5], "rotation": 270, "texture": "#ore", "cullface": "east"}
			}
		},
		{
			"from": [16, 8, 11],
			"to": [16.5, 9, 15],
			"faces": {
				"north": {"uv": [4, 7, 4.5, 8], "texture": "#ore", "cullface": "east"},
				"east": {"uv": [1, 7, 5, 8], "texture": "#ore", "cullface": "east"},
				"south": {"uv": [1, 7, 1.5, 8], "texture": "#ore", "cullface": "east"},
				"up": {"uv": [1, 7, 5, 7.5], "rotation": 270, "texture": "#ore", "cullface": "east"},
				"down": {"uv": [1, 7, 5, 7.5], "rotation": 90, "texture": "#ore", "cullface": "east"}
			}
		},
		{
			"from": [15.9, 9, 13],
			"to": [16.4, 10, 14],
			"faces": {
				"north": {"uv": [2, 6, 2.5, 7], "texture": "#ore", "cullface": "east"},
				"east": {"uv": [2, 6, 3, 7], "texture": "#ore", "cullface": "east"},
				"south": {"uv": [2, 6, 2.5, 7], "texture": "#ore", "cullface": "east"},
				"up": {"uv": [2, 6, 3, 6.5], "rotation": 90, "texture": "#ore", "cullface": "east"}
			}
		},
		{
			"from": [15.9, 7, 12],
			"to": [16.4, 8, 13],
			"faces": {
				"north": {"uv": [3, 8, 3.5, 9], "texture": "#ore", "cullface": "east"},
				"east": {"uv": [3, 8, 4, 9], "texture": "#ore", "cullface": "east"},
				"south": {"uv": [3, 8, 3.5, 9], "texture": "#ore", "cullface": "east"},
				"down": {"uv": [3, 8, 4, 8.5], "rotation": 270, "texture": "#ore", "cullface": "east"}
			}
		},
		{
			"from": [15.9, 11, 3],
			"to": [16.4, 14, 4],
			"faces": {
				"north": {"uv": [12, 2, 12.5, 5], "texture": "#ore", "cullface": "east"},
				"east": {"uv": [12, 2, 13, 5], "texture": "#ore", "cullface": "east"},
				"south": {"uv": [12, 2, 12.5, 5], "texture": "#ore", "cullface": "east"},
				"up": {"uv": [12, 2, 13, 2.5], "rotation": 270, "texture": "#ore", "cullface": "east"},
				"down": {"uv": [12, 4, 13, 4.5], "rotation": 90, "texture": "#ore", "cullface": "east"}
			}
		},
		{
			"from": [15.9, 12, 2],
			"to": [16.4, 13, 3],
			"faces": {
				"north": {"uv": [13, 3, 13.5, 4], "texture": "#ore", "cullface": "east"},
				"east": {"uv": [13, 3, 14, 4], "texture": "#ore", "cullface": "east"},
				"up": {"uv": [13, 3, 14, 3.5], "rotation": 90, "texture": "#ore", "cullface": "east"},
				"down": {"uv": [13, 3, 14, 3.5], "rotation": 270, "texture": "#ore", "cullface": "east"}
			}
		},
		{
			"from": [16, 13, 9],
			"to": [16.25, 14, 11],
			"faces": {
				"north": {"uv": [6, 2, 6.25, 3], "texture": "#ore", "cullface": "east"},
				"east": {"uv": [5, 2, 7, 3], "texture": "#ore", "cullface": "east"},
				"south": {"uv": [5, 2, 5.25, 3], "texture": "#ore", "cullface": "east"},
				"up": {"uv": [5, 2, 7, 2.25], "rotation": 270, "texture": "#ore", "cullface": "east"}
			}
		},
		{
			"from": [15.9, 11, 10],
			"to": [16.4, 12, 12],
			"faces": {
				"north": {"uv": [5, 4, 5.5, 5], "texture": "#ore", "cullface": "east"},
				"east": {"uv": [4, 4, 6, 5], "texture": "#ore", "cullface": "east"},
				"south": {"uv": [4, 4, 4.5, 5], "texture": "#ore", "cullface": "east"},
				"down": {"uv": [4, 4, 6, 4.5], "rotation": 90, "texture": "#ore", "cullface": "east"}
			}
		},
		{
			"from": [15.9, 12, 9],
			"to": [16.4, 13, 13],
			"faces": {
				"north": {"uv": [6, 3, 6.5, 4], "texture": "#ore", "cullface": "east"},
				"east": {"uv": [3, 3, 7, 4], "texture": "#ore", "cullface": "east"},
				"south": {"uv": [3, 3, 3.5, 4], "texture": "#ore", "cullface": "east"},
				"up": {"uv": [3, 3, 7, 3.5], "rotation": 270, "texture": "#ore", "cullface": "east"},
				"down": {"uv": [3, 3, 7, 3.5], "rotation": 90, "texture": "#ore", "cullface": "east"}
			}
		},
		{
			"from": [3, 16, 12],
			"to": [5, 16.5, 14],
			"faces": {
				"north": {"uv": [3, 12, 5, 12.5], "rotation": 180, "texture": "#ore", "cullface": "up"},
				"east": {"uv": [4, 12, 4.5, 14], "rotation": 90, "texture": "#ore", "cullface": "up"},
				"south": {"uv": [3, 13, 5, 13.5], "texture": "#ore", "cullface": "up"},
				"west": {"uv": [3, 12, 3.5, 14], "rotation": 270, "texture": "#ore", "cullface": "up"},
				"up": {"uv": [3, 12, 5, 14], "texture": "#ore", "cullface": "up"}
			}
		},
		{
			"from": [5, 15.9, 13],
			"to": [6, 16.4, 14],
			"faces": {
				"north": {"uv": [5, 13, 6, 13.5], "rotation": 180, "texture": "#ore", "cullface": "up"},
				"east": {"uv": [5, 13, 5.5, 14], "rotation": 270, "texture": "#ore", "cullface": "up"},
				"south": {"uv": [5, 13, 6, 13.5], "texture": "#ore", "cullface": "up"},
				"up": {"uv": [5, 13, 6, 14], "texture": "#ore", "cullface": "up"}
			}
		},
		{
			"from": [10, 15.9, 11],
			"to": [14, 16.4, 13],
			"faces": {
				"north": {"uv": [10, 11, 14, 11.5], "rotation": 180, "texture": "#ore", "cullface": "up"},
				"east": {"uv": [13, 11, 13.5, 13], "rotation": 90, "texture": "#ore", "cullface": "up"},
				"south": {"uv": [10, 12, 14, 12.5], "texture": "#ore", "cullface": "up"},
				"west": {"uv": [10, 11, 10.5, 13], "rotation": 270, "texture": "#ore", "cullface": "up"},
				"up": {"uv": [10, 11, 14, 13], "texture": "#ore", "cullface": "up"}
			}
		},
		{
			"from": [12, 15.9, 10],
			"to": [14, 16.4, 11],
			"faces": {
				"north": {"uv": [12, 10, 14, 10.5], "rotation": 180, "texture": "#ore", "cullface": "up"},
				"east": {"uv": [13, 10, 13.5, 11], "rotation": 270, "texture": "#ore", "cullface": "up"},
				"west": {"uv": [12, 10, 12.5, 11], "rotation": 90, "texture": "#ore", "cullface": "up"},
				"up": {"uv": [12, 10, 14, 11], "texture": "#ore", "cullface": "up"}
			}
		},
		{
			"from": [14, 16, 7],
			"to": [15, 16.25, 8],
			"faces": {
				"north": {"uv": [14, 7, 15, 7.25], "texture": "#ore", "cullface": "up"},
				"east": {"uv": [14, 7, 14.25, 8], "rotation": 90, "texture": "#ore", "cullface": "up"},
				"south": {"uv": [14, 7, 15, 7.25], "rotation": 180, "texture": "#ore", "cullface": "up"},
				"west": {"uv": [14, 7, 14.25, 8], "rotation": 270, "texture": "#ore", "cullface": "up"},
				"up": {"uv": [14, 7, 15, 8], "texture": "#ore", "cullface": "up"}
			}
		},
		{
			"from": [9, 15.9, 8],
			"to": [11, 16.4, 9],
			"faces": {
				"north": {"uv": [9, 8, 11, 8.5], "rotation": 180, "texture": "#ore", "cullface": "up"},
				"east": {"uv": [10, 8, 10.5, 9], "rotation": 90, "texture": "#ore", "cullface": "up"},
				"south": {"uv": [9, 8, 11, 8.5], "texture": "#ore", "cullface": "up"},
				"west": {"uv": [9, 8, 9.5, 9], "rotation": 270, "texture": "#ore", "cullface": "up"},
				"up": {"uv": [9, 8, 11, 9], "texture": "#ore", "cullface": "up"}
			}
		},
		{
			"from": [8, 16, 9],
			"to": [10, 16.5, 10],
			"faces": {
				"north": {"uv": [8, 9, 10, 9.5], "rotation": 180, "texture": "#ore", "cullface": "up"},
				"east": {"uv": [9, 9, 9.5, 10], "rotation": 90, "texture": "#ore", "cullface": "up"},
				"south": {"uv": [8, 9, 10, 9.5], "texture": "#ore", "cullface": "up"},
				"west": {"uv": [8, 9, 8.5, 10], "rotation": 270, "texture": "#ore", "cullface": "up"},
				"up": {"uv": [8, 9, 10, 10], "texture": "#ore", "cullface": "up"}
			}
		},
		{
			"from": [7, 15.9, 10],
			"to": [9, 16.4, 11],
			"faces": {
				"north": {"uv": [7, 10, 9, 10.5], "rotation": 180, "texture": "#ore", "cullface": "up"},
				"east": {"uv": [8, 10, 8.5, 11], "rotation": 90, "texture": "#ore", "cullface": "up"},
				"south": {"uv": [7, 10, 9, 10.5], "texture": "#ore", "cullface": "up"},
				"west": {"uv": [7, 10, 7.5, 11], "rotation": 270, "texture": "#ore", "cullface": "up"},
				"up": {"uv": [7, 10, 9, 11], "texture": "#ore", "cullface": "up"}
			}
		},
		{
			"from": [10, 16, 5],
			"to": [12, 16.5, 8],
			"faces": {
				"north": {"uv": [10, 5, 12, 5.5], "rotation": 180, "texture": "#ore", "cullface": "up"},
				"east": {"uv": [11, 5, 11.5, 8], "rotation": 90, "texture": "#ore", "cullface": "up"},
				"south": {"uv": [10, 7, 12, 7.5], "texture": "#ore", "cullface": "up"},
				"west": {"uv": [10, 5, 10.5, 8], "rotation": 270, "texture": "#ore", "cullface": "up"},
				"up": {"uv": [10, 5, 12, 8], "texture": "#ore", "cullface": "up"}
			}
		},
		{
			"from": [9, 16, 6],
			"to": [10, 16.5, 7],
			"faces": {
				"north": {"uv": [9, 6, 10, 6.5], "texture": "#ore", "cullface": "up"},
				"south": {"uv": [9, 6, 10, 6.5], "rotation": 180, "texture": "#ore", "cullface": "up"},
				"west": {"uv": [9, 6, 9.5, 7], "rotation": 270, "texture": "#ore", "cullface": "up"},
				"up": {"uv": [9, 6, 10, 7], "texture": "#ore", "cullface": "up"}
			}
		},
		{
			"from": [1, 16, 7],
			"to": [5, 16.5, 8],
			"faces": {
				"north": {"uv": [1, 7, 5, 7.5], "rotation": 180, "texture": "#ore", "cullface": "up"},
				"east": {"uv": [4, 7, 4.5, 8], "rotation": 90, "texture": "#ore", "cullface": "up"},
				"south": {"uv": [1, 7, 5, 7.5], "texture": "#ore", "cullface": "up"},
				"west": {"uv": [1, 7, 1.5, 8], "rotation": 270, "texture": "#ore", "cullface": "up"},
				"up": {"uv": [1, 7, 5, 8], "texture": "#ore", "cullface": "up"}
			}
		},
		{
			"from": [2, 15.9, 6],
			"to": [3, 16.4, 7],
			"faces": {
				"north": {"uv": [2, 6, 3, 6.5], "texture": "#ore", "cullface": "up"},
				"east": {"uv": [2, 6, 2.5, 7], "rotation": 90, "texture": "#ore", "cullface": "up"},
				"west": {"uv": [2, 6, 2.5, 7], "rotation": 270, "texture": "#ore", "cullface": "up"},
				"up": {"uv": [2, 6, 3, 7], "texture": "#ore", "cullface": "up"}
			}
		},
		{
			"from": [3, 15.9, 8],
			"to": [4, 16.4, 9],
			"faces": {
				"east": {"uv": [3, 8, 3.5, 9], "rotation": 90, "texture": "#ore", "cullface": "up"},
				"south": {"uv": [3, 8, 4, 8.5], "rotation": 180, "texture": "#ore", "cullface": "up"},
				"west": {"uv": [3, 8, 3.5, 9], "rotation": 270, "texture": "#ore", "cullface": "up"},
				"up": {"uv": [3, 8, 4, 9], "texture": "#ore", "cullface": "up"}
			}
		},
		{
			"from": [12, 15.9, 2],
			"to": [13, 16.4, 5],
			"faces": {
				"north": {"uv": [12, 2, 13, 2.5], "rotation": 180, "texture": "#ore", "cullface": "up"},
				"east": {"uv": [12, 2, 12.5, 5], "rotation": 90, "texture": "#ore", "cullface": "up"},
				"south": {"uv": [12, 4, 13, 4.5], "texture": "#ore", "cullface": "up"},
				"west": {"uv": [12, 2, 12.5, 5], "rotation": 270, "texture": "#ore", "cullface": "up"},
				"up": {"uv": [12, 2, 13, 5], "texture": "#ore", "cullface": "up"}
			}
		},
		{
			"from": [13, 15.9, 3],
			"to": [14, 16.4, 4],
			"faces": {
				"north": {"uv": [13, 3, 14, 3.5], "texture": "#ore", "cullface": "up"},
				"east": {"uv": [13, 3, 13.5, 4], "rotation": 90, "texture": "#ore", "cullface": "up"},
				"south": {"uv": [13, 3, 14, 3.5], "rotation": 180, "texture": "#ore", "cullface": "up"},
				"up": {"uv": [13, 3, 14, 4], "texture": "#ore", "cullface": "up"}
			}
		},
		{
			"from": [5, 16, 2],
			"to": [7, 16.25, 3],
			"faces": {
				"north": {"uv": [5, 2, 7, 2.25], "rotation": 180, "texture": "#ore", "cullface": "up"},
				"east": {"uv": [6, 2, 6.25, 3], "rotation": 90, "texture": "#ore", "cullface": "up"},
				"west": {"uv": [5, 2, 5.25, 3], "rotation": 270, "texture": "#ore", "cullface": "up"},
				"up": {"uv": [5, 2, 7, 3], "texture": "#ore", "cullface": "up"}
			}
		},
		{
			"from": [4, 15.9, 4],
			"to": [6, 16.4, 5],
			"faces": {
				"east": {"uv": [5, 4, 5.5, 5], "rotation": 90, "texture": "#ore", "cullface": "up"},
				"south": {"uv": [4, 4, 6, 4.5], "texture": "#ore", "cullface": "up"},
				"west": {"uv": [4, 4, 4.5, 5], "rotation": 270, "texture": "#ore", "cullface": "up"},
				"up": {"uv": [4, 4, 6, 5], "texture": "#ore", "cullface": "up"}
			}
		},
		{
			"from": [3, 15.9, 3],
			"to": [7, 16.4, 4],
			"faces": {
				"north": {"uv": [3, 3, 7, 3.5], "rotation": 180, "texture": "#ore", "cullface": "up"},
				"east": {"uv": [6, 3, 6.5, 4], "rotation": 90, "texture": "#ore", "cullface": "up"},
				"south": {"uv": [3, 3, 7, 3.5], "texture": "#ore", "cullface": "up"},
				"west": {"uv": [3, 3, 3.5, 4], "rotation": 270, "texture": "#ore", "cullface": "up"},
				"up": {"uv": [3, 3, 7, 4], "texture": "#ore", "cullface": "up"}
			}
		},
		{
			"from": [3, -0.5, 2],
			"to": [5, 0, 4],
			"faces": {
				"north": {"uv": [3, 13, 5, 13.5], "rotation": 180, "texture": "#ore", "cullface": "down"},
				"east": {"uv": [4, 12, 4.5, 14], "rotation": 270, "texture": "#ore", "cullface": "down"},
				"south": {"uv": [3, 12, 5, 12.5], "texture": "#ore", "cullface": "down"},
				"west": {"uv": [3, 12, 3.5, 14], "rotation": 90, "texture": "#ore", "cullface": "down"},
				"down": {"uv": [3, 12, 5, 14], "texture": "#ore", "cullface": "down"}
			}
		},
		{
			"from": [5, -0.4, 2],
			"to": [6, 0.1, 3],
			"faces": {
				"north": {"uv": [5, 13, 6, 13.5], "rotation": 180, "texture": "#ore", "cullface": "down"},
				"east": {"uv": [5, 13, 5.5, 14], "rotation": 90, "texture": "#ore", "cullface": "down"},
				"south": {"uv": [5, 13, 6, 13.5], "texture": "#ore", "cullface": "down"},
				"down": {"uv": [5, 13, 6, 14], "texture": "#ore", "cullface": "down"}
			}
		},
		{
			"from": [10, -0.4, 3],
			"to": [14, 0.1, 5],
			"faces": {
				"north": {"uv": [10, 12, 14, 12.5], "rotation": 180, "texture": "#ore", "cullface": "down"},
				"east": {"uv": [13, 11, 13.5, 13], "rotation": 270, "texture": "#ore", "cullface": "down"},
				"south": {"uv": [10, 11, 14, 11.5], "texture": "#ore", "cullface": "down"},
				"west": {"uv": [10, 11, 10.5, 13], "rotation": 90, "texture": "#ore", "cullface": "down"},
				"down": {"uv": [10, 11, 14, 13], "texture": "#ore", "cullface": "down"}
			}
		},
		{
			"from": [12, -0.4, 5],
			"to": [14, 0.1, 6],
			"faces": {
				"east": {"uv": [13, 10, 13.5, 11], "rotation": 90, "texture": "#ore", "cullface": "down"},
				"south": {"uv": [12, 10, 14, 10.5], "texture": "#ore", "cullface": "down"},
				"west": {"uv": [12, 10, 12.5, 11], "rotation": 270, "texture": "#ore", "cullface": "down"},
				"down": {"uv": [12, 10, 14, 11], "texture": "#ore", "cullface": "down"}
			}
		},
		{
			"from": [14, -0.25, 8],
			"to": [15, 0, 9],
			"faces": {
				"north": {"uv": [14, 7, 15, 7.25], "texture": "#ore", "cullface": "down"},
				"east": {"uv": [14, 7, 14.25, 8], "rotation": 270, "texture": "#ore", "cullface": "down"},
				"south": {"uv": [14, 7, 15, 7.25], "rotation": 180, "texture": "#ore", "cullface": "down"},
				"west": {"uv": [14, 7, 14.25, 8], "rotation": 90, "texture": "#ore", "cullface": "down"},
				"down": {"uv": [14, 7, 15, 8], "texture": "#ore", "cullface": "down"}
			}
		},
		{
			"from": [9, -0.4, 7],
			"to": [11, 0.1, 8],
			"faces": {
				"north": {"uv": [9, 8, 11, 8.5], "rotation": 180, "texture": "#ore", "cullface": "down"},
				"east": {"uv": [10, 8, 10.5, 9], "rotation": 270, "texture": "#ore", "cullface": "down"},
				"south": {"uv": [9, 8, 11, 8.5], "texture": "#ore", "cullface": "down"},
				"west": {"uv": [9, 8, 9.5, 9], "rotation": 90, "texture": "#ore", "cullface": "down"},
				"down": {"uv": [9, 8, 11, 9], "texture": "#ore", "cullface": "down"}
			}
		},
		{
			"from": [8, -0.5, 6],
			"to": [10, 0, 7],
			"faces": {
				"north": {"uv": [8, 9, 10, 9.5], "rotation": 180, "texture": "#ore", "cullface": "down"},
				"east": {"uv": [9, 9, 9.5, 10], "rotation": 270, "texture": "#ore", "cullface": "down"},
				"south": {"uv": [8, 9, 10, 9.5], "texture": "#ore", "cullface": "down"},
				"west": {"uv": [8, 9, 8.5, 10], "rotation": 90, "texture": "#ore", "cullface": "down"},
				"down": {"uv": [8, 9, 10, 10], "texture": "#ore", "cullface": "down"}
			}
		},
		{
			"from": [7, -0.4, 5],
			"to": [9, 0.1, 6],
			"faces": {
				"north": {"uv": [7, 10, 9, 10.5], "rotation": 180, "texture": "#ore", "cullface": "down"},
				"east": {"uv": [8, 10, 8.5, 11], "rotation": 270, "texture": "#ore", "cullface": "down"},
				"south": {"uv": [7, 10, 9, 10.5], "texture": "#ore", "cullface": "down"},
				"west": {"uv": [7, 10, 7.5, 11], "rotation": 90, "texture": "#ore", "cullface": "down"},
				"down": {"uv": [7, 10, 9, 11], "texture": "#ore", "cullface": "down"}
			}
		},
		{
			"from": [10, -0.5, 8],
			"to": [12, 0, 11],
			"faces": {
				"north": {"uv": [10, 7, 12, 7.5], "rotation": 180, "texture": "#ore", "cullface": "down"},
				"east": {"uv": [11, 5, 11.5, 8], "rotation": 270, "texture": "#ore", "cullface": "down"},
				"south": {"uv": [10, 5, 12, 5.5], "texture": "#ore", "cullface": "down"},
				"west": {"uv": [10, 5, 10.5, 8], "rotation": 90, "texture": "#ore", "cullface": "down"},
				"down": {"uv": [10, 5, 12, 8], "texture": "#ore", "cullface": "down"}
			}
		},
		{
			"from": [9, -0.5, 9],
			"to": [10, 0, 10],
			"faces": {
				"north": {"uv": [9, 6, 10, 6.5], "texture": "#ore", "cullface": "down"},
				"south": {"uv": [9, 6, 10, 6.5], "rotation": 180, "texture": "#ore", "cullface": "down"},
				"west": {"uv": [9, 6, 9.5, 7], "rotation": 90, "texture": "#ore", "cullface": "down"},
				"down": {"uv": [9, 6, 10, 7], "texture": "#ore", "cullface": "down"}
			}
		},
		{
			"from": [1, -0.5, 8],
			"to": [5, 0, 9],
			"faces": {
				"north": {"uv": [1, 7, 5, 7.5], "rotation": 180, "texture": "#ore", "cullface": "down"},
				"east": {"uv": [4, 7, 4.5, 8], "rotation": 270, "texture": "#ore", "cullface": "down"},
				"south": {"uv": [1, 7, 5, 7.5], "texture": "#ore", "cullface": "down"},
				"west": {"uv": [1, 7, 1.5, 8], "rotation": 90, "texture": "#ore", "cullface": "down"},
				"down": {"uv": [1, 7, 5, 8], "texture": "#ore", "cullface": "down"}
			}
		},
		{
			"from": [2, -0.4, 9],
			"to": [3, 0.1, 10],
			"faces": {
				"east": {"uv": [2, 6, 2.5, 7], "rotation": 270, "texture": "#ore", "cullface": "down"},
				"south": {"uv": [2, 6, 3, 6.5], "rotation": 180, "texture": "#ore", "cullface": "down"},
				"west": {"uv": [2, 6, 2.5, 7], "rotation": 90, "texture": "#ore", "cullface": "down"},
				"down": {"uv": [2, 6, 3, 7], "texture": "#ore", "cullface": "down"}
			}
		},
		{
			"from": [3, -0.4, 7],
			"to": [4, 0.1, 8],
			"faces": {
				"north": {"uv": [3, 8, 4, 8.5], "texture": "#ore", "cullface": "down"},
				"east": {"uv": [3, 8, 3.5, 9], "rotation": 270, "texture": "#ore", "cullface": "down"},
				"west": {"uv": [3, 8, 3.5, 9], "rotation": 90, "texture": "#ore", "cullface": "down"},
				"down": {"uv": [3, 8, 4, 9], "texture": "#ore", "cullface": "down"}
			}
		},
		{
			"from": [12, -0.4, 11],
			"to": [13, 0.1, 14],
			"faces": {
				"north": {"uv": [12, 4, 13, 4.5], "rotation": 180, "texture": "#ore", "cullface": "down"},
				"east": {"uv": [12, 2, 12.5, 5], "rotation": 270, "texture": "#ore", "cullface": "down"},
				"south": {"uv": [12, 2, 13, 2.5], "texture": "#ore", "cullface": "down"},
				"west": {"uv": [12, 2, 12.5, 5], "rotation": 90, "texture": "#ore", "cullface": "down"},
				"down": {"uv": [12, 2, 13, 5], "texture": "#ore", "cullface": "down"}
			}
		},
		{
			"from": [13, -0.4, 12],
			"to": [14, 0.1, 13],
			"faces": {
				"north": {"uv": [13, 3, 14, 3.5], "texture": "#ore", "cullface": "down"},
				"east": {"uv": [13, 3, 13.5, 4], "rotation": 270, "texture": "#ore", "cullface": "down"},
				"south": {"uv": [13, 3, 14, 3.5], "rotation": 180, "texture": "#ore", "cullface": "down"},
				"down": {"uv": [13, 3, 14, 4], "texture": "#ore", "cullface": "down"}
			}
		},
		{
			"from": [5, -0.25, 13],
			"to": [7, 0, 14],
			"faces": {
				"east": {"uv": [6, 2, 6.25, 3], "rotation": 270, "texture": "#ore", "cullface": "down"},
				"south": {"uv": [5, 2, 7, 2.25], "texture": "#ore", "cullface": "down"},
				"west": {"uv": [5, 2, 5.25, 3], "rotation": 90, "texture": "#ore", "cullface": "down"},
				"down": {"uv": [5, 2, 7, 3], "texture": "#ore", "cullface": "down"}
			}
		},
		{
			"from": [4, -0.4, 11],
			"to": [6, 0.1, 12],
			"faces": {
				"north": {"uv": [4, 4, 6, 4.5], "rotation": 180, "texture": "#ore", "cullface": "down"},
				"east": {"uv": [5, 4, 5.5, 5], "rotation": 270, "texture": "#ore", "cullface": "down"},
				"west": {"uv": [4, 4, 4.5, 5], "rotation": 90, "texture": "#ore", "cullface": "down"},
				"down": {"uv": [4, 4, 6, 5], "texture": "#ore", "cullface": "down"}
			}
		},
		{
			"from": [3, -0.4, 12],
			"to": [7, 0.1, 13],
			"faces": {
				"north": {"uv": [3, 3, 7, 3.5], "rotation": 180, "texture": "#ore", "cullface": "down"},
				"east": {"uv": [6, 3, 6.5, 4], "rotation": 270, "texture": "#ore", "cullface": "down"},
				"south": {"uv": [3, 3, 7, 3.5], "texture": "#ore", "cullface": "down"},
				"west": {"uv": [3, 3, 3.5, 4], "rotation": 90, "texture": "#ore", "cullface": "down"},
				"down": {"uv": [3, 3, 7, 4], "texture": "#ore", "cullface": "down"}
			}
		}
	],
	"groups": [0,
		{
			"name": "N",
			"origin": [8, 8, 8],
			"children": [
				{
					"name": "1_1",
					"origin": [8, 8, 8],
					"children": [1, 2]
				},
				{
					"name": "2_1",
					"origin": [8, 8, 8],
					"children": [3, 4]
				}, 5,
				{
					"name": "4_1",
					"origin": [8, 8, 8],
					"children": [6, 7, 8]
				},
				{
					"name": "5_1",
					"origin": [8, 8, 8],
					"children": [9, 10]
				},
				{
					"name": "6_1",
					"origin": [8, 8, 8],
					"children": [11, 12, 13]
				},
				{
					"name": "7_1",
					"origin": [8, 8, 8],
					"children": [14, 15]
				},
				{
					"name": "8_1",
					"origin": [8, 8, 8],
					"children": [16, 17, 18]
				}
			]
		},
		{
			"name": "W",
			"origin": [8, 8, 8],
			"children": [
				{
					"name": "1_1",
					"origin": [8, 8, 8],
					"children": [19, 20]
				},
				{
					"name": "2_1",
					"origin": [8, 8, 8],
					"children": [21, 22]
				}, 23,
				{
					"name": "4_1",
					"origin": [8, 8, 8],
					"children": [24, 25, 26]
				},
				{
					"name": "5_1",
					"origin": [8, 8, 8],
					"children": [27, 28]
				},
				{
					"name": "6_1",
					"origin": [8, 8, 8],
					"children": [29, 30, 31]
				},
				{
					"name": "7_1",
					"origin": [8, 8, 8],
					"children": [32, 33]
				},
				{
					"name": "8_1",
					"origin": [8, 8, 8],
					"children": [34, 35, 36]
				}
			]
		},
		{
			"name": "S",
			"origin": [8, 8, 8],
			"children": [
				{
					"name": "1_1",
					"origin": [8, 8, 8],
					"children": [37, 38]
				},
				{
					"name": "2_1",
					"origin": [8, 8, 8],
					"children": [39, 40]
				}, 41,
				{
					"name": "4_1",
					"origin": [8, 8, 8],
					"children": [42, 43, 44]
				},
				{
					"name": "5_1",
					"origin": [8, 8, 8],
					"children": [45, 46]
				},
				{
					"name": "6_1",
					"origin": [8, 8, 8],
					"children": [47, 48, 49]
				},
				{
					"name": "7_1",
					"origin": [8, 8, 8],
					"children": [50, 51]
				},
				{
					"name": "8_1",
					"origin": [8, 8, 8],
					"children": [52, 53, 54]
				}
			]
		},
		{
			"name": "E",
			"origin": [8, 8, 8],
			"children": [
				{
					"name": "1_1",
					"origin": [8, 8, 8],
					"children": [55, 56]
				},
				{
					"name": "2_1",
					"origin": [8, 8, 8],
					"children": [57, 58]
				}, 59,
				{
					"name": "4_1",
					"origin": [8, 8, 8],
					"children": [60, 61, 62]
				},
				{
					"name": "5_1",
					"origin": [8, 8, 8],
					"children": [63, 64]
				},
				{
					"name": "6_1",
					"origin": [8, 8, 8],
					"children": [65, 66, 67]
				},
				{
					"name": "7_1",
					"origin": [8, 8, 8],
					"children": [68, 69]
				},
				{
					"name": "8_1",
					"origin": [8, 8, 8],
					"children": [70, 71, 72]
				}
			]
		},
		{
			"name": "U",
			"origin": [8, 8, 8],
			"children": [
				{
					"name": "1_1",
					"origin": [8, 8, 8],
					"children": [73, 74]
				},
				{
					"name": "2_1",
					"origin": [8, 8, 8],
					"children": [75, 76]
				}, 77,
				{
					"name": "4_1",
					"origin": [8, 8, 8],
					"children": [78, 79, 80]
				},
				{
					"name": "5_1",
					"origin": [8, 8, 8],
					"children": [81, 82]
				},
				{
					"name": "6_1",
					"origin": [8, 8, 8],
					"children": [83, 84, 85]
				},
				{
					"name": "7_1",
					"origin": [8, 8, 8],
					"children": [86, 87]
				},
				{
					"name": "8_1",
					"origin": [8, 8, 8],
					"children": [88, 89, 90]
				}
			]
		},
		{
			"name": "D",
			"origin": [8, 8, 8],
			"children": [
				{
					"name": "1_1",
					"origin": [8, 8, 8],
					"children": [91, 92]
				},
				{
					"name": "2_1",
					"origin": [8, 8, 8],
					"children": [93, 94]
				}, 95,
				{
					"name": "4_1",
					"origin": [8, 8, 8],
					"children": [96, 97, 98]
				},
				{
					"name": "5_1",
					"origin": [8, 8, 8],
					"children": [99, 100]
				},
				{
					"name": "6_1",
					"origin": [8, 8, 8],
					"children": [101, 102, 103]
				},
				{
					"name": "7_1",
					"origin": [8, 8, 8],
					"children": [104, 105]
				},
				{
					"name": "8_1",
					"origin": [8, 8, 8],
					"children": [106, 107, 108]
				}
			]
		}
	]
}