{
	"credit": "Made by TheWaschtlPlays using Blockbench",
	"ambientocclusion": false,
	"textures": {
		"redstone_torch_off": "blocks/redstone_torch_off",
		"particle": "blocks/redstone_torch",
		"torch": "blocks/redstone_torch"
	},
	"elements": [
		{
			"name": "Cube",
			"from": [7, 0, 7],
			"to": [9, 10, 9],
			"faces": {
				"north": {"uv": [7, 6, 9, 16], "texture": "#redstone_torch_off"},
				"east": {"uv": [7, 6, 9, 16], "texture": "#redstone_torch_off"},
				"south": {"uv": [7, 6, 9, 16], "texture": "#redstone_torch_off"},
				"west": {"uv": [7, 6, 9, 16], "texture": "#redstone_torch_off"},
				"down": {"uv": [7, 14, 9, 16], "texture": "#redstone_torch_off", "cullface": "down"}
			}
		},
		{
			"name": "Cube",
			"from": [6.75, 7.75, 6.75],
			"to": [9.25, 10.25, 9.25],
			"faces": {
				"north": {"uv": [7, 6, 9, 8], "texture": "#torch"},
				"east": {"uv": [7, 6, 9, 8], "rotation": 90, "texture": "#torch"},
				"south": {"uv": [7, 6, 9, 8], "texture": "#torch"},
				"west": {"uv": [7, 6, 9, 8], "texture": "#torch"},
				"up": {"uv": [7, 6, 9, 8], "texture": "#torch"},
				"down": {"uv": [7, 6, 9, 8], "texture": "#torch"}
			}
		}
	]
}