{
	"credit": "Made by TheWaschtlPlays using Blockbench",
	"ambientocclusion": false,
	"textures": {
		"redstone_torch_off": "blocks/redstone_torch_off",
		"particle": "blocks/redstone_torch",
		"torch": "blocks/redstone_torch"
	},
	"elements": [
		{
			"name": "Cube",
			"from": [-1, 3.5, 7],
			"to": [1, 13.5, 9],
			"rotation": {"angle": -22.5, "axis": "z", "origin": [0, 3.5, 8]},
			"faces": {
				"north": {"uv": [7, 6, 9, 16], "texture": "#redstone_torch_off"},
				"east": {"uv": [7, 6, 9, 16], "texture": "#redstone_torch_off"},
				"south": {"uv": [7, 6, 9, 16], "texture": "#redstone_torch_off"},
				"west": {"uv": [7, 6, 9, 16], "texture": "#redstone_torch_off"},
				"down": {"uv": [7, 14, 9, 16], "texture": "#redstone_torch_off"}
			}
		},
		{
			"name": "Cube",
			"from": [-1.25, 11.25, 6.75],
			"to": [1.25, 13.75, 9.25],
			"rotation": {"angle": -22.5, "axis": "z", "origin": [0, 3.5, 8]},
			"faces": {
				"north": {"uv": [7, 6, 9, 8], "texture": "#torch"},
				"east": {"uv": [7, 6, 9, 8], "rotation": 90, "texture": "#torch"},
				"south": {"uv": [7, 6, 9, 8], "texture": "#torch"},
				"west": {"uv": [7, 6, 9, 8], "texture": "#torch"},
				"up": {"uv": [7, 6, 9, 8], "texture": "#torch"},
				"down": {"uv": [7, 6, 9, 8], "texture": "#torch"}
			}
		}
	]
}