{
	"credit": "Made by TheWaschtlPlays using Blockbench",
	"textures": {
		"0": "blocks/crafting_table_front",
		"1": "blocks/crafting_table_side",
		"2": "blocks/crafting_table_top",
		"3": "custom_textures/crafting_table_blank",
		"4": "blocks/planks_oak",
		"5": "blocks/anvil_base",
		"6": "blocks/planks_spruce",
		"8": "blocks/wool_colored_yellow",
		"9": "blocks/iron_block",
		"10": "blocks/hardened_clay",
		"particle": "blocks/crafting_table_front"
	},
	"elements": [
		{
			"name": "body",
			"from": [1, 0.5, 1],
			"to": [15, 15.5, 15],
			"faces": {
				"up": {"uv": [1, 1, 15, 15], "texture": "#2", "cullface": "up"},
				"down": {"uv": [1, 1, 15, 15], "texture": "#4", "cullface": "down"}
			}
		},
		{
			"name": "Body",
			"from": [1, 1, 0.5],
			"to": [15, 15, 1],
			"faces": {
				"north": {"uv": [1, 1, 15, 15], "texture": "#3", "cullface": "north"}
			}
		},
		{
			"name": "Body",
			"from": [15, 1, 1],
			"to": [15.5, 15, 15],
			"faces": {
				"east": {"uv": [1, 1, 15, 15], "texture": "#3", "cullface": "east"}
			}
		},
		{
			"name": "Body",
			"from": [1, 1, 15],
			"to": [15, 15, 15.5],
			"faces": {
				"south": {"uv": [1, 1, 15, 15], "texture": "#3", "cullface": "south"}
			}
		},
		{
			"name": "Body",
			"from": [0.5, 1, 1],
			"to": [1, 15, 15],
			"faces": {
				"west": {"uv": [1, 1, 15, 15], "texture": "#3", "cullface": "west"}
			}
		},
		{
			"name": "frame",
			"from": [0, 0, 0],
			"to": [1, 16, 1],
			"faces": {
				"north": {"uv": [0, 0, 1, 16], "texture": "#3", "cullface": "north"},
				"east": {"uv": [0, 0, 1, 16], "texture": "#3", "cullface": "north"},
				"south": {"uv": [0, 0, 1, 16], "texture": "#3", "cullface": "west"},
				"west": {"uv": [0, 0, 1, 16], "texture": "#3", "cullface": "west"},
				"up": {"uv": [0, 0, 1, 1], "texture": "#3", "cullface": "up"},
				"down": {"uv": [0, 0, 1, 1], "texture": "#3", "cullface": "down"}
			}
		},
		{
			"name": "frame",
			"from": [0, 0, 15],
			"to": [1, 16, 16],
			"faces": {
				"north": {"uv": [0, 0, 1, 16], "texture": "#3", "cullface": "west"},
				"east": {"uv": [0, 0, 1, 16], "texture": "#3", "cullface": "south"},
				"south": {"uv": [0, 0, 1, 16], "texture": "#3", "cullface": "south"},
				"west": {"uv": [0, 0, 1, 16], "texture": "#3", "cullface": "west"},
				"up": {"uv": [0, 0, 1, 1], "texture": "#3", "cullface": "up"},
				"down": {"uv": [0, 0, 1, 1], "texture": "#3", "cullface": "down"}
			}
		},
		{
			"name": "frame",
			"from": [15, 0, 0],
			"to": [16, 16, 1],
			"faces": {
				"north": {"uv": [0, 0, 1, 16], "texture": "#3", "cullface": "north"},
				"east": {"uv": [0, 0, 1, 16], "texture": "#3", "cullface": "east"},
				"south": {"uv": [0, 0, 1, 16], "texture": "#3", "cullface": "east"},
				"west": {"uv": [0, 0, 1, 16], "texture": "#3", "cullface": "north"},
				"up": {"uv": [0, 0, 1, 1], "texture": "#3", "cullface": "up"},
				"down": {"uv": [0, 0, 1, 1], "texture": "#3", "cullface": "down"}
			}
		},
		{
			"name": "frame",
			"from": [15, 0, 15],
			"to": [16, 16, 16],
			"faces": {
				"north": {"uv": [0, 0, 1, 16], "texture": "#3", "cullface": "east"},
				"east": {"uv": [0, 0, 1, 16], "texture": "#3", "cullface": "east"},
				"south": {"uv": [0, 0, 1, 16], "texture": "#3", "cullface": "south"},
				"west": {"uv": [0, 0, 1, 16], "texture": "#3", "cullface": "south"},
				"up": {"uv": [0, 0, 1, 1], "texture": "#3", "cullface": "up"},
				"down": {"uv": [0, 0, 1, 1], "texture": "#3", "cullface": "down"}
			}
		},
		{
			"name": "frame",
			"from": [1, 0, 15],
			"to": [15, 1, 16],
			"faces": {
				"north": {"uv": [0, 0, 1, 16], "rotation": 90, "texture": "#3", "cullface": "down"},
				"south": {"uv": [0, 0, 1, 16], "rotation": 90, "texture": "#3", "cullface": "south"},
				"up": {"uv": [0, 0, 1, 14], "rotation": 90, "texture": "#3", "cullface": "south"},
				"down": {"uv": [0, 0, 1, 14], "rotation": 90, "texture": "#3", "cullface": "down"}
			}
		},
		{
			"name": "frame",
			"from": [1, 0, 0],
			"to": [15, 1, 1],
			"faces": {
				"north": {"uv": [0, 0, 1, 16], "rotation": 90, "texture": "#3", "cullface": "north"},
				"south": {"uv": [0, 0, 1, 16], "rotation": 90, "texture": "#3", "cullface": "down"},
				"up": {"uv": [0, 0, 1, 14], "rotation": 90, "texture": "#3", "cullface": "north"},
				"down": {"uv": [0, 0, 1, 14], "rotation": 90, "texture": "#3", "cullface": "down"}
			}
		},
		{
			"name": "frame",
			"from": [1, 15, 15],
			"to": [15, 16, 16],
			"faces": {
				"north": {"uv": [0, 0, 1, 16], "rotation": 90, "texture": "#3", "cullface": "up"},
				"south": {"uv": [0, 0, 1, 16], "rotation": 90, "texture": "#3", "cullface": "south"},
				"up": {"uv": [0, 0, 1, 14], "rotation": 90, "texture": "#3", "cullface": "up"},
				"down": {"uv": [0, 0, 1, 14], "rotation": 90, "texture": "#3", "cullface": "south"}
			}
		},
		{
			"name": "frame",
			"from": [1, 15, 0],
			"to": [15, 16, 1],
			"faces": {
				"north": {"uv": [0, 0, 1, 16], "rotation": 90, "texture": "#3", "cullface": "north"},
				"south": {"uv": [0, 0, 1, 16], "rotation": 90, "texture": "#3", "cullface": "up"},
				"up": {"uv": [0, 0, 1, 14], "rotation": 90, "texture": "#3", "cullface": "up"},
				"down": {"uv": [0, 0, 1, 14], "rotation": 90, "texture": "#3", "cullface": "north"}
			}
		},
		{
			"name": "frame",
			"from": [0, 15, 1],
			"to": [1, 16, 15],
			"faces": {
				"east": {"uv": [0, 1, 1, 15], "rotation": 90, "texture": "#3", "cullface": "up"},
				"west": {"uv": [0, 1, 1, 14], "rotation": 90, "texture": "#3", "cullface": "west"},
				"up": {"uv": [0, 1, 1, 14], "texture": "#3", "cullface": "up"},
				"down": {"uv": [0, 1, 1, 15], "texture": "#3", "cullface": "west"}
			}
		},
		{
			"name": "frame",
			"from": [15, 15, 1],
			"to": [16, 16, 15],
			"faces": {
				"east": {"uv": [0, 1, 1, 15], "rotation": 90, "texture": "#3", "cullface": "east"},
				"west": {"uv": [0, 1, 1, 14], "rotation": 90, "texture": "#3", "cullface": "up"},
				"up": {"uv": [0, 1, 1, 14], "texture": "#3", "cullface": "up"},
				"down": {"uv": [0, 1, 1, 15], "texture": "#3", "cullface": "east"}
			}
		},
		{
			"name": "frame",
			"from": [0, 0, 1],
			"to": [1, 1, 15],
			"faces": {
				"east": {"uv": [0, 1, 1, 15], "rotation": 90, "texture": "#3", "cullface": "down"},
				"west": {"uv": [0, 1, 1, 14], "rotation": 90, "texture": "#3", "cullface": "west"},
				"up": {"uv": [0, 1, 1, 14], "texture": "#3", "cullface": "west"},
				"down": {"uv": [0, 1, 1, 15], "texture": "#3", "cullface": "down"}
			}
		},
		{
			"name": "frame",
			"from": [15, 0, 1],
			"to": [16, 1, 15],
			"faces": {
				"east": {"uv": [0, 1, 1, 15], "rotation": 90, "texture": "#3", "cullface": "east"},
				"west": {"uv": [0, 1, 1, 14], "rotation": 90, "texture": "#3", "cullface": "down"},
				"up": {"uv": [0, 1, 1, 14], "texture": "#3", "cullface": "east"},
				"down": {"uv": [0, 1, 1, 15], "texture": "#3", "cullface": "down"}
			}
		},
		{
			"name": "pencil",
			"from": [5, 15.5, 9],
			"to": [8, 16.5, 10],
			"rotation": {"angle": 22.5, "axis": "y", "origin": [8, 8, 8]},
			"faces": {
				"north": {"uv": [0, 0, 3, 1], "texture": "#8", "cullface": "up"},
				"east": {"uv": [0, 0, 1, 1], "texture": "#8", "cullface": "up"},
				"south": {"uv": [0, 0, 3, 1], "texture": "#8", "cullface": "up"},
				"up": {"uv": [4, 0, 5, 3], "rotation": 270, "texture": "#8", "cullface": "up"}
			}
		},
		{
			"name": "pencil",
			"from": [7.85, 15.55, 9.05],
			"to": [8.1, 16.45, 9.95],
			"rotation": {"angle": 22.5, "axis": "y", "origin": [8, 8, 8]},
			"faces": {
				"north": {"uv": [4, 0, 7, 0.5], "texture": "#4", "cullface": "up"},
				"east": {"uv": [4, 0, 4.5, 0.5], "texture": "#4", "cullface": "up"},
				"south": {"uv": [4, 0, 7, 0.5], "texture": "#4", "cullface": "up"},
				"up": {"uv": [4, 0, 4.5, 3], "rotation": 270, "texture": "#4", "cullface": "up"},
				"down": {"uv": [4, 0, 4.5, 3], "rotation": 90, "texture": "#4", "cullface": "up"}
			}
		},
		{
			"name": "pencil",
			"from": [7.95, 15.6, 9.1],
			"to": [8.2, 16.4, 9.9],
			"rotation": {"angle": 22.5, "axis": "y", "origin": [8, 8, 8]},
			"faces": {
				"north": {"uv": [4, 0, 7, 0.5], "texture": "#4", "cullface": "up"},
				"east": {"uv": [4, 0, 4.5, 0.5], "texture": "#4", "cullface": "up"},
				"south": {"uv": [4, 0, 7, 0.5], "texture": "#4", "cullface": "up"},
				"up": {"uv": [4, 0, 4.5, 3], "rotation": 270, "texture": "#4", "cullface": "up"},
				"down": {"uv": [4, 0, 4.5, 3], "rotation": 90, "texture": "#4", "cullface": "up"}
			}
		},
		{
			"name": "pencil",
			"from": [8.05, 15.65, 9.15],
			"to": [8.3, 16.35, 9.85],
			"rotation": {"angle": 22.5, "axis": "y", "origin": [8, 8, 8]},
			"faces": {
				"north": {"uv": [4, 0, 7, 0.5], "texture": "#4", "cullface": "up"},
				"east": {"uv": [4, 0, 4.5, 0.5], "texture": "#4", "cullface": "up"},
				"south": {"uv": [4, 0, 7, 0.5], "texture": "#4", "cullface": "up"},
				"up": {"uv": [4, 0, 4.5, 3], "rotation": 270, "texture": "#4", "cullface": "up"},
				"down": {"uv": [4, 0, 4.5, 3], "rotation": 90, "texture": "#4", "cullface": "up"}
			}
		},
		{
			"name": "pencil",
			"from": [8.15, 15.7, 9.2],
			"to": [8.4, 16.3, 9.8],
			"rotation": {"angle": 22.5, "axis": "y", "origin": [8, 8, 8]},
			"faces": {
				"north": {"uv": [4, 0, 7, 0.5], "texture": "#4", "cullface": "up"},
				"east": {"uv": [4, 0, 4.5, 0.5], "texture": "#4", "cullface": "up"},
				"south": {"uv": [4, 0, 7, 0.5], "texture": "#4", "cullface": "up"},
				"up": {"uv": [4, 0, 4.5, 3], "rotation": 270, "texture": "#4", "cullface": "up"},
				"down": {"uv": [4, 0, 4.5, 3], "rotation": 90, "texture": "#4", "cullface": "up"}
			}
		},
		{
			"name": "pencil",
			"from": [8.25, 15.75, 9.25],
			"to": [8.5, 16.25, 9.75],
			"rotation": {"angle": 22.5, "axis": "y", "origin": [8, 8, 8]},
			"faces": {
				"north": {"uv": [4, 0, 7, 0.5], "texture": "#4", "cullface": "up"},
				"east": {"uv": [4, 0, 4.5, 0.5], "texture": "#4", "cullface": "up"},
				"south": {"uv": [4, 0, 7, 0.5], "texture": "#4", "cullface": "up"},
				"up": {"uv": [4, 0, 4.5, 3], "rotation": 270, "texture": "#4", "cullface": "up"},
				"down": {"uv": [4, 0, 4.5, 3], "rotation": 90, "texture": "#4", "cullface": "up"}
			}
		},
		{
			"name": "pencil",
			"from": [8.35, 15.8, 9.3],
			"to": [8.6, 16.2, 9.7],
			"rotation": {"angle": 22.5, "axis": "y", "origin": [8, 8, 8]},
			"faces": {
				"north": {"uv": [4, 0, 7, 0.5], "texture": "#4", "cullface": "up"},
				"east": {"uv": [4, 0, 4.5, 0.5], "texture": "#4", "cullface": "up"},
				"south": {"uv": [4, 0, 7, 0.5], "texture": "#4", "cullface": "up"},
				"up": {"uv": [4, 0, 4.5, 3], "rotation": 270, "texture": "#4", "cullface": "up"},
				"down": {"uv": [4, 0, 4.5, 3], "rotation": 90, "texture": "#4", "cullface": "up"}
			}
		},
		{
			"name": "pencil",
			"from": [8.55, 15.85, 9.35],
			"to": [8.8, 16.15, 9.65],
			"rotation": {"angle": 22.5, "axis": "y", "origin": [8, 8, 8]},
			"faces": {
				"north": {"uv": [4, 0, 4.5, 0.5], "texture": "#5", "cullface": "up"},
				"east": {"uv": [4, 0, 4.5, 0.5], "texture": "#5", "cullface": "up"},
				"south": {"uv": [4, 0, 4.5, 0.5], "texture": "#5", "cullface": "up"},
				"up": {"uv": [4, 0, 4.5, 0.5], "rotation": 270, "texture": "#5", "cullface": "up"},
				"down": {"uv": [4, 0, 4.5, 0.5], "rotation": 90, "texture": "#5", "cullface": "up"}
			}
		},
		{
			"name": "pencil",
			"from": [4.5, 15.5, 9],
			"to": [5, 16.5, 10],
			"rotation": {"angle": 22.5, "axis": "y", "origin": [8, 8, 8]},
			"faces": {
				"north": {"uv": [3, 1, 4, 1.5], "texture": "#9", "cullface": "up"},
				"south": {"uv": [3, 1, 4, 1.5], "texture": "#9", "cullface": "up"},
				"up": {"uv": [3, 1, 4, 1.5], "rotation": 270, "texture": "#9", "cullface": "up"}
			}
		},
		{
			"name": "pencil",
			"from": [4, 15.5, 9],
			"to": [4.5, 16.5, 10],
			"rotation": {"angle": 22.5, "axis": "y", "origin": [8, 8, 8]},
			"faces": {
				"north": {"uv": [3, 1, 4, 1.5], "texture": "#10", "cullface": "up"},
				"south": {"uv": [3, 1, 4, 1.5], "texture": "#10", "cullface": "up"},
				"west": {"uv": [3, 1, 4, 1.5], "texture": "#10", "cullface": "up"},
				"up": {"uv": [3, 1, 4, 1.5], "rotation": 270, "texture": "#10", "cullface": "up"}
			}
		},
		{
			"name": "pliers",
			"from": [15.25, 9, 4],
			"to": [16.25, 10, 5],
			"faces": {
				"north": {"uv": [4, 7, 5, 8], "texture": "#1", "cullface": "east"},
				"east": {"uv": [4, 7, 5, 8], "texture": "#1", "cullface": "east"},
				"south": {"uv": [4, 7, 5, 8], "texture": "#1", "cullface": "east"},
				"up": {"uv": [4, 7, 5, 8], "texture": "#1", "cullface": "east"},
				"down": {"uv": [4, 7, 5, 8], "texture": "#1", "cullface": "east"}
			}
		},
		{
			"name": "pliers",
			"from": [15.25, 10, 3],
			"to": [16.25, 12, 4],
			"faces": {
				"north": {"uv": [3, 5, 4, 7], "texture": "#1", "cullface": "east"},
				"east": {"uv": [3, 5, 4, 7], "texture": "#1", "cullface": "east"},
				"south": {"uv": [3, 5, 4, 7], "texture": "#1", "cullface": "east"},
				"up": {"uv": [3, 5, 4, 6], "texture": "#1", "cullface": "east"},
				"down": {"uv": [3, 5, 4, 6], "texture": "#1", "cullface": "east"}
			}
		},
		{
			"name": "pliers",
			"from": [15.25, 10, 5],
			"to": [16.25, 12, 6],
			"faces": {
				"north": {"uv": [3, 5, 4, 7], "texture": "#1", "cullface": "east"},
				"east": {"uv": [3, 5, 4, 7], "texture": "#1", "cullface": "east"},
				"south": {"uv": [3, 5, 4, 7], "texture": "#1", "cullface": "east"},
				"up": {"uv": [3, 5, 4, 6], "texture": "#1", "cullface": "east"},
				"down": {"uv": [3, 5, 4, 6], "texture": "#1", "cullface": "east"}
			}
		},
		{
			"name": "pliers",
			"from": [15.25, 7, 5],
			"to": [16.25, 9, 6],
			"faces": {
				"north": {"uv": [5, 8, 6, 10], "texture": "#1", "cullface": "east"},
				"east": {"uv": [5, 8, 6, 10], "texture": "#1", "cullface": "east"},
				"south": {"uv": [5, 8, 6, 10], "texture": "#1", "cullface": "east"},
				"up": {"uv": [5, 8, 6, 9], "texture": "#1", "cullface": "east"},
				"down": {"uv": [5, 9, 6, 10], "texture": "#1", "cullface": "east"}
			}
		},
		{
			"name": "pliers",
			"from": [15.25, 7, 3],
			"to": [16.25, 9, 4],
			"faces": {
				"north": {"uv": [5, 8, 6, 10], "texture": "#1", "cullface": "east"},
				"east": {"uv": [5, 8, 6, 10], "texture": "#1", "cullface": "east"},
				"south": {"uv": [5, 8, 6, 10], "texture": "#1", "cullface": "east"},
				"up": {"uv": [5, 8, 6, 9], "texture": "#1", "cullface": "east"},
				"down": {"uv": [5, 9, 6, 10], "texture": "#1", "cullface": "east"}
			}
		},
		{
			"name": "file",
			"from": [-0.25, 10, 11],
			"to": [0.75, 13, 12],
			"faces": {
				"north": {"uv": [3, 5, 4, 8], "texture": "#0", "cullface": "west"},
				"south": {"uv": [3, 5, 4, 8], "texture": "#0", "cullface": "west"},
				"west": {"uv": [3, 5, 4, 8], "texture": "#0", "cullface": "west"},
				"up": {"uv": [3, 5, 4, 6], "texture": "#0", "cullface": "west"},
				"down": {"uv": [3, 8, 4, 9], "texture": "#0", "cullface": "west"}
			}
		},
		{
			"name": "file",
			"from": [0, 5, 11],
			"to": [0.5, 10, 12],
			"faces": {
				"north": {"uv": [13, 6, 13.5, 11], "texture": "#0", "cullface": "west"},
				"south": {"uv": [13, 6, 13.5, 11], "texture": "#0", "cullface": "west"},
				"west": {"uv": [13, 6, 14, 11], "texture": "#0", "cullface": "west"},
				"down": {"uv": [13, 10, 13.5, 11], "texture": "#0", "cullface": "west"}
			}
		},
		{
			"name": "saw",
			"from": [15.25, 11, 12],
			"to": [16.25, 12, 13],
			"faces": {
				"north": {"uv": [11, 5, 14, 6], "texture": "#0", "cullface": "east"},
				"east": {"uv": [11, 5, 14, 6], "texture": "#0", "cullface": "east"},
				"south": {"uv": [11, 5, 14, 6], "texture": "#0", "cullface": "east"}
			}
		},
		{
			"name": "saw",
			"from": [15.25, 12, 10],
			"to": [16.25, 13, 13],
			"faces": {
				"north": {"uv": [11, 3, 14, 4], "texture": "#0", "cullface": "east"},
				"east": {"uv": [11, 3, 14, 4], "texture": "#0", "cullface": "east"},
				"south": {"uv": [11, 3, 14, 4], "texture": "#0", "cullface": "east"},
				"up": {"uv": [11, 3, 14, 4], "texture": "#0", "cullface": "east"},
				"down": {"uv": [11, 3, 14, 4], "texture": "#0", "cullface": "east"}
			}
		},
		{
			"name": "saw",
			"from": [15.25, 10, 10],
			"to": [16.25, 11, 13],
			"faces": {
				"north": {"uv": [11, 5, 14, 6], "texture": "#0", "cullface": "east"},
				"east": {"uv": [11, 5, 14, 6], "texture": "#0", "cullface": "east"},
				"south": {"uv": [11, 5, 14, 6], "texture": "#0", "cullface": "east"},
				"up": {"uv": [11, 5, 14, 6], "texture": "#0", "cullface": "east"},
				"down": {"uv": [11, 5, 14, 6], "texture": "#0", "cullface": "east"}
			}
		},
		{
			"name": "saw",
			"from": [15.5, 7, 10],
			"to": [16, 10, 13],
			"faces": {
				"north": {"uv": [13, 6, 13.5, 9], "texture": "#0", "cullface": "east"},
				"east": {"uv": [11, 6, 14, 9], "texture": "#0", "cullface": "east"},
				"south": {"uv": [11, 6, 11.5, 9], "texture": "#0", "cullface": "east"},
				"down": {"uv": [11, 8, 14, 9], "rotation": 90, "texture": "#0", "cullface": "east"}
			}
		},
		{
			"name": "saw",
			"from": [15.5, 5, 10],
			"to": [16, 7, 12],
			"faces": {
				"north": {"uv": [13, 9, 13.5, 11], "texture": "#0", "cullface": "east"},
				"east": {"uv": [12, 9, 14, 11], "texture": "#0", "cullface": "east"},
				"south": {"uv": [12, 9, 12.5, 11], "texture": "#0", "cullface": "east"},
				"down": {"uv": [12, 10, 14, 10.5], "rotation": 90, "texture": "#0", "cullface": "east"}
			}
		},
		{
			"name": "saw",
			"from": [15.5, 3, 10],
			"to": [16, 5, 11],
			"faces": {
				"north": {"uv": [13, 11, 13.5, 13], "texture": "#0", "cullface": "east"},
				"east": {"uv": [13, 11, 14, 13], "texture": "#0", "cullface": "east"},
				"south": {"uv": [13, 11, 13.5, 13], "texture": "#0", "cullface": "east"},
				"down": {"uv": [13, 12, 14, 12.5], "rotation": 90, "texture": "#0", "cullface": "east"}
			}
		},
		{
			"name": "saw",
			"from": [15.25, 11, 10],
			"to": [16.25, 12, 11],
			"faces": {
				"north": {"uv": [11, 5, 14, 6], "texture": "#0", "cullface": "east"},
				"east": {"uv": [11, 5, 14, 6], "texture": "#0", "cullface": "east"},
				"south": {"uv": [11, 5, 14, 6], "texture": "#0", "cullface": "east"}
			}
		},
		{
			"name": "drawer",
			"from": [2, 1.5, 0],
			"to": [6, 3.5, 1],
			"faces": {
				"north": {"uv": [0, 0, 4, 2], "texture": "#6", "cullface": "north"},
				"east": {"uv": [0, 0, 4, 2], "texture": "#6", "cullface": "north"},
				"west": {"uv": [0, 0, 4, 2], "texture": "#6", "cullface": "north"},
				"up": {"uv": [0, 0, 4, 2], "texture": "#6", "cullface": "north"},
				"down": {"uv": [0, 0, 4, 2], "texture": "#6", "cullface": "north"}
			}
		},
		{
			"name": "drawer",
			"from": [2, 5.5, 0],
			"to": [6, 7.5, 1],
			"faces": {
				"north": {"uv": [0, 0, 4, 2], "texture": "#6", "cullface": "north"},
				"east": {"uv": [0, 0, 4, 2], "texture": "#6", "cullface": "north"},
				"west": {"uv": [0, 0, 4, 2], "texture": "#6", "cullface": "north"},
				"up": {"uv": [0, 0, 4, 2], "texture": "#6", "cullface": "north"},
				"down": {"uv": [0, 0, 4, 2], "texture": "#6", "cullface": "north"}
			}
		},
		{
			"name": "drawer",
			"from": [2, 9.5, 0],
			"to": [6, 11.5, 1],
			"faces": {
				"north": {"uv": [0, 0, 4, 2], "texture": "#6", "cullface": "north"},
				"east": {"uv": [0, 0, 4, 2], "texture": "#6", "cullface": "north"},
				"west": {"uv": [0, 0, 4, 2], "texture": "#6", "cullface": "north"},
				"up": {"uv": [0, 0, 4, 2], "texture": "#6", "cullface": "north"},
				"down": {"uv": [0, 0, 4, 2], "texture": "#6", "cullface": "north"}
			}
		},
		{
			"name": "drawer",
			"from": [3, 2.5, -0.5],
			"to": [5, 3, 0.5],
			"faces": {
				"north": {"uv": [1, 0, 3, 0.5], "texture": "#5", "cullface": "north"},
				"east": {"uv": [1, 0, 3, 0.5], "texture": "#5", "cullface": "north"},
				"west": {"uv": [1, 0, 3, 0.5], "texture": "#5", "cullface": "north"},
				"up": {"uv": [1, 0, 3, 0.5], "texture": "#5", "cullface": "north"},
				"down": {"uv": [1, 0, 3, 0.5], "texture": "#5", "cullface": "north"}
			}
		},
		{
			"name": "drawer",
			"from": [3, 6.5, -0.5],
			"to": [5, 7, 0.5],
			"faces": {
				"north": {"uv": [1, 0, 3, 0.5], "texture": "#5", "cullface": "north"},
				"east": {"uv": [1, 0, 3, 0.5], "texture": "#5", "cullface": "north"},
				"west": {"uv": [1, 0, 3, 0.5], "texture": "#5", "cullface": "north"},
				"up": {"uv": [1, 0, 3, 0.5], "texture": "#5", "cullface": "north"},
				"down": {"uv": [1, 0, 3, 0.5], "texture": "#5", "cullface": "north"}
			}
		},
		{
			"name": "drawer",
			"from": [3, 10.5, -0.5],
			"to": [5, 11, 0.5],
			"faces": {
				"north": {"uv": [1, 0, 3, 0.5], "texture": "#5", "cullface": "north"},
				"east": {"uv": [1, 0, 3, 0.5], "texture": "#5", "cullface": "north"},
				"west": {"uv": [1, 0, 3, 0.5], "texture": "#5", "cullface": "north"},
				"up": {"uv": [1, 0, 3, 0.5], "texture": "#5", "cullface": "north"},
				"down": {"uv": [1, 0, 3, 0.5], "texture": "#5", "cullface": "north"}
			}
		},
		{
			"name": "hammer",
			"from": [-0.75, 4, 3],
			"to": [1.25, 6, 6],
			"faces": {
				"north": {"uv": [2, 9, 4, 11], "texture": "#0", "cullface": "west"},
				"south": {"uv": [3, 9, 5, 11], "texture": "#0", "cullface": "west"},
				"west": {"uv": [2, 9, 5, 11], "texture": "#0", "cullface": "west"},
				"up": {"uv": [2, 9, 5, 11], "rotation": 270, "texture": "#0", "cullface": "west"},
				"down": {"uv": [2, 9, 5, 11], "rotation": 90, "texture": "#0", "cullface": "west"}
			}
		},
		{
			"name": "hammer",
			"from": [-0.25, 6, 4],
			"to": [0.75, 10, 5],
			"faces": {
				"north": {"uv": [3, 5, 4, 9], "texture": "#0", "cullface": "west"},
				"south": {"uv": [3, 5, 4, 9], "texture": "#0", "cullface": "west"},
				"west": {"uv": [3, 5, 4, 9], "texture": "#0", "cullface": "west"},
				"up": {"uv": [3, 5, 4, 6], "rotation": 270, "texture": "#0", "cullface": "west"}
			}
		}
	],
	"groups": [
		{
			"name": "Body",
			"origin": [8, 8, 8],
			"children": [0, 1, 2, 3, 4]
		},
		{
			"name": "Frame",
			"origin": [8, 8, 8],
			"children": [5, 6, 7, 8, 9, 10, 11, 12, 13, 14, 15, 16]
		},
		{
			"name": "Pencil",
			"origin": [8, 8, 8],
			"children": [17, 18, 19, 20, 21, 22, 23, 24, 25, 26]
		},
		{
			"name": "Pliers",
			"origin": [8, 8, 8],
			"children": [27, 28, 29, 30, 31]
		},
		{
			"name": "File",
			"origin": [8, 8, 8],
			"children": [32, 33]
		},
		{
			"name": "Saw",
			"origin": [8, 8, 8],
			"children": [34, 35, 36, 37, 38, 39, 40]
		},
		{
			"name": "Drawers",
			"origin": [8, 8, 8],
			"children": [41, 42, 43, 44, 45, 46]
		},
		{
			"name": "Hammer",
			"origin": [8, 8, 8],
			"children": [47, 48]
		}
	]
}