{
    "multipart": [
        {   "apply": { "model": "fences/birch/birch_fence_post" }},
		
        {   "when": { "north": "true" },
            "apply": { "model": "fences/birch/birch_fence_side" }
        },
        {   "when": { "east": "true" },
            "apply": { "model": "fences/birch/birch_fence_side", "y": 90 }
        },
        {   "when": { "south": "true" },
            "apply": { "model": "fences/birch/birch_fence_side", "y": 180 }
        },
        {   "when": { "west": "true" },
            "apply": { "model": "fences/birch/birch_fence_side", "y": 270 }
        },
		
		{	"when": { "north": "false", "south": "true" },
			"apply": { "model": "fences/birch/birch_fence_cap" }
		},
		{	"when": { "east": "false", "west": "true" },
			"apply": { "model": "fences/birch/birch_fence_cap", "y": 90 }
		},
		{	"when": { "south": "false", "north": "true" },
			"apply": { "model": "fences/birch/birch_fence_cap", "y": 180 }
		},
		{	"when": { "west": "false", "east": "true" },
			"apply": { "model": "fences/birch/birch_fence_cap", "y": 270 }
		}
		
    ]
}