{
	"credit": "Made by playtrix using Blockbench",
	"ambientocclusion": false,
	"textures": {
		"0": "#crop",
		"particle": "#crop"
	},
	"elements": [
		{
			"from": [4.5, -1, 2],
			"to": [20.5, 15, 2],
			"rotation": {"angle": 45, "axis": "y", "origin": [13, 8, 4]},
			"shade": false,
			"faces": {
				"north": {"uv": [16, 0, 0, 16], "texture": "#0"},
				"south": {"uv": [0, 0, 16, 16], "texture": "#0"}
			}
		},
		{
			"from": [12.5, -1, -6],
			"to": [12.5, 15, 10],
			"rotation": {"angle": 45, "axis": "y", "origin": [13, 8, 4]},
			"shade": false,
			"faces": {
				"east": {"uv": [0, 0, 16, 16], "texture": "#0"},
				"west": {"uv": [16, 0, 0, 16], "texture": "#0"}
			}
		}
	]
}