{
	"credit": "Made by TheWaschtlPlays using Blockbench",
	"textures": {
		"0": "blocks/bookshelf",
		"particle": "blocks/bookshelf"
	},
	"elements": [
		{
			"from": [12, 9, 0.25],
			"to": [14, 13, 1],
			"faces": {
				"north": {"uv": [13, 11, 15, 15], "texture": "#0", "cullface": "north"},
				"east": {"uv": [13, 11, 13.75, 15], "texture": "#0", "cullface": "north"},
				"west": {"uv": [14, 11, 14.75, 15], "texture": "#0", "cullface": "north"},
				"up": {"uv": [13, 11, 15, 11.75], "rotation": 180, "texture": "#0", "cullface": "north"}
			}
		}
	],
	"groups": [
		{
			"name": "bottom",
			"origin": [8, 8, 8],
			"children": [
				{
					"name": "1314",
					"origin": [8, 8, 8],
					"children": [0]
				}
			]
		}
	]
}