{
	"credit": "Made by TheWaschtlPlays using Blockbench",
	"textures": {
		"1": "block/iron_bars",
		"particle": "#texture",
		"cauldron_side": "block/cauldron_side"
	},
	"elements": [
		{
			"name": "Cube",
			"from": [1, 2, 7],
			"to": [3, 12, 9],
			"faces": {
				"north": {"uv": [7, 6, 9, 16], "texture": "#texture"},
				"east": {"uv": [7, 6, 9, 16], "texture": "#texture"},
				"south": {"uv": [7, 6, 9, 16], "texture": "#texture"},
				"west": {"uv": [7, 6, 9, 16], "texture": "#texture"},
				"up": {"uv": [7, 6, 9, 8], "texture": "#texture"},
				"down": {"uv": [7, 14, 9, 16], "texture": "#texture"}
			}
		},
		{
			"name": "Cube",
			"from": [0.75, 3.25, 6.75],
			"to": [3.25, 4.25, 9.25],
			"faces": {
				"north": {"uv": [10, 12, 12, 13], "texture": "#1"},
				"east": {"uv": [7, 12, 9, 13], "texture": "#1"},
				"south": {"uv": [10, 12, 12, 13], "texture": "#1"},
				"west": {"uv": [12, 12, 14, 13], "texture": "#1"},
				"up": {"uv": [11, 12, 13, 14], "texture": "#1"},
				"down": {"uv": [12, 12, 14, 14], "texture": "#1"}
			}
		},
		{
			"name": "Cube",
			"from": [0.75, 7.25, 6.75],
			"to": [3.25, 8.25, 9.25],
			"faces": {
				"north": {"uv": [10, 12, 12, 13], "texture": "#1"},
				"east": {"uv": [7, 12, 9, 13], "texture": "#1"},
				"south": {"uv": [10, 12, 12, 13], "texture": "#1"},
				"west": {"uv": [12, 12, 14, 13], "texture": "#1"},
				"up": {"uv": [11, 12, 13, 14], "texture": "#1"},
				"down": {"uv": [12, 12, 14, 14], "texture": "#1"}
			}
		},
		{
			"name": "Cube",
			"from": [0.15, 7.4, 7.625],
			"to": [0.775, 8.15, 8.375],
			"faces": {
				"north": {"uv": [10, 12, 11, 13], "texture": "#1"},
				"south": {"uv": [10, 12, 11, 13], "texture": "#1"},
				"up": {"uv": [11, 12, 12, 13], "texture": "#1"},
				"down": {"uv": [12, 12, 13, 13], "texture": "#1"}
			}
		},
		{
			"name": "Cube",
			"from": [0.15, 3.4, 7.625],
			"to": [0.775, 4.15, 8.375],
			"faces": {
				"north": {"uv": [10, 12, 11, 13], "texture": "#1"},
				"south": {"uv": [10, 12, 11, 13], "texture": "#1"},
				"up": {"uv": [11, 12, 12, 13], "texture": "#1"},
				"down": {"uv": [12, 12, 13, 13], "texture": "#1"}
			}
		},
		{
			"name": "Cube",
			"from": [0, 3.25, 6.5],
			"to": [0.15, 4.25, 9.5],
			"faces": {
				"north": {"uv": [9, 13, 9.15, 14], "texture": "#1"},
				"east": {"uv": [8, 13, 11, 14], "texture": "#1"},
				"south": {"uv": [11, 13, 11.15, 14], "texture": "#1"},
				"up": {"uv": [8, 6, 8.15, 9], "texture": "#1"},
				"down": {"uv": [8, 6, 8.15, 9], "texture": "#1"}
			}
		},
		{
			"name": "Cube",
			"from": [0, 7.25, 6.5],
			"to": [0.15, 8.25, 9.5],
			"faces": {
				"north": {"uv": [9, 13, 9.15, 14], "texture": "#1"},
				"east": {"uv": [8, 13, 11, 14], "texture": "#1"},
				"south": {"uv": [11, 13, 11.15, 14], "texture": "#1"},
				"up": {"uv": [8, 6, 8.15, 9], "texture": "#1"},
				"down": {"uv": [8, 6, 8.15, 9], "texture": "#1"}
			}
		},
		{
			"name": "Cube",
			"from": [0.05, 3.625, 6.9],
			"to": [0.3, 3.875, 7.15],
			"faces": {
				"north": {"uv": [0, 0, 3, 3], "texture": "#cauldron_side"},
				"east": {"uv": [0, 0, 3, 3], "texture": "#cauldron_side"},
				"south": {"uv": [0, 0, 3, 3], "texture": "#cauldron_side"},
				"up": {"uv": [0, 0, 3, 3], "texture": "#cauldron_side"},
				"down": {"uv": [0, 0, 3, 3], "texture": "#cauldron_side"}
			}
		},
		{
			"name": "Cube",
			"from": [0.05, 7.625, 6.9],
			"to": [0.3, 7.875, 7.15],
			"faces": {
				"north": {"uv": [0, 0, 3, 3], "texture": "#cauldron_side"},
				"east": {"uv": [0, 0, 3, 3], "texture": "#cauldron_side"},
				"south": {"uv": [0, 0, 3, 3], "texture": "#cauldron_side"},
				"up": {"uv": [0, 0, 3, 3], "texture": "#cauldron_side"},
				"down": {"uv": [0, 0, 3, 3], "texture": "#cauldron_side"}
			}
		},
		{
			"name": "Cube",
			"from": [0.05, 3.625, 8.8],
			"to": [0.3, 3.875, 9.05],
			"faces": {
				"north": {"uv": [0, 0, 3, 3], "texture": "#cauldron_side"},
				"east": {"uv": [0, 0, 3, 3], "texture": "#cauldron_side"},
				"south": {"uv": [0, 0, 3, 3], "texture": "#cauldron_side"},
				"up": {"uv": [0, 0, 3, 3], "texture": "#cauldron_side"},
				"down": {"uv": [0, 0, 3, 3], "texture": "#cauldron_side"}
			}
		},
		{
			"name": "Cube",
			"from": [0.05, 7.625, 8.8],
			"to": [0.3, 7.875, 9.05],
			"faces": {
				"north": {"uv": [0, 0, 3, 3], "texture": "#cauldron_side"},
				"east": {"uv": [0, 0, 3, 3], "texture": "#cauldron_side"},
				"south": {"uv": [0, 0, 3, 3], "texture": "#cauldron_side"},
				"up": {"uv": [0, 0, 3, 3], "texture": "#cauldron_side"},
				"down": {"uv": [0, 0, 3, 3], "texture": "#cauldron_side"}
			}
		},
		{
			"from": [0.75, 9.75, 6.75],
			"to": [3.25, 12.25, 9.25],
			"faces": {
				"north": {"uv": [7, 6, 9, 8], "texture": "#texture"},
				"east": {"uv": [7, 6, 9, 8], "texture": "#texture"},
				"south": {"uv": [7, 6, 9, 8], "texture": "#texture"},
				"west": {"uv": [7, 6, 9, 8], "texture": "#texture"},
				"up": {"uv": [7, 6, 9, 8], "texture": "#texture"},
				"down": {"uv": [7, 6, 9, 8], "texture": "#texture"}
			}
		}
	]
}