{
	"credit": "Made by TheWaschtlPlays using Blockbench",
	"textures": {
		"1": "custom_textures/bookshelf_custom",
		"2": "blocks/planks_oak",
		"particle": "blocks/bookshelf"
	},
	"elements": [
		{
			"from": [0, 0, 0],
			"to": [16, 1, 16],
			"faces": {
				"north": {"uv": [0, 15, 16, 16], "texture": "#1", "cullface": "north"},
				"east": {"uv": [0, 15, 16, 16], "texture": "#1", "cullface": "east"},
				"south": {"uv": [0, 15, 16, 16], "texture": "#1", "cullface": "south"},
				"west": {"uv": [0, 15, 16, 16], "texture": "#1", "cullface": "west"},
				"up": {"uv": [0, 0, 16, 16], "texture": "#2"},
				"down": {"uv": [0, 0, 16, 16], "texture": "#2", "cullface": "down"}
			}
		},
		{
			"from": [0, 7, 0],
			"to": [16, 9, 16],
			"faces": {
				"north": {"uv": [0, 7, 16, 9], "texture": "#1", "cullface": "north"},
				"east": {"uv": [0, 7, 16, 9], "texture": "#1", "cullface": "east"},
				"south": {"uv": [0, 7, 16, 9], "texture": "#1", "cullface": "south"},
				"west": {"uv": [0, 7, 16, 9], "texture": "#1", "cullface": "west"},
				"up": {"uv": [0, 0, 16, 16], "texture": "#2"},
				"down": {"uv": [0, 0, 16, 16], "texture": "#2"}
			}
		},
		{
			"from": [0, 15, 0],
			"to": [16, 16, 16],
			"faces": {
				"north": {"uv": [0, 0, 16, 1], "texture": "#1", "cullface": "north"},
				"east": {"uv": [0, 0, 16, 1], "texture": "#1", "cullface": "east"},
				"south": {"uv": [0, 0, 16, 1], "texture": "#1", "cullface": "south"},
				"west": {"uv": [0, 0, 16, 1], "texture": "#1", "cullface": "west"},
				"up": {"uv": [0, 0, 16, 16], "texture": "#2", "cullface": "up"},
				"down": {"uv": [0, 0, 16, 16], "texture": "#2"}
			}
		},
		{
			"from": [0, 1, 15],
			"to": [1, 15, 16],
			"faces": {
				"north": {"uv": [15, 1, 16, 15], "texture": "#1", "cullface": "west"},
				"east": {"uv": [0, 1, 1, 15], "texture": "#1", "cullface": "south"},
				"south": {"uv": [0, 1, 1, 15], "texture": "#1", "cullface": "south"},
				"west": {"uv": [15, 1, 16, 15], "texture": "#1", "cullface": "west"}
			}
		},
		{
			"from": [0, 1, 0],
			"to": [1, 15, 1],
			"faces": {
				"north": {"uv": [15, 1, 16, 15], "texture": "#1", "cullface": "north"},
				"east": {"uv": [15, 1, 16, 15], "texture": "#1", "cullface": "north"},
				"south": {"uv": [0, 1, 1, 15], "texture": "#1", "cullface": "west"},
				"west": {"uv": [0, 1, 1, 15], "texture": "#1", "cullface": "west"}
			}
		},
		{
			"from": [15, 1, 0],
			"to": [16, 15, 1],
			"faces": {
				"north": {"uv": [0, 1, 1, 15], "texture": "#1", "cullface": "north"},
				"east": {"uv": [15, 1, 16, 15], "texture": "#1", "cullface": "east"},
				"south": {"uv": [15, 1, 16, 15], "texture": "#1", "cullface": "east"},
				"west": {"uv": [0, 1, 1, 15], "texture": "#1", "cullface": "north"}
			}
		},
		{
			"from": [15, 1, 15],
			"to": [16, 15, 16],
			"faces": {
				"north": {"uv": [0, 1, 1, 15], "texture": "#1", "cullface": "east"},
				"east": {"uv": [0, 1, 1, 15], "texture": "#1", "cullface": "east"},
				"south": {"uv": [15, 1, 16, 15], "texture": "#1", "cullface": "south"},
				"west": {"uv": [15, 1, 16, 15], "texture": "#1", "cullface": "south"}
			}
		},
		{
			"from": [1, 1, 1],
			"to": [15, 15, 15],
			"faces": {
				"north": {"uv": [1, 1, 15, 15], "texture": "#1", "cullface": "north"},
				"east": {"uv": [1, 1, 15, 15], "texture": "#1", "cullface": "east"},
				"south": {"uv": [1, 1, 15, 15], "texture": "#1", "cullface": "south"},
				"west": {"uv": [1, 1, 15, 15], "texture": "#1", "cullface": "west"}
			}
		}
	],
	"groups": [
		{
			"name": "frame",
			"origin": [8, 8, 8],
			"children": [0, 1, 2, 3, 4, 5, 6, 7]
		}
	]
}