{
	"credit": "Made by TheWaschtlPlays using Blockbench",
	"textures": {
		"particle": "#texture"
	},
	"elements": [
		{
			"name": "Cube",
			"from": [7, 0, 7],
			"to": [9, 10, 9],
			"faces": {
				"north": {"uv": [7, 6, 9, 16], "texture": "#texture"},
				"east": {"uv": [7, 6, 9, 16], "texture": "#texture"},
				"south": {"uv": [7, 6, 9, 16], "texture": "#texture"},
				"west": {"uv": [7, 6, 9, 16], "texture": "#texture"},
				"up": {"uv": [7, 6, 9, 8], "texture": "#texture"},
				"down": {"uv": [7, 14, 9, 16], "texture": "#texture"}
			}
		},
		{
			"from": [6.75, 7.75, 6.75],
			"to": [9.25, 10.25, 9.25],
			"faces": {
				"north": {"uv": [7, 6, 9, 8], "texture": "#texture"},
				"east": {"uv": [7, 6, 9, 8], "texture": "#texture"},
				"south": {"uv": [7, 6, 9, 8], "texture": "#texture"},
				"west": {"uv": [7, 6, 9, 8], "texture": "#texture"},
				"up": {"uv": [7, 6, 9, 8], "texture": "#texture"},
				"down": {"uv": [7, 6, 9, 8], "texture": "#texture"}
			}
		}
	]
}