{
    "variants": {
        "powered=false,shape=north_south":  { "model": "activator_rail_flat" },
        "powered=false,shape=east_west":  { "model": "activator_rail_flat", "y": 90 },
        "powered=false,shape=ascending_east": { "model": "activator_rail_raised_sw", "y": 270 },
        "powered=false,shape=ascending_west": { "model": "activator_rail_raised_sw", "y": 90 },
        "powered=false,shape=ascending_north": { "model": "activator_rail_raised_sw", "y": 180  },
        "powered=false,shape=ascending_south": { "model": "activator_rail_raised_sw" },
        "powered=true,shape=north_south":  { "model": "activator_rail_active_flat" },
        "powered=true,shape=east_west":  { "model": "activator_rail_active_flat", "y": 90 },
        "powered=true,shape=ascending_east": { "model": "activator_rail_active_raised_sw", "y": 270 },
        "powered=true,shape=ascending_west": { "model": "activator_rail_active_raised_sw", "y": 90 },
        "powered=true,shape=ascending_north": { "model": "activator_rail_active_raised_sw", "y": 180  },
        "powered=true,shape=ascending_south": { "model": "activator_rail_active_raised_sw" }
    }
}
