{
	"multipart":[
				{ "apply": [
							{ "model": "ores/diamond_ore/1_1", "y": 0 , "weight":	99	 },
							{ "model": "ores/diamond_ore/1_2", "y": 0 , "weight":	95	 },
							{ "model": "ores/diamond_ore/1_3", "y": 0 , "weight":	97	 },
							{ "model": "_placeholder", "y": 0 , "weight":	59	 }
							]
				},
				{ "apply": [
							{ "model": "ores/diamond_ore/2_1", "y": 0 , "weight":	97	 },
							{ "model": "ores/diamond_ore/2_2", "y": 0 , "weight":	92	 },
							{ "model": "ores/diamond_ore/2_3", "y": 0 , "weight":	98	 }
							]
				},
				{ "apply": [
							{ "model": "ores/diamond_ore/3_1", "y": 0 , "weight":	97	 },
							{ "model": "ores/diamond_ore/3_2", "y": 0 , "weight":	95	 },
							{ "model": "ores/diamond_ore/3_3", "y": 0 , "weight":	93	 }
							]
				},
				{ "apply": [
							{ "model": "ores/diamond_ore/4_1", "y": 0 , "weight":	95	 },
							{ "model": "ores/diamond_ore/4_2", "y": 0 , "weight":	92	 },
							{ "model": "ores/diamond_ore/4_3", "y": 0 , "weight":	99	 },
							{ "model": "_placeholder", "y": 0 , "weight":	51	 }
							]
				},
				{ "apply": [
							{ "model": "ores/diamond_ore/5_1", "y": 0 , "weight":	96	 },
							{ "model": "ores/diamond_ore/5_2", "y": 0 , "weight":	91	 },
							{ "model": "ores/diamond_ore/5_3", "y": 0 , "weight":	98	 },
							{ "model": "_placeholder", "y": 0 , "weight":	54	 }
							]
				},
				{ "apply": [
							{ "model": "ores/diamond_ore/6_1", "y": 0 , "weight":	95	 },
							{ "model": "ores/diamond_ore/6_2", "y": 0 , "weight":	91	 },
							{ "model": "ores/diamond_ore/6_3", "y": 0 , "weight":	98	 }
							]
				},
				{ "apply": [
							{ "model": "ores/diamond_ore/7_1", "y": 0 , "weight":	97	 },
							{ "model": "ores/diamond_ore/7_2", "y": 0 , "weight":	93	 },
							{ "model": "ores/diamond_ore/7_3", "y": 0 , "weight":	92	 },
							{ "model": "_placeholder", "y": 0 , "weight":	57	 }
							]
				},
				{ "apply": [
							{ "model": "ores/diamond_ore/8_1", "y": 0 , "weight":	93	 },
							{ "model": "ores/diamond_ore/8_2", "y": 0 , "weight":	98	 },
							{ "model": "ores/diamond_ore/8_3", "y": 0 , "weight":	92	 },
							{ "model": "_placeholder", "y": 0 , "weight":	52	 }
							]
				},
				{ "apply": [
							{ "model": "ores/diamond_ore/9_1", "y": 0 , "weight":	92	 },
							{ "model": "ores/diamond_ore/9_2", "y": 0 , "weight":	94	 },
							{ "model": "ores/diamond_ore/9_3", "y": 0 , "weight":	98	 },
							{ "model": "_placeholder", "y": 0 , "weight":	58	 }
							]
				},
				{ "apply": [
							{ "model": "ores/diamond_ore/10_1", "y": 0 , "weight":	94	 },
							{ "model": "ores/diamond_ore/10_2", "y": 0 , "weight":	96	 },
							{ "model": "ores/diamond_ore/10_3", "y": 0 , "weight":	90	 },
							{ "model": "_placeholder", "y": 0 , "weight":	51	 }
							]
				},






				{ "apply": [
							{ "model": "ores/diamond_ore/1_1", "y": 90 , "weight":	95	 },
							{ "model": "ores/diamond_ore/1_2", "y": 90 , "weight":	93	 },
							{ "model": "ores/diamond_ore/1_3", "y": 90 , "weight":	98	 },
							{ "model": "_placeholder", "y": 90 , "weight":	59	 }
							]
				},
				{ "apply": [
							{ "model": "ores/diamond_ore/2_1", "y": 90 , "weight":	97	 },
							{ "model": "ores/diamond_ore/2_2", "y": 90 , "weight":	94	 },
							{ "model": "ores/diamond_ore/2_3", "y": 90 , "weight":	96	 }
							]
				},
				{ "apply": [
							{ "model": "ores/diamond_ore/3_1", "y": 90 , "weight":	97	 },
							{ "model": "ores/diamond_ore/3_2", "y": 90 , "weight":	96	 },
							{ "model": "ores/diamond_ore/3_3", "y": 90 , "weight":	98	 }
							]
				},
				{ "apply": [
							{ "model": "ores/diamond_ore/4_1", "y": 90 , "weight":	98	 },
							{ "model": "ores/diamond_ore/4_2", "y": 90 , "weight":	93	 },
							{ "model": "ores/diamond_ore/4_3", "y": 90 , "weight":	97	 },
							{ "model": "_placeholder", "y": 90 , "weight":	50	 }
							]
				},
				{ "apply": [
							{ "model": "ores/diamond_ore/5_1", "y": 90 , "weight":	95	 },
							{ "model": "ores/diamond_ore/5_2", "y": 90 , "weight":	98	 },
							{ "model": "ores/diamond_ore/5_3", "y": 90 , "weight":	92	 },
							{ "model": "_placeholder", "y": 90 , "weight":	56	 }
							]
				},
				{ "apply": [
							{ "model": "ores/diamond_ore/6_1", "y": 90 , "weight":	99	 },
							{ "model": "ores/diamond_ore/6_2", "y": 90 , "weight":	94	 },
							{ "model": "ores/diamond_ore/6_3", "y": 90 , "weight":	96	 }
							]
				},
				{ "apply": [
							{ "model": "ores/diamond_ore/7_1", "y": 90 , "weight":	97	 },
							{ "model": "ores/diamond_ore/7_2", "y": 90 , "weight":	97	 },
							{ "model": "ores/diamond_ore/7_3", "y": 90 , "weight":	95	 },
							{ "model": "_placeholder", "y": 90 , "weight":	52	 }
							]
				},
				{ "apply": [
							{ "model": "ores/diamond_ore/8_1", "y": 90 , "weight":	98	 },
							{ "model": "ores/diamond_ore/8_2", "y": 90 , "weight":	93	 },
							{ "model": "ores/diamond_ore/8_3", "y": 90 , "weight":	95	 },
							{ "model": "_placeholder", "y": 90 , "weight":	52	 }
							]
				},
				{ "apply": [
							{ "model": "ores/diamond_ore/9_1", "y": 90 , "weight":	94	 },
							{ "model": "ores/diamond_ore/9_2", "y": 90 , "weight":	97	 },
							{ "model": "ores/diamond_ore/9_3", "y": 90 , "weight":	93	 },
							{ "model": "_placeholder", "y": 90 , "weight":	55	 }
							]
				},
				{ "apply": [
							{ "model": "ores/diamond_ore/10_1", "y": 90 , "weight":	93	 },
							{ "model": "ores/diamond_ore/10_2", "y": 90 , "weight":	92	 },
							{ "model": "ores/diamond_ore/10_3", "y": 90 , "weight":	90	 },
							{ "model": "_placeholder", "y": 90 , "weight":	56	 }
							]
				},
				
				
				
				
				{ "apply": [
							{ "model": "ores/diamond_ore/1_1", "y": 180 , "weight":	92	 },
							{ "model": "ores/diamond_ore/1_2", "y": 180 , "weight":	97	 },
							{ "model": "ores/diamond_ore/1_3", "y": 180 , "weight":	92	 },
							{ "model": "_placeholder", "y": 180 , "weight":	57	 }
							]
				},
				{ "apply": [
							{ "model": "ores/diamond_ore/2_1", "y": 180 , "weight":	92	 },
							{ "model": "ores/diamond_ore/2_2", "y": 180 , "weight":	96	 },
							{ "model": "ores/diamond_ore/2_3", "y": 180 , "weight":	93	 }
							]
				},
				{ "apply": [
							{ "model": "ores/diamond_ore/3_1", "y": 180 , "weight":	92	 },
							{ "model": "ores/diamond_ore/3_2", "y": 180 , "weight":	96	 },
							{ "model": "ores/diamond_ore/3_3", "y": 180 , "weight":	94	 }
							]
				},
				{ "apply": [
							{ "model": "ores/diamond_ore/4_1", "y": 180 , "weight":	95	 },
							{ "model": "ores/diamond_ore/4_2", "y": 180 , "weight":	92	 },
							{ "model": "ores/diamond_ore/4_3", "y": 180 , "weight":	92	 },
							{ "model": "_placeholder", "y": 180 , "weight":	57	 }
							]
				},
				{ "apply": [
							{ "model": "ores/diamond_ore/5_1", "y": 180 , "weight":	93	 },
							{ "model": "ores/diamond_ore/5_2", "y": 180 , "weight":	96	 },
							{ "model": "ores/diamond_ore/5_3", "y": 180 , "weight":	95	 },
							{ "model": "_placeholder", "y": 180 , "weight":	52	 }
							]
				},
				{ "apply": [
							{ "model": "ores/diamond_ore/6_1", "y": 180 , "weight":	92	 },
							{ "model": "ores/diamond_ore/6_2", "y": 180 , "weight":	96	 },
							{ "model": "ores/diamond_ore/6_3", "y": 180 , "weight":	94	 }
							]
				},
				{ "apply": [
							{ "model": "ores/diamond_ore/7_1", "y": 180 , "weight":	90	 },
							{ "model": "ores/diamond_ore/7_2", "y": 180 , "weight":	92	 },
							{ "model": "ores/diamond_ore/7_3", "y": 180 , "weight":	95	 },
							{ "model": "_placeholder", "y": 180 , "weight":	54	 }
							]
				},
				{ "apply": [
							{ "model": "ores/diamond_ore/8_1", "y": 180 , "weight":	92	 },
							{ "model": "ores/diamond_ore/8_2", "y": 180 , "weight":	96	 },
							{ "model": "ores/diamond_ore/8_3", "y": 180 , "weight":	97	 },
							{ "model": "_placeholder", "y": 180 , "weight":	54	 }
							]
				},
				{ "apply": [
							{ "model": "ores/diamond_ore/9_1", "y": 180 , "weight":	92	 },
							{ "model": "ores/diamond_ore/9_2", "y": 180 , "weight":	92	 },
							{ "model": "ores/diamond_ore/9_3", "y": 180 , "weight":	97	 },
							{ "model": "_placeholder", "y": 180 , "weight":	58	 }
							]
				},
				{ "apply": [
							{ "model": "ores/diamond_ore/10_1", "y": 180 , "weight":	97	 },
							{ "model": "ores/diamond_ore/10_2", "y": 180 , "weight":	93	 },
							{ "model": "ores/diamond_ore/10_3", "y": 180 , "weight":	99	 },
							{ "model": "_placeholder", "y": 180 , "weight":	55	 }
							]
				},
				
				
				
				
				{ "apply": [
							{ "model": "ores/diamond_ore/1_1", "y": 270 , "weight":	92	 },
							{ "model": "ores/diamond_ore/1_2", "y": 270 , "weight":	95	 },
							{ "model": "ores/diamond_ore/1_3", "y": 270 , "weight":	94	 },
							{ "model": "_placeholder", "y": 270 , "weight":	52	 }
							]
				},
				{ "apply": [
							{ "model": "ores/diamond_ore/2_1", "y": 270 , "weight":	92	 },
							{ "model": "ores/diamond_ore/2_2", "y": 270 , "weight":	95	 },
							{ "model": "ores/diamond_ore/2_3", "y": 270 , "weight":	93	 }
							]
				},
				{ "apply": [
							{ "model": "ores/diamond_ore/3_1", "y": 270 , "weight":	93	 },
							{ "model": "ores/diamond_ore/3_2", "y": 270 , "weight":	96	 },
							{ "model": "ores/diamond_ore/3_3", "y": 270 , "weight":	94	 }
							]
				},
				{ "apply": [
							{ "model": "ores/diamond_ore/4_1", "y": 270 , "weight":	92	 },
							{ "model": "ores/diamond_ore/4_2", "y": 270 , "weight":	96	 },
							{ "model": "ores/diamond_ore/4_3", "y": 270 , "weight":	94	 },
							{ "model": "_placeholder", "y": 270 , "weight":	58	 }
							]
				},
				{ "apply": [
							{ "model": "ores/diamond_ore/5_1", "y": 270 , "weight":	92	 },
							{ "model": "ores/diamond_ore/5_2", "y": 270 , "weight":	96	 },
							{ "model": "ores/diamond_ore/5_3", "y": 270 , "weight":	94	 },
							{ "model": "_placeholder", "y": 270 , "weight":	56	 }
							]
				},
				{ "apply": [
							{ "model": "ores/diamond_ore/6_1", "y": 270 , "weight":	99	 },
							{ "model": "ores/diamond_ore/6_2", "y": 270 , "weight":	95	 },
							{ "model": "ores/diamond_ore/6_3", "y": 270 , "weight":	92	 }
							]
				},
				{ "apply": [
							{ "model": "ores/diamond_ore/7_1", "y": 270 , "weight":	92	 },
							{ "model": "ores/diamond_ore/7_2", "y": 270 , "weight":	95	 },
							{ "model": "ores/diamond_ore/7_3", "y": 270 , "weight":	97	 },
							{ "model": "_placeholder", "y": 270 , "weight":	53	 }
							]
				},
				{ "apply": [
							{ "model": "ores/diamond_ore/8_1", "y": 270 , "weight":	93	 },
							{ "model": "ores/diamond_ore/8_2", "y": 270 , "weight":	93	 },
							{ "model": "ores/diamond_ore/8_3", "y": 270 , "weight":	96	 },
							{ "model": "_placeholder", "y": 270 , "weight":	58	 }
							]
				},
				{ "apply": [
							{ "model": "ores/diamond_ore/9_1", "y": 270 , "weight":	93	 },
							{ "model": "ores/diamond_ore/9_2", "y": 270 , "weight":	96	 },
							{ "model": "ores/diamond_ore/9_3", "y": 270 , "weight":	94	 },
							{ "model": "_placeholder", "y": 270 , "weight":	52	 }
							]
				},
				{ "apply": [
							{ "model": "ores/diamond_ore/10_1", "y": 270 , "weight":	92	 },
							{ "model": "ores/diamond_ore/10_2", "y": 270 , "weight":	95	 },
							{ "model": "ores/diamond_ore/10_3", "y": 270 , "weight":	93	 },
							{ "model": "_placeholder", "y": 270 , "weight":	58	 }
							]
				},
				
				
				
				
				{ "apply": [
							{ "model": "ores/diamond_ore/1_1", "x": 90 , "weight":	96	 },
							{ "model": "ores/diamond_ore/1_2", "x": 90 , "weight":	93	 },
							{ "model": "ores/diamond_ore/1_3", "x": 90 , "weight":	91	 },
							{ "model": "_placeholder", "x": 90 , "weight":	59	 }
							]
				},
				{ "apply": [
							{ "model": "ores/diamond_ore/2_1", "x": 90 , "weight":	94	 },
							{ "model": "ores/diamond_ore/2_2", "x": 90 , "weight":	92	 },
							{ "model": "ores/diamond_ore/2_3", "x": 90 , "weight":	97	 }
							]
				},
				{ "apply": [
							{ "model": "ores/diamond_ore/3_1", "x": 90 , "weight":	97	 },
							{ "model": "ores/diamond_ore/3_2", "x": 90 , "weight":	93	 },
							{ "model": "ores/diamond_ore/3_3", "x": 90 , "weight":	94	 }
							]
				},
				{ "apply": [
							{ "model": "ores/diamond_ore/4_1", "x": 90 , "weight":	92	 },
							{ "model": "ores/diamond_ore/4_2", "x": 90 , "weight":	95	 },
							{ "model": "ores/diamond_ore/4_3", "x": 90 , "weight":	93	 },
							{ "model": "_placeholder", "x": 90 , "weight":	52	 }
							]
				},
				{ "apply": [
							{ "model": "ores/diamond_ore/5_1", "x": 90 , "weight":	96	 },
							{ "model": "ores/diamond_ore/5_2", "x": 90 , "weight":	92	 },
							{ "model": "ores/diamond_ore/5_3", "x": 90 , "weight":	98	 },
							{ "model": "_placeholder", "x": 90 , "weight":	59	 }
							]
				},
				{ "apply": [
							{ "model": "ores/diamond_ore/6_1", "x": 90 , "weight":	91	 },
							{ "model": "ores/diamond_ore/6_2", "x": 90 , "weight":	96	 },
							{ "model": "ores/diamond_ore/6_3", "x": 90 , "weight":	93	 }
							]
				},
				{ "apply": [
							{ "model": "ores/diamond_ore/7_1", "x": 90 , "weight":	97	 },
							{ "model": "ores/diamond_ore/7_2", "x": 90 , "weight":	93	 },
							{ "model": "ores/diamond_ore/7_3", "x": 90 , "weight":	93	 },
							{ "model": "_placeholder", "x": 90 , "weight":	58	 }
							]
				},
				{ "apply": [
							{ "model": "ores/diamond_ore/8_1", "x": 90 , "weight":	92	 },
							{ "model": "ores/diamond_ore/8_2", "x": 90 , "weight":	98	 },
							{ "model": "ores/diamond_ore/8_3", "x": 90 , "weight":	95	 },
							{ "model": "_placeholder", "x": 90 , "weight":	59	 }
							]
				},
				{ "apply": [
							{ "model": "ores/diamond_ore/9_1", "x": 90 , "weight":	91	 },
							{ "model": "ores/diamond_ore/9_2", "x": 90 , "weight":	93	 },
							{ "model": "ores/diamond_ore/9_3", "x": 90 , "weight":	98	 },
							{ "model": "_placeholder", "x": 90 , "weight":	53	 }
							]
				},
				{ "apply": [
							{ "model": "ores/diamond_ore/10_1", "x": 90 , "weight":	91	 },
							{ "model": "ores/diamond_ore/10_2", "x": 90 , "weight":	99	 },
							{ "model": "ores/diamond_ore/10_3", "x": 90 , "weight":	94	 },
							{ "model": "_placeholder", "x": 90 , "weight":	53	 }
							]
				},
				
				
				
				
				{ "apply": [
							{ "model": "ores/diamond_ore/1_1", "x": 270 , "weight":	92	 },
							{ "model": "ores/diamond_ore/1_2", "x": 270 , "weight":	98	 },
							{ "model": "ores/diamond_ore/1_3", "x": 270 , "weight":	93	 },
							{ "model": "_placeholder", "x": 270 , "weight":	59	 }
							]
				},
				{ "apply": [
							{ "model": "ores/diamond_ore/2_1", "x": 270 , "weight":	92	 },
							{ "model": "ores/diamond_ore/2_2", "x": 270 , "weight":	93	 },
							{ "model": "ores/diamond_ore/2_3", "x": 270 , "weight":	98	 }
							]
				},
				{ "apply": [
							{ "model": "ores/diamond_ore/3_1", "x": 270 , "weight":	98	 },
							{ "model": "ores/diamond_ore/3_2", "x": 270 , "weight":	93	 },
							{ "model": "ores/diamond_ore/3_3", "x": 270 , "weight":	97	 }
							]
				},
				{ "apply": [
							{ "model": "ores/diamond_ore/4_1", "x": 270 , "weight":	91	 },
							{ "model": "ores/diamond_ore/4_2", "x": 270 , "weight":	97	 },
							{ "model": "ores/diamond_ore/4_3", "x": 270 , "weight":	93	 },
							{ "model": "_placeholder", "x": 270 , "weight":	59	 }
							]
				},
				{ "apply": [
							{ "model": "ores/diamond_ore/5_1", "x": 270 , "weight":	95	 },
							{ "model": "ores/diamond_ore/5_2", "x": 270 , "weight":	97	 },
							{ "model": "ores/diamond_ore/5_3", "x": 270 , "weight":	99	 },
							{ "model": "_placeholder", "x": 270 , "weight":	50	 }
							]
				},
				{ "apply": [
							{ "model": "ores/diamond_ore/6_1", "x": 270 , "weight":	96	 },
							{ "model": "ores/diamond_ore/6_2", "x": 270 , "weight":	92	 },
							{ "model": "ores/diamond_ore/6_3", "x": 270 , "weight":	99	 }
							]
				},
				{ "apply": [
							{ "model": "ores/diamond_ore/7_1", "x": 270 , "weight":	91	 },
							{ "model": "ores/diamond_ore/7_2", "x": 270 , "weight":	98	 },
							{ "model": "ores/diamond_ore/7_3", "x": 270 , "weight":	93	 },
							{ "model": "_placeholder", "x": 270 , "weight":	58	 }
							]
				},
				{ "apply": [
							{ "model": "ores/diamond_ore/8_1", "x": 270 , "weight":	93	 },
							{ "model": "ores/diamond_ore/8_2", "x": 270 , "weight":	98	 },
							{ "model": "ores/diamond_ore/8_3", "x": 270 , "weight":	95	 },
							{ "model": "_placeholder", "x": 270 , "weight":	52	 }
							]
				},
				{ "apply": [
							{ "model": "ores/diamond_ore/9_1", "x": 270 , "weight":	91	 },
							{ "model": "ores/diamond_ore/9_2", "x": 270 , "weight":	91	 },
							{ "model": "ores/diamond_ore/9_3", "x": 270 , "weight":	98	 },
							{ "model": "_placeholder", "x": 270 , "weight":	56	 }
							]
				},
				{ "apply": [
							{ "model": "ores/diamond_ore/10_1", "x": 270 , "weight":	92	 },
							{ "model": "ores/diamond_ore/10_2", "x": 270 , "weight":	96	 },
							{ "model": "ores/diamond_ore/10_3", "x": 270 , "weight":	98 	 },
							{ "model": "_placeholder", "x": 270 , "weight":	51	 }
							]
				},
				{ "apply": { "model": "stone"}}
		
	]
}