{
	"credit": "Made by TheWaschtlPlays using Blockbench",
	"ambientocclusion": false,
	"textures": {
		"1": "custom_textures/doors/birch/birch_door_clean",
		"2": "custom_textures/doors/birch/birch_door_bottom",
		"particle": "custom_textures/doors/birch/birch_door_bottom"
	},
	"elements": [
		{
			"from": [0, 0, 0],
			"to": [3, 12, 16],
			"faces": {
				"north": {"uv": [3, 4, 0, 16], "texture": "#1", "cullface": "north"},
				"east": {"uv": [0, 4, 16, 16], "texture": "#2"},
				"south": {"uv": [0, 4, 3, 16], "texture": "#2", "cullface": "south"},
				"west": {"uv": [16, 4, 0, 16], "texture": "#2", "cullface": "west"},
				"up": {"uv": [0, 16, 1, 0], "texture": "#1"},
				"down": {"uv": [13, 16, 16, 0], "texture": "#2", "cullface": "down"}
			}
		},
		{
			"from": [0, 12, 13],
			"to": [3, 16, 16],
			"faces": {
				"north": {"uv": [3, 12, 2, 16], "texture": "#1", "cullface": "north"},
				"east": {"uv": [0, 0, 3, 4], "texture": "#2"},
				"south": {"uv": [0, 0, 3, 4], "texture": "#2", "cullface": "south"},
				"west": {"uv": [3, 0, 0, 4], "texture": "#2", "cullface": "west"}
			}
		},
		{
			"from": [0, 12, 0],
			"to": [3, 16, 3],
			"faces": {
				"north": {"uv": [16, 0, 13, 4], "texture": "#2", "cullface": "north"},
				"east": {"uv": [13, 0, 16, 4], "texture": "#2"},
				"south": {"uv": [1, 12, 0, 16], "texture": "#1", "cullface": "south"},
				"west": {"uv": [16, 0, 13, 4], "texture": "#2", "cullface": "west"}
			}
		},
		{
			"from": [0.5, 12, 3],
			"to": [2.5, 16, 13],
			"faces": {
				"east": {"uv": [13, 0, 3, 4], "texture": "#2"},
				"west": {"uv": [13, 0, 3, 4], "texture": "#2"}
			}
		},
		{
			"name": "HingeUP",
			"from": [-0.25, 14.75, 15],
			"to": [3.25, 17.25, 16.25],
			"rotation": {"angle": 0, "axis": "y", "origin": [7.75, 22.75, 8]},
			"faces": {
				"north": {"uv": [8, 0, 6, 2], "texture": "#1"},
				"east": {"uv": [7, 0, 6, 2], "texture": "#1"},
				"south": {"uv": [8, 0, 6, 2], "texture": "#1"},
				"west": {"uv": [8, 0, 7, 2], "texture": "#1"},
				"up": {"uv": [6, 1, 7, 0], "texture": "#1"},
				"down": {"uv": [6, 2, 8, 1], "texture": "#1"}
			}
		},
		{
			"name": "HingeDWN",
			"from": [-0.25, 3.75, 15],
			"to": [3.25, 6.25, 16.25],
			"rotation": {"angle": 0, "axis": "y", "origin": [7.75, 11.75, 8]},
			"faces": {
				"north": {"uv": [8, 0, 6, 2], "texture": "#1"},
				"east": {"uv": [7, 0, 6, 2], "texture": "#1"},
				"south": {"uv": [8, 0, 6, 2], "texture": "#1"},
				"west": {"uv": [8, 0, 7, 2], "texture": "#1"},
				"up": {"uv": [6, 1, 7, 0], "texture": "#1"},
				"down": {"uv": [6, 2, 8, 1], "texture": "#1"}
			}
		}
	]
}