{
	"credit": "Made by TheWaschtlPlays using Blockbench",
	"ambientocclusion": false,
	"textures": {
		"particle": "blocks/comparator_on",
		"top": "blocks/comparator_on",
		"lit": "custom_textures/redstone_torch",
		"slab": "blocks/stone_slab_top"
	},
	"elements": [
		{
			"name": "Element",
			"from": [0, 0, 0],
			"to": [16, 2, 16],
			"faces": {
				"north": {"uv": [0, 14, 16, 16], "texture": "#slab", "cullface": "north"},
				"east": {"uv": [0, 14, 16, 16], "texture": "#slab", "cullface": "east"},
				"south": {"uv": [0, 14, 16, 16], "texture": "#slab", "cullface": "south"},
				"west": {"uv": [0, 14, 16, 16], "texture": "#slab", "cullface": "west"},
				"up": {"uv": [0, 0, 16, 16], "texture": "#top"},
				"down": {"uv": [0, 0, 16, 16], "texture": "#slab", "cullface": "down"}
			}
		},
		{
			"name": "Element",
			"from": [10, 2, 11],
			"to": [12, 7, 13],
			"faces": {
				"north": {"uv": [7, 9, 9, 14], "texture": "#lit"},
				"east": {"uv": [7, 9, 9, 14], "texture": "#lit"},
				"south": {"uv": [7, 9, 9, 14], "texture": "#lit"},
				"west": {"uv": [7, 9, 9, 14], "texture": "#lit"}
			}
		},
		{
			"name": "Cube",
			"from": [9.75, 4.75, 10.75],
			"to": [12.25, 7.25, 13.25],
			"faces": {
				"north": {"uv": [7, 6, 9, 8], "texture": "#lit"},
				"east": {"uv": [7, 6, 9, 8], "texture": "#lit"},
				"south": {"uv": [7, 6, 9, 8], "texture": "#lit"},
				"west": {"uv": [7, 6, 9, 8], "texture": "#lit"},
				"up": {"uv": [7, 6, 9, 8], "texture": "#lit"},
				"down": {"uv": [7, 6, 9, 8], "texture": "#lit"}
			}
		},
		{
			"name": "Cube",
			"from": [3.75, 4.75, 10.75],
			"to": [6.25, 7.25, 13.25],
			"faces": {
				"north": {"uv": [7, 6, 9, 8], "texture": "#lit"},
				"east": {"uv": [7, 6, 9, 8], "texture": "#lit"},
				"south": {"uv": [7, 6, 9, 8], "texture": "#lit"},
				"west": {"uv": [7, 6, 9, 8], "texture": "#lit"},
				"up": {"uv": [7, 6, 9, 8], "texture": "#lit"},
				"down": {"uv": [7, 6, 9, 8], "texture": "#lit"}
			}
		},
		{
			"name": "Element",
			"from": [4, 2, 11],
			"to": [6, 7, 13],
			"faces": {
				"north": {"uv": [7, 9, 9, 14], "texture": "#lit"},
				"east": {"uv": [7, 9, 9, 14], "texture": "#lit"},
				"south": {"uv": [7, 9, 9, 14], "texture": "#lit"},
				"west": {"uv": [7, 9, 9, 14], "texture": "#lit"}
			}
		},
		{
			"name": "Cube",
			"from": [6.75, 1.75, 1.75],
			"to": [9.25, 4.25, 4.25],
			"faces": {
				"north": {"uv": [7, 6, 9, 8], "texture": "#lit"},
				"east": {"uv": [7, 6, 9, 8], "texture": "#lit"},
				"south": {"uv": [7, 6, 9, 8], "texture": "#lit"},
				"west": {"uv": [7, 6, 9, 8], "texture": "#lit"},
				"up": {"uv": [7, 6, 9, 8], "texture": "#lit"}
			}
		}
	]
}