{
	"credit": "Made by TheWaschtlPlays using Blockbench",
	"textures": {
		"9": "custom_textures/candle",
		"10": "custom_textures/pumpkin_inside",
		"11": "custom_textures/campfire_fire",
		"particle": "blocks/pumpkin_top",
		"pumpkin_top": "blocks/pumpkin_top",
		"pumpkin_side": "blocks/pumpkin_side",
		"pumpkin_bottom": "custom_textures/pumpkin_bottom",
		"1_7": "custom_textures/pumpkin_inside_bottom",
		"1_carved_pumpkin": "blocks/pumpkin_face_off"
	},
	"elements": [
		{
			"from": [7, 2, 7],
			"to": [9, 8, 9],
			"faces": {
				"north": {"uv": [4, 0, 6, 6], "texture": "#9", "cullface": "north"},
				"east": {"uv": [5, 0, 7, 6], "texture": "#9", "cullface": "north"},
				"south": {"uv": [7, 0, 9, 6], "texture": "#9", "cullface": "north"},
				"west": {"uv": [6, 0, 8, 6], "texture": "#9", "cullface": "north"},
				"up": {"uv": [9, 0, 11, 2], "rotation": 180, "texture": "#9", "cullface": "north"}
			}
		},
		{
			"from": [6.5, 1.5, 6.5],
			"to": [9.5, 2.5, 9.5],
			"faces": {
				"north": {"uv": [4, 0, 6, 6], "texture": "#9", "cullface": "north"},
				"east": {"uv": [5, 0, 7, 6], "texture": "#9", "cullface": "north"},
				"south": {"uv": [7, 0, 9, 6], "texture": "#9", "cullface": "north"},
				"west": {"uv": [6, 0, 8, 6], "texture": "#9", "cullface": "north"},
				"up": {"uv": [9, 0, 11, 2], "rotation": 180, "texture": "#9", "cullface": "north"}
			}
		},
		{
			"from": [8, 1.3, 7.5],
			"to": [10, 2.3, 9.5],
			"rotation": {"angle": 22.5, "axis": "y", "origin": [8, 8, 8]},
			"faces": {
				"north": {"uv": [4, 0, 6, 6], "texture": "#9", "cullface": "north"},
				"east": {"uv": [5, 0, 7, 6], "texture": "#9", "cullface": "north"},
				"south": {"uv": [7, 0, 9, 6], "texture": "#9", "cullface": "north"},
				"west": {"uv": [6, 0, 8, 6], "texture": "#9", "cullface": "north"},
				"up": {"uv": [9, 0, 11, 2], "rotation": 180, "texture": "#9", "cullface": "north"}
			}
		},
		{
			"from": [7.5, 5.25, 6.75],
			"to": [8, 8.25, 7.25],
			"faces": {
				"north": {"uv": [4, 0, 6, 6], "texture": "#9", "cullface": "north"},
				"east": {"uv": [5, 0, 7, 6], "texture": "#9", "cullface": "north"},
				"south": {"uv": [7, 0, 9, 6], "texture": "#9", "cullface": "north"},
				"west": {"uv": [6, 0, 8, 6], "texture": "#9", "cullface": "north"},
				"up": {"uv": [9, 0, 11, 2], "rotation": 180, "texture": "#9", "cullface": "north"}
			}
		},
		{
			"from": [8.75, 2.25, 7.75],
			"to": [9.25, 8.25, 8.25],
			"faces": {
				"north": {"uv": [4, 0, 6, 6], "texture": "#9", "cullface": "north"},
				"east": {"uv": [5, 0, 7, 6], "texture": "#9", "cullface": "north"},
				"south": {"uv": [7, 0, 9, 6], "texture": "#9", "cullface": "north"},
				"west": {"uv": [6, 0, 8, 6], "texture": "#9", "cullface": "north"},
				"up": {"uv": [9, 0, 11, 2], "rotation": 180, "texture": "#9", "cullface": "north"}
			}
		},
		{
			"from": [7.875, 8, 7.875],
			"to": [8.125, 9, 8.125],
			"faces": {
				"north": {"uv": [15, 0, 15.25, 1], "texture": "#9", "cullface": "north"},
				"east": {"uv": [15, 0, 15.25, 1], "texture": "#9", "cullface": "north"},
				"south": {"uv": [15, 0, 15.25, 1], "texture": "#9", "cullface": "north"},
				"west": {"uv": [15, 0, 15.25, 1], "texture": "#9", "cullface": "north"}
			}
		},
		{
			"from": [7.5, 8.75, 7.5],
			"to": [8.5, 9.75, 8.5],
			"faces": {
				"north": {"uv": [6, 10, 10, 14], "texture": "#11", "cullface": "north"},
				"east": {"uv": [10, 10, 6, 14], "texture": "#11", "cullface": "north"},
				"south": {"uv": [6, 10, 10, 14], "texture": "#11", "cullface": "north"},
				"west": {"uv": [10, 10, 6, 14], "texture": "#11", "cullface": "north"},
				"up": {"uv": [6, 6, 10, 10], "rotation": 180, "texture": "#11", "cullface": "north"},
				"down": {"uv": [6, 10, 10, 14], "rotation": 180, "texture": "#11", "cullface": "north"}
			}
		},
		{
			"from": [7.625, 9.5, 7.625],
			"to": [8.375, 10.5, 8.375],
			"faces": {
				"north": {"uv": [7, 5, 10, 8], "texture": "#11", "cullface": "north"},
				"east": {"uv": [10, 5, 7, 8], "texture": "#11", "cullface": "north"},
				"south": {"uv": [7, 5, 10, 8], "texture": "#11", "cullface": "north"},
				"west": {"uv": [10, 5, 7, 8], "texture": "#11", "cullface": "north"},
				"up": {"uv": [7, 5, 10, 8], "rotation": 180, "texture": "#11", "cullface": "north"}
			}
		},
		{
			"from": [7.625, 8.5, 7.625],
			"to": [8.375, 9.5, 8.375],
			"faces": {
				"north": {"uv": [7, 5, 10, 8], "texture": "#11", "cullface": "north"},
				"east": {"uv": [10, 5, 7, 8], "texture": "#11", "cullface": "north"},
				"south": {"uv": [7, 5, 10, 8], "texture": "#11", "cullface": "north"},
				"west": {"uv": [10, 5, 7, 8], "texture": "#11", "cullface": "north"},
				"down": {"uv": [7, 5, 10, 8], "rotation": 180, "texture": "#11", "cullface": "north"}
			}
		},
		{
			"from": [7.75, 9.75, 7.75],
			"to": [8.25, 10.75, 8.25],
			"faces": {
				"north": {"uv": [3, 14, 5, 16], "texture": "#11", "cullface": "north"},
				"east": {"uv": [5, 14, 3, 16], "texture": "#11", "cullface": "north"},
				"south": {"uv": [3, 14, 5, 16], "texture": "#11", "cullface": "north"},
				"west": {"uv": [5, 14, 3, 16], "texture": "#11", "cullface": "north"},
				"up": {"uv": [3, 14, 5, 16], "rotation": 180, "texture": "#11", "cullface": "north"}
			}
		},
		{
			"name": "Cube",
			"from": [0, 0, 15],
			"to": [16, 16, 16],
			"faces": {
				"north": {"uv": [0, 0, 16, 16], "texture": "#10", "cullface": "north"},
				"east": {"uv": [0, 0, 1, 16], "texture": "#pumpkin_side", "cullface": "east"},
				"south": {"uv": [0, 0, 16, 16], "texture": "#pumpkin_side", "cullface": "south"},
				"west": {"uv": [15, 0, 16, 16], "texture": "#pumpkin_side", "cullface": "west"},
				"up": {"uv": [0, 0, 16, 1], "rotation": 180, "texture": "#pumpkin_top", "cullface": "up"},
				"down": {"uv": [0, 0, 16, 1], "rotation": 180, "texture": "#pumpkin_bottom", "cullface": "down"}
			}
		},
		{
			"name": "Cube",
			"from": [1, 0, 2],
			"to": [15, 2, 15],
			"faces": {
				"up": {"uv": [1, 1, 15, 14], "rotation": 180, "texture": "#1_7", "cullface": "north"},
				"down": {"uv": [1, 2, 15, 15], "rotation": 180, "texture": "#pumpkin_bottom", "cullface": "down"}
			}
		},
		{
			"name": "Cube",
			"from": [15, 0, 2],
			"to": [16, 16, 15],
			"faces": {
				"east": {"uv": [1, 0, 14, 16], "texture": "#pumpkin_side", "cullface": "east"},
				"west": {"uv": [2, 0, 15, 16], "texture": "#10", "cullface": "north"},
				"up": {"uv": [1, 15, 14, 16], "rotation": 270, "texture": "#pumpkin_top", "cullface": "up"},
				"down": {"uv": [1, 15, 14, 16], "rotation": 270, "texture": "#pumpkin_bottom", "cullface": "down"}
			}
		},
		{
			"name": "Cube",
			"from": [0, 0, 2],
			"to": [1, 16, 15],
			"faces": {
				"east": {"uv": [1, 0, 14, 16], "texture": "#10", "cullface": "north"},
				"west": {"uv": [2, 0, 15, 16], "texture": "#pumpkin_side", "cullface": "west"},
				"up": {"uv": [1, 0, 14, 1], "rotation": 270, "texture": "#pumpkin_top", "cullface": "up"},
				"down": {"uv": [1, 0, 14, 1], "rotation": 270, "texture": "#pumpkin_bottom", "cullface": "down"}
			}
		},
		{
			"name": "Cube",
			"from": [1, 14, 2],
			"to": [15, 16, 15],
			"faces": {
				"up": {"uv": [1, 1, 15, 14], "rotation": 180, "texture": "#pumpkin_top", "cullface": "up"},
				"down": {"uv": [1, 1, 15, 14], "rotation": 180, "texture": "#1_7", "cullface": "north"}
			}
		},
		{
			"name": "Cube",
			"from": [0, 0, 0],
			"to": [16, 2, 2],
			"faces": {
				"north": {"uv": [0, 0, 16, 2], "texture": "#1_carved_pumpkin", "cullface": "north"},
				"east": {"uv": [14, 14, 16, 16], "texture": "#pumpkin_side", "cullface": "east"},
				"west": {"uv": [0, 14, 1, 16], "texture": "#1_carved_pumpkin", "cullface": "west"},
				"up": {"uv": [0, 0, 16, 1], "rotation": 180, "texture": "#1_carved_pumpkin", "cullface": "north"},
				"down": {"uv": [0, 0, 16, 2], "rotation": 180, "texture": "#pumpkin_bottom", "cullface": "down"}
			}
		},
		{
			"name": "Cube",
			"from": [0, 14, 0],
			"to": [16, 16, 2],
			"faces": {
				"north": {"uv": [0, 0, 16, 2], "texture": "#1_carved_pumpkin", "cullface": "north"},
				"east": {"uv": [14, 0, 16, 2], "texture": "#pumpkin_side", "cullface": "east"},
				"west": {"uv": [0, 0, 2, 2], "texture": "#pumpkin_side", "cullface": "west"},
				"up": {"uv": [0, 14, 16, 16], "rotation": 180, "texture": "#pumpkin_top", "cullface": "up"},
				"down": {"uv": [0, 15, 16, 16], "rotation": 180, "texture": "#1_carved_pumpkin", "cullface": "north"}
			}
		},
		{
			"name": "Cube",
			"from": [14, 2, 0],
			"to": [16, 14, 2],
			"faces": {
				"north": {"uv": [0, 2, 2, 14], "texture": "#1_carved_pumpkin", "cullface": "north"},
				"east": {"uv": [14, 2, 16, 14], "texture": "#pumpkin_side", "cullface": "east"},
				"south": {"uv": [0, 2, 2, 14], "texture": "#10", "cullface": "north"},
				"west": {"uv": [0, 2, 2, 14], "texture": "#1_carved_pumpkin", "cullface": "north"}
			}
		},
		{
			"name": "Cube",
			"from": [0, 2, 0],
			"to": [1, 14, 2],
			"faces": {
				"north": {"uv": [15, 2, 16, 14], "texture": "#1_carved_pumpkin", "cullface": "north"},
				"east": {"uv": [0, 2, 2, 14], "texture": "#1_carved_pumpkin", "cullface": "north"},
				"west": {"uv": [0, 2, 2, 14], "texture": "#pumpkin_side", "cullface": "west"}
			}
		},
		{
			"name": "Cube",
			"from": [1, 5, 0],
			"to": [2, 14, 2],
			"faces": {
				"north": {"uv": [14, 2, 15, 11], "texture": "#1_carved_pumpkin", "cullface": "north"},
				"east": {"uv": [14, 2, 15, 11], "texture": "#1_carved_pumpkin", "cullface": "north"},
				"south": {"uv": [14, 2, 15, 11], "texture": "#10", "cullface": "north"},
				"west": {"uv": [0, 2, 1, 11], "texture": "#1_carved_pumpkin", "cullface": "south"},
				"down": {"uv": [0, 0, 1, 1], "rotation": 180, "texture": "#1_carved_pumpkin", "cullface": "north"}
			}
		},
		{
			"name": "Cube",
			"from": [1, 2, 0],
			"to": [3, 3, 2],
			"faces": {
				"north": {"uv": [13, 13, 15, 14], "texture": "#1_carved_pumpkin", "cullface": "north"},
				"south": {"uv": [13, 13, 15, 14], "texture": "#10", "cullface": "north"},
				"up": {"uv": [13, 13, 15, 14], "rotation": 180, "texture": "#1_carved_pumpkin", "cullface": "north"}
			}
		},
		{
			"name": "Cube",
			"from": [3, 2, 0],
			"to": [4, 4, 2],
			"faces": {
				"north": {"uv": [12, 12, 13, 14], "texture": "#1_carved_pumpkin", "cullface": "north"},
				"east": {"uv": [12, 12, 13, 14], "texture": "#1_carved_pumpkin", "cullface": "north"},
				"south": {"uv": [12, 12, 13, 14], "texture": "#10", "cullface": "north"},
				"west": {"uv": [12, 12, 13, 14], "texture": "#1_carved_pumpkin", "cullface": "north"},
				"up": {"uv": [12, 12, 13, 13], "rotation": 180, "texture": "#1_carved_pumpkin", "cullface": "north"}
			}
		},
		{
			"name": "Cube",
			"from": [5, 2, 0],
			"to": [9, 3, 2],
			"faces": {
				"north": {"uv": [7, 13, 11, 14], "texture": "#1_carved_pumpkin", "cullface": "north"},
				"east": {"uv": [7, 13, 8, 14], "texture": "#1_carved_pumpkin", "cullface": "north"},
				"south": {"uv": [7, 13, 11, 14], "texture": "#10", "cullface": "north"},
				"west": {"uv": [10, 13, 11, 14], "texture": "#1_carved_pumpkin", "cullface": "north"},
				"up": {"uv": [7, 13, 11, 14], "rotation": 180, "texture": "#1_carved_pumpkin", "cullface": "north"}
			}
		},
		{
			"name": "Cube",
			"from": [7, 3, 0],
			"to": [8, 4, 2],
			"faces": {
				"north": {"uv": [8, 12, 9, 13], "texture": "#1_carved_pumpkin", "cullface": "north"},
				"east": {"uv": [8, 12, 9, 13], "texture": "#1_carved_pumpkin", "cullface": "north"},
				"south": {"uv": [8, 12, 9, 13], "texture": "#10", "cullface": "north"},
				"west": {"uv": [8, 12, 9, 13], "texture": "#1_carved_pumpkin", "cullface": "north"},
				"up": {"uv": [8, 12, 9, 13], "rotation": 180, "texture": "#1_carved_pumpkin", "cullface": "north"}
			}
		},
		{
			"name": "Cube",
			"from": [10, 2, 0],
			"to": [12, 3, 2],
			"faces": {
				"north": {"uv": [4, 13, 6, 14], "texture": "#1_carved_pumpkin", "cullface": "north"},
				"east": {"uv": [4, 13, 5, 14], "texture": "#1_carved_pumpkin", "cullface": "north"},
				"south": {"uv": [4, 13, 6, 14], "texture": "#10", "cullface": "north"},
				"west": {"uv": [5, 13, 6, 14], "texture": "#1_carved_pumpkin", "cullface": "north"},
				"up": {"uv": [4, 13, 6, 14], "rotation": 180, "texture": "#1_carved_pumpkin", "cullface": "north"}
			}
		},
		{
			"name": "Cube",
			"from": [10, 3, 0],
			"to": [11, 4, 2],
			"faces": {
				"north": {"uv": [5, 12, 6, 13], "texture": "#1_carved_pumpkin", "cullface": "north"},
				"east": {"uv": [5, 12, 6, 13], "texture": "#1_carved_pumpkin", "cullface": "north"},
				"south": {"uv": [5, 12, 6, 13], "texture": "#10", "cullface": "north"},
				"west": {"uv": [5, 12, 6, 13], "texture": "#1_carved_pumpkin", "cullface": "north"},
				"up": {"uv": [5, 12, 6, 13], "rotation": 180, "texture": "#1_carved_pumpkin", "cullface": "north"}
			}
		},
		{
			"name": "Cube",
			"from": [13, 2, 0],
			"to": [14, 4, 2],
			"faces": {
				"north": {"uv": [2, 12, 3, 14], "texture": "#1_carved_pumpkin", "cullface": "north"},
				"south": {"uv": [2, 12, 3, 14], "texture": "#10", "cullface": "north"},
				"west": {"uv": [2, 12, 3, 14], "texture": "#1_carved_pumpkin", "cullface": "north"},
				"up": {"uv": [2, 12, 3, 13], "rotation": 180, "texture": "#1_carved_pumpkin", "cullface": "north"}
			}
		},
		{
			"name": "Cube",
			"from": [13, 6, 0],
			"to": [14, 14, 2],
			"faces": {
				"north": {"uv": [2, 2, 3, 10], "texture": "#1_carved_pumpkin", "cullface": "north"},
				"south": {"uv": [2, 2, 3, 10], "texture": "#10", "cullface": "north"},
				"west": {"uv": [2, 2, 3, 10], "texture": "#1_carved_pumpkin", "cullface": "north"},
				"down": {"uv": [2, 9, 3, 10], "rotation": 180, "texture": "#1_carved_pumpkin", "cullface": "north"}
			}
		},
		{
			"name": "Cube",
			"from": [12, 7, 0],
			"to": [13, 9, 2],
			"faces": {
				"north": {"uv": [3, 7, 4, 9], "texture": "#1_carved_pumpkin", "cullface": "north"},
				"south": {"uv": [3, 7, 4, 9], "texture": "#10", "cullface": "north"},
				"west": {"uv": [3, 7, 4, 9], "texture": "#1_carved_pumpkin", "cullface": "north"},
				"up": {"uv": [3, 7, 4, 8], "rotation": 180, "texture": "#1_carved_pumpkin", "cullface": "north"},
				"down": {"uv": [3, 8, 4, 9], "rotation": 180, "texture": "#1_carved_pumpkin", "cullface": "north"}
			}
		},
		{
			"name": "Cube",
			"from": [11, 6, 0],
			"to": [12, 8, 2],
			"faces": {
				"north": {"uv": [4, 8, 5, 10], "texture": "#1_carved_pumpkin", "cullface": "north"},
				"east": {"uv": [4, 8, 5, 10], "texture": "#1_carved_pumpkin", "cullface": "north"},
				"south": {"uv": [4, 8, 5, 10], "texture": "#10", "cullface": "north"},
				"west": {"uv": [4, 8, 5, 10], "texture": "#1_carved_pumpkin", "cullface": "north"},
				"up": {"uv": [4, 8, 5, 9], "rotation": 180, "texture": "#1_carved_pumpkin", "cullface": "north"},
				"down": {"uv": [4, 9, 5, 10], "rotation": 180, "texture": "#1_carved_pumpkin", "cullface": "north"}
			}
		},
		{
			"name": "Cube",
			"from": [10, 7, 0],
			"to": [11, 8, 2],
			"faces": {
				"north": {"uv": [5, 8, 6, 9], "texture": "#1_carved_pumpkin", "cullface": "north"},
				"south": {"uv": [5, 8, 6, 9], "texture": "#10", "cullface": "north"},
				"up": {"uv": [5, 8, 6, 9], "rotation": 180, "texture": "#1_carved_pumpkin", "cullface": "north"},
				"down": {"uv": [5, 8, 6, 9], "rotation": 180, "texture": "#1_carved_pumpkin", "cullface": "north"}
			}
		},
		{
			"name": "Cube",
			"from": [8, 6, 0],
			"to": [10, 9, 2],
			"faces": {
				"north": {"uv": [6, 7, 8, 10], "texture": "#1_carved_pumpkin", "cullface": "north"},
				"east": {"uv": [6, 7, 7, 10], "texture": "#1_carved_pumpkin", "cullface": "north"},
				"south": {"uv": [6, 7, 8, 10], "texture": "#10", "cullface": "north"},
				"west": {"uv": [7, 7, 8, 10], "texture": "#1_carved_pumpkin", "cullface": "north"},
				"up": {"uv": [6, 7, 8, 8], "rotation": 180, "texture": "#1_carved_pumpkin", "cullface": "north"},
				"down": {"uv": [6, 9, 8, 10], "rotation": 180, "texture": "#1_carved_pumpkin", "cullface": "north"}
			}
		},
		{
			"name": "Cube",
			"from": [6, 7, 0],
			"to": [8, 9, 2],
			"faces": {
				"north": {"uv": [8, 7, 10, 9], "texture": "#1_carved_pumpkin", "cullface": "north"},
				"south": {"uv": [8, 7, 10, 9], "texture": "#10", "cullface": "north"},
				"west": {"uv": [9, 7, 10, 9], "texture": "#1_carved_pumpkin", "cullface": "north"},
				"up": {"uv": [8, 7, 10, 8], "rotation": 180, "texture": "#1_carved_pumpkin", "cullface": "north"},
				"down": {"uv": [8, 8, 10, 9], "rotation": 180, "texture": "#1_carved_pumpkin", "cullface": "north"}
			}
		},
		{
			"name": "Cube",
			"from": [5, 6, 0],
			"to": [7, 7, 2],
			"faces": {
				"north": {"uv": [9, 9, 11, 10], "texture": "#1_carved_pumpkin", "cullface": "north"},
				"east": {"uv": [9, 9, 10, 10], "texture": "#1_carved_pumpkin", "cullface": "north"},
				"south": {"uv": [9, 9, 11, 10], "texture": "#10", "cullface": "north"},
				"west": {"uv": [10, 9, 11, 10], "texture": "#1_carved_pumpkin", "cullface": "north"},
				"down": {"uv": [9, 9, 11, 10], "rotation": 180, "texture": "#1_carved_pumpkin", "cullface": "north"}
			}
		},
		{
			"name": "Cube",
			"from": [2, 7, 0],
			"to": [6, 8, 2],
			"faces": {
				"north": {"uv": [10, 8, 14, 9], "texture": "#1_carved_pumpkin", "cullface": "north"},
				"south": {"uv": [10, 8, 14, 9], "texture": "#10", "cullface": "north"},
				"up": {"uv": [10, 8, 14, 9], "rotation": 180, "texture": "#1_carved_pumpkin", "cullface": "north"},
				"down": {"uv": [10, 8, 14, 9], "rotation": 180, "texture": "#1_carved_pumpkin", "cullface": "north"}
			}
		},
		{
			"name": "Cube",
			"from": [2, 10, 0],
			"to": [3, 14, 2],
			"faces": {
				"north": {"uv": [13, 2, 14, 6], "texture": "#1_carved_pumpkin", "cullface": "north"},
				"east": {"uv": [13, 2, 14, 6], "texture": "#1_carved_pumpkin", "cullface": "north"},
				"south": {"uv": [13, 2, 14, 6], "texture": "#10", "cullface": "north"},
				"down": {"uv": [13, 5, 14, 6], "rotation": 180, "texture": "#1_carved_pumpkin", "cullface": "north"}
			}
		},
		{
			"name": "Cube",
			"from": [3, 12, 0],
			"to": [4, 14, 2],
			"faces": {
				"north": {"uv": [12, 2, 13, 4], "texture": "#1_carved_pumpkin", "cullface": "north"},
				"east": {"uv": [12, 2, 13, 4], "texture": "#1_carved_pumpkin", "cullface": "north"},
				"south": {"uv": [12, 2, 13, 4], "texture": "#10", "cullface": "north"},
				"down": {"uv": [12, 3, 13, 4], "rotation": 180, "texture": "#1_carved_pumpkin", "cullface": "north"}
			}
		},
		{
			"name": "Cube",
			"from": [4, 13, 0],
			"to": [5, 14, 2],
			"faces": {
				"north": {"uv": [11, 2, 12, 3], "texture": "#1_carved_pumpkin", "cullface": "north"},
				"east": {"uv": [11, 2, 12, 3], "texture": "#1_carved_pumpkin", "cullface": "north"},
				"south": {"uv": [11, 2, 12, 3], "texture": "#10", "cullface": "north"},
				"down": {"uv": [11, 2, 12, 3], "rotation": 180, "texture": "#1_carved_pumpkin", "cullface": "north"}
			}
		},
		{
			"name": "Cube",
			"from": [6, 13, 0],
			"to": [7, 14, 2],
			"faces": {
				"north": {"uv": [9, 2, 10, 3], "texture": "#1_carved_pumpkin", "cullface": "north"},
				"south": {"uv": [9, 2, 10, 3], "texture": "#10", "cullface": "north"},
				"west": {"uv": [9, 2, 10, 3], "texture": "#1_carved_pumpkin", "cullface": "north"},
				"down": {"uv": [9, 2, 10, 3], "rotation": 180, "texture": "#1_carved_pumpkin", "cullface": "north"}
			}
		},
		{
			"name": "Cube",
			"from": [7, 9, 0],
			"to": [9, 14, 2],
			"faces": {
				"north": {"uv": [7, 2, 9, 7], "texture": "#1_carved_pumpkin", "cullface": "north"},
				"east": {"uv": [7, 2, 8, 7], "texture": "#1_carved_pumpkin", "cullface": "north"},
				"south": {"uv": [7, 2, 9, 7], "texture": "#10", "cullface": "north"},
				"west": {"uv": [8, 2, 9, 7], "texture": "#1_carved_pumpkin", "cullface": "north"}
			}
		},
		{
			"name": "Cube",
			"from": [9, 13, 0],
			"to": [10, 14, 2],
			"faces": {
				"north": {"uv": [6, 2, 7, 3], "texture": "#1_carved_pumpkin", "cullface": "north"},
				"east": {"uv": [6, 2, 7, 3], "texture": "#1_carved_pumpkin", "cullface": "north"},
				"south": {"uv": [6, 2, 7, 3], "texture": "#10", "cullface": "north"},
				"down": {"uv": [6, 2, 7, 3], "rotation": 180, "texture": "#1_carved_pumpkin", "cullface": "north"}
			}
		},
		{
			"name": "Cube",
			"from": [12, 12, 0],
			"to": [13, 14, 2],
			"faces": {
				"north": {"uv": [3, 2, 4, 4], "texture": "#1_carved_pumpkin", "cullface": "north"},
				"south": {"uv": [3, 2, 4, 4], "texture": "#10", "cullface": "north"},
				"west": {"uv": [3, 2, 4, 4], "texture": "#1_carved_pumpkin", "cullface": "north"},
				"down": {"uv": [3, 3, 4, 4], "rotation": 180, "texture": "#1_carved_pumpkin", "cullface": "north"}
			}
		},
		{
			"name": "Cube",
			"from": [6, 16, 7],
			"to": [7, 16.5, 9],
			"faces": {
				"north": {"uv": [9, 8, 10, 9], "texture": "#pumpkin_top", "cullface": "up"},
				"south": {"uv": [9, 7, 10, 8], "texture": "#pumpkin_top", "cullface": "up"},
				"west": {"uv": [9, 7, 10, 9], "rotation": 90, "texture": "#pumpkin_top", "cullface": "up"},
				"up": {"uv": [9, 7, 10, 9], "rotation": 180, "texture": "#pumpkin_top", "cullface": "up"}
			}
		},
		{
			"name": "Cube",
			"from": [7, 16.5, 7],
			"to": [9, 17, 9],
			"faces": {
				"north": {"uv": [7, 8, 9, 9], "texture": "#pumpkin_top", "cullface": "up"},
				"east": {"uv": [8, 7, 9, 9], "rotation": 270, "texture": "#pumpkin_top", "cullface": "up"},
				"south": {"uv": [7, 7, 9, 8], "texture": "#pumpkin_top", "cullface": "up"},
				"west": {"uv": [7, 7, 8, 9], "rotation": 90, "texture": "#pumpkin_top", "cullface": "up"},
				"up": {"uv": [7, 7, 9, 9], "rotation": 180, "texture": "#pumpkin_top", "cullface": "up"}
			}
		},
		{
			"name": "Cube",
			"from": [9, 16, 9],
			"to": [11, 17, 11],
			"faces": {
				"north": {"uv": [5, 6, 7, 7], "texture": "#pumpkin_top", "cullface": "up"},
				"east": {"uv": [6, 5, 7, 7], "rotation": 270, "texture": "#pumpkin_top", "cullface": "up"},
				"south": {"uv": [5, 5, 7, 6], "texture": "#pumpkin_top", "cullface": "up"},
				"west": {"uv": [5, 5, 6, 7], "rotation": 90, "texture": "#pumpkin_top", "cullface": "up"},
				"up": {"uv": [5, 5, 7, 7], "rotation": 180, "texture": "#pumpkin_top", "cullface": "up"}
			}
		},
		{
			"name": "Cube",
			"from": [8, 16.5, 9],
			"to": [9, 17, 10],
			"faces": {
				"south": {"uv": [7, 6, 8, 7], "texture": "#pumpkin_top", "cullface": "up"},
				"west": {"uv": [7, 6, 8, 7], "texture": "#pumpkin_top", "cullface": "up"},
				"up": {"uv": [7, 6, 8, 7], "rotation": 180, "texture": "#pumpkin_top", "cullface": "up"}
			}
		},
		{
			"name": "Cube",
			"from": [9, 16.5, 8],
			"to": [10, 17, 9],
			"faces": {
				"north": {"uv": [6, 7, 7, 8], "texture": "#pumpkin_top", "cullface": "up"},
				"east": {"uv": [6, 7, 7, 8], "texture": "#pumpkin_top", "cullface": "up"},
				"south": {"uv": [6, 7, 7, 8], "texture": "#pumpkin_top", "cullface": "up"},
				"up": {"uv": [6, 7, 7, 8], "rotation": 180, "texture": "#pumpkin_top", "cullface": "up"}
			}
		},
		{
			"name": "Cube",
			"from": [7, 16, 7],
			"to": [10, 16.5, 10],
			"faces": {
				"north": {"uv": [6, 8, 9, 9], "texture": "#pumpkin_top", "cullface": "up"},
				"east": {"uv": [8, 6, 9, 9], "rotation": 90, "texture": "#pumpkin_top", "cullface": "up"},
				"south": {"uv": [6, 6, 9, 7], "rotation": 180, "texture": "#pumpkin_top", "cullface": "up"},
				"west": {"uv": [6, 6, 7, 9], "rotation": 270, "texture": "#pumpkin_top", "cullface": "up"},
				"up": {"uv": [6, 6, 9, 9], "rotation": 180, "texture": "#pumpkin_top", "cullface": "up"}
			}
		},
		{
			"name": "Cube",
			"from": [8, 16, 10],
			"to": [9, 16.5, 11],
			"faces": {
				"south": {"uv": [7, 5, 8, 6], "texture": "#pumpkin_top", "cullface": "up"},
				"west": {"uv": [7, 5, 8, 6], "texture": "#pumpkin_top", "cullface": "up"},
				"up": {"uv": [7, 5, 8, 6], "rotation": 180, "texture": "#pumpkin_top", "cullface": "up"}
			}
		},
		{
			"name": "Cube",
			"from": [10, 16, 8],
			"to": [11, 16.5, 9],
			"faces": {
				"north": {"uv": [7, 5, 8, 6], "texture": "#pumpkin_top", "cullface": "up"},
				"east": {"uv": [7, 5, 8, 6], "texture": "#pumpkin_top", "cullface": "up"},
				"up": {"uv": [7, 5, 8, 6], "rotation": 180, "texture": "#pumpkin_top", "cullface": "up"}
			}
		},
		{
			"name": "Cube",
			"from": [7, 16, 6],
			"to": [9, 16.5, 7],
			"faces": {
				"north": {"uv": [7, 9, 9, 10], "texture": "#pumpkin_top", "cullface": "up"},
				"east": {"uv": [7, 9, 8, 10], "texture": "#pumpkin_top", "cullface": "up"},
				"west": {"uv": [7, 9, 8, 10], "texture": "#pumpkin_top", "cullface": "up"},
				"up": {"uv": [7, 9, 8, 10], "rotation": 180, "texture": "#pumpkin_top", "cullface": "up"}
			}
		}
	],
	"groups": [
		{
			"name": "Candle",
			"origin": [8, 8, 8],
			"children": [0, 1, 2, 3, 4, 5, 6, 7, 8, 9]
		},
		{
			"name": "pumpkin",
			"origin": [8, 8, 8],
			"children": [10, 11, 12, 13, 14, 15, 16, 17, 18, 19, 20, 21, 22, 23, 24, 25, 26, 27, 28, 29, 30, 31, 32, 33, 34, 35, 36, 37, 38, 39, 40, 41, 42, 43, 44, 45, 46, 47, 48, 49, 50]
		}
	]
}