{
	"credit": "Made by TheWaschtlPlays using Blockbench",
	"ambientocclusion": false,
	"textures": {
		"1": "custom_textures/doors/oak/oak_door_bottom_clean",
		"2": "custom_textures/doors/oak/oak_door_side",
		"particle": "custom_textures/doors/oak/oak_door_top_clean",
		"top": "custom_textures/doors/oak/oak_door_top_clean"
	},
	"elements": [
		{
			"name": "Cube",
			"from": [0.5, 8, 3],
			"to": [2.5, 10, 13],
			"faces": {
				"east": {"uv": [3, 6, 13, 8], "texture": "#top"},
				"west": {"uv": [13, 6, 3, 8], "texture": "#top", "cullface": "west"},
				"up": {"uv": [0, 10, 2, 0], "texture": "#top"},
				"down": {"uv": [0, 10, 2, 0], "texture": "#top"}
			}
		},
		{
			"name": "Cube",
			"from": [0, 0, 0],
			"to": [3, 5, 16],
			"faces": {
				"north": {"uv": [3, 11, 0, 16], "texture": "#2", "cullface": "north"},
				"east": {"uv": [0, 11, 16, 16], "texture": "#top"},
				"south": {"uv": [0, 11, 3, 16], "texture": "#top", "cullface": "south"},
				"west": {"uv": [16, 11, 0, 16], "texture": "#top", "cullface": "west"},
				"up": {"uv": [13, 16, 16, 0], "texture": "#top"}
			}
		},
		{
			"name": "Cube",
			"from": [0, 13, 0],
			"to": [3, 16, 16],
			"faces": {
				"north": {"uv": [3, 0, 0, 3], "texture": "#top", "cullface": "north"},
				"east": {"uv": [0, 0, 16, 3], "texture": "#top"},
				"south": {"uv": [0, 0, 3, 3], "texture": "#top", "cullface": "south"},
				"west": {"uv": [16, 0, 0, 3], "texture": "#top", "cullface": "west"},
				"up": {"uv": [16, 12, 0, 15], "rotation": 90, "texture": "#1", "cullface": "up"},
				"down": {"uv": [13, 16, 16, 0], "texture": "#top"}
			}
		},
		{
			"name": "Cube",
			"from": [0, 5, 13],
			"to": [3, 13, 16],
			"faces": {
				"north": {"uv": [16, 3, 13, 11], "texture": "#top", "cullface": "north"},
				"east": {"uv": [0, 3, 3, 11], "texture": "#top"},
				"south": {"uv": [0, 3, 3, 11], "texture": "#top", "cullface": "south"},
				"west": {"uv": [3, 3, 0, 11], "texture": "#top", "cullface": "west"}
			}
		},
		{
			"name": "Cube",
			"from": [0, 5, 0],
			"to": [3, 13, 3],
			"faces": {
				"north": {"uv": [3, 3, 0, 11], "texture": "#2", "cullface": "north"},
				"east": {"uv": [13, 3, 16, 11], "texture": "#top"},
				"south": {"uv": [16, 3, 13, 11], "texture": "#top", "cullface": "south"},
				"west": {"uv": [16, 3, 13, 11], "texture": "#top", "cullface": "west"}
			}
		},
		{
			"name": "Cube",
			"from": [0.5, 5, 7],
			"to": [2.5, 13, 9],
			"faces": {
				"north": {"uv": [2, 6, 0, 14], "texture": "#top"},
				"east": {"uv": [7, 3, 9, 11], "texture": "#top"},
				"south": {"uv": [2, 6, 0, 14], "texture": "#top"},
				"west": {"uv": [9, 3, 7, 11], "texture": "#top", "cullface": "west"}
			}
		},
		{
			"from": [3.25, 1, 2],
			"to": [3.75, 2, 5],
			"rotation": {"angle": 0, "axis": "y", "origin": [11.25, 9, -5]},
			"faces": {
				"north": {"uv": [9.5, 0, 9, 1], "texture": "#2"},
				"east": {"uv": [10, 0, 7, 1], "rotation": 180, "texture": "#2"},
				"south": {"uv": [7.5, 0, 7, 1], "texture": "#2"},
				"west": {"uv": [10, 0, 7, 1], "texture": "#2"},
				"up": {"uv": [10, 0, 7, 0.5], "rotation": 90, "texture": "#2"},
				"down": {"uv": [10, 0, 7, 0.5], "rotation": 270, "texture": "#2"}
			}
		},
		{
			"from": [3.25, 0, 4],
			"to": [3.75, 1, 5],
			"rotation": {"angle": 0, "axis": "y", "origin": [11.25, 8, -5]},
			"faces": {
				"north": {"uv": [7.5, 1, 7, 2], "texture": "#2"},
				"east": {"uv": [8, 1, 7, 2], "texture": "#2"},
				"south": {"uv": [7.5, 1, 7, 2], "texture": "#2"},
				"west": {"uv": [8, 1, 7, 2], "texture": "#2"},
				"down": {"uv": [7, 2, 7.5, 1], "texture": "#2"}
			}
		},
		{
			"from": [-0.75, 1, 2],
			"to": [-0.25, 2, 5],
			"rotation": {"angle": 0, "axis": "y", "origin": [7.25, 9, -5]},
			"faces": {
				"north": {"uv": [9.5, 0, 9, 1], "texture": "#2", "cullface": "west"},
				"east": {"uv": [10, 0, 7, 1], "rotation": 180, "texture": "#2", "cullface": "west"},
				"south": {"uv": [7.5, 0, 7, 1], "texture": "#2", "cullface": "west"},
				"west": {"uv": [10, 0, 7, 1], "texture": "#2", "cullface": "west"},
				"up": {"uv": [10, 0, 7, 0.5], "rotation": 90, "texture": "#2", "cullface": "west"},
				"down": {"uv": [10, 0, 7, 0.5], "rotation": 270, "texture": "#2", "cullface": "west"}
			}
		},
		{
			"from": [-0.75, 0, 4],
			"to": [-0.25, 1, 5],
			"rotation": {"angle": 0, "axis": "y", "origin": [7.25, 8, -5]},
			"faces": {
				"north": {"uv": [7.5, 1, 7, 2], "texture": "#2", "cullface": "west"},
				"east": {"uv": [8, 1, 7, 2], "texture": "#2", "cullface": "west"},
				"south": {"uv": [7.5, 1, 7, 2], "texture": "#2", "cullface": "west"},
				"west": {"uv": [8, 1, 7, 2], "texture": "#2", "cullface": "west"},
				"down": {"uv": [7, 2, 7.5, 1], "texture": "#2", "cullface": "west"}
			}
		},
		{
			"from": [-0.25, 1.25, 2.25],
			"to": [3.25, 1.75, 2.75],
			"rotation": {"angle": 0, "axis": "y", "origin": [7.75, 9, -5]},
			"faces": {
				"north": {"uv": [7.5, 1, 7, 1.5], "texture": "#2"},
				"south": {"uv": [7.5, 1, 7, 1.5], "texture": "#2"},
				"up": {"uv": [7, 1.5, 7.5, 1], "texture": "#2"},
				"down": {"uv": [7, 1.5, 7.5, 1], "texture": "#2"}
			}
		},
		{
			"name": "Hinge",
			"from": [-0.25, 9.75, 15],
			"to": [3.25, 12.25, 16.25],
			"rotation": {"angle": 0, "axis": "y", "origin": [7.75, 18, 8]},
			"faces": {
				"north": {"uv": [1, 4, 0, 6], "texture": "#top"},
				"east": {"uv": [1, 4, 0, 6], "texture": "#top"},
				"south": {"uv": [1, 4, 0, 6], "texture": "#top"},
				"west": {"uv": [1, 4, 0, 6], "texture": "#top"},
				"up": {"uv": [0, 5, 1, 4], "texture": "#top"},
				"down": {"uv": [0, 5, 1, 4], "texture": "#top"}
			}
		}
	],
	"groups": [
		{
			"name": "Door",
			"origin": [8, 8, 8],
			"children": [0, 1, 2, 3, 4, 5]
		},
		{
			"name": "Handle",
			"origin": [8, 8, 8],
			"children": [
				{
					"name": "HandleE",
					"origin": [8, 8, 8],
					"children": [6, 7]
				},
				{
					"name": "HandleW",
					"origin": [8, 8, 8],
					"children": [8, 9]
				}, 10]
		}, 11]
}