{
	"credit": "Made by TheWaschtlPlays using Blockbench",
	"textures": {
		"1": "custom_textures/doors/spruce/spruce_door_bottom",
		"particle": "custom_textures/doors/spruce/spruce_door_bottom",
		"bottom": "custom_textures/doors/spruce/spruce_door_bottom_clean"
	},
	"elements": [
		{
			"name": "Middle",
			"from": [0.5, 0, 3],
			"to": [2.5, 16, 16],
			"rotation": {"angle": 0, "axis": "y", "origin": [8.5, 8, 23]},
			"faces": {
				"east": {"uv": [16, 0, 3, 16], "texture": "#bottom"},
				"south": {"uv": [15, 0, 16, 16], "texture": "#bottom", "cullface": "south"},
				"west": {"uv": [3, 0, 16, 16], "texture": "#bottom"},
				"down": {"uv": [16, 13.5, 3, 15.5], "rotation": 90, "texture": "#bottom", "cullface": "down"}
			}
		},
		{
			"from": [0.01, 0, 0],
			"to": [3, 16, 3],
			"rotation": {"angle": 0, "axis": "y", "origin": [8, 8, 10]},
			"faces": {
				"north": {"uv": [3, 0, 0, 16], "texture": "#bottom", "cullface": "north"},
				"east": {"uv": [3, 0, 0, 16], "texture": "#bottom"},
				"south": {"uv": [2, 0, 3, 16], "texture": "#bottom"},
				"west": {"uv": [0, 0, 3, 16], "texture": "#bottom", "cullface": "west"},
				"down": {"uv": [0, 13, 3, 16], "texture": "#bottom", "cullface": "down"}
			}
		},
		{
			"from": [0.01, 0, 13],
			"to": [3, 16, 15],
			"rotation": {"angle": 0, "axis": "y", "origin": [8, 8, 22]},
			"faces": {
				"north": {"uv": [13, 0, 14, 16], "texture": "#bottom"},
				"east": {"uv": [15, 0, 13, 16], "texture": "#bottom"},
				"south": {"uv": [14, 0, 15, 16], "texture": "#bottom"},
				"west": {"uv": [13, 0, 15, 16], "texture": "#bottom", "cullface": "west"},
				"down": {"uv": [15, 13, 13, 16], "rotation": 90, "texture": "#bottom", "cullface": "down"}
			}
		},
		{
			"from": [0.01, 0, 10],
			"to": [3, 16, 12],
			"rotation": {"angle": 0, "axis": "y", "origin": [8, 8, 19]},
			"faces": {
				"north": {"uv": [10, 0, 11, 16], "texture": "#bottom"},
				"east": {"uv": [12, 0, 10, 16], "texture": "#bottom"},
				"south": {"uv": [11, 0, 12, 16], "texture": "#bottom"},
				"west": {"uv": [10, 0, 12, 16], "texture": "#bottom", "cullface": "west"},
				"down": {"uv": [12, 13, 10, 16], "rotation": 90, "texture": "#bottom", "cullface": "down"}
			}
		},
		{
			"from": [0.01, 0, 7],
			"to": [3, 16, 9],
			"rotation": {"angle": 0, "axis": "y", "origin": [8, 8, 16]},
			"faces": {
				"north": {"uv": [7, 0, 8, 16], "texture": "#bottom"},
				"east": {"uv": [9, 0, 7, 16], "texture": "#bottom"},
				"south": {"uv": [8, 0, 9, 16], "texture": "#bottom"},
				"west": {"uv": [7, 0, 9, 16], "texture": "#bottom", "cullface": "west"},
				"down": {"uv": [9, 13, 7, 16], "rotation": 90, "texture": "#bottom", "cullface": "down"}
			}
		},
		{
			"from": [0.01, 0, 4],
			"to": [3, 16, 6],
			"rotation": {"angle": 0, "axis": "y", "origin": [8, 8, 13]},
			"faces": {
				"north": {"uv": [4, 0, 5, 16], "texture": "#bottom"},
				"east": {"uv": [6, 0, 4, 16], "texture": "#bottom"},
				"south": {"uv": [5, 0, 6, 16], "texture": "#bottom"},
				"west": {"uv": [4, 0, 6, 16], "texture": "#bottom", "cullface": "west"},
				"down": {"uv": [6, 13, 4, 16], "rotation": 90, "texture": "#bottom", "cullface": "down"}
			}
		},
		{
			"from": [-0.5, 13, 13],
			"to": [0, 15, 14],
			"rotation": {"angle": 0, "axis": "y", "origin": [7, 22, 21]},
			"faces": {
				"north": {"uv": [13, 1, 13.5, 3], "texture": "#1", "cullface": "west"},
				"south": {"uv": [13, 1, 13.5, 3], "texture": "#1", "cullface": "west"},
				"west": {"uv": [13, 1, 14, 3], "texture": "#1", "cullface": "west"},
				"up": {"uv": [13, 1, 13.5, 2], "texture": "#1", "cullface": "west"},
				"down": {"uv": [13, 2, 13.5, 3], "texture": "#1", "cullface": "west"}
			}
		},
		{
			"from": [-0.5, 15, 11],
			"to": [0, 16, 13],
			"rotation": {"angle": 0, "axis": "y", "origin": [7.5, 23, 19]},
			"faces": {
				"north": {"uv": [11, 0, 11.5, 1], "texture": "#1", "cullface": "west"},
				"south": {"uv": [12, 0, 12.5, 1], "texture": "#1", "cullface": "west"},
				"west": {"uv": [11, 0, 13, 1], "texture": "#1", "cullface": "west"},
				"up": {"uv": [11, 0, 13, 0.5], "rotation": 90, "texture": "#1", "cullface": "west"},
				"down": {"uv": [11, 0, 13, 0.5], "rotation": 270, "texture": "#1", "cullface": "west"}
			}
		},
		{
			"from": [-0.5, 13, 10],
			"to": [0, 15, 11],
			"rotation": {"angle": 0, "axis": "y", "origin": [7, 22, 18]},
			"faces": {
				"north": {"uv": [10, 1, 10.5, 3], "texture": "#1", "cullface": "west"},
				"south": {"uv": [10, 1, 10.5, 3], "texture": "#1", "cullface": "west"},
				"west": {"uv": [10, 1, 11, 3], "texture": "#1", "cullface": "west"},
				"up": {"uv": [10, 1, 10.5, 2], "texture": "#1", "cullface": "west"},
				"down": {"uv": [10, 2, 10.5, 3], "texture": "#1", "cullface": "west"}
			}
		},
		{
			"from": [-0.5, 12, 11],
			"to": [0, 13, 13],
			"rotation": {"angle": 0, "axis": "y", "origin": [7, 20, 20]},
			"faces": {
				"north": {"uv": [11, 3, 11.5, 4], "texture": "#1", "cullface": "west"},
				"south": {"uv": [12, 3, 12.5, 4], "texture": "#1", "cullface": "west"},
				"west": {"uv": [11, 3, 13, 4], "texture": "#1", "cullface": "west"},
				"up": {"uv": [11, 3, 13, 3.5], "rotation": 90, "texture": "#1", "cullface": "west"},
				"down": {"uv": [11, 3, 13, 3.5], "rotation": 270, "texture": "#1", "cullface": "west"}
			}
		},
		{
			"from": [3, 13, 13],
			"to": [3.5, 15, 14],
			"rotation": {"angle": 0, "axis": "y", "origin": [10.5, 22, 21]},
			"faces": {
				"north": {"uv": [13, 1, 13.5, 3], "texture": "#1", "cullface": "west"},
				"east": {"uv": [13, 1, 14, 3], "texture": "#1"},
				"south": {"uv": [13, 1, 13.5, 3], "texture": "#1", "cullface": "west"},
				"up": {"uv": [13, 1, 13.5, 2], "texture": "#1", "cullface": "west"},
				"down": {"uv": [13, 2, 13.5, 3], "texture": "#1", "cullface": "west"}
			}
		},
		{
			"from": [3, 15, 11],
			"to": [3.5, 16, 13],
			"rotation": {"angle": 0, "axis": "y", "origin": [11, 23, 19]},
			"faces": {
				"north": {"uv": [11, 0, 11.5, 1], "texture": "#1", "cullface": "west"},
				"east": {"uv": [11, 0, 13, 1], "rotation": 180, "texture": "#1"},
				"south": {"uv": [12, 0, 12.5, 1], "texture": "#1", "cullface": "west"},
				"up": {"uv": [11, 0, 13, 0.5], "rotation": 90, "texture": "#1", "cullface": "west"},
				"down": {"uv": [11, 0, 13, 0.5], "rotation": 270, "texture": "#1", "cullface": "west"}
			}
		},
		{
			"from": [3, 13, 10],
			"to": [3.5, 15, 11],
			"rotation": {"angle": 0, "axis": "y", "origin": [10.5, 22, 18]},
			"faces": {
				"north": {"uv": [10, 1, 10.5, 3], "texture": "#1", "cullface": "west"},
				"east": {"uv": [10, 1, 11, 3], "texture": "#1"},
				"south": {"uv": [10, 1, 10.5, 3], "texture": "#1"},
				"up": {"uv": [10, 1, 10.5, 2], "texture": "#1", "cullface": "west"},
				"down": {"uv": [10, 2, 10.5, 3], "texture": "#1", "cullface": "west"}
			}
		},
		{
			"from": [3, 12, 11],
			"to": [3.5, 13, 13],
			"rotation": {"angle": 0, "axis": "y", "origin": [10.5, 20, 20]},
			"faces": {
				"north": {"uv": [11, 3, 11.5, 4], "texture": "#1", "cullface": "west"},
				"east": {"uv": [11, 3, 13, 4], "rotation": 180, "texture": "#1"},
				"south": {"uv": [12, 3, 12.5, 4], "texture": "#1", "cullface": "west"},
				"up": {"uv": [11, 3, 13, 3.5], "rotation": 90, "texture": "#1", "cullface": "west"},
				"down": {"uv": [11, 3, 13, 3.5], "rotation": 270, "texture": "#1", "cullface": "west"}
			}
		},
		{
			"name": "HingeUP",
			"from": [-0.25, 14.75, -0.25],
			"to": [3.25, 17.25, 1],
			"rotation": {"angle": 0, "axis": "y", "origin": [7.75, 22.75, 8]},
			"faces": {
				"north": {"uv": [0, 10, 1, 12], "texture": "#bottom"},
				"east": {"uv": [0, 10, 1, 12], "texture": "#bottom"},
				"south": {"uv": [0, 10, 1, 12], "texture": "#bottom"},
				"west": {"uv": [0, 10, 1, 12], "texture": "#bottom"},
				"up": {"uv": [0, 10, 1, 11], "texture": "#bottom"},
				"down": {"uv": [0, 11, 1, 12], "texture": "#bottom"}
			}
		},
		{
			"name": "HingeDWN",
			"from": [-0.25, 3.75, -0.25],
			"to": [3.25, 6.25, 1],
			"rotation": {"angle": 0, "axis": "y", "origin": [7.75, 11.75, 8]},
			"faces": {
				"north": {"uv": [0, 10, 1, 12], "texture": "#bottom"},
				"east": {"uv": [0, 10, 1, 12], "texture": "#bottom"},
				"south": {"uv": [0, 10, 1, 12], "texture": "#bottom"},
				"west": {"uv": [0, 10, 1, 12], "texture": "#bottom"},
				"up": {"uv": [0, 10, 1, 11], "texture": "#bottom"},
				"down": {"uv": [0, 11, 1, 12], "texture": "#bottom"}
			}
		}
	],
	"groups": [
		{
			"name": "Door",
			"origin": [8, 8, 13],
			"children": [0, 1, 2, 3, 4, 5]
		},
		{
			"name": "Ring",
			"origin": [8.5, 8, 23],
			"children": [
				{
					"name": "RingW",
					"origin": [7, 20, 20],
					"children": [6, 7, 8, 9]
				},
				{
					"name": "RingE",
					"origin": [7, 20, 20],
					"children": [10, 11, 12, 13]
				}
			]
		}, 14, 15]
}