{
	"credit": "Made by TheWaschtlPlays using Blockbench",
	"ambientocclusion": false,
	"textures": {
		"particle": "#crop"
	},
	"elements": [
		{
			"name": "1_1",
			"from": [4, -1, 0],
			"to": [4, 15, 16],
			"shade": false,
			"rotation": {"angle": 0, "axis": "y", "origin": [0, -1, 0]},
			"faces": {
				"east": {"uv": [16, 0, 0, 16], "texture": "#crop", "tintindex": 0},
				"west": {"uv": [0, 0, 16, 16], "texture": "#crop", "tintindex": 0}
			}
		},
		{
			"name": "2_2",
			"from": [11, -1, 0],
			"to": [11, 15, 16],
			"shade": false,
			"rotation": {"angle": 22.5, "axis": "y", "origin": [10, 7, 8]},
			"faces": {
				"east": {"uv": [16, 0, 0, 16], "texture": "#crop", "tintindex": 0},
				"west": {"uv": [0, 0, 16, 16], "texture": "#crop", "tintindex": 0}
			}
		},
		{
			"name": "3_1",
			"from": [0, -1, 4],
			"to": [16, 15, 4],
			"shade": false,
			"rotation": {"angle": 0, "axis": "y", "origin": [0, -1, 0]},
			"faces": {
				"north": {"uv": [16, 0, 0, 16], "texture": "#crop", "tintindex": 0},
				"south": {"uv": [0, 0, 16, 16], "texture": "#crop", "tintindex": 0}
			}
		},
		{
			"name": "4_3",
			"from": [0, -1, 10],
			"to": [16, 15, 10],
			"shade": false,
			"rotation": {"angle": -22.5, "axis": "y", "origin": [8, 7, 8]},
			"faces": {
				"north": {"uv": [16, 0, 0, 16], "texture": "#crop", "tintindex": 0},
				"south": {"uv": [0, 0, 16, 16], "texture": "#crop", "tintindex": 0}
			}
		}
	]
}