{
    "__comment": "Model generated using MrCrayfish's Model Creator (https://mrcrayfish.com/tools?id=mc)",
"ambientocclusion": false,
    "textures": {
        "particle": "minecraft:block/redstone_torch",
        "redstone_torch_off": "minecraft:block/redstone_torch_off",
        "torch": "minecraft:block/redstone_torch"
    },
    "display": {
        "gui": {
            "rotation": [ 30, 45, 0 ],
            "translation": [ 0, 1, 0 ],
            "scale": [ 1, 1, 1 ]
        },
        "ground": {
            "rotation": [ 0, 0, 0 ],
            "translation": [ 0, 3, 0 ],
            "scale": [ 0.25, 0.25, 0.25 ]
        },
        "fixed": {
            "rotation": [ 0, 180, 0 ],
            "translation": [ 0, 0, 0 ],
            "scale": [ 1, 1, 1 ]
        },
        "head": {
            "rotation": [ 0, 180, 0 ],
            "translation": [ 0, 0, 0 ],
            "scale": [ 1, 1, 1 ]
        },
        "firstperson_righthand": {
            "rotation": [ 0, 315, 0 ],
            "translation": [ 0, 2.5, 0 ],
            "scale": [ 0.4, 0.4, 0.4 ]
        },
        "thirdperson_righthand": {
            "rotation": [ 0, 315, 0 ],
            "translation": [ 0, 2.5, 1 ],
            "scale": [ 0.375, 0.375, 0.375 ]
        }
    },
    "elements": [
        {
            "name": "Cube",
            "from": [ 7, 0, 7 ], 
            "to": [ 9, 10, 9 ], 
            "faces": {
                "north": { "texture": "#redstone_torch_off", "uv": [ 7, 6, 9, 16 ] },
                "east": { "texture": "#redstone_torch_off", "uv": [ 7, 6, 9, 16 ] },
                "south": { "texture": "#redstone_torch_off", "uv": [ 7, 6, 9, 16 ] },
                "west": { "texture": "#redstone_torch_off", "uv": [ 7, 6, 9, 16 ] },
                "down": { "texture": "#redstone_torch_off", "uv": [ 7, 14, 9, 16 ] }
            }
        },
        {
            "name": "Cube",
            "from": [ 6.75, 7.75, 6.75 ], 
            "to": [ 9.25, 10.25, 9.25 ], 
            "faces": {
                "north": { "texture": "#torch", "uv": [ 7, 6, 9, 8 ] },
                "east": { "texture": "#torch", "uv": [ 7, 6, 9, 8 ], "rotation": 90 },
                "south": { "texture": "#torch", "uv": [ 7, 6, 9, 8 ] },
                "west": { "texture": "#torch", "uv": [ 7, 6, 9, 8 ] },
                "up": { "texture": "#torch", "uv": [ 7, 6, 9, 8 ] },
                "down": { "texture": "#torch", "uv": [ 7, 6, 9, 8 ] }
            }
        }
    ]
}