{
	"credit": "Made by TheWaschtlPlays using Blockbench",
	"textures": {
		"anvil_top": "block/soul_lantern",
		"lead_knot": "entity/lead_knot"
	},
	"elements": [
		{
			"name": "base",
			"from": [5, 0, 5],
			"to": [11, 1, 11],
			"rotation": {"angle": 0, "axis": "y", "origin": [8, 7, 8]},
			"faces": {
				"north": {"uv": [0, 8, 6, 9], "texture": "#anvil_top"},
				"east": {"uv": [0, 8, 6, 9], "texture": "#anvil_top"},
				"south": {"uv": [0, 8, 6, 9], "texture": "#anvil_top"},
				"west": {"uv": [0, 8, 6, 9], "texture": "#anvil_top"},
				"up": {"uv": [0, 9, 6, 15], "texture": "#anvil_top"},
				"down": {"uv": [0, 9, 6, 15], "texture": "#anvil_top"}
			}
		},
		{
			"name": "sides",
			"from": [5, 1, 5],
			"to": [6, 6, 6],
			"rotation": {"angle": 0, "axis": "y", "origin": [8, 7, 8]},
			"faces": {
				"north": {"uv": [0, 3, 1, 8], "texture": "#anvil_top"},
				"east": {"uv": [5, 6, 6, 11], "texture": "#anvil_top"},
				"south": {"uv": [0, 3, 1, 8], "texture": "#anvil_top"},
				"west": {"uv": [0, 3, 1, 8], "texture": "#anvil_top"}
			}
		},
		{
			"name": "sides",
			"from": [5, 1, 10],
			"to": [6, 6, 11],
			"rotation": {"angle": 0, "axis": "y", "origin": [8, 7, 8]},
			"faces": {
				"north": {"uv": [0, 3, 1, 8], "texture": "#anvil_top"},
				"east": {"uv": [5, 6, 6, 11], "texture": "#anvil_top"},
				"south": {"uv": [0, 3, 1, 8], "texture": "#anvil_top"},
				"west": {"uv": [0, 3, 1, 8], "texture": "#anvil_top"}
			}
		},
		{
			"name": "sides",
			"from": [10, 1, 10],
			"to": [11, 6, 11],
			"rotation": {"angle": 0, "axis": "y", "origin": [8, 7, 8]},
			"faces": {
				"north": {"uv": [0, 3, 1, 8], "texture": "#anvil_top"},
				"east": {"uv": [0, 3, 1, 8], "texture": "#anvil_top"},
				"south": {"uv": [5, 3, 6, 8], "texture": "#anvil_top"},
				"west": {"uv": [5, 3, 6, 8], "texture": "#anvil_top"}
			}
		},
		{
			"name": "sides",
			"from": [10, 1, 5],
			"to": [11, 6, 6],
			"rotation": {"angle": 0, "axis": "y", "origin": [8, 7, 8]},
			"faces": {
				"north": {"uv": [0, 3, 1, 8], "texture": "#anvil_top"},
				"east": {"uv": [5, 3, 6, 8], "texture": "#anvil_top"},
				"south": {"uv": [0, 3, 1, 8], "texture": "#anvil_top"},
				"west": {"uv": [0, 3, 1, 8], "texture": "#anvil_top"}
			}
		},
		{
			"name": "top",
			"from": [5, 6, 5],
			"to": [11, 7, 11],
			"rotation": {"angle": 0, "axis": "y", "origin": [8, 7, 8]},
			"faces": {
				"north": {"uv": [0, 2, 6, 3], "texture": "#anvil_top"},
				"east": {"uv": [0, 2, 6, 3], "texture": "#anvil_top"},
				"south": {"uv": [0, 2, 6, 3], "texture": "#anvil_top"},
				"west": {"uv": [0, 2, 6, 3], "texture": "#anvil_top"},
				"up": {"uv": [0, 9, 6, 15], "texture": "#anvil_top"},
				"down": {"uv": [0, 9, 6, 15], "texture": "#anvil_top"}
			}
		},
		{
			"name": "toptop",
			"from": [6, 8, 6],
			"to": [10, 9, 10],
			"rotation": {"angle": 0, "axis": "y", "origin": [8, 7, 8]},
			"faces": {
				"north": {"uv": [1, 0, 5, 1], "texture": "#anvil_top"},
				"east": {"uv": [1, 0, 5, 1], "texture": "#anvil_top"},
				"south": {"uv": [1, 0, 5, 1], "texture": "#anvil_top"},
				"west": {"uv": [1, 0, 5, 1], "texture": "#anvil_top"},
				"up": {"uv": [1, 10, 5, 14], "texture": "#anvil_top"},
				"down": {"uv": [1, 10, 5, 14], "texture": "#anvil_top"}
			}
		},
		{
			"name": "thing",
			"from": [6, 7, 6],
			"to": [7, 8, 7],
			"rotation": {"angle": 0, "axis": "y", "origin": [8, 7, 8]},
			"faces": {
				"north": {"uv": [4, 1, 5, 2], "texture": "#anvil_top"},
				"east": {"uv": [4, 1, 5, 2], "texture": "#anvil_top"},
				"south": {"uv": [1, 1, 2, 2], "texture": "#anvil_top"},
				"west": {"uv": [5, 5, 6, 6], "texture": "#anvil_top"}
			}
		},
		{
			"name": "thing",
			"from": [6, 7, 9],
			"to": [7, 8, 10],
			"rotation": {"angle": 0, "axis": "y", "origin": [8, 7, 8]},
			"faces": {
				"north": {"uv": [4, 1, 5, 2], "texture": "#anvil_top"},
				"east": {"uv": [1, 1, 2, 2], "texture": "#anvil_top"},
				"south": {"uv": [1, 1, 2, 2], "texture": "#anvil_top"},
				"west": {"uv": [5, 5, 6, 6], "texture": "#anvil_top"}
			}
		},
		{
			"name": "thing",
			"from": [9, 7, 9],
			"to": [10, 8, 10],
			"rotation": {"angle": 0, "axis": "y", "origin": [8, 7, 8]},
			"faces": {
				"north": {"uv": [1, 1, 2, 2], "texture": "#anvil_top"},
				"east": {"uv": [1, 1, 2, 2], "texture": "#anvil_top"},
				"south": {"uv": [4, 1, 5, 2], "texture": "#anvil_top"},
				"west": {"uv": [5, 5, 6, 6], "texture": "#anvil_top"}
			}
		},
		{
			"name": "thing",
			"from": [9, 7, 6],
			"to": [10, 8, 7],
			"rotation": {"angle": 0, "axis": "y", "origin": [8, 7, 8]},
			"faces": {
				"north": {"uv": [1, 1, 2, 2], "texture": "#anvil_top"},
				"east": {"uv": [4, 1, 5, 2], "texture": "#anvil_top"},
				"south": {"uv": [4, 1, 5, 2], "texture": "#anvil_top"},
				"west": {"uv": [5, 5, 6, 6], "texture": "#anvil_top"}
			}
		},
		{
			"name": "hook",
			"from": [7, 9, 7.75],
			"to": [7.5, 10.5, 8.25],
			"rotation": {"angle": 0, "axis": "y", "origin": [8, 7, 8]},
			"faces": {
				"north": {"uv": [11, 2, 11.5, 3.5], "texture": "#anvil_top"},
				"east": {"uv": [11, 2, 11.5, 3.5], "texture": "#anvil_top"},
				"south": {"uv": [11, 2, 11.5, 3.5], "texture": "#anvil_top"},
				"west": {"uv": [11, 2, 11.5, 3.5], "texture": "#anvil_top"},
				"up": {"uv": [11, 2, 11.5, 3.5], "texture": "#anvil_top"}
			}
		},
		{
			"name": "hook",
			"from": [8.5, 9, 7.75],
			"to": [9, 10.5, 8.25],
			"rotation": {"angle": 0, "axis": "y", "origin": [8, 7, 8]},
			"faces": {
				"north": {"uv": [11, 2, 11.5, 3.5], "texture": "#anvil_top"},
				"east": {"uv": [11, 2, 11.5, 3.5], "texture": "#anvil_top"},
				"south": {"uv": [11, 2, 11.5, 3.5], "texture": "#anvil_top"},
				"west": {"uv": [11, 2, 11.5, 3.5], "texture": "#anvil_top"},
				"up": {"uv": [11, 2, 11.5, 3.5], "texture": "#anvil_top"}
			}
		},
		{
			"name": "hook",
			"from": [7.5, 10, 7.75],
			"to": [8.5, 10.5, 8.25],
			"rotation": {"angle": 0, "axis": "y", "origin": [8, 7, 8]},
			"faces": {
				"north": {"uv": [12, 1, 13, 1.5], "texture": "#anvil_top"},
				"south": {"uv": [12, 1, 13, 1.5], "texture": "#anvil_top"},
				"up": {"uv": [12, 1, 13, 1.5], "texture": "#anvil_top"},
				"down": {"uv": [12, 1, 13, 1.5], "texture": "#anvil_top"}
			}
		},
		{
			"name": "inside",
			"from": [6, 1, 6],
			"to": [10, 6, 10],
			"rotation": {"angle": 0, "axis": "y", "origin": [9, 7, 9.25]},
			"faces": {
				"north": {"uv": [1, 3, 5, 8], "texture": "#anvil_top"},
				"east": {"uv": [1, 3, 5, 8], "texture": "#anvil_top"},
				"south": {"uv": [1, 3, 5, 8], "texture": "#anvil_top"},
				"west": {"uv": [1, 3, 5, 8], "texture": "#anvil_top"}
			}
		},
		{
			"name": "inside",
			"from": [6.75, 7, 6.75],
			"to": [9.25, 8, 9.25],
			"rotation": {"angle": 0, "axis": "y", "origin": [8, 7, 8]},
			"faces": {
				"north": {"uv": [2, 1, 4, 2], "texture": "#anvil_top"},
				"east": {"uv": [2, 1, 4, 2], "texture": "#anvil_top"},
				"south": {"uv": [2, 1, 4, 2], "texture": "#anvil_top"},
				"west": {"uv": [2, 1, 4, 2], "texture": "#anvil_top"}
			}
		},
		{
			"name": "handle",
			"from": [7.625, 9.5, 7.175],
			"to": [8.375, 10, 8.825],
			"faces": {
				"north": {"uv": [12, 1, 13.65, 1.5], "texture": "#anvil_top"},
				"east": {"uv": [12, 1, 13.65, 1.5], "texture": "#anvil_top"},
				"south": {"uv": [12, 1, 13.65, 1.5], "texture": "#anvil_top"},
				"west": {"uv": [12, 1, 13.65, 1.5], "texture": "#anvil_top"},
				"up": {"uv": [12, 1, 13.65, 1.5], "texture": "#anvil_top"},
				"down": {"uv": [12, 1, 13.65, 1.5], "texture": "#anvil_top"}
			}
		},
		{
			"name": "handle",
			"from": [7.635, 9.5, 7.2],
			"to": [8.365, 10, 9.7],
			"rotation": {"angle": -45, "axis": "x", "origin": [8, 11.5, 8]},
			"faces": {
				"north": {"uv": [11, 10, 13.5, 10.5], "rotation": 180, "texture": "#anvil_top"},
				"east": {"uv": [11, 10, 13.5, 10.5], "texture": "#anvil_top"},
				"south": {"uv": [11, 10, 13.5, 10.5], "rotation": 180, "texture": "#anvil_top"},
				"west": {"uv": [11, 10, 13.5, 10.5], "rotation": 180, "texture": "#anvil_top"},
				"up": {"uv": [11, 10, 13.5, 10.5], "rotation": 270, "texture": "#anvil_top"},
				"down": {"uv": [11, 10, 13.5, 10.5], "rotation": 90, "texture": "#anvil_top"}
			}
		},
		{
			"name": "handle",
			"from": [7.635, 9.5, 6.3],
			"to": [8.365, 10, 8.8],
			"rotation": {"angle": 45, "axis": "x", "origin": [8, 11.5, 8]},
			"faces": {
				"north": {"uv": [11, 10, 13.5, 10.5], "texture": "#anvil_top"},
				"east": {"uv": [11, 10, 13.5, 10.5], "rotation": 180, "texture": "#anvil_top"},
				"south": {"uv": [11, 10, 13.5, 10.5], "texture": "#anvil_top"},
				"west": {"uv": [11, 10, 13.5, 10.5], "texture": "#anvil_top"},
				"up": {"uv": [11, 10, 13.5, 10.5], "rotation": 90, "texture": "#anvil_top"},
				"down": {"uv": [11, 10, 13.5, 10.5], "rotation": 270, "texture": "#anvil_top"}
			}
		},
		{
			"name": "handle",
			"from": [7.625, 11.25, 5.4],
			"to": [8.375, 12.25, 5.9],
			"faces": {
				"north": {"uv": [11, 10, 11.5, 11], "texture": "#anvil_top"},
				"east": {"uv": [11, 10, 11.5, 11], "texture": "#anvil_top"},
				"south": {"uv": [11, 10, 11.5, 11], "texture": "#anvil_top"},
				"west": {"uv": [11, 10, 11.5, 11], "texture": "#anvil_top"},
				"up": {"uv": [11, 10, 11.5, 11], "texture": "#anvil_top"}
			}
		},
		{
			"name": "handle",
			"from": [7.625, 11.25, 10.1],
			"to": [8.375, 12.25, 10.6],
			"faces": {
				"north": {"uv": [11, 10, 11.5, 11], "texture": "#anvil_top"},
				"east": {"uv": [11, 10, 11.5, 11], "texture": "#anvil_top"},
				"south": {"uv": [11, 10, 11.5, 11], "texture": "#anvil_top"},
				"west": {"uv": [11, 10, 11.5, 11], "texture": "#anvil_top"},
				"up": {"uv": [11, 10, 11.5, 11], "texture": "#anvil_top"}
			}
		},
		{
			"name": "handlelele",
			"from": [7.5, 11.5, 6],
			"to": [8.5, 12.5, 10],
			"faces": {
				"north": {"uv": [3, 5, 4, 6], "texture": "#lead_knot"},
				"east": {"uv": [6, 3, 5, 6], "rotation": 90, "texture": "#lead_knot"},
				"south": {"uv": [4, 4, 5, 5], "texture": "#lead_knot"},
				"west": {"uv": [4, 3, 5, 7], "rotation": 90, "texture": "#lead_knot"},
				"up": {"uv": [5, 3, 6, 7], "texture": "#lead_knot"},
				"down": {"uv": [4, 3, 5, 7], "texture": "#lead_knot"}
			}
		}
	],
	"display": {
		"thirdperson_righthand": {
			"rotation": [70, 90, 0],
			"translation": [0, -2.5, -2.75],
			"scale": [0.75, 0.75, 0.75]
		},
		"firstperson_righthand": {
			"rotation": [0, 270, 0],
			"translation": [0, 5, 3],
			"scale": [0.4, 0.4, 0.4]
		},
		"ground": {
			"translation": [0, 3, 0],
			"scale": [0.5, 0.5, 0.5]
		},
		"gui": {
			"rotation": [30, 45, 0],
			"translation": [0, 1, 0],
			"scale": [0.9, 0.9, 0.9]
		},
		"head": {
			"rotation": [0, 180, 0]
		},
		"fixed": {
			"rotation": [0, 90, 0],
			"translation": [0, 0, 1]
		}
	},
	"groups": [0, 1, 2, 3, 4, 5, 6, 7, 8, 9, 10, 11, 12, 13, 14, 15,
		{
			"name": "Handle",
			"origin": [8, 8, 8],
			"children": [16, 17, 18, 19, 20, 21]
		}
	]
}