{
	"credit": "Made by TheWaschtlPlays using Blockbench",
	"ambientocclusion": false,
	"textures": {
		"0": "blocks/planks_oak",
		"2": "blocks/cauldron_side",
		"gold_block": "custom_textures/rails/gold",
		"#redstone": "redstone",
		"iron_block": "custom_textures/rails/rail"
	},
	"elements": [
		{
			"name": "wooden Thing1",
			"from": [0, 0, 1],
			"to": [16, 1, 3],
			"faces": {
				"north": {"uv": [16, 0, 0, 1], "texture": "#0"},
				"east": {"uv": [15, 0, 16, 2], "rotation": 90, "texture": "#0", "cullface": "east"},
				"south": {"uv": [0, 1, 16, 2], "texture": "#0"},
				"west": {"uv": [0, 2, 1, 0], "rotation": 90, "texture": "#0", "cullface": "west"},
				"up": {"uv": [0, 0, 16, 2], "texture": "#0"},
				"down": {"uv": [0, 2, 16, 0], "texture": "#0", "cullface": "down"}
			}
		},
		{
			"name": "wooden Thing2",
			"from": [0, 0, 5],
			"to": [16, 1, 7],
			"rotation": {"angle": 0, "axis": "y", "origin": [8, 8, 12]},
			"faces": {
				"north": {"uv": [16, 0, 0, 1], "texture": "#0"},
				"east": {"uv": [15, 4, 16, 6], "rotation": 90, "texture": "#0", "cullface": "east"},
				"south": {"uv": [0, 5, 16, 6], "texture": "#0"},
				"west": {"uv": [0, 6, 1, 4], "rotation": 90, "texture": "#0", "cullface": "west"},
				"up": {"uv": [0, 4, 16, 6], "texture": "#0"},
				"down": {"uv": [0, 6, 16, 4], "texture": "#0", "cullface": "down"}
			}
		},
		{
			"name": "wooden Thing3",
			"from": [0, 0, 9],
			"to": [16, 1, 11],
			"rotation": {"angle": 0, "axis": "y", "origin": [8, 8, 16]},
			"faces": {
				"north": {"uv": [16, 0, 0, 1], "texture": "#0"},
				"east": {"uv": [15, 8, 16, 10], "rotation": 90, "texture": "#0", "cullface": "east"},
				"south": {"uv": [0, 9, 16, 10], "texture": "#0"},
				"west": {"uv": [0, 10, 1, 8], "rotation": 90, "texture": "#0", "cullface": "west"},
				"up": {"uv": [0, 8, 16, 10], "texture": "#0"},
				"down": {"uv": [0, 10, 16, 8], "texture": "#0", "cullface": "down"}
			}
		},
		{
			"name": "wooden Thing4",
			"from": [0, 0, 13],
			"to": [16, 1, 15],
			"rotation": {"angle": 0, "axis": "y", "origin": [8, 8, 20]},
			"faces": {
				"north": {"uv": [16, 0, 0, 1], "texture": "#0"},
				"east": {"uv": [15, 12, 16, 14], "rotation": 90, "texture": "#0", "cullface": "east"},
				"south": {"uv": [0, 13, 16, 14], "texture": "#0"},
				"west": {"uv": [0, 14, 1, 12], "rotation": 90, "texture": "#0", "cullface": "west"},
				"up": {"uv": [0, 12, 16, 14], "texture": "#0"},
				"down": {"uv": [0, 14, 16, 12], "texture": "#0", "cullface": "down"}
			}
		},
		{
			"name": "Gold2",
			"from": [14.751, 1, 0],
			"to": [15.251, 2, 16],
			"faces": {
				"north": {"uv": [0, 0, 0.5, 1], "texture": "#gold_block", "cullface": "north"},
				"east": {"uv": [0, 0, 1, 16], "rotation": 90, "texture": "#gold_block"},
				"south": {"uv": [0, 15, 0.5, 16], "texture": "#gold_block", "cullface": "south"},
				"west": {"uv": [0, 0, 1, 16], "rotation": 270, "texture": "#gold_block"},
				"up": {"uv": [0, 0, 0.5, 16], "texture": "#gold_block"},
				"down": {"uv": [0, 0, 0.5, 16], "rotation": 180, "texture": "#gold_block"}
			}
		},
		{
			"name": "Gold1",
			"from": [0.751, 1, 0],
			"to": [1.251, 2, 16],
			"rotation": {"angle": 0, "axis": "y", "origin": [-6, 8, 8]},
			"faces": {
				"north": {"uv": [0, 0, 0.5, 1], "texture": "#gold_block", "cullface": "north"},
				"east": {"uv": [0, 0, 1, 16], "rotation": 90, "texture": "#gold_block"},
				"south": {"uv": [0, 15, 0.5, 16], "texture": "#gold_block", "cullface": "south"},
				"west": {"uv": [0, 0, 1, 16], "rotation": 270, "texture": "#gold_block"},
				"up": {"uv": [0, 0, 0.5, 16], "texture": "#gold_block"},
				"down": {"uv": [0, 0, 0.5, 16], "rotation": 180, "texture": "#gold_block"}
			}
		},
		{
			"name": "Redstone2",
			"from": [11.749, 1, 0],
			"to": [12.249, 2, 16],
			"faces": {
				"north": {"uv": [11, 0, 11.5, 1], "texture": "#redstone", "cullface": "north"},
				"east": {"uv": [11, 0, 12, 16], "rotation": 90, "texture": "#redstone"},
				"south": {"uv": [11, 15, 11.5, 16], "texture": "#redstone", "cullface": "south"},
				"west": {"uv": [11, 0, 12, 16], "rotation": 90, "texture": "#redstone"},
				"up": {"uv": [11, 0, 11.5, 16], "texture": "#redstone"},
				"down": {"uv": [11, 0, 11.5, 16], "texture": "#redstone"}
			}
		},
		{
			"name": "Redstone1",
			"from": [3.749, 1, 0],
			"to": [4.249, 2, 16],
			"rotation": {"angle": 0, "axis": "y", "origin": [0, 8, 8]},
			"faces": {
				"north": {"uv": [11, 0, 11.5, 1], "texture": "#redstone", "cullface": "north"},
				"east": {"uv": [11, 0, 12, 16], "rotation": 90, "texture": "#redstone"},
				"south": {"uv": [11, 15, 11.5, 16], "texture": "#redstone", "cullface": "south"},
				"west": {"uv": [11, 0, 12, 16], "rotation": 90, "texture": "#redstone"},
				"up": {"uv": [11, 0, 11.5, 16], "texture": "#redstone"},
				"down": {"uv": [11, 0, 11.5, 16], "texture": "#redstone"}
			}
		},
		{
			"name": "Rail1",
			"from": [1.5, 1, 0],
			"to": [3.5, 2, 16],
			"faces": {
				"north": {"uv": [4, 0, 2, 1], "texture": "#iron_block", "cullface": "north"},
				"east": {"uv": [3, 0, 4, 16], "rotation": 90, "texture": "#iron_block"},
				"south": {"uv": [2, 15, 4, 16], "texture": "#iron_block", "cullface": "south"},
				"west": {"uv": [2, 0, 3, 16], "rotation": 270, "texture": "#iron_block"},
				"up": {"uv": [2, 0, 4, 16], "texture": "#iron_block"},
				"down": {"uv": [2, 16, 4, 0], "texture": "#iron_block"}
			}
		},
		{
			"name": "Rail2",
			"from": [12.5, 1, 0],
			"to": [14.5, 2, 16],
			"faces": {
				"north": {"uv": [14, 0, 12, 1], "texture": "#iron_block", "cullface": "north"},
				"east": {"uv": [13, 0, 14, 16], "rotation": 90, "texture": "#iron_block"},
				"south": {"uv": [12, 15, 14, 16], "texture": "#iron_block", "cullface": "south"},
				"west": {"uv": [12, 0, 13, 16], "rotation": 270, "texture": "#iron_block"},
				"up": {"uv": [12, 0, 14, 16], "texture": "#iron_block"},
				"down": {"uv": [12, 16, 14, 0], "texture": "#iron_block"}
			}
		},
		{
			"name": "Holder",
			"from": [0.5, 0.75, 5.5],
			"to": [4.5, 1.25, 6.5],
			"faces": {
				"north": {"uv": [4, 1, 12, 2], "texture": "#2"},
				"east": {"uv": [8, 1, 10, 2], "rotation": 180, "texture": "#2"},
				"south": {"uv": [4, 1, 12, 2], "texture": "#2"},
				"west": {"uv": [8, 1, 10, 2], "texture": "#2"},
				"up": {"uv": [4, 0, 12, 2], "texture": "#2"}
			}
		},
		{
			"name": "Holder",
			"from": [0.5, 0.75, 1.5],
			"to": [4.5, 1.25, 2.5],
			"faces": {
				"north": {"uv": [4, 1, 12, 2], "texture": "#2"},
				"east": {"uv": [8, 1, 10, 2], "rotation": 180, "texture": "#2"},
				"south": {"uv": [4, 1, 12, 2], "texture": "#2"},
				"west": {"uv": [8, 1, 10, 2], "texture": "#2"},
				"up": {"uv": [4, 0, 12, 2], "texture": "#2"}
			}
		},
		{
			"name": "Holder",
			"from": [0.5, 0.75, 9.5],
			"to": [4.5, 1.25, 10.5],
			"faces": {
				"north": {"uv": [4, 1, 12, 2], "texture": "#2"},
				"east": {"uv": [8, 1, 10, 2], "rotation": 180, "texture": "#2"},
				"south": {"uv": [4, 1, 12, 2], "texture": "#2"},
				"west": {"uv": [8, 1, 10, 2], "texture": "#2"},
				"up": {"uv": [4, 0, 12, 2], "texture": "#2"}
			}
		},
		{
			"name": "Holder",
			"from": [0.5, 0.75, 13.5],
			"to": [4.5, 1.25, 14.5],
			"faces": {
				"north": {"uv": [4, 1, 12, 2], "texture": "#2"},
				"east": {"uv": [8, 1, 10, 2], "rotation": 180, "texture": "#2"},
				"south": {"uv": [4, 1, 12, 2], "texture": "#2"},
				"west": {"uv": [8, 1, 10, 2], "texture": "#2"},
				"up": {"uv": [4, 0, 12, 2], "texture": "#2"}
			}
		},
		{
			"name": "Holder",
			"from": [11.5, 0.75, 13.5],
			"to": [15.5, 1.25, 14.5],
			"faces": {
				"north": {"uv": [4, 1, 12, 2], "texture": "#2"},
				"east": {"uv": [8, 1, 10, 2], "rotation": 180, "texture": "#2"},
				"south": {"uv": [4, 1, 12, 2], "texture": "#2"},
				"west": {"uv": [8, 1, 10, 2], "texture": "#2"},
				"up": {"uv": [4, 0, 12, 2], "texture": "#2"}
			}
		},
		{
			"name": "Holder",
			"from": [11.5, 0.75, 9.5],
			"to": [15.5, 1.25, 10.5],
			"faces": {
				"north": {"uv": [4, 1, 12, 2], "texture": "#2"},
				"east": {"uv": [8, 1, 10, 2], "rotation": 180, "texture": "#2"},
				"south": {"uv": [4, 1, 12, 2], "texture": "#2"},
				"west": {"uv": [8, 1, 10, 2], "texture": "#2"},
				"up": {"uv": [4, 0, 12, 2], "texture": "#2"}
			}
		},
		{
			"name": "Holder",
			"from": [11.5, 0.75, 5.5],
			"to": [15.5, 1.25, 6.5],
			"faces": {
				"north": {"uv": [4, 1, 12, 2], "texture": "#2"},
				"east": {"uv": [8, 1, 10, 2], "rotation": 180, "texture": "#2"},
				"south": {"uv": [4, 1, 12, 2], "texture": "#2"},
				"west": {"uv": [8, 1, 10, 2], "texture": "#2"},
				"up": {"uv": [4, 0, 12, 2], "texture": "#2"}
			}
		},
		{
			"name": "Holder",
			"from": [11.5, 0.75, 1.5],
			"to": [15.5, 1.25, 2.5],
			"faces": {
				"north": {"uv": [4, 1, 12, 2], "texture": "#2"},
				"east": {"uv": [8, 1, 10, 2], "rotation": 180, "texture": "#2"},
				"south": {"uv": [4, 1, 12, 2], "texture": "#2"},
				"west": {"uv": [8, 1, 10, 2], "texture": "#2"},
				"up": {"uv": [4, 0, 12, 2], "texture": "#2"}
			}
		}
	],
	"display": {
		"thirdperson_righthand": {
			"rotation": [75, 315, 0],
			"translation": [0, 2.5, 0],
			"scale": [0.375, 0.375, 0.375]
		},
		"firstperson_righthand": {
			"rotation": [0, 315, 0],
			"translation": [0, 2.5, 0],
			"scale": [0.4, 0.4, 0.4]
		},
		"ground": {
			"translation": [0, 3, 0],
			"scale": [0.25, 0.25, 0.25]
		},
		"gui": {
			"rotation": [30, 45, 0],
			"scale": [0.625, 0.625, 0.625]
		},
		"head": {
			"rotation": [0, 180, 0]
		},
		"fixed": {
			"rotation": [0, 180, 0]
		}
	},
	"groups": [
		{
			"name": "rail",
			"origin": [8, 8, 8],
			"children": [
				{
					"name": "Wood",
					"origin": [8, 8, 8],
					"children": [0, 1, 2, 3]
				},
				{
					"name": "Rails",
					"origin": [8, 8, 8],
					"children": [4, 5, 6, 7, 8, 9]
				},
				{
					"name": "Holder",
					"origin": [8, 8, 8],
					"children": [10, 11, 12, 13, 14, 15, 16, 17]
				}
			]
		}
	]
}