{
	"credit": "Made by TheWaschtlPlays using Blockbench",
	"ambientocclusion": false,
	"textures": {
		"1": "blocks/cauldron_side",
		"2": "blocks/planks_oak",
		"gold_block": "custom_textures/rails/gold",
		"#redstone": "redstone",
		"particle": "custom_textures/rails/rail",
		"1_iron_block": "custom_textures/rails/rail"
	},
	"elements": [
		{
			"name": "Wood",
			"from": [0, 0, 18.5],
			"to": [16, 1, 20.5],
			"rotation": {"angle": -45, "axis": "x", "origin": [8, 1, 0]},
			"faces": {
				"north": {"uv": [0, 1, 16, 2], "texture": "#2"},
				"east": {"uv": [0, 0, 1, 2], "rotation": 270, "texture": "#2", "cullface": "east"},
				"south": {"uv": [0, 0, 16, 1], "rotation": 180, "texture": "#2"},
				"west": {"uv": [15, 0, 16, 2], "rotation": 90, "texture": "#2", "cullface": "west"},
				"up": {"uv": [0, 0, 16, 2], "rotation": 180, "texture": "#2"},
				"down": {"uv": [16, 0, 0, 2], "texture": "#2"}
			}
		},
		{
			"name": "Wood",
			"from": [0, 0, 13.25],
			"to": [16, 1, 15.25],
			"rotation": {"angle": -45, "axis": "x", "origin": [8, 1, 0]},
			"faces": {
				"north": {"uv": [0, 5, 16, 6], "texture": "#2"},
				"east": {"uv": [0, 4, 1, 6], "rotation": 270, "texture": "#2", "cullface": "east"},
				"south": {"uv": [0, 4, 16, 5], "rotation": 180, "texture": "#2"},
				"west": {"uv": [15, 4, 16, 6], "rotation": 90, "texture": "#2", "cullface": "west"},
				"up": {"uv": [0, 4, 16, 6], "rotation": 180, "texture": "#2"},
				"down": {"uv": [16, 4, 0, 6], "texture": "#2"}
			}
		},
		{
			"name": "Wood",
			"from": [0, 0, 7.75],
			"to": [16, 1, 9.75],
			"rotation": {"angle": -45, "axis": "x", "origin": [8, 1, 0]},
			"faces": {
				"north": {"uv": [0, 9, 16, 10], "texture": "#2"},
				"east": {"uv": [0, 8, 1, 10], "rotation": 270, "texture": "#2", "cullface": "east"},
				"south": {"uv": [0, 8, 16, 9], "rotation": 180, "texture": "#2"},
				"west": {"uv": [15, 8, 16, 10], "rotation": 90, "texture": "#2", "cullface": "west"},
				"up": {"uv": [0, 8, 16, 10], "rotation": 180, "texture": "#2"},
				"down": {"uv": [16, 8, 0, 10], "texture": "#2"}
			}
		},
		{
			"name": "Wood",
			"from": [0, 0, 2.5],
			"to": [16, 1, 4.5],
			"rotation": {"angle": -45, "axis": "x", "origin": [8, 1, 0]},
			"faces": {
				"north": {"uv": [0, 14, 16, 15], "texture": "#2"},
				"east": {"uv": [0, 13, 1, 15], "rotation": 270, "texture": "#2", "cullface": "east"},
				"south": {"uv": [0, 13, 16, 14], "rotation": 180, "texture": "#2"},
				"west": {"uv": [15, 13, 16, 15], "rotation": 90, "texture": "#2", "cullface": "west"},
				"up": {"uv": [0, 13, 16, 15], "rotation": 180, "texture": "#2"},
				"down": {"uv": [16, 13, 0, 15], "texture": "#2"}
			}
		},
		{
			"name": "Rail2",
			"from": [12.5, 1, 0],
			"to": [14.5, 2, 23.04],
			"rotation": {"angle": -45, "axis": "x", "origin": [7, 1, 0]},
			"faces": {
				"north": {"uv": [2, 0, 4, 1], "texture": "#1_iron_block"},
				"east": {"uv": [13, 0, 14, 16], "rotation": 90, "texture": "#1_iron_block"},
				"south": {"uv": [12, 15, 14, 16], "texture": "#1_iron_block"},
				"west": {"uv": [12, 0, 13, 16], "rotation": 270, "texture": "#1_iron_block"},
				"up": {"uv": [12, 0, 14, 16], "texture": "#1_iron_block"},
				"down": {"uv": [2, 0, 4, 16], "rotation": 180, "texture": "#1_iron_block"}
			}
		},
		{
			"name": "Rail1",
			"from": [1.5, 1, 0],
			"to": [3.5, 2, 23.04],
			"rotation": {"angle": -45, "axis": "x", "origin": [7, 1, 0]},
			"faces": {
				"north": {"uv": [12, 0, 14, 1], "texture": "#1_iron_block"},
				"east": {"uv": [3, 0, 4, 16], "rotation": 90, "texture": "#1_iron_block"},
				"south": {"uv": [2, 15, 4, 16], "texture": "#1_iron_block"},
				"west": {"uv": [2, 0, 3, 16], "rotation": 270, "texture": "#1_iron_block"},
				"up": {"uv": [2, 0, 4, 16], "texture": "#1_iron_block"},
				"down": {"uv": [12, 0, 14, 16], "rotation": 180, "texture": "#1_iron_block"}
			}
		},
		{
			"name": "Rail corner1",
			"from": [1.5, 17.29, 15.585],
			"to": [3.5, 18, 16.29],
			"rotation": {"angle": 0, "axis": "y", "origin": [9.5, 25, 23.5]},
			"faces": {
				"east": {"uv": [3, 0, 3.705, 0.71], "texture": "#1_iron_block"},
				"south": {"uv": [2, 0, 4, 0.71], "texture": "#1_iron_block"},
				"west": {"uv": [2, 0, 2.705, 0.71], "texture": "#1_iron_block"},
				"up": {"uv": [2, 0, 4, 0.705], "texture": "#1_iron_block"}
			}
		},
		{
			"name": "Rail corner2",
			"from": [12.5, 17.29, 15.585],
			"to": [14.5, 18, 16.29],
			"rotation": {"angle": 0, "axis": "y", "origin": [20.5, 25, 23.5]},
			"faces": {
				"east": {"uv": [13, 0, 13.705, 0.71], "texture": "#1_iron_block"},
				"south": {"uv": [12, 0, 14, 0.71], "texture": "#1_iron_block"},
				"west": {"uv": [12, 0, 12.705, 0.71], "texture": "#1_iron_block"},
				"up": {"uv": [12, 0, 14, 0.705], "texture": "#1_iron_block"}
			}
		},
		{
			"name": "Gold1",
			"from": [0.75, 1, 0],
			"to": [1.25, 2, 23.04],
			"rotation": {"angle": -45, "axis": "x", "origin": [7, 1, 0]},
			"faces": {
				"north": {"uv": [0, 0, 0.5, 1], "texture": "#gold_block"},
				"east": {"uv": [0, 0, 1, 16], "rotation": 90, "texture": "#gold_block"},
				"south": {"uv": [0, 15, 0.5, 16], "texture": "#gold_block"},
				"west": {"uv": [0, 0, 1, 16], "rotation": 270, "texture": "#gold_block"},
				"up": {"uv": [0, 0, 0.5, 16], "texture": "#gold_block"},
				"down": {"uv": [0, 0, 0.5, 16], "rotation": 180, "texture": "#gold_block"}
			}
		},
		{
			"name": "Gold2",
			"from": [14.75, 1, 0],
			"to": [15.25, 2, 23.04],
			"rotation": {"angle": -45, "axis": "x", "origin": [21, 1, 0]},
			"faces": {
				"north": {"uv": [0, 0, 0.5, 1], "texture": "#gold_block"},
				"east": {"uv": [0, 0, 1, 16], "rotation": 90, "texture": "#gold_block"},
				"south": {"uv": [0, 15, 0.5, 16], "texture": "#gold_block"},
				"west": {"uv": [0, 0, 1, 16], "rotation": 270, "texture": "#gold_block"},
				"up": {"uv": [0, 0, 0.5, 16], "texture": "#gold_block"},
				"down": {"uv": [0, 0, 0.5, 16], "rotation": 180, "texture": "#gold_block"}
			}
		},
		{
			"name": "Gold corner1",
			"from": [0.75, 17.29, 15.585],
			"to": [1.25, 18, 16.29],
			"rotation": {"angle": 0, "axis": "y", "origin": [8.75, 25, 23.5]},
			"faces": {
				"east": {"uv": [0, 15, 0.5, 15.705], "texture": "#gold_block"},
				"south": {"uv": [0, 15, 0.5, 15.705], "texture": "#gold_block"},
				"west": {"uv": [0, 15, 0.5, 15.705], "texture": "#gold_block"},
				"up": {"uv": [0, 15, 0.5, 15.705], "texture": "#gold_block"}
			}
		},
		{
			"name": "Gold corner2",
			"from": [14.75, 17.29, 15.585],
			"to": [15.25, 18, 16.29],
			"rotation": {"angle": 0, "axis": "y", "origin": [22.75, 25, 23.5]},
			"faces": {
				"east": {"uv": [0, 15, 0.5, 15.705], "texture": "#gold_block"},
				"south": {"uv": [0, 15, 0.5, 15.705], "texture": "#gold_block"},
				"west": {"uv": [0, 15, 0.5, 15.705], "texture": "#gold_block"},
				"up": {"uv": [0, 15, 0.5, 15.705], "texture": "#gold_block"}
			}
		},
		{
			"name": "Redstone1",
			"from": [3.75, 1, 0],
			"to": [4.25, 2, 23.04],
			"rotation": {"angle": -45, "axis": "x", "origin": [-1, 1, 0]},
			"faces": {
				"north": {"uv": [2, 0, 2.5, 1], "texture": "#redstone"},
				"east": {"uv": [2, 0, 3, 16], "rotation": 90, "texture": "#redstone"},
				"south": {"uv": [2, 15, 2.5, 16], "texture": "#redstone"},
				"west": {"uv": [2, 0, 3, 16], "rotation": 270, "texture": "#redstone"},
				"up": {"uv": [2, 0, 2.5, 16], "texture": "#redstone"},
				"down": {"uv": [2, 0, 2.5, 16], "texture": "#redstone"}
			}
		},
		{
			"name": "Redstone2",
			"from": [11.75, 1, 0],
			"to": [12.25, 2, 23.04],
			"rotation": {"angle": -45, "axis": "x", "origin": [7, 1, 0]},
			"faces": {
				"north": {"uv": [2, 0, 2.5, 1], "texture": "#redstone"},
				"east": {"uv": [2, 0, 3, 16], "rotation": 90, "texture": "#redstone"},
				"south": {"uv": [2, 15, 2.5, 16], "texture": "#redstone"},
				"west": {"uv": [2, 0, 3, 16], "rotation": 270, "texture": "#redstone"},
				"up": {"uv": [2, 0, 2.5, 16], "texture": "#redstone"},
				"down": {"uv": [2, 0, 2.5, 16], "texture": "#redstone"}
			}
		},
		{
			"name": "Redstone corner1",
			"from": [3.75, 17.29, 15.585],
			"to": [4.25, 18, 16.29],
			"rotation": {"angle": 0, "axis": "y", "origin": [11.75, 25, 23.5]},
			"faces": {
				"east": {"uv": [2, 15, 2.5, 15.705], "texture": "#redstone"},
				"south": {"uv": [2, 15, 2.5, 15.705], "texture": "#redstone"},
				"west": {"uv": [2, 15, 2.5, 15.705], "texture": "#redstone"},
				"up": {"uv": [2, 15, 2.5, 15.705], "texture": "#redstone"}
			}
		},
		{
			"name": "Redstone corner2",
			"from": [11.75, 17.29, 15.585],
			"to": [12.25, 18, 16.29],
			"rotation": {"angle": 0, "axis": "y", "origin": [19.75, 25, 23.5]},
			"faces": {
				"east": {"uv": [2, 15, 2.5, 15.705], "texture": "#redstone"},
				"south": {"uv": [2, 15, 2.5, 15.705], "texture": "#redstone"},
				"west": {"uv": [2, 15, 2.5, 15.705], "texture": "#redstone"},
				"up": {"uv": [2, 15, 2.5, 15.705], "texture": "#redstone"}
			}
		},
		{
			"name": "Holder",
			"from": [0.5, 0.25, 3],
			"to": [4.5, 1.25, 4],
			"rotation": {"angle": -45, "axis": "x", "origin": [8, 1, 0]},
			"faces": {
				"north": {"uv": [0, 0, 4, 1], "texture": "#1"},
				"east": {"uv": [0, 0, 1, 1], "texture": "#1"},
				"south": {"uv": [0, 0, 4, 1], "texture": "#1"},
				"west": {"uv": [0, 0, 1, 1], "texture": "#1"},
				"up": {"uv": [4, 4, 12, 6], "texture": "#1"}
			}
		},
		{
			"name": "Holder",
			"from": [0.5, 0.25, 8.25],
			"to": [4.5, 1.25, 9.25],
			"rotation": {"angle": -45, "axis": "x", "origin": [8, 1, 0]},
			"faces": {
				"north": {"uv": [0, 0, 4, 1], "texture": "#1"},
				"east": {"uv": [0, 0, 1, 1], "texture": "#1"},
				"south": {"uv": [0, 0, 4, 1], "texture": "#1"},
				"west": {"uv": [0, 0, 1, 1], "texture": "#1"},
				"up": {"uv": [4, 4, 12, 6], "texture": "#1"}
			}
		},
		{
			"name": "Holder",
			"from": [0.5, 0.25, 13.75],
			"to": [4.5, 1.25, 14.75],
			"rotation": {"angle": -45, "axis": "x", "origin": [8, 1, 0]},
			"faces": {
				"north": {"uv": [0, 0, 4, 1], "texture": "#1"},
				"east": {"uv": [0, 0, 1, 1], "texture": "#1"},
				"south": {"uv": [0, 0, 4, 1], "texture": "#1"},
				"west": {"uv": [0, 0, 1, 1], "texture": "#1"},
				"up": {"uv": [4, 4, 12, 6], "texture": "#1"}
			}
		},
		{
			"name": "Holder",
			"from": [0.5, 0.25, 19],
			"to": [4.5, 1.25, 20],
			"rotation": {"angle": -45, "axis": "x", "origin": [8, 1, 0]},
			"faces": {
				"north": {"uv": [0, 0, 4, 1], "texture": "#1"},
				"east": {"uv": [0, 0, 1, 1], "texture": "#1"},
				"south": {"uv": [0, 0, 4, 1], "texture": "#1"},
				"west": {"uv": [0, 0, 1, 1], "texture": "#1"},
				"up": {"uv": [4, 4, 12, 6], "texture": "#1"}
			}
		},
		{
			"name": "Holder",
			"from": [11.5, 0.25, 19],
			"to": [15.5, 1.25, 20],
			"rotation": {"angle": -45, "axis": "x", "origin": [8, 1, 0]},
			"faces": {
				"north": {"uv": [0, 0, 4, 1], "texture": "#1"},
				"east": {"uv": [0, 0, 1, 1], "texture": "#1"},
				"south": {"uv": [0, 0, 4, 1], "texture": "#1"},
				"west": {"uv": [0, 0, 1, 1], "texture": "#1"},
				"up": {"uv": [4, 4, 12, 6], "texture": "#1"}
			}
		},
		{
			"name": "Holder",
			"from": [11.5, 0.25, 13.75],
			"to": [15.5, 1.25, 14.75],
			"rotation": {"angle": -45, "axis": "x", "origin": [8, 1, 0]},
			"faces": {
				"north": {"uv": [0, 0, 4, 1], "texture": "#1"},
				"east": {"uv": [0, 0, 1, 1], "texture": "#1"},
				"south": {"uv": [0, 0, 4, 1], "texture": "#1"},
				"west": {"uv": [0, 0, 1, 1], "texture": "#1"},
				"up": {"uv": [4, 4, 12, 6], "texture": "#1"}
			}
		},
		{
			"name": "Holder",
			"from": [11.5, 0.25, 8.25],
			"to": [15.5, 1.25, 9.25],
			"rotation": {"angle": -45, "axis": "x", "origin": [8, 1, 0]},
			"faces": {
				"north": {"uv": [0, 0, 4, 1], "texture": "#1"},
				"east": {"uv": [0, 0, 1, 1], "texture": "#1"},
				"south": {"uv": [0, 0, 4, 1], "texture": "#1"},
				"west": {"uv": [0, 0, 1, 1], "texture": "#1"},
				"up": {"uv": [4, 4, 12, 6], "texture": "#1"}
			}
		},
		{
			"name": "Holder",
			"from": [11.5, 0.25, 3],
			"to": [15.5, 1.25, 4],
			"rotation": {"angle": -45, "axis": "x", "origin": [8, 1, 0]},
			"faces": {
				"north": {"uv": [0, 0, 4, 1], "texture": "#1"},
				"east": {"uv": [0, 0, 1, 1], "texture": "#1"},
				"south": {"uv": [0, 0, 4, 1], "texture": "#1"},
				"west": {"uv": [0, 0, 1, 1], "texture": "#1"},
				"up": {"uv": [4, 4, 12, 6], "texture": "#1"}
			}
		}
	],
	"display": {
		"thirdperson_righthand": {
			"rotation": [75, 315, 0],
			"translation": [0, 2.5, 0],
			"scale": [0.375, 0.375, 0.375]
		},
		"firstperson_righthand": {
			"rotation": [0, 315, 0],
			"translation": [0, 2.5, 0],
			"scale": [0.4, 0.4, 0.4]
		},
		"ground": {
			"translation": [0, 3, 0],
			"scale": [0.25, 0.25, 0.25]
		},
		"gui": {
			"rotation": [30, 45, 0],
			"scale": [0.625, 0.625, 0.625]
		},
		"head": {
			"rotation": [0, 180, 0]
		},
		"fixed": {
			"rotation": [0, 180, 0]
		}
	},
	"groups": [
		{
			"name": "rail_raised",
			"origin": [8, 8, 8],
			"children": [
				{
					"name": "Wood",
					"origin": [8, 1, 0],
					"children": [0, 1, 2, 3]
				},
				{
					"name": "Rail",
					"origin": [7, 1, 0],
					"children": [4, 5, 6, 7, 8, 9, 10, 11, 12, 13, 14, 15]
				},
				{
					"name": "Holder",
					"origin": [8, 1, 0],
					"children": [16, 17, 18, 19, 20, 21, 22, 23]
				}
			]
		}
	]
}