{
	"credit": "Made by TheWaschtlPlays using Blockbench",
	"ambientocclusion": false,
	"textures": {
		"particle": "blocks/tallgrass",
		"crop": "blocks/tallgrass"
	},
	"elements": [
		{
			"name": "1_2",
			"from": [5, 0, 0],
			"to": [5, 16, 16],
			"shade": false,
			"rotation": {"angle": 22.5, "axis": "y", "origin": [8, 8, 8]},
			"faces": {
				"east": {"uv": [16, 0, 0, 16], "texture": "#crop", "tintindex": 0},
				"west": {"uv": [0, 0, 16, 16], "texture": "#crop", "tintindex": 0}
			}
		},
		{
			"name": "3_3",
			"from": [0, 0, 6],
			"to": [16, 16, 6],
			"shade": false,
			"rotation": {"angle": -22.5, "axis": "y", "origin": [9, 8, 6]},
			"faces": {
				"north": {"uv": [16, 0, 0, 16], "texture": "#crop", "tintindex": 0},
				"south": {"uv": [0, 0, 16, 16], "texture": "#crop", "tintindex": 0}
			}
		},
		{
			"name": "5_1",
			"from": [0, 0, 8],
			"to": [16, 16, 8],
			"shade": false,
			"rotation": {"angle": 45, "axis": "y", "origin": [8, 8, 8]},
			"faces": {
				"north": {"uv": [16, 0, 0, 16], "texture": "#crop", "tintindex": 0},
				"south": {"uv": [0, 0, 16, 16], "texture": "#crop", "tintindex": 0}
			}
		}
	]
}