{
	"credit": "Made by TheWaschtlPlays using Blockbench",
	"ambientocclusion": false,
	"textures": {
		"1": "custom_textures/doors/acacia/acacia_door_side_0",
		"2": "custom_textures/doors/acacia/acacia_door_side_1",
		"particle": "custom_textures/doors/acacia/acacia_door_bottom_clean",
		"bottom": "custom_textures/doors/acacia/acacia_door_bottom_clean"
	},
	"elements": [
		{
			"name": "Cube",
			"from": [0, 0, 0],
			"to": [3, 3, 16],
			"faces": {
				"north": {"uv": [13, 13, 10, 16], "texture": "#2", "cullface": "north"},
				"east": {"uv": [16, 13, 0, 16], "texture": "#bottom"},
				"south": {"uv": [13, 13, 16, 16], "texture": "#2", "cullface": "south"},
				"west": {"uv": [0, 13, 16, 16], "texture": "#bottom", "cullface": "west"},
				"up": {"uv": [0, 13, 16, 14], "rotation": 90, "texture": "#bottom"},
				"down": {"uv": [0, 3, 16, 6], "rotation": 270, "texture": "#1", "cullface": "down"}
			}
		},
		{
			"name": "Cube",
			"from": [0, 15, 0],
			"to": [3, 16, 16],
			"faces": {
				"east": {"uv": [16, 0, 0, 1], "texture": "#bottom"},
				"south": {"uv": [13, 0, 16, 1], "texture": "#2", "cullface": "south"},
				"west": {"uv": [0, 0, 16, 1], "texture": "#bottom", "cullface": "west"},
				"down": {"uv": [0, 0, 16, 1], "rotation": 270, "texture": "#bottom"}
			}
		},
		{
			"name": "Cube",
			"from": [0, 3, 0],
			"to": [3, 15, 3],
			"faces": {
				"north": {"uv": [13, 1, 10, 13], "texture": "#2", "cullface": "north"},
				"east": {"uv": [3, 1, 0, 13], "texture": "#bottom"},
				"south": {"uv": [2, 1, 3, 13], "texture": "#bottom"},
				"west": {"uv": [0, 1, 3, 13], "texture": "#bottom", "cullface": "west"}
			}
		},
		{
			"name": "Cube",
			"from": [0.5, 3, 5],
			"to": [2.5, 15, 7],
			"faces": {
				"north": {"uv": [9, 1, 11, 13], "texture": "#bottom"},
				"east": {"uv": [7, 1, 5, 13], "texture": "#bottom"},
				"south": {"uv": [9, 1, 11, 13], "texture": "#bottom"},
				"west": {"uv": [5, 1, 7, 13], "texture": "#bottom", "cullface": "west"}
			}
		},
		{
			"name": "Cube",
			"from": [0.5, 3, 9],
			"to": [2.5, 15, 11],
			"faces": {
				"north": {"uv": [5, 1, 7, 13], "texture": "#bottom"},
				"east": {"uv": [11, 1, 9, 13], "texture": "#bottom"},
				"south": {"uv": [5, 1, 7, 13], "texture": "#bottom"},
				"west": {"uv": [9, 1, 11, 13], "texture": "#bottom", "cullface": "west"}
			}
		},
		{
			"name": "Cube",
			"from": [0, 3, 13],
			"to": [3, 15, 16],
			"faces": {
				"north": {"uv": [14, 1, 13, 13], "texture": "#bottom"},
				"east": {"uv": [16, 1, 13, 13], "texture": "#bottom"},
				"south": {"uv": [13, 1, 16, 13], "texture": "#2", "cullface": "south"},
				"west": {"uv": [13, 1, 16, 13], "texture": "#bottom", "cullface": "west"}
			}
		},
		{
			"name": "HingeUP",
			"from": [-0.25, 14.75, -0.25],
			"to": [3.25, 17.25, 1],
			"rotation": {"angle": 0, "axis": "y", "origin": [7.75, 22.75, 8]},
			"faces": {
				"north": {"uv": [0, 10, 1, 12], "texture": "#bottom"},
				"east": {"uv": [0, 10, 1, 12], "texture": "#bottom"},
				"south": {"uv": [0, 10, 1, 12], "texture": "#bottom"},
				"west": {"uv": [0, 10, 1, 12], "texture": "#bottom"},
				"up": {"uv": [0, 10, 1, 11], "texture": "#bottom"},
				"down": {"uv": [0, 11, 1, 12], "texture": "#bottom"}
			}
		},
		{
			"name": "HingeDWN",
			"from": [-0.25, 3.75, -0.25],
			"to": [3.25, 6.25, 1],
			"rotation": {"angle": 0, "axis": "y", "origin": [7.75, 11.75, 8]},
			"faces": {
				"north": {"uv": [0, 10, 1, 12], "texture": "#bottom"},
				"east": {"uv": [0, 10, 1, 12], "texture": "#bottom"},
				"south": {"uv": [0, 10, 1, 12], "texture": "#bottom"},
				"west": {"uv": [0, 10, 1, 12], "texture": "#bottom"},
				"up": {"uv": [0, 10, 1, 11], "texture": "#bottom"},
				"down": {"uv": [0, 11, 1, 12], "texture": "#bottom"}
			}
		}
	]
}