{
	"credit": "Made by TheWaschtlPlays using Blockbench",
	"ambientocclusion": false,
	"textures": {
		"2": "custom_textures/doors/birch/birch_door_side_0",
		"3": "custom_textures/doors/birch/birch_door_side_1",
		"particle": "custom_textures/doors/birch/birch_door_top",
		"top": "custom_textures/doors/birch/birch_door_top"
	},
	"elements": [
		{
			"from": [0, 13, 0],
			"to": [3, 16, 16],
			"faces": {
				"north": {"uv": [3, 0, 0, 3], "texture": "#3", "cullface": "north"},
				"east": {"uv": [16, 0, 0, 3], "texture": "#top"},
				"south": {"uv": [3, 0, 6, 3], "texture": "#3", "cullface": "south"},
				"west": {"uv": [0, 0, 16, 3], "texture": "#top", "cullface": "west"},
				"up": {"uv": [0, 0, 16, 3], "rotation": 90, "texture": "#2", "cullface": "up"},
				"down": {"uv": [0, 2, 16, 3], "rotation": 270, "texture": "#top"}
			}
		},
		{
			"from": [0, 0, 0],
			"to": [3, 13, 3],
			"faces": {
				"north": {"uv": [3, 3, 0, 16], "texture": "#3", "cullface": "north"},
				"east": {"uv": [3, 3, 0, 16], "texture": "#top"},
				"south": {"uv": [3, 3, 2, 16], "texture": "#top"},
				"west": {"uv": [0, 3, 3, 16], "texture": "#top", "cullface": "west"}
			}
		},
		{
			"from": [0, 0, 12.99996],
			"to": [3, 13, 15.99996],
			"faces": {
				"north": {"uv": [14, 3, 13, 16], "texture": "#top"},
				"east": {"uv": [10, 3, 7, 16], "texture": "#3"},
				"south": {"uv": [3, 3, 6, 16], "texture": "#3", "cullface": "south"},
				"west": {"uv": [7, 3, 10, 16], "texture": "#3", "cullface": "west"}
			}
		},
		{
			"from": [0.5, 0, 3],
			"to": [2.5, 13, 13],
			"faces": {
				"east": {"uv": [3, 3, 13, 16], "texture": "#top"},
				"west": {"uv": [3, 3, 13, 16], "texture": "#top", "cullface": "west"}
			}
		},
		{
			"name": "Hinge",
			"from": [-0.25, 9.75, -0.25],
			"to": [3.25, 12.25, 1],
			"rotation": {"angle": 0, "axis": "y", "origin": [7.75, 18, 8]},
			"faces": {
				"north": {"uv": [14, 14, 16, 16], "texture": "#2"},
				"east": {"uv": [14, 14, 15, 16], "texture": "#2"},
				"south": {"uv": [14, 14, 16, 16], "texture": "#2"},
				"west": {"uv": [14, 14, 15, 16], "texture": "#2"},
				"up": {"uv": [14, 14, 16, 15], "texture": "#2"},
				"down": {"uv": [14, 15, 16, 16], "texture": "#2"}
			}
		},
		{
			"from": [-0.25, 0.75, 14.25],
			"to": [3.25, 1.25, 14.75],
			"faces": {
				"north": {"uv": [15, 14, 14, 15], "texture": "#2"},
				"south": {"uv": [15, 14, 14, 15], "texture": "#2"},
				"up": {"uv": [14, 15, 15, 14], "texture": "#2"},
				"down": {"uv": [14, 15, 15, 14], "texture": "#2"}
			}
		},
		{
			"from": [-0.75, 0.25, 13.75],
			"to": [-0.25, 1.75, 15.25],
			"faces": {
				"north": {"uv": [15, 14, 14, 16], "texture": "#2", "cullface": "west"},
				"east": {"uv": [16, 14, 14, 16], "texture": "#2", "cullface": "west"},
				"south": {"uv": [15, 14, 14, 16], "texture": "#2", "cullface": "west"},
				"west": {"uv": [16, 14, 14, 16], "texture": "#2", "cullface": "west"},
				"up": {"uv": [14, 15, 15, 14], "texture": "#2", "cullface": "west"},
				"down": {"uv": [14, 16, 15, 15], "texture": "#2", "cullface": "west"}
			}
		},
		{
			"from": [3.25, 0.25, 13.75],
			"to": [3.75, 1.75, 15.25],
			"faces": {
				"north": {"uv": [15, 14, 14, 16], "texture": "#2"},
				"east": {"uv": [16, 14, 14, 16], "texture": "#2"},
				"south": {"uv": [15, 14, 14, 16], "texture": "#2"},
				"west": {"uv": [16, 14, 14, 16], "texture": "#2"},
				"up": {"uv": [14, 15, 15, 14], "texture": "#2"},
				"down": {"uv": [14, 16, 15, 15], "texture": "#2"}
			}
		}
	],
	"groups": [
		0,
		1,
		2,
		3,
		4,
		{
			"name": "Knob",
			"origin": [0, 0, 0],
			"color": 0,
			"children": [5, 6, 7]
		}
	]
}