{
	"credit": "Made by TheWaschtlPlays using blocksbench",
	"ambientocclusion": false,
	"textures": {
		"0": "blocks/planks_oak",
		"2": "blocks/cauldron_side",
		"particle": "custom_textures/rails/rail",
		"iron_blocks": "custom_textures/rails/rail"
	},
	"elements": [
		{
			"name": "Wood corner",
			"from": [13, 0, 13],
			"to": [16, 1, 16],
			"faces": {
				"north": {"uv": [4, 1, 7, 2], "texture": "#0"},
				"east": {"uv": [6, 0, 7, 3], "rotation": 270, "texture": "#0", "cullface": "east"},
				"south": {"uv": [4, 0, 7, 1], "texture": "#0", "cullface": "south"},
				"west": {"uv": [5, 0, 8, 1], "texture": "#0"},
				"up": {"uv": [5, 8, 6, 9], "texture": "#0"},
				"down": {"uv": [4, 0, 7, 3], "texture": "#0", "cullface": "down"}
			}
		},
		{
			"name": "Wood",
			"from": [13, 0, 0],
			"to": [15, 1, 13],
			"faces": {
				"north": {"uv": [0, 0, 2, 1], "texture": "#0", "cullface": "north"},
				"east": {"uv": [13, 0, 0, 1], "texture": "#0"},
				"west": {"uv": [0, 1, 13, 2], "texture": "#0"},
				"up": {"uv": [0, 0, 13, 2], "rotation": 90, "texture": "#0"},
				"down": {"uv": [0, 0, 13, 2], "rotation": 90, "texture": "#0", "cullface": "down"}
			}
		},
		{
			"name": "Wood",
			"from": [13, 0.001, -0.25],
			"to": [15, 1.001, 12.75],
			"rotation": {"angle": 22.5, "axis": "y", "origin": [14, 0, 14]},
			"faces": {
				"north": {"uv": [0, 0, 2, 1], "texture": "#0"},
				"east": {"uv": [13, 4, 0, 5], "texture": "#0"},
				"west": {"uv": [0, 5, 13, 6], "texture": "#0"},
				"up": {"uv": [0, 4, 13, 6], "rotation": 90, "texture": "#0"},
				"down": {"uv": [0, 4, 13, 6], "rotation": 90, "texture": "#0", "cullface": "down"}
			}
		},
		{
			"name": "Wood",
			"from": [-0.15, -0.002, 13],
			"to": [11.85, 0.998, 15],
			"rotation": {"angle": -45, "axis": "y", "origin": [14, 0, 14]},
			"faces": {
				"north": {"uv": [12, 8, 0, 9], "texture": "#0"},
				"south": {"uv": [0, 9, 12, 9.998], "texture": "#0"},
				"west": {"uv": [0, 0, 2, 1], "texture": "#0"},
				"up": {"uv": [0, 8, 12, 10], "texture": "#0"},
				"down": {"uv": [0, 8, 12, 10], "texture": "#0", "cullface": "down"}
			}
		},
		{
			"name": "Wood",
			"from": [-0.25, -0.001, 13],
			"to": [12.75, 0.999, 15],
			"rotation": {"angle": -22.5, "axis": "y", "origin": [14, 0, 14]},
			"faces": {
				"north": {"uv": [13, 9, 0, 10], "texture": "#0"},
				"south": {"uv": [0, 10, 13, 11], "texture": "#0"},
				"west": {"uv": [0, 0, 2, 1], "texture": "#0"},
				"up": {"uv": [0, 9, 13, 11], "texture": "#0"},
				"down": {"uv": [0, 12, 13, 14], "texture": "#0", "cullface": "down"}
			}
		},
		{
			"name": "Wood",
			"from": [0, 0, 13],
			"to": [13, 1, 15],
			"faces": {
				"north": {"uv": [13, 13, 0, 14], "texture": "#0"},
				"south": {"uv": [0, 14, 13, 15], "texture": "#0"},
				"west": {"uv": [0, 0, 2, 1], "texture": "#0", "cullface": "west"},
				"up": {"uv": [0, 13, 13, 15], "texture": "#0"},
				"down": {"uv": [13, 13, 0, 15], "rotation": 180, "texture": "#0", "cullface": "down"}
			}
		},
		{
			"name": "Rail",
			"from": [1.5, 1, 11],
			"to": [3.5, 2, 16],
			"faces": {
				"east": {"uv": [12, 11, 13, 16], "rotation": 90, "texture": "#iron_blocks"},
				"south": {"uv": [14, 15, 12, 16], "texture": "#iron_blocks", "cullface": "south"},
				"west": {"uv": [13, 11, 14, 16], "rotation": 270, "texture": "#iron_blocks"},
				"up": {"uv": [14, 11, 12, 16], "texture": "#iron_blocks"},
				"down": {"uv": [14, 11, 12, 16], "texture": "#iron_blocks"}
			}
		},
		{
			"name": "Rail",
			"from": [2.3, 0.999, 6.35],
			"to": [4.3, 1.999, 11.25],
			"rotation": {"angle": -22.5, "axis": "y", "origin": [2.5, 1, 9]},
			"faces": {
				"north": {"uv": [0, 0, 2, 1], "texture": "#iron_blocks"},
				"east": {"uv": [12, 8, 12.999, 12.9], "rotation": 90, "texture": "#iron_blocks"},
				"south": {"uv": [0, 0, 2, 1], "texture": "#iron_blocks"},
				"west": {"uv": [13, 8, 13.999, 12.9], "rotation": 270, "texture": "#iron_blocks"},
				"up": {"uv": [14, 8, 12, 12.9], "texture": "#iron_blocks"},
				"down": {"uv": [12, 8, 14, 12.9], "rotation": 180, "texture": "#iron_blocks"}
			}
		},
		{
			"name": "Rail",
			"from": [3.3, 1, 4.65],
			"to": [7.8, 2, 6.65],
			"rotation": {"angle": 45, "axis": "y", "origin": [5.5, 2, 5.5]},
			"faces": {
				"north": {"uv": [13, 7, 14, 11.5], "rotation": 90, "texture": "#iron_blocks"},
				"east": {"uv": [0, 0, 2, 1], "texture": "#iron_blocks"},
				"south": {"uv": [12, 7, 13, 11.5], "rotation": 270, "texture": "#iron_blocks"},
				"west": {"uv": [0, 0, 2, 1], "texture": "#iron_blocks"},
				"up": {"uv": [12, 7, 14, 11.5], "rotation": 270, "texture": "#iron_blocks"},
				"down": {"uv": [14, 6, 12, 10.5], "rotation": 270, "texture": "#iron_blocks"}
			}
		},
		{
			"name": "Rail",
			"from": [6.35, 0.999, 2.3],
			"to": [11.25, 1.999, 4.3],
			"rotation": {"angle": 22.5, "axis": "y", "origin": [9, 1, 2.5]},
			"faces": {
				"north": {"uv": [13, 3, 13.999, 7.9], "rotation": 90, "texture": "#iron_blocks"},
				"east": {"uv": [0, 0, 2, 1], "texture": "#iron_blocks"},
				"south": {"uv": [12, 3, 12.999, 7.9], "rotation": 270, "texture": "#iron_blocks"},
				"west": {"uv": [0, 0, 2, 1], "texture": "#iron_blocks"},
				"up": {"uv": [12, 3, 14, 7.9], "rotation": 270, "texture": "#iron_blocks"},
				"down": {"uv": [14, 3, 12, 7.9], "rotation": 270, "texture": "#iron_blocks"}
			}
		},
		{
			"name": "Rail",
			"from": [11, 1, 1.5],
			"to": [16, 2, 3.5],
			"faces": {
				"north": {"uv": [13, 0, 14, 5], "rotation": 90, "texture": "#iron_blocks"},
				"east": {"uv": [12, 0, 14, 1], "texture": "#iron_blocks", "cullface": "east"},
				"south": {"uv": [12, 0, 13, 5], "rotation": 270, "texture": "#iron_blocks"},
				"up": {"uv": [12, 1, 14, 6], "rotation": 270, "texture": "#iron_blocks"},
				"down": {"uv": [12, 0, 14, 5], "rotation": 90, "texture": "#iron_blocks"}
			}
		},
		{
			"name": "Rail",
			"from": [14.5, 1, 12.5],
			"to": [16, 2, 14.5],
			"faces": {
				"north": {"uv": [12, 3, 13, 4.5], "rotation": 270, "texture": "#iron_blocks"},
				"east": {"uv": [14, 3, 12, 4], "texture": "#iron_blocks", "cullface": "east"},
				"south": {"uv": [13, 7, 14, 8.5], "rotation": 90, "texture": "#iron_blocks"},
				"west": {"uv": [4, 0, 6, 1], "texture": "#iron_blocks"},
				"up": {"uv": [12, 3, 14, 4.5], "rotation": 90, "texture": "#iron_blocks"},
				"down": {"uv": [12, 3, 14, 4.5], "rotation": 90, "texture": "#iron_blocks"}
			}
		},
		{
			"name": "Rail",
			"from": [12.6, 0.999, 13.3],
			"to": [15.4, 1.999, 14.8],
			"rotation": {"angle": 45, "axis": "y", "origin": [14, 1, 14]},
			"faces": {
				"north": {"uv": [12, 5, 12.999, 7.8], "rotation": 270, "texture": "#iron_blocks"},
				"south": {"uv": [13, 5, 13.999, 7.8], "rotation": 90, "texture": "#iron_blocks"},
				"up": {"uv": [12, 5, 14, 7.8], "rotation": 90, "texture": "#iron_blocks"}
			}
		},
		{
			"name": "Rail",
			"from": [12.5, 1, 14.5],
			"to": [14.5, 2, 16],
			"faces": {
				"north": {"uv": [3, 0, 5, 1], "texture": "#iron_blocks"},
				"east": {"uv": [13, 7, 14, 8.5], "rotation": 90, "texture": "#iron_blocks"},
				"south": {"uv": [12, 8, 14, 9], "texture": "#iron_blocks", "cullface": "south"},
				"west": {"uv": [12, 7, 13, 8.5], "rotation": 270, "texture": "#iron_blocks"},
				"up": {"uv": [12, 7, 14, 8.5], "texture": "#iron_blocks"},
				"down": {"uv": [12, 6, 14, 7.5], "texture": "#iron_blocks"}
			}
		},
		{
			"name": "Holder",
			"from": [0.5, 0.75, 13.5],
			"to": [4.5, 1.25, 14.5],
			"faces": {
				"north": {"uv": [4, 1, 12, 2], "texture": "#2"},
				"east": {"uv": [11, 0, 12, 2], "rotation": 90, "texture": "#2"},
				"south": {"uv": [4, 1, 12, 2], "texture": "#2"},
				"west": {"uv": [4, 0, 5, 2], "rotation": 270, "texture": "#2"},
				"up": {"uv": [4, 0, 12, 2], "texture": "#2"}
			}
		},
		{
			"name": "Holder",
			"from": [3.65, 0.75, 5],
			"to": [7.65, 1.25, 6],
			"rotation": {"angle": -45, "axis": "y", "origin": [5.5, 2, 5.5]},
			"faces": {
				"north": {"uv": [4, 1, 12, 2], "texture": "#2"},
				"east": {"uv": [11, 0, 12, 2], "rotation": 90, "texture": "#2"},
				"south": {"uv": [4, 1, 12, 2], "texture": "#2"},
				"west": {"uv": [4, 0, 5, 2], "rotation": 270, "texture": "#2"},
				"up": {"uv": [4, 0, 12, 2], "texture": "#2"}
			}
		},
		{
			"name": "Holder",
			"from": [13.5, 0.75, 0.5],
			"to": [14.5, 1.25, 4.5],
			"faces": {
				"north": {"uv": [4, 0, 5, 2], "rotation": 270, "texture": "#2"},
				"east": {"uv": [4, 0, 12, 1], "rotation": 180, "texture": "#2"},
				"south": {"uv": [11, 0, 12, 2], "rotation": 90, "texture": "#2"},
				"west": {"uv": [3, 0, 11, 1], "rotation": 180, "texture": "#2"},
				"up": {"uv": [4, 0, 12, 2], "rotation": 90, "texture": "#2"}
			}
		},
		{
			"name": "Holder",
			"from": [15.81, 0.75, 5],
			"to": [19.81, 1.25, 6],
			"rotation": {"angle": -45, "axis": "y", "origin": [5.5, 2, 5.5]},
			"faces": {
				"north": {"uv": [4, 1, 12, 2], "texture": "#2"},
				"east": {"uv": [11, 0, 12, 2], "rotation": 90, "texture": "#2"},
				"south": {"uv": [4, 1, 12, 2], "texture": "#2"},
				"west": {"uv": [4, 0, 5, 2], "rotation": 270, "texture": "#2"},
				"up": {"uv": [4, 0, 12, 2], "texture": "#2"}
			}
		},
		{
			"name": "Nail",
			"from": [3.875, 1.1, 13.875],
			"to": [4.125, 1.35, 14.125],
			"faces": {
				"north": {"uv": [2, 0, 2.25, 0.25], "texture": "#iron_blocks"},
				"east": {"uv": [2, 0, 2.25, 0.25], "texture": "#iron_blocks"},
				"south": {"uv": [2, 0, 2.25, 0.25], "texture": "#iron_blocks"},
				"west": {"uv": [2, 0, 2.25, 0.25], "texture": "#iron_blocks"},
				"up": {"uv": [2, 0, 2.25, 0.25], "texture": "#iron_blocks"}
			}
		},
		{
			"name": "Nail",
			"from": [0.875, 1.1, 13.875],
			"to": [1.125, 1.35, 14.125],
			"faces": {
				"north": {"uv": [2, 0, 2.25, 0.25], "texture": "#iron_blocks"},
				"east": {"uv": [2, 0, 2.25, 0.25], "texture": "#iron_blocks"},
				"south": {"uv": [2, 0, 2.25, 0.25], "texture": "#iron_blocks"},
				"west": {"uv": [2, 0, 2.25, 0.25], "texture": "#iron_blocks"},
				"up": {"uv": [2, 0, 2.25, 0.25], "texture": "#iron_blocks"}
			}
		},
		{
			"name": "Nail",
			"from": [13.875, 1.1, 3.875],
			"to": [14.125, 1.35, 4.125],
			"faces": {
				"north": {"uv": [2, 0, 2.25, 0.25], "texture": "#iron_blocks"},
				"east": {"uv": [2, 0, 2.25, 0.25], "texture": "#iron_blocks"},
				"south": {"uv": [2, 0, 2.25, 0.25], "texture": "#iron_blocks"},
				"west": {"uv": [2, 0, 2.25, 0.25], "texture": "#iron_blocks"},
				"up": {"uv": [2, 0, 2.25, 0.25], "texture": "#iron_blocks"}
			}
		},
		{
			"name": "Nail",
			"from": [21.45, 1.1, 0],
			"to": [21.7, 1.35, 0.25],
			"rotation": {"angle": -45, "axis": "y", "origin": [0.125, 0, 0.125]},
			"faces": {
				"north": {"uv": [2, 0, 2.25, 0.25], "texture": "#iron_blocks"},
				"east": {"uv": [2, 0, 2.25, 0.25], "texture": "#iron_blocks"},
				"south": {"uv": [2, 0, 2.25, 0.25], "texture": "#iron_blocks"},
				"west": {"uv": [2, 0, 2.25, 0.25], "texture": "#iron_blocks"},
				"up": {"uv": [2, 0, 2.25, 0.25], "texture": "#iron_blocks"}
			}
		},
		{
			"name": "Nail",
			"from": [18.45, 1.1, 0],
			"to": [18.7, 1.35, 0.25],
			"rotation": {"angle": -45, "axis": "y", "origin": [0.125, 0, 0.125]},
			"faces": {
				"north": {"uv": [2, 0, 2.25, 0.25], "texture": "#iron_blocks"},
				"east": {"uv": [2, 0, 2.25, 0.25], "texture": "#iron_blocks"},
				"south": {"uv": [2, 0, 2.25, 0.25], "texture": "#iron_blocks"},
				"west": {"uv": [2, 0, 2.25, 0.25], "texture": "#iron_blocks"},
				"up": {"uv": [2, 0, 2.25, 0.25], "texture": "#iron_blocks"}
			}
		},
		{
			"name": "Nail",
			"from": [9.25, 1.1, 0],
			"to": [9.5, 1.35, 0.25],
			"rotation": {"angle": -45, "axis": "y", "origin": [0.125, 0, 0.125]},
			"faces": {
				"north": {"uv": [2, 0, 2.25, 0.25], "texture": "#iron_blocks"},
				"east": {"uv": [2, 0, 2.25, 0.25], "texture": "#iron_blocks"},
				"south": {"uv": [2, 0, 2.25, 0.25], "texture": "#iron_blocks"},
				"west": {"uv": [2, 0, 2.25, 0.25], "texture": "#iron_blocks"},
				"up": {"uv": [2, 0, 2.25, 0.25], "texture": "#iron_blocks"}
			}
		},
		{
			"name": "Nail",
			"from": [6.25, 1.1, 0],
			"to": [6.5, 1.35, 0.25],
			"rotation": {"angle": -45, "axis": "y", "origin": [0.125, 0, 0.125]},
			"faces": {
				"north": {"uv": [2, 0, 2.25, 0.25], "texture": "#iron_blocks"},
				"east": {"uv": [2, 0, 2.25, 0.25], "texture": "#iron_blocks"},
				"south": {"uv": [2, 0, 2.25, 0.25], "texture": "#iron_blocks"},
				"west": {"uv": [2, 0, 2.25, 0.25], "texture": "#iron_blocks"},
				"up": {"uv": [2, 0, 2.25, 0.25], "texture": "#iron_blocks"}
			}
		},
		{
			"name": "Nail",
			"from": [13.875, 1.1, 0.875],
			"to": [14.125, 1.35, 1.125],
			"faces": {
				"north": {"uv": [2, 0, 2.25, 0.25], "texture": "#iron_blocks"},
				"east": {"uv": [2, 0, 2.25, 0.25], "texture": "#iron_blocks"},
				"south": {"uv": [2, 0, 2.25, 0.25], "texture": "#iron_blocks"},
				"west": {"uv": [2, 0, 2.25, 0.25], "texture": "#iron_blocks"},
				"up": {"uv": [2, 0, 2.25, 0.25], "texture": "#iron_blocks"}
			}
		}
	],
	"display": {
		"thirdperson_righthand": {
			"rotation": [75, 315, 0],
			"translation": [0, 2.5, 0],
			"scale": [0.375, 0.375, 0.375]
		},
		"firstperson_righthand": {
			"rotation": [0, 315, 0],
			"translation": [0, 2.5, 0],
			"scale": [0.4, 0.4, 0.4]
		},
		"ground": {
			"translation": [0, 3, 0],
			"scale": [0.25, 0.25, 0.25]
		},
		"gui": {
			"rotation": [30, 45, 0],
			"scale": [0.625, 0.625, 0.625]
		},
		"head": {
			"rotation": [0, 180, 0]
		},
		"fixed": {
			"rotation": [0, 180, 0]
		}
	},
	"groups": [
		{
			"name": "Wood",
			"origin": [8, 8, 8],
			"children": [0, 1, 2, 3, 4, 5]
		},
		{
			"name": "Rail",
			"origin": [8, 8, 8],
			"children": [6, 7, 8, 9, 10, 11, 12, 13]
		},
		{
			"name": "Holder",
			"origin": [5.5, 2, 5.5],
			"children": [14, 15, 16, 17]
		},
		{
			"name": "Nail",
			"origin": [8, 8, 8],
			"children": [18, 19, 20, 21, 22, 23, 24, 25]
		}
	]
}