{
	"credit": "Made by TheWaschtlPlays using Blockbench",
	"textures": {
		"0": "blocks/bookshelf",
		"particle": "blocks/bookshelf"
	},
	"elements": [
		{
			"from": [2, 9, 0.5],
			"to": [4, 13, 1],
			"faces": {
				"north": {"uv": [2, 3, 4, 7], "texture": "#0", "cullface": "north"},
				"east": {"uv": [2, 3, 2.5, 7], "texture": "#0", "cullface": "north"},
				"west": {"uv": [3, 3, 3.5, 7], "texture": "#0", "cullface": "north"},
				"up": {"uv": [2, 3, 4, 3.5], "texture": "#0", "cullface": "north"}
			}
		}
	],
	"groups": [
		{
			"name": "top",
			"origin": [8, 8, 8],
			"children": [
				{
					"name": "23",
					"origin": [8, 8, 8],
					"children": [0]
				}
			]
		}
	]
}