{
	"credit": "Made by TheWaschtlPlays using Blockbench",
	"textures": {
		"0": "blocks/bookshelf",
		"particle": "blocks/bookshelf"
	},
	"elements": [
		{
			"from": [1, 1, 0.2],
			"to": [3, 7, 1],
			"faces": {
				"north": {"uv": [6, 9, 8, 15], "texture": "#0", "cullface": "north"},
				"east": {"uv": [6, 9, 6.8, 15], "texture": "#0", "cullface": "north"}
			}
		}
	],
	"groups": [
		{
			"name": "bottom",
			"origin": [8, 8, 8],
			"children": [
				{
					"name": "67",
					"origin": [8, 8, 8],
					"children": [0]
				}
			]
		}
	]
}