{
	"credit": "Made by TheWaschtlPlays using Blockbench",
	"textures": {
		"particle": "block/cartography_table_top",
		"cartography_table_top": "block/cartography_table_top",
		"cartography_table_side2": "block/cartography_table_side2",
		"cartography_table_side1": "block/cartography_table_side1",
		"cartography_table_side3": "block/cartography_table_side3"
	},
	"elements": [
		{
			"name": "Cube",
			"from": [0, 0, 0],
			"to": [16, 16, 10],
			"faces": {
				"north": {"uv": [0, 0, 16, 16], "texture": "#cartography_table_side3", "cullface": "north"},
				"east": {"uv": [5, 0, 15, 16], "texture": "#cartography_table_side3", "cullface": "east"},
				"west": {"uv": [0, 0, 10, 16], "texture": "#cartography_table_side2", "cullface": "west"},
				"up": {"uv": [0, 0, 16, 10], "texture": "#cartography_table_top", "cullface": "up"},
				"down": {"uv": [5, 0, 16, 16], "rotation": 90, "texture": "#cartography_table_side3", "cullface": "down"}
			}
		},
		{
			"name": "Cube",
			"from": [0, 0, 10],
			"to": [16, 10, 16],
			"faces": {
				"east": {"uv": [0, 6, 6, 16], "texture": "#cartography_table_side3", "cullface": "east"},
				"south": {"uv": [0, 6, 16, 16], "texture": "#cartography_table_side1", "cullface": "south"},
				"west": {"uv": [10, 6, 16, 16], "texture": "#cartography_table_side2", "cullface": "west"},
				"down": {"uv": [0, 0, 6, 16], "rotation": 90, "texture": "#cartography_table_side3", "cullface": "down"}
			}
		},
		{
			"name": "Cube",
			"from": [6, 10, 10],
			"to": [16, 16, 16],
			"faces": {
				"east": {"uv": [0, 0, 6, 6], "texture": "#cartography_table_side3", "cullface": "east"},
				"south": {"uv": [6, 0, 16, 6], "texture": "#cartography_table_side1", "cullface": "south"},
				"up": {"uv": [6, 11, 16, 16], "texture": "#cartography_table_top", "cullface": "up"}
			}
		},
		{
			"name": "Cube",
			"from": [-0.25, 10, 10],
			"to": [6, 11, 16.25],
			"faces": {
				"north": {"uv": [0, 15, 6.25, 16], "texture": "#cartography_table_side3", "cullface": "west"},
				"east": {"uv": [0, 15, 6.25, 16], "texture": "#cartography_table_side3", "cullface": "south"},
				"south": {"uv": [0, 5, 6, 6], "texture": "#cartography_table_side1"},
				"west": {"uv": [10, 5, 16, 6], "texture": "#cartography_table_side2"},
				"up": {"uv": [0, 10, 6, 16], "texture": "#cartography_table_side3"},
				"down": {"uv": [0, 0, 6.25, 6.25], "texture": "#cartography_table_side3"}
			}
		},
		{
			"name": "Cube",
			"from": [-0.25, 11, 10],
			"to": [6, 16.25, 11],
			"faces": {
				"north": {"uv": [7, 7, 13, 12], "texture": "#cartography_table_side3"},
				"east": {"uv": [0, 10, 1, 15.25], "texture": "#cartography_table_side3", "cullface": "up"},
				"south": {"uv": [8, 7, 14, 12], "texture": "#cartography_table_side3"},
				"west": {"uv": [10, 0, 11, 5], "texture": "#cartography_table_side2"},
				"up": {"uv": [0, 10, 6, 11], "texture": "#cartography_table_top"}
			}
		},
		{
			"name": "Cube",
			"from": [5, 11, 11],
			"to": [6, 16.25, 16.25],
			"faces": {
				"east": {"uv": [0, 7, 5, 12], "texture": "#cartography_table_side3"},
				"south": {"uv": [5, 0, 6, 5], "texture": "#cartography_table_side1"},
				"west": {"uv": [0, 7, 5, 12], "texture": "#cartography_table_side3"},
				"up": {"uv": [5, 11, 6, 16], "texture": "#cartography_table_top"}
			}
		},
		{
			"name": "Cube",
			"from": [4, 11, 11],
			"to": [5, 16, 15],
			"faces": {
				"south": {"uv": [4, 15, 5, 16], "texture": "#cartography_table_top"},
				"west": {"uv": [3, 14, 4, 15], "texture": "#cartography_table_top"},
				"up": {"uv": [4, 11, 5, 15], "texture": "#cartography_table_top", "cullface": "up"}
			}
		},
		{
			"name": "Cube",
			"from": [1, 11, 11],
			"to": [4, 16, 12],
			"faces": {
				"south": {"uv": [0, 0, 3, 5], "texture": "#cartography_table_side1"},
				"west": {"uv": [14, 1, 15, 6], "texture": "#cartography_table_side2"},
				"up": {"uv": [1, 11, 4, 12], "texture": "#cartography_table_top", "cullface": "up"}
			}
		},
		{
			"name": "Cube",
			"from": [1, 11, 12],
			"to": [5, 12, 16],
			"faces": {
				"south": {"uv": [1, 4, 5, 5], "texture": "#cartography_table_side1", "cullface": "south"},
				"west": {"uv": [12, 4, 16, 5], "texture": "#cartography_table_side2"},
				"up": {"uv": [1, 11, 5, 15], "texture": "#cartography_table_top"}
			}
		},
		{
			"name": "Cube",
			"from": [0, 11, 11],
			"to": [1, 12, 15],
			"faces": {
				"south": {"uv": [0, 4, 1, 5], "texture": "#cartography_table_side1"},
				"west": {"uv": [11, 4, 15, 5], "texture": "#cartography_table_side2", "cullface": "west"},
				"up": {"uv": [0, 11, 1, 15], "texture": "#cartography_table_top"}
			}
		},
		{
			"name": "Cube",
			"from": [0, 12, 11],
			"to": [1, 15, 12],
			"faces": {
				"south": {"uv": [0, 0, 1, 3], "texture": "#cartography_table_side1"},
				"west": {"uv": [11, 1, 12, 4], "texture": "#cartography_table_side2", "cullface": "west"},
				"up": {"uv": [0, 11, 1, 12], "texture": "#cartography_table_top"}
			}
		},
		{
			"name": "Cube",
			"from": [4, 12, 15],
			"to": [5, 15, 16],
			"faces": {
				"south": {"uv": [4, 2, 5, 5], "texture": "#cartography_table_side1", "cullface": "south"},
				"west": {"uv": [3, 2, 4, 5], "texture": "#cartography_table_side1"},
				"up": {"uv": [4, 15, 5, 16], "texture": "#cartography_table_top"}
			}
		},
		{
			"name": "Cube",
			"from": [2, 12, 15],
			"to": [4, 14, 16],
			"faces": {
				"south": {"uv": [2, 2, 4, 4], "texture": "#cartography_table_side1", "cullface": "south"},
				"west": {"uv": [3, 3, 4, 5], "texture": "#cartography_table_side1"},
				"up": {"uv": [2, 2, 4, 3], "texture": "#cartography_table_side1"}
			}
		},
		{
			"name": "Cube",
			"from": [2, 15, 12],
			"to": [4, 16, 14],
			"faces": {
				"south": {"uv": [0, 2, 2, 3], "texture": "#cartography_table_side1"},
				"west": {"uv": [2, 12, 4, 13], "texture": "#cartography_table_top"},
				"up": {"uv": [2, 12, 4, 14], "texture": "#cartography_table_top", "cullface": "up"}
			}
		},
		{
			"name": "Cube",
			"from": [0, 12, 12],
			"to": [1, 14, 14],
			"faces": {
				"south": {"uv": [0, 0, 1, 2], "texture": "#cartography_table_side1"},
				"west": {"uv": [12, 2, 14, 4], "texture": "#cartography_table_side2", "cullface": "west"},
				"up": {"uv": [4, 14, 5, 16], "texture": "#cartography_table_top"}
			}
		},
		{
			"name": "Cube",
			"from": [1, 12, 12],
			"to": [2, 15, 15],
			"faces": {
				"south": {"uv": [4, 1, 5, 4], "texture": "#cartography_table_side1"},
				"west": {"uv": [13, 2, 16, 5], "texture": "#cartography_table_side2"},
				"up": {"uv": [1, 12, 2, 15], "texture": "#cartography_table_top"}
			}
		},
		{
			"name": "Cube",
			"from": [2, 14, 14],
			"to": [4, 15, 15],
			"faces": {
				"south": {"uv": [2, 3, 4, 4], "texture": "#cartography_table_side1"},
				"up": {"uv": [1, 3, 3, 4], "texture": "#cartography_table_side1"}
			}
		},
		{
			"name": "Cube",
			"from": [2, 16, 2],
			"to": [6, 16.1, 3],
			"faces": {
				"north": {"uv": [2, 2, 6, 2.1], "texture": "#cartography_table_top", "cullface": "up"},
				"east": {"uv": [5, 2, 6, 2.1], "texture": "#cartography_table_top", "cullface": "up"},
				"south": {"uv": [2, 2, 6, 2.1], "texture": "#cartography_table_top", "cullface": "up"},
				"west": {"uv": [2, 3, 3, 3.1], "texture": "#cartography_table_top", "cullface": "up"},
				"up": {"uv": [2, 2, 6, 3], "texture": "#cartography_table_top", "cullface": "up"}
			}
		},
		{
			"name": "Cube",
			"from": [2, 16, 5],
			"to": [6, 16.1, 6],
			"faces": {
				"north": {"uv": [2, 5, 6, 5.1], "texture": "#cartography_table_top", "cullface": "up"},
				"east": {"uv": [5, 5, 6, 5.1], "texture": "#cartography_table_top", "cullface": "up"},
				"south": {"uv": [2, 5, 6, 5.1], "texture": "#cartography_table_top", "cullface": "up"},
				"west": {"uv": [2, 5, 3, 5.1], "texture": "#cartography_table_top", "cullface": "up"},
				"up": {"uv": [2, 5, 6, 6], "texture": "#cartography_table_top", "cullface": "up"}
			}
		},
		{
			"name": "Cube",
			"from": [2, 16, 3],
			"to": [3, 16.1, 5],
			"faces": {
				"east": {"uv": [4, 2, 6, 2.1], "texture": "#cartography_table_top", "cullface": "up"},
				"west": {"uv": [4, 2, 6, 2.1], "texture": "#cartography_table_top", "cullface": "up"},
				"up": {"uv": [2, 3, 3, 5], "texture": "#cartography_table_top", "cullface": "up"}
			}
		},
		{
			"name": "Cube",
			"from": [5, 16, 3],
			"to": [6, 16.1, 5],
			"faces": {
				"east": {"uv": [3, 5, 5, 5.1], "texture": "#cartography_table_top", "cullface": "up"},
				"west": {"uv": [3, 5, 5, 5.1], "texture": "#cartography_table_top", "cullface": "up"},
				"up": {"uv": [5, 3, 6, 5], "texture": "#cartography_table_top", "cullface": "up"}
			}
		}
	],
	"display": {
		"thirdperson_righthand": {
			"rotation": [75, -45, 0],
			"translation": [0, 2.5, 0],
			"scale": [0.375, 0.375, 0.375]
		},
		"thirdperson_lefthand": {
			"rotation": [75, -135, 0],
			"translation": [0, 2.5, 0],
			"scale": [0.375, 0.375, 0.375]
		},
		"firstperson_righthand": {
			"rotation": [0, -45, 0],
			"scale": [0.4, 0.4, 0.4]
		},
		"firstperson_lefthand": {
			"rotation": [0, -135, 0],
			"scale": [0.4, 0.4, 0.4]
		},
		"ground": {
			"translation": [0, 3, 0],
			"scale": [0.25, 0.25, 0.25]
		},
		"gui": {
			"rotation": [30, 45, 0],
			"scale": [0.625, 0.625, 0.625]
		},
		"head": {
			"rotation": [0, -90, 0]
		},
		"fixed": {
			"scale": [0.5, 0.5, 0.5]
		}
	}
}