{
	"credit": "Made by playtrix with Blockbench",
	"textures": {
		"0": "blocks/bookshelf",
		"1": "block/oak_planks",
		"particle": "blocks/bookshelf"
	},
	"elements": [
		{
			"name": "12_1",
			"from": [1, 1, 0.25],
			"to": [3, 6, 1],
			"faces": {
				"north": {"uv": [1, 10, 3, 15], "texture": "#0", "cullface": "north"},
				"east": {"uv": [2, 10, 2.75, 15], "texture": "#0", "cullface": "north"},
				"west": {"uv": [1, 10, 1.75, 15], "texture": "#0", "cullface": "north"},
				"up": {"uv": [1, 10, 3, 10.75], "texture": "#0", "cullface": "north"}
			}
		} 
	],
	"groups": [
		{
			"name": "bottom",
			"origin": [8, 8, 8],
			"children": [
				{
					"name": "12",
					"origin": [8, 8, 8],
					"children": [0, 1]
				}
			]
		}
	]
}