{
	"credit": "Made by TheWaschtlPlays using Blockbench",
	"ambientocclusion": false,
	"textures": {
		"1": "custom_textures/doors/birch/birch_door_side_0",
		"2": "custom_textures/doors/birch/birch_door_bottom",
		"3": "custom_textures/doors/birch/birch_door_side_1",
		"particle": "custom_textures/doors/birch/birch_door_bottom"
	},
	"elements": [
		{
			"from": [0, 0, 0],
			"to": [3, 12, 16],
			"faces": {
				"north": {"uv": [13, 4, 10, 16], "texture": "#3", "cullface": "north"},
				"east": {"uv": [16, 4, 0, 16], "texture": "#2"},
				"south": {"uv": [13, 4, 16, 16], "texture": "#3", "cullface": "south"},
				"west": {"uv": [0, 4, 16, 16], "texture": "#2", "cullface": "west"},
				"up": {"uv": [0, 4, 16, 5], "rotation": 90, "texture": "#2"},
				"down": {"uv": [0, 3, 16, 6], "rotation": 270, "texture": "#1", "cullface": "down"}
			}
		},
		{
			"from": [0, 12, 0],
			"to": [3, 16, 3],
			"faces": {
				"north": {"uv": [13, 0, 10, 4], "texture": "#3", "cullface": "north"},
				"east": {"uv": [3, 0, 0, 4], "texture": "#2"},
				"south": {"uv": [2, 0, 3, 4], "texture": "#2"},
				"west": {"uv": [0, 0, 3, 4], "texture": "#2", "cullface": "west"}
			}
		},
		{
			"from": [0, 12, 13],
			"to": [3, 16, 16],
			"faces": {
				"north": {"uv": [13, 0, 14, 4], "texture": "#2"},
				"east": {"uv": [16, 0, 13, 4], "texture": "#2"},
				"south": {"uv": [13, 0, 16, 4], "texture": "#3", "cullface": "south"},
				"west": {"uv": [13, 0, 16, 4], "texture": "#2", "cullface": "west"}
			}
		},
		{
			"from": [0.5, 12, 3],
			"to": [2.5, 16, 13],
			"faces": {
				"east": {"uv": [3, 0, 13, 4], "texture": "#2"},
				"west": {"uv": [3, 0, 13, 4], "texture": "#2", "cullface": "west"}
			}
		},
		{
			"name": "HingeUP",
			"from": [-0.25, 14.75, -0.25],
			"to": [3.25, 17.25, 1],
			"rotation": {"angle": 0, "axis": "y", "origin": [7.75, 22.75, 8]},
			"faces": {
				"north": {"uv": [14, 14, 16, 16], "texture": "#1"},
				"east": {"uv": [14, 14, 15, 16], "texture": "#1"},
				"south": {"uv": [14, 14, 16, 16], "texture": "#1"},
				"west": {"uv": [15, 14, 16, 16], "texture": "#1"},
				"up": {"uv": [14, 14, 15, 15], "texture": "#1"},
				"down": {"uv": [14, 15, 16, 16], "texture": "#1"}
			}
		},
		{
			"name": "HingeDWN",
			"from": [-0.25, 3.75, -0.25],
			"to": [3.25, 6.25, 1],
			"rotation": {"angle": 0, "axis": "y", "origin": [7.75, 11.75, 8]},
			"faces": {
				"north": {"uv": [14, 14, 16, 16], "texture": "#1"},
				"east": {"uv": [14, 14, 15, 16], "texture": "#1"},
				"south": {"uv": [14, 14, 16, 16], "texture": "#1"},
				"west": {"uv": [15, 14, 16, 16], "texture": "#1"},
				"up": {"uv": [14, 14, 15, 15], "texture": "#1"},
				"down": {"uv": [14, 15, 16, 16], "texture": "#1"}
			}
		}
	]
}