{
	"credit": "Made by TheWaschtlPlays using Blockbench",
	"textures": {
		"0": "blocks/bookshelf",
		"1": "blocks/planks_oak",
		"2": "custom_textures/bookshelf_custom",
		"particle": "blocks/bookshelf"
	},
	"elements": [
		{
			"from": [0, 0, 0],
			"to": [16, 1, 16],
			"faces": {
				"north": {"uv": [0, 15, 16, 16], "texture": "#0", "cullface": "north"},
				"east": {"uv": [0, 15, 16, 16], "texture": "#0", "cullface": "east"},
				"south": {"uv": [0, 15, 16, 16], "texture": "#0", "cullface": "south"},
				"west": {"uv": [0, 15, 16, 16], "texture": "#0", "cullface": "west"},
				"up": {"uv": [0, 0, 16, 16], "texture": "#1"},
				"down": {"uv": [0, 0, 16, 16], "texture": "#1", "cullface": "down"}
			}
		},
		{
			"from": [0, 7, 0],
			"to": [16, 9, 16],
			"faces": {
				"north": {"uv": [0, 7, 16, 9], "texture": "#0", "cullface": "north"},
				"east": {"uv": [0, 7, 16, 9], "texture": "#0", "cullface": "east"},
				"south": {"uv": [0, 7, 16, 9], "texture": "#0", "cullface": "south"},
				"west": {"uv": [0, 7, 16, 9], "texture": "#0", "cullface": "west"},
				"up": {"uv": [0, 0, 16, 16], "texture": "#1"},
				"down": {"uv": [0, 0, 16, 16], "texture": "#1"}
			}
		},
		{
			"from": [0, 15, 0],
			"to": [16, 16, 16],
			"faces": {
				"north": {"uv": [0, 0, 16, 1], "texture": "#0", "cullface": "north"},
				"east": {"uv": [0, 0, 16, 1], "texture": "#0", "cullface": "east"},
				"south": {"uv": [0, 0, 16, 1], "texture": "#0", "cullface": "south"},
				"west": {"uv": [0, 0, 16, 1], "texture": "#0", "cullface": "west"},
				"up": {"uv": [0, 0, 16, 16], "texture": "#1", "cullface": "up"},
				"down": {"uv": [0, 0, 16, 16], "texture": "#1"}
			}
		},
		{
			"from": [0, 1, 15],
			"to": [1, 15, 16],
			"faces": {
				"north": {"uv": [15, 1, 16, 15], "texture": "#0"},
				"east": {"uv": [0, 1, 1, 15], "texture": "#0"},
				"south": {"uv": [0, 1, 1, 15], "texture": "#0", "cullface": "south"},
				"west": {"uv": [15, 1, 16, 15], "texture": "#0", "cullface": "west"}
			}
		},
		{
			"from": [0, 1, 0],
			"to": [1, 15, 1],
			"faces": {
				"north": {"uv": [15, 1, 16, 15], "texture": "#0", "cullface": "north"},
				"east": {"uv": [15, 1, 16, 15], "texture": "#0"},
				"south": {"uv": [0, 1, 1, 15], "texture": "#0"},
				"west": {"uv": [0, 1, 1, 15], "texture": "#0", "cullface": "west"}
			}
		},
		{
			"from": [15, 1, 0],
			"to": [16, 15, 1],
			"faces": {
				"north": {"uv": [0, 1, 1, 15], "texture": "#0", "cullface": "north"},
				"east": {"uv": [15, 1, 16, 15], "texture": "#0", "cullface": "east"},
				"south": {"uv": [15, 1, 16, 15], "texture": "#0"},
				"west": {"uv": [0, 1, 1, 15], "texture": "#0"}
			}
		},
		{
			"from": [15, 1, 15],
			"to": [16, 15, 16],
			"faces": {
				"north": {"uv": [0, 1, 1, 15], "texture": "#0"},
				"east": {"uv": [0, 1, 1, 15], "texture": "#0", "cullface": "east"},
				"south": {"uv": [15, 1, 16, 15], "texture": "#0", "cullface": "south"},
				"west": {"uv": [15, 1, 16, 15], "texture": "#0"}
			}
		},
		{
			"from": [1, 1, 1],
			"to": [15, 15, 15],
			"faces": {
				"north": {"uv": [1, 1, 15, 15], "texture": "#2", "cullface": "north"},
				"east": {"uv": [1, 1, 15, 15], "texture": "#2", "cullface": "east"},
				"south": {"uv": [1, 1, 15, 15], "texture": "#2", "cullface": "south"},
				"west": {"uv": [1, 1, 15, 15], "texture": "#2", "cullface": "west"}
			}
		},
		{
			"name": "12_1",
			"from": [6, 9, 0.25],
			"to": [8, 14, 1],
			"rotation": {"angle": 0, "axis": "y", "origin": [1, 16, 8]},
			"faces": {
				"north": {"uv": [1, 10, 3, 15], "texture": "#0", "cullface": "north"},
				"east": {"uv": [1, 10, 1.75, 15], "texture": "#0", "cullface": "north"},
				"west": {"uv": [1, 10, 1.75, 15], "texture": "#0", "cullface": "north"},
				"up": {"uv": [1, 10, 3, 10.75], "rotation": 180, "texture": "#0", "cullface": "north"}
			}
		},
		{
			"name": "22_2",
			"from": [0.25, 9, 2],
			"to": [1, 14, 4],
			"rotation": {"angle": 0, "axis": "y", "origin": [8, 16, 9]},
			"faces": {
				"north": {"uv": [1, 10, 1.75, 15], "texture": "#0", "cullface": "west"},
				"south": {"uv": [1, 10, 1.75, 15], "texture": "#0", "cullface": "west"},
				"west": {"uv": [1, 10, 3, 15], "texture": "#0", "cullface": "west"},
				"up": {"uv": [1, 10, 3, 10.75], "rotation": 90, "texture": "#0", "cullface": "west"}
			}
		},
		{
			"name": "33_3",
			"from": [2, 9, 15],
			"to": [4, 14, 15.75],
			"rotation": {"angle": 0, "axis": "y", "origin": [9, 16, 8]},
			"faces": {
				"east": {"uv": [2, 10, 2.75, 15], "texture": "#0", "cullface": "south"},
				"south": {"uv": [1, 10, 3, 15], "texture": "#0", "cullface": "south"},
				"west": {"uv": [4, 2, 4.75, 7], "texture": "#0", "cullface": "south"},
				"up": {"uv": [1, 10, 3, 10.75], "texture": "#0", "cullface": "south"}
			}
		},
		{
			"name": "44_4",
			"from": [15, 9, 8],
			"to": [15.75, 14, 10],
			"rotation": {"angle": 0, "axis": "y", "origin": [8, 16, 3]},
			"faces": {
				"north": {"uv": [1, 10, 1.75, 15], "texture": "#0", "cullface": "east"},
				"east": {"uv": [1, 10, 3, 15], "texture": "#0", "cullface": "east"},
				"south": {"uv": [1, 10, 1.75, 15], "texture": "#0", "cullface": "east"},
				"up": {"uv": [1, 10, 3, 10.75], "rotation": 270, "texture": "#0", "cullface": "east"}
			}
		},
		{
			"from": [3, 9, 0.5],
			"to": [5, 14, 1],
			"rotation": {"angle": 0, "axis": "y", "origin": [1, 16, 8]},
			"faces": {
				"north": {"uv": [4, 10, 6, 15], "texture": "#0", "cullface": "north"},
				"east": {"uv": [5, 10, 5.5, 15], "texture": "#0", "cullface": "north"},
				"up": {"uv": [4, 10, 6, 10.5], "rotation": 180, "texture": "#0", "cullface": "north"}
			}
		},
		{
			"from": [0.5, 9, 4],
			"to": [1, 14, 6],
			"rotation": {"angle": 0, "axis": "y", "origin": [8, 16, 8]},
			"faces": {
				"west": {"uv": [4, 10, 6, 15], "texture": "#0", "cullface": "west"},
				"up": {"uv": [4, 10, 6, 10.5], "rotation": 90, "texture": "#0", "cullface": "west"}
			}
		},
		{
			"from": [4, 9, 15],
			"to": [6, 14, 15.5],
			"rotation": {"angle": 0, "axis": "y", "origin": [8, 16, 8]},
			"faces": {
				"east": {"uv": [5, 10, 5.5, 15], "texture": "#0", "cullface": "south"},
				"south": {"uv": [4, 10, 6, 15], "texture": "#0", "cullface": "south"},
				"up": {"uv": [4, 10, 6, 10.5], "texture": "#0", "cullface": "south"}
			}
		},
		{
			"from": [15, 9, 10],
			"to": [15.5, 14, 12],
			"rotation": {"angle": 0, "axis": "y", "origin": [8, 16, 8]},
			"faces": {
				"east": {"uv": [4, 10, 6, 15], "texture": "#0", "cullface": "east"},
				"up": {"uv": [4, 10, 6, 10.5], "rotation": 270, "texture": "#0", "cullface": "east"}
			}
		},
		{
			"from": [1, 9, 0.2],
			"to": [3, 15, 1],
			"rotation": {"angle": 0, "axis": "y", "origin": [1, 16, 8]},
			"faces": {
				"north": {"uv": [6, 9, 8, 15], "texture": "#0", "cullface": "north"},
				"east": {"uv": [7, 9, 7.8, 15], "texture": "#0", "cullface": "north"}
			}
		},
		{
			"from": [0.2, 9, 9],
			"to": [1, 15, 11],
			"rotation": {"angle": 0, "axis": "y", "origin": [8, 16, 11]},
			"faces": {
				"north": {"uv": [7, 9, 7.8, 15], "texture": "#0", "cullface": "west"},
				"south": {"uv": [6, 9, 6.8, 15], "texture": "#0", "cullface": "west"},
				"west": {"uv": [6, 9, 8, 15], "texture": "#0", "cullface": "west"}
			}
		},
		{
			"from": [13, 9, 15],
			"to": [15, 15, 15.8],
			"rotation": {"angle": 0, "axis": "y", "origin": [15, 16, 8]},
			"faces": {
				"south": {"uv": [6, 9, 8, 15], "texture": "#0", "cullface": "south"},
				"west": {"uv": [7, 9, 7.8, 15], "texture": "#0", "cullface": "south"}
			}
		},
		{
			"from": [15, 9, 12],
			"to": [15.8, 15, 14],
			"rotation": {"angle": 0, "axis": "y", "origin": [8, 16, 12]},
			"faces": {
				"north": {"uv": [6, 9, 6.8, 15], "texture": "#0", "cullface": "east"},
				"east": {"uv": [6, 9, 8, 15], "texture": "#0", "cullface": "east"},
				"south": {"uv": [7, 9, 7.8, 15], "texture": "#0", "cullface": "east"}
			}
		},
		{
			"from": [10, 9, 0.5],
			"to": [12, 14, 1],
			"rotation": {"angle": 0, "axis": "y", "origin": [15, 16, 8]},
			"faces": {
				"north": {"uv": [11, 10, 13, 15], "texture": "#0", "cullface": "north"},
				"west": {"uv": [11, 10, 11.5, 15], "texture": "#0", "cullface": "north"},
				"up": {"uv": [11, 10, 13, 10.5], "rotation": 180, "texture": "#0", "cullface": "north"}
			}
		},
		{
			"from": [0.5, 9, 6],
			"to": [1, 14, 8],
			"rotation": {"angle": 0, "axis": "y", "origin": [8, 16, 3]},
			"faces": {
				"west": {"uv": [11, 10, 13, 15], "texture": "#0", "cullface": "west"},
				"up": {"uv": [11, 10, 13, 10.5], "rotation": 90, "texture": "#0", "cullface": "west"}
			}
		},
		{
			"from": [10, 9, 15],
			"to": [12, 14, 15.5],
			"rotation": {"angle": 0, "axis": "y", "origin": [7, 16, 8]},
			"faces": {
				"east": {"uv": [11, 10, 11.5, 15], "texture": "#0", "cullface": "south"},
				"south": {"uv": [11, 10, 13, 15], "texture": "#0", "cullface": "south"},
				"up": {"uv": [11, 10, 13, 10.5], "texture": "#0", "cullface": "south"}
			}
		},
		{
			"from": [15, 9, 6],
			"to": [15.5, 14, 8],
			"rotation": {"angle": 0, "axis": "y", "origin": [8, 16, 11]},
			"faces": {
				"east": {"uv": [11, 10, 13, 15], "texture": "#0", "cullface": "east"},
				"up": {"uv": [11, 10, 13, 10.5], "rotation": 270, "texture": "#0", "cullface": "east"}
			}
		},
		{
			"from": [8, 9, 0.25],
			"to": [10, 13, 1],
			"rotation": {"angle": 0, "axis": "y", "origin": [15, 16, 8]},
			"faces": {
				"north": {"uv": [13, 11, 15, 15], "texture": "#0", "cullface": "north"},
				"east": {"uv": [14, 11, 14.75, 15], "texture": "#0", "cullface": "north"},
				"up": {"uv": [13, 11, 15, 11.75], "rotation": 180, "texture": "#0", "cullface": "north"}
			}
		},
		{
			"from": [0.25, 9, 11],
			"to": [1, 13, 13],
			"rotation": {"angle": 0, "axis": "y", "origin": [8, 16, 6]},
			"faces": {
				"west": {"uv": [13, 11, 15, 15], "texture": "#0", "cullface": "west"},
				"up": {"uv": [13, 11, 15, 11.75], "rotation": 90, "texture": "#0", "cullface": "west"}
			}
		},
		{
			"from": [6, 9, 15],
			"to": [8, 13, 15.75],
			"rotation": {"angle": 0, "axis": "y", "origin": [1, 16, 8]},
			"faces": {
				"south": {"uv": [13, 11, 15, 15], "texture": "#0", "cullface": "south"},
				"west": {"uv": [14, 11, 14.75, 15], "texture": "#0", "cullface": "south"},
				"up": {"uv": [13, 11, 15, 11.75], "texture": "#0", "cullface": "south"}
			}
		},
		{
			"from": [15, 9, 2],
			"to": [15.75, 13, 4],
			"rotation": {"angle": 0, "axis": "y", "origin": [8, 16, 9]},
			"faces": {
				"north": {"uv": [14, 11, 14.75, 15], "texture": "#0", "cullface": "east"},
				"east": {"uv": [13, 11, 15, 15], "texture": "#0", "cullface": "east"},
				"south": {"uv": [14, 11, 14.75, 15], "texture": "#0", "cullface": "east"},
				"up": {"uv": [13, 11, 15, 11.75], "rotation": 270, "texture": "#0", "cullface": "east"}
			}
		},
		{
			"from": [5, 9, 0.75],
			"to": [6, 13, 1],
			"rotation": {"angle": 0, "axis": "y", "origin": [1, 16, 8]},
			"faces": {
				"north": {"uv": [3, 11, 4, 15], "texture": "#0", "cullface": "north"},
				"up": {"uv": [3, 11, 4, 11.25], "texture": "#0", "cullface": "north"}
			}
		},
		{
			"from": [0.75, 9, 1],
			"to": [1, 13, 2],
			"rotation": {"angle": 0, "axis": "y", "origin": [8, 16, 6]},
			"faces": {
				"west": {"uv": [3, 11, 4, 15], "texture": "#0", "cullface": "west"},
				"up": {"uv": [3, 11, 4, 11.25], "rotation": 270, "texture": "#0", "cullface": "west"}
			}
		},
		{
			"from": [1, 9, 15],
			"to": [2, 13, 15.25],
			"rotation": {"angle": 0, "axis": "y", "origin": [6, 16, 8]},
			"faces": {
				"south": {"uv": [3, 11, 4, 15], "texture": "#0", "cullface": "south"},
				"up": {"uv": [3, 11, 4, 11.25], "rotation": 180, "texture": "#0", "cullface": "south"}
			}
		},
		{
			"from": [15, 9, 14],
			"to": [15.25, 13, 15],
			"rotation": {"angle": 0, "axis": "y", "origin": [8, 16, 10]},
			"faces": {
				"east": {"uv": [3, 11, 4, 15], "texture": "#0", "cullface": "east"},
				"up": {"uv": [3, 11, 4, 11.25], "rotation": 90, "texture": "#0", "cullface": "east"}
			}
		},
		{
			"from": [14, 9, 0.5],
			"to": [15, 14, 1],
			"rotation": {"angle": 0, "axis": "y", "origin": [15, 16, 8]},
			"faces": {
				"north": {"uv": [8, 10, 9, 15], "texture": "#0", "cullface": "north"},
				"up": {"uv": [8, 10, 9, 10.5], "texture": "#0", "cullface": "north"}
			}
		},
		{
			"from": [0.5, 9, 8],
			"to": [1, 14, 9],
			"rotation": {"angle": 0, "axis": "y", "origin": [8, 16, 8]},
			"faces": {
				"west": {"uv": [8, 10, 9, 15], "texture": "#0", "cullface": "west"},
				"up": {"uv": [8, 10, 9, 10.5], "rotation": 270, "texture": "#0", "cullface": "west"}
			}
		},
		{
			"from": [12, 9, 15],
			"to": [13, 14, 15.5],
			"rotation": {"angle": 0, "axis": "y", "origin": [12, 16, 8]},
			"faces": {
				"south": {"uv": [8, 10, 9, 15], "texture": "#0", "cullface": "south"},
				"up": {"uv": [8, 10, 9, 10.5], "rotation": 180, "texture": "#0", "cullface": "south"}
			}
		},
		{
			"from": [15, 9, 1],
			"to": [15.5, 14, 2],
			"rotation": {"angle": 0, "axis": "y", "origin": [8, 16, 2]},
			"faces": {
				"east": {"uv": [8, 10, 9, 15], "texture": "#0", "cullface": "east"},
				"south": {"uv": [8, 10, 8.5, 15], "texture": "#0", "cullface": "east"},
				"up": {"uv": [8, 10, 9, 10.5], "rotation": 90, "texture": "#0", "cullface": "east"}
			}
		},
		{
			"from": [12, 9, 0.2],
			"to": [14, 14, 1],
			"rotation": {"angle": 0, "axis": "y", "origin": [15, 16, 8]},
			"faces": {
				"north": {"uv": [4, 2, 6, 7], "texture": "#0", "cullface": "north"},
				"east": {"uv": [4, 2, 4.8, 7], "texture": "#0", "cullface": "north"},
				"west": {"uv": [5, 2, 5.8, 7], "texture": "#0", "cullface": "north"},
				"up": {"uv": [4, 2, 6, 2.8], "texture": "#0", "cullface": "north"}
			}
		},
		{
			"from": [0.2, 9, 13],
			"to": [1, 14, 15],
			"rotation": {"angle": 0, "axis": "y", "origin": [8, 16, 12]},
			"faces": {
				"north": {"uv": [4, 2, 4.8, 7], "texture": "#0", "cullface": "west"},
				"west": {"uv": [4, 2, 6, 7], "texture": "#0", "cullface": "west"},
				"up": {"uv": [4, 2, 6, 2.8], "rotation": 270, "texture": "#0", "cullface": "west"}
			}
		},
		{
			"from": [8, 9, 15],
			"to": [10, 14, 15.8],
			"rotation": {"angle": 0, "axis": "y", "origin": [7, 16, 8]},
			"faces": {
				"east": {"uv": [5, 2, 5.8, 7], "texture": "#0", "cullface": "south"},
				"south": {"uv": [4, 2, 6, 7], "texture": "#0", "cullface": "south"},
				"west": {"uv": [4, 2, 4.8, 7], "texture": "#0", "cullface": "south"},
				"up": {"uv": [4, 2, 6, 2.8], "rotation": 180, "texture": "#0", "cullface": "south"}
			}
		},
		{
			"from": [15, 9, 4],
			"to": [15.8, 14, 6],
			"rotation": {"angle": 0, "axis": "y", "origin": [8, 16, 7]},
			"faces": {
				"north": {"uv": [5, 2, 5.8, 7], "texture": "#0", "cullface": "east"},
				"east": {"uv": [4, 2, 6, 7], "texture": "#0", "cullface": "east"},
				"south": {"uv": [4, 2, 4.8, 7], "texture": "#0", "cullface": "east"},
				"up": {"uv": [4, 2, 6, 2.8], "rotation": 90, "texture": "#0", "cullface": "east"}
			}
		},
		{
			"from": [4, 1, 0.5],
			"to": [6, 5, 1],
			"rotation": {"angle": 0, "axis": "y", "origin": [0, 0, 8]},
			"faces": {
				"north": {"uv": [2, 3, 4, 7], "texture": "#0", "cullface": "north"},
				"west": {"uv": [3, 3, 3.5, 7], "texture": "#0", "cullface": "north"},
				"up": {"uv": [2, 3, 4, 3.5], "texture": "#0", "cullface": "north"}
			}
		},
		{
			"from": [0.5, 1, 2],
			"to": [1, 5, 4],
			"rotation": {"angle": 0, "axis": "y", "origin": [8, 0, 8]},
			"faces": {
				"south": {"uv": [3, 3, 3.5, 7], "texture": "#0", "cullface": "west"},
				"west": {"uv": [2, 3, 4, 7], "texture": "#0", "cullface": "west"},
				"up": {"uv": [2, 3, 4, 3.5], "rotation": 270, "texture": "#0", "cullface": "west"}
			}
		},
		{
			"from": [3, 1, 15],
			"to": [5, 5, 15.5],
			"rotation": {"angle": 0, "axis": "y", "origin": [9, 0, 8]},
			"faces": {
				"east": {"uv": [3, 3, 3.5, 7], "texture": "#0", "cullface": "south"},
				"south": {"uv": [2, 3, 4, 7], "texture": "#0", "cullface": "south"},
				"west": {"uv": [2, 3, 2.5, 7], "texture": "#0", "cullface": "south"},
				"up": {"uv": [2, 3, 4, 3.5], "rotation": 180, "texture": "#0", "cullface": "south"}
			}
		},
		{
			"from": [15, 1, 10],
			"to": [15.5, 5, 12],
			"rotation": {"angle": 0, "axis": "y", "origin": [8, 0, 6]},
			"faces": {
				"north": {"uv": [3, 3, 3.5, 7], "texture": "#0", "cullface": "east"},
				"east": {"uv": [2, 3, 4, 7], "texture": "#0", "cullface": "east"},
				"up": {"uv": [2, 3, 4, 3.5], "rotation": 90, "texture": "#0", "cullface": "east"}
			}
		},
		{
			"from": [9, 1, 0.2],
			"to": [11, 6, 1],
			"rotation": {"angle": 0, "axis": "y", "origin": [7, 0, 8]},
			"faces": {
				"north": {"uv": [4, 2, 6, 7], "texture": "#0", "cullface": "north"},
				"east": {"uv": [4, 2, 4.8, 7], "texture": "#0", "cullface": "north"},
				"west": {"uv": [5, 2, 5.8, 7], "texture": "#0", "cullface": "north"},
				"up": {"uv": [4, 2, 6, 2.8], "texture": "#0", "cullface": "north"}
			}
		},
		{
			"from": [0.2, 1, 10],
			"to": [1, 6, 12],
			"rotation": {"angle": 0, "axis": "y", "origin": [8, 0, 14]},
			"faces": {
				"north": {"uv": [5, 2, 5.8, 7], "texture": "#0", "cullface": "west"},
				"south": {"uv": [5, 2, 5.8, 7], "texture": "#0", "cullface": "west"},
				"west": {"uv": [4, 2, 6, 7], "texture": "#0", "cullface": "west"},
				"up": {"uv": [4, 2, 6, 2.8], "rotation": 270, "texture": "#0", "cullface": "west"}
			}
		},
		{
			"from": [7, 1, 15],
			"to": [9, 6, 15.8],
			"rotation": {"angle": 0, "axis": "y", "origin": [11, 0, 8]},
			"faces": {
				"east": {"uv": [5, 2, 5.8, 7], "texture": "#0", "cullface": "south"},
				"south": {"uv": [4, 2, 6, 7], "texture": "#0", "cullface": "south"},
				"west": {"uv": [4, 2, 4.8, 7], "texture": "#0", "cullface": "south"},
				"up": {"uv": [4, 2, 6, 2.8], "rotation": 180, "texture": "#0", "cullface": "south"}
			}
		},
		{
			"from": [15, 1, 12],
			"to": [15.8, 6, 14],
			"rotation": {"angle": 0, "axis": "y", "origin": [8, 0, 10]},
			"faces": {
				"north": {"uv": [5, 2, 5.8, 7], "texture": "#0", "cullface": "east"},
				"east": {"uv": [4, 2, 6, 7], "texture": "#0", "cullface": "east"},
				"south": {"uv": [4, 2, 4.8, 7], "texture": "#0", "cullface": "east"},
				"up": {"uv": [4, 2, 6, 2.8], "rotation": 90, "texture": "#0", "cullface": "east"}
			}
		},
		{
			"from": [12, 1, 0.25],
			"to": [14, 6, 1],
			"rotation": {"angle": 0, "axis": "y", "origin": [15, 0, 8]},
			"faces": {
				"north": {"uv": [9, 2, 11, 7], "texture": "#0", "cullface": "north"},
				"east": {"uv": [10, 2, 10.75, 7], "texture": "#0", "cullface": "north"},
				"west": {"uv": [9, 2, 9.75, 7], "texture": "#0", "cullface": "north"},
				"up": {"uv": [9, 2, 11, 2.75], "rotation": 180, "texture": "#0", "cullface": "north"}
			}
		},
		{
			"from": [0.25, 1, 8],
			"to": [1, 6, 10],
			"rotation": {"angle": 0, "axis": "y", "origin": [8, 0, 7]},
			"faces": {
				"north": {"uv": [10, 2, 10.75, 7], "texture": "#0", "cullface": "west"},
				"west": {"uv": [9, 2, 11, 7], "texture": "#0", "cullface": "west"},
				"up": {"uv": [9, 2, 11, 2.75], "rotation": 90, "texture": "#0", "cullface": "west"}
			}
		},
		{
			"from": [9, 1, 15],
			"to": [11, 6, 15.75],
			"rotation": {"angle": 0, "axis": "y", "origin": [8, 0, 8]},
			"faces": {
				"east": {"uv": [9, 2, 9.75, 7], "texture": "#0", "cullface": "south"},
				"south": {"uv": [9, 2, 11, 7], "texture": "#0", "cullface": "south"},
				"up": {"uv": [9, 2, 11, 2.75], "texture": "#0", "cullface": "south"}
			}
		},
		{
			"from": [15, 1, 6],
			"to": [15.75, 6, 8],
			"rotation": {"angle": 0, "axis": "y", "origin": [8, 0, 9]},
			"faces": {
				"north": {"uv": [9, 2, 9.75, 7], "texture": "#0", "cullface": "east"},
				"east": {"uv": [9, 2, 11, 7], "texture": "#0", "cullface": "east"},
				"south": {"uv": [10, 2, 10.75, 7], "texture": "#0", "cullface": "east"},
				"up": {"uv": [9, 2, 11, 2.75], "rotation": 270, "texture": "#0", "cullface": "east"}
			}
		},
		{
			"from": [2, 1, 0.75],
			"to": [4, 7, 1],
			"rotation": {"angle": 0, "axis": "y", "origin": [8, 0, 8]},
			"faces": {
				"north": {"uv": [12, 1, 14, 7], "texture": "#0", "cullface": "north"},
				"east": {"uv": [13, 1, 13.25, 7], "texture": "#0", "cullface": "north"},
				"west": {"uv": [12, 1, 12.25, 7], "texture": "#0", "cullface": "north"}
			}
		},
		{
			"from": [0.75, 1, 12],
			"to": [1, 7, 14],
			"rotation": {"angle": 0, "axis": "y", "origin": [8, 0, 8]},
			"faces": {
				"north": {"uv": [13, 1, 13.25, 7], "texture": "#0", "cullface": "west"},
				"south": {"uv": [12, 1, 12.25, 7], "texture": "#0", "cullface": "west"},
				"west": {"uv": [12, 1, 14, 7], "texture": "#0", "cullface": "west"}
			}
		},
		{
			"from": [12, 1, 15],
			"to": [14, 7, 15.25],
			"rotation": {"angle": 0, "axis": "y", "origin": [8, 0, 8]},
			"faces": {
				"east": {"uv": [12, 1, 12.25, 7], "texture": "#0", "cullface": "south"},
				"south": {"uv": [12, 1, 14, 7], "texture": "#0", "cullface": "south"},
				"west": {"uv": [13, 1, 13.25, 7], "texture": "#0", "cullface": "south"}
			}
		},
		{
			"from": [15, 1, 2],
			"to": [15.25, 7, 4],
			"rotation": {"angle": 0, "axis": "y", "origin": [8, 0, 8]},
			"faces": {
				"north": {"uv": [12, 1, 12.25, 7], "texture": "#0", "cullface": "east"},
				"east": {"uv": [12, 1, 14, 7], "texture": "#0", "cullface": "east"},
				"south": {"uv": [13, 1, 13.25, 7], "texture": "#0", "cullface": "east"}
			}
		},
		{
			"from": [6, 1, 0.25],
			"to": [7, 5, 1],
			"rotation": {"angle": 0, "axis": "y", "origin": [0, 0, 8]},
			"faces": {
				"north": {"uv": [1, 3, 2, 7], "texture": "#0", "cullface": "north"},
				"east": {"uv": [1, 3, 1.75, 7], "texture": "#0", "cullface": "north"},
				"west": {"uv": [1, 3, 1.75, 7], "texture": "#0", "cullface": "north"},
				"up": {"uv": [1, 3, 2, 3.75], "texture": "#0", "cullface": "north"}
			}
		},
		{
			"from": [0.25, 1, 1],
			"to": [1, 5, 2],
			"rotation": {"angle": 0, "axis": "y", "origin": [8, 0, 8]},
			"faces": {
				"south": {"uv": [1, 3, 1.75, 7], "texture": "#0", "cullface": "west"},
				"west": {"uv": [1, 3, 2, 7], "texture": "#0", "cullface": "west"},
				"up": {"uv": [1, 3, 2, 3.75], "rotation": 270, "texture": "#0", "cullface": "west"}
			}
		},
		{
			"from": [1, 1, 15],
			"to": [2, 5, 15.75],
			"rotation": {"angle": 0, "axis": "y", "origin": [8, 0, 8]},
			"faces": {
				"east": {"uv": [1, 3, 1.75, 7], "texture": "#0", "cullface": "south"},
				"south": {"uv": [1, 3, 2, 7], "texture": "#0", "cullface": "south"},
				"up": {"uv": [1, 3, 2, 3.75], "rotation": 180, "texture": "#0", "cullface": "south"}
			}
		},
		{
			"from": [15, 1, 1],
			"to": [15.75, 5, 2],
			"rotation": {"angle": 0, "axis": "y", "origin": [8, 0, -5]},
			"faces": {
				"east": {"uv": [1, 3, 2, 7], "texture": "#0", "cullface": "east"},
				"south": {"uv": [1, 3, 1.75, 7], "texture": "#0", "cullface": "east"},
				"up": {"uv": [1, 3, 2, 3.75], "rotation": 90, "texture": "#0", "cullface": "east"}
			}
		},
		{
			"from": [8, 1, 0.5],
			"to": [9, 4, 1],
			"rotation": {"angle": 0, "axis": "y", "origin": [7, 0, 8]},
			"faces": {
				"north": {"uv": [6, 4, 7, 7], "texture": "#0", "cullface": "north"},
				"west": {"uv": [6, 4, 6.75, 7], "texture": "#0", "cullface": "north"},
				"up": {"uv": [6, 4, 7, 4.75], "texture": "#0", "cullface": "north"}
			}
		},
		{
			"from": [0.5, 1, 4],
			"to": [1, 4, 5],
			"rotation": {"angle": 0, "axis": "y", "origin": [8, 0, 6]},
			"faces": {
				"west": {"uv": [6, 4, 7, 7], "texture": "#0", "cullface": "west"},
				"up": {"uv": [6, 4, 7, 4.75], "rotation": 270, "texture": "#0", "cullface": "west"}
			}
		},
		{
			"from": [2, 1, 15],
			"to": [3, 4, 15.5],
			"rotation": {"angle": 0, "axis": "y", "origin": [4, 0, 8]},
			"faces": {
				"south": {"uv": [6, 4, 7, 7], "texture": "#0", "cullface": "south"},
				"up": {"uv": [6, 4, 7, 4.75], "rotation": 180, "texture": "#0", "cullface": "south"}
			}
		},
		{
			"from": [15, 1, 5],
			"to": [15.5, 4, 6],
			"rotation": {"angle": 0, "axis": "y", "origin": [8, 0, 4]},
			"faces": {
				"east": {"uv": [6, 4, 7, 7], "texture": "#0", "cullface": "east"},
				"up": {"uv": [6, 4, 7, 4.75], "rotation": 90, "texture": "#0", "cullface": "east"}
			}
		},
		{
			"from": [7, 1, 0.2],
			"to": [8, 3, 1],
			"rotation": {"angle": 0, "axis": "y", "origin": [7, 0, 8]},
			"faces": {
				"north": {"uv": [7, 5, 8, 7], "texture": "#0", "cullface": "north"},
				"east": {"uv": [7, 5, 7.8, 7], "texture": "#0", "cullface": "north"},
				"west": {"uv": [7, 5, 7.8, 7], "texture": "#0", "cullface": "north"},
				"up": {"uv": [7, 5, 8, 5.8], "texture": "#0", "cullface": "north"}
			}
		},
		{
			"from": [0.2, 1, 6],
			"to": [1, 3, 7],
			"rotation": {"angle": 0, "axis": "y", "origin": [8, 0, 7]},
			"faces": {
				"north": {"uv": [7, 5, 7.8, 7], "texture": "#0", "cullface": "west"},
				"south": {"uv": [7, 5, 7.8, 7], "texture": "#0", "cullface": "west"},
				"west": {"uv": [7, 5, 8, 7], "texture": "#0", "cullface": "west"},
				"up": {"uv": [7, 5, 8, 5.8], "rotation": 270, "texture": "#0", "cullface": "west"}
			}
		},
		{
			"from": [5, 1, 15],
			"to": [6, 3, 15.8],
			"rotation": {"angle": 0, "axis": "y", "origin": [6, 0, 8]},
			"faces": {
				"east": {"uv": [7, 5, 7.8, 7], "texture": "#0", "cullface": "south"},
				"south": {"uv": [7, 5, 8, 7], "texture": "#0", "cullface": "south"},
				"west": {"uv": [7, 5, 7.8, 7], "texture": "#0", "cullface": "south"},
				"up": {"uv": [7, 5, 8, 5.8], "rotation": 180, "texture": "#0", "cullface": "south"}
			}
		},
		{
			"from": [15, 1, 9],
			"to": [15.8, 3, 10],
			"rotation": {"angle": 0, "axis": "y", "origin": [8, 0, 9]},
			"faces": {
				"north": {"uv": [7, 5, 7.8, 7], "texture": "#0", "cullface": "east"},
				"east": {"uv": [7, 5, 8, 7], "texture": "#0", "cullface": "east"},
				"south": {"uv": [7, 5, 7.8, 7], "texture": "#0", "cullface": "east"},
				"up": {"uv": [7, 5, 8, 5.8], "rotation": 90, "texture": "#0", "cullface": "east"}
			}
		},
		{
			"from": [14, 1, 0.75],
			"to": [15, 5, 1],
			"rotation": {"angle": 0, "axis": "y", "origin": [15, 0, 8]},
			"faces": {
				"north": {"uv": [8, 3, 9, 7], "texture": "#0", "cullface": "north"},
				"up": {"uv": [8, 3, 9, 3.25], "texture": "#0", "cullface": "north"}
			}
		},
		{
			"from": [0.75, 1, 7],
			"to": [1, 5, 8],
			"rotation": {"angle": 0, "axis": "y", "origin": [8, 0, 7]},
			"faces": {
				"north": {"uv": [8, 3, 8.25, 7], "texture": "#0", "cullface": "west"},
				"west": {"uv": [8, 3, 9, 7], "texture": "#0", "cullface": "west"},
				"up": {"uv": [8, 3, 9, 3.25], "rotation": 270, "texture": "#0", "cullface": "west"}
			}
		},
		{
			"from": [6, 1, 15],
			"to": [7, 5, 15.25],
			"rotation": {"angle": 0, "axis": "y", "origin": [6, 0, 8]},
			"faces": {
				"south": {"uv": [8, 3, 9, 7], "texture": "#0", "cullface": "south"},
				"west": {"uv": [8, 3, 8.25, 7], "texture": "#0", "cullface": "south"},
				"up": {"uv": [8, 3, 9, 3.25], "rotation": 180, "texture": "#0", "cullface": "south"}
			}
		},
		{
			"from": [15, 1, 8],
			"to": [15.25, 5, 9],
			"rotation": {"angle": 0, "axis": "y", "origin": [8, 0, 9]},
			"faces": {
				"east": {"uv": [8, 3, 9, 7], "texture": "#0", "cullface": "east"},
				"south": {"uv": [8, 3, 8.25, 7], "texture": "#0", "cullface": "east"},
				"up": {"uv": [8, 3, 9, 3.25], "rotation": 90, "texture": "#0", "cullface": "east"}
			}
		},
		{
			"from": [11, 1, 0.5],
			"to": [12, 5, 1],
			"rotation": {"angle": 0, "axis": "y", "origin": [15, 0, 8]},
			"faces": {
				"north": {"uv": [11, 3, 12, 7], "texture": "#0", "cullface": "north"},
				"up": {"uv": [11, 3, 12, 3.5], "texture": "#0", "cullface": "north"}
			}
		},
		{
			"from": [0.5, 1, 5],
			"to": [1, 5, 6],
			"rotation": {"angle": 0, "axis": "y", "origin": [8, 0, 2]},
			"faces": {
				"north": {"uv": [11, 3, 11.5, 7], "texture": "#0", "cullface": "west"},
				"south": {"uv": [11, 3, 11.5, 7], "texture": "#0", "cullface": "west"},
				"west": {"uv": [11, 3, 12, 7], "texture": "#0", "cullface": "west"},
				"up": {"uv": [11, 3, 12, 3.5], "rotation": 270, "texture": "#0", "cullface": "west"}
			}
		},
		{
			"from": [14, 1, 15],
			"to": [15, 5, 15.5],
			"rotation": {"angle": 0, "axis": "y", "origin": [11, 0, 8]},
			"faces": {
				"south": {"uv": [11, 3, 12, 7], "texture": "#0", "cullface": "south"},
				"west": {"uv": [11, 3, 11.5, 7], "texture": "#0", "cullface": "south"},
				"up": {"uv": [11, 3, 12, 3.5], "rotation": 180, "texture": "#0", "cullface": "south"}
			}
		},
		{
			"from": [15, 1, 4],
			"to": [15.5, 5, 5],
			"rotation": {"angle": 0, "axis": "y", "origin": [8, 0, 8]},
			"faces": {
				"north": {"uv": [11, 3, 11.5, 7], "texture": "#0", "cullface": "east"},
				"east": {"uv": [11, 3, 12, 7], "texture": "#0", "cullface": "east"},
				"south": {"uv": [11, 3, 11.5, 7], "texture": "#0", "cullface": "east"},
				"up": {"uv": [11, 3, 12, 3.5], "rotation": 90, "texture": "#0", "cullface": "east"}
			}
		},
		{
			"from": [1, 1, 0.2],
			"to": [2, 5, 1],
			"rotation": {"angle": 0, "axis": "y", "origin": [8, 0, 8]},
			"faces": {
				"north": {"uv": [14, 3, 15, 7], "texture": "#0", "cullface": "north"},
				"east": {"uv": [14, 3, 14.8, 7], "texture": "#0", "cullface": "north"},
				"up": {"uv": [14, 3, 15, 3.8], "texture": "#0", "cullface": "north"}
			}
		},
		{
			"from": [0.2, 1, 14],
			"to": [1, 5, 15],
			"rotation": {"angle": 0, "axis": "y", "origin": [8, 0, 8]},
			"faces": {
				"north": {"uv": [14, 3, 14.8, 7], "texture": "#0", "cullface": "west"},
				"west": {"uv": [14, 3, 15, 7], "texture": "#0", "cullface": "west"},
				"up": {"uv": [14, 3, 15, 3.8], "rotation": 270, "texture": "#0", "cullface": "west"}
			}
		},
		{
			"from": [11, 1, 15],
			"to": [12, 5, 15.8],
			"rotation": {"angle": 0, "axis": "y", "origin": [5, 0, 8]},
			"faces": {
				"east": {"uv": [14, 3, 14.8, 7], "texture": "#0", "cullface": "south"},
				"south": {"uv": [14, 3, 15, 7], "texture": "#0", "cullface": "south"},
				"west": {"uv": [14, 3, 14.8, 7], "texture": "#0", "cullface": "south"},
				"up": {"uv": [14, 3, 15, 3.8], "rotation": 180, "texture": "#0", "cullface": "south"}
			}
		},
		{
			"from": [15, 1, 14],
			"to": [15.8, 5, 15],
			"rotation": {"angle": 0, "axis": "y", "origin": [8, 0, 21]},
			"faces": {
				"east": {"uv": [14, 3, 15, 7], "texture": "#0", "cullface": "east"},
				"up": {"uv": [14, 3, 15, 3.8], "rotation": 90, "texture": "#0", "cullface": "east"}
			}
		}
	],
	"groups": [
		{
			"name": "frame",
			"origin": [8, 8, 8],
			"children": [0, 1, 2, 3, 4, 5, 6, 7]
		},
		{
			"name": "top",
			"origin": [8, 8, 8],
			"children": [
				{
					"name": "12",
					"origin": [8, 8, 8],
					"children": [8, 9, 10, 11]
				},
				{
					"name": "45",
					"origin": [8, 8, 8],
					"children": [12, 13, 14, 15]
				},
				{
					"name": "67",
					"origin": [8, 8, 8],
					"children": [16, 17, 18, 19]
				},
				{
					"name": "1112",
					"origin": [8, 8, 8],
					"children": [20, 21, 22, 23]
				},
				{
					"name": "1314",
					"origin": [8, 8, 8],
					"children": [24, 25, 26, 27]
				},
				{
					"name": "33",
					"origin": [8, 8, 8],
					"children": [28, 29, 30, 31]
				},
				{
					"name": "88",
					"origin": [8, 8, 8],
					"children": [32, 33, 34, 35]
				},
				{
					"name": "45",
					"origin": [8, 8, 8],
					"children": [36, 37, 38, 39]
				}
			]
		},
		{
			"name": "bottom",
			"origin": [8, 8, 8],
			"children": [
				{
					"name": "23",
					"origin": [8, 8, 8],
					"children": [40, 41, 42, 43]
				},
				{
					"name": "45",
					"origin": [8, 8, 8],
					"children": [44, 45, 46, 47]
				},
				{
					"name": "910",
					"origin": [8, 8, 8],
					"children": [48, 49, 50, 51]
				},
				{
					"name": "1213",
					"origin": [8, 8, 8],
					"children": [52, 53, 54, 55]
				},
				{
					"name": "11",
					"origin": [8, 8, 8],
					"children": [56, 57, 58, 59]
				},
				{
					"name": "66",
					"origin": [8, 8, 8],
					"children": [60, 61, 62, 63]
				},
				{
					"name": "77",
					"origin": [8, 8, 8],
					"children": [64, 65, 66, 67]
				},
				{
					"name": "88",
					"origin": [8, 8, 8],
					"children": [68, 69, 70, 71]
				},
				{
					"name": "1111",
					"origin": [8, 8, 8],
					"children": [72, 73, 74, 75]
				},
				{
					"name": "1414",
					"origin": [8, 8, 8],
					"children": [76, 77, 78, 79]
				}
			]
		}
	]
}