{
	"credit": "Made by TheWaschtlPlays using Blockbench",
	"textures": {
		"3": "blocks/cake_inner",
		"bottom": "blocks/cake_bottom",
		"particle": "blocks/cake_side",
		"side": "blocks/cake_side",
		"top": "blocks/cake_top"
	},
	"elements": [
		{
			"from": [9, 0, 9],
			"to": [15, 8, 15],
			"faces": {
				"north": {"uv": [1, 8, 7, 16], "texture": "#3"},
				"east": {"uv": [1, 8, 7, 16], "texture": "#side"},
				"south": {"uv": [9, 8, 15, 16], "texture": "#side"},
				"west": {"uv": [9, 8, 15, 16], "texture": "#3"},
				"down": {"uv": [9, 1, 15, 7], "texture": "#bottom", "cullface": "down"}
			}
		},
		{
			"from": [9, 8, 9],
			"to": [15, 8.5, 15],
			"faces": {
				"north": {"uv": [1, 14, 7, 14.5], "texture": "#top"},
				"east": {"uv": [9, 14, 15, 14.5], "rotation": 180, "texture": "#top"},
				"south": {"uv": [9, 14, 15, 14.5], "texture": "#top"},
				"west": {"uv": [9, 1, 15, 1.5], "texture": "#top"},
				"up": {"uv": [9, 9, 15, 15], "texture": "#top"}
			}
		},
		{
			"name": "lils",
			"from": [13, 4, 15],
			"to": [15, 5, 15.5],
			"faces": {
				"east": {"uv": [14, 11, 14.5, 12], "texture": "#side"},
				"south": {"uv": [13, 11, 15, 12], "texture": "#side"},
				"west": {"uv": [13, 11, 13.5, 12], "texture": "#side"},
				"down": {"uv": [13, 11, 15, 12], "texture": "#side"}
			}
		},
		{
			"name": "lils",
			"from": [9, 4, 15],
			"to": [11, 5, 15.5],
			"faces": {
				"east": {"uv": [10, 11, 10.5, 12], "texture": "#side"},
				"south": {"uv": [9, 11, 11, 12], "texture": "#side"},
				"west": {"uv": [9, 11, 9.5, 12], "texture": "#side"},
				"down": {"uv": [9, 11, 11, 12], "texture": "#side"}
			}
		},
		{
			"name": "lils",
			"from": [15, 4, 9],
			"to": [15.5, 5, 11],
			"faces": {
				"north": {"uv": [6, 11, 6.5, 12], "texture": "#side"},
				"east": {"uv": [5, 11, 7, 12], "texture": "#side"},
				"south": {"uv": [5, 11, 5.5, 12], "texture": "#side"},
				"down": {"uv": [5, 11, 7, 12], "rotation": 270, "texture": "#side"}
			}
		},
		{
			"name": "lils",
			"from": [15, 4, 13],
			"to": [15.5, 5, 15],
			"faces": {
				"north": {"uv": [2, 11, 2.5, 12], "texture": "#side"},
				"east": {"uv": [1, 11, 3, 12], "texture": "#side"},
				"south": {"uv": [1, 11, 1.5, 12], "texture": "#side"},
				"down": {"uv": [1, 11, 3, 12], "rotation": 90, "texture": "#side"}
			}
		},
		{
			"from": [15, 5, 9],
			"to": [15.5, 8, 15],
			"faces": {
				"north": {"uv": [1, 8, 1.5, 11], "texture": "#side"},
				"east": {"uv": [1, 8, 7, 11], "texture": "#side"},
				"south": {"uv": [14, 8, 14.5, 11], "texture": "#side"},
				"up": {"uv": [9, 14, 15, 14.5], "rotation": 90, "texture": "#top"},
				"down": {"uv": [8, 10, 9, 11], "rotation": 270, "texture": "#side"}
			}
		},
		{
			"from": [9, 5, 15],
			"to": [15, 8, 15.5],
			"faces": {
				"east": {"uv": [1, 8, 1.5, 11], "texture": "#side"},
				"south": {"uv": [9, 8, 15, 11], "texture": "#side"},
				"west": {"uv": [14, 8, 14.5, 11], "texture": "#side"},
				"up": {"uv": [9, 14, 15, 14.5], "texture": "#top"},
				"down": {"uv": [8, 10, 9, 11], "rotation": 180, "texture": "#side"}
			}
		},
		{
			"from": [13, 8.5, 9],
			"to": [14, 8.75, 10],
			"faces": {
				"north": {"uv": [13, 9, 14, 10], "texture": "#top"},
				"east": {"uv": [13, 9, 14, 10], "texture": "#top"},
				"south": {"uv": [13, 9, 14, 10], "texture": "#top"},
				"west": {"uv": [13, 9, 14, 10], "texture": "#top"},
				"up": {"uv": [13, 9, 14, 10], "texture": "#top"}
			}
		},
		{
			"from": [10, 8.5, 12],
			"to": [11, 8.75, 13],
			"faces": {
				"north": {"uv": [10, 12, 11, 13], "texture": "#top"},
				"east": {"uv": [10, 12, 11, 13], "texture": "#top"},
				"south": {"uv": [10, 12, 11, 13], "texture": "#top"},
				"west": {"uv": [10, 12, 11, 13], "texture": "#top"},
				"up": {"uv": [10, 12, 11, 13], "texture": "#top"}
			}
		},
		{
			"from": [12.68925, 0, 7.46508],
			"to": [13.68925, 0.5, 8.46508],
			"faces": {
				"north": {"uv": [3, 15, 4, 16], "texture": "#3"},
				"east": {"uv": [3, 15, 4, 16], "texture": "#3"},
				"south": {"uv": [3, 15, 4, 16], "texture": "#3"},
				"west": {"uv": [3, 15, 4, 16], "texture": "#3"},
				"up": {"uv": [3, 15, 4, 16], "rotation": 270, "texture": "#3"}
			}
		},
		{
			"from": [5.62393, 0, 9.15984],
			"to": [6.62393, 0.75, 10.15984],
			"rotation": {"angle": 45, "axis": "y", "origin": [8, 8, 8]},
			"faces": {
				"north": {"uv": [2, 14, 3, 15], "texture": "#3"},
				"east": {"uv": [2, 14, 3, 15], "texture": "#3"},
				"south": {"uv": [2, 14, 3, 15], "texture": "#3"},
				"west": {"uv": [2, 14, 3, 15], "texture": "#3"},
				"up": {"uv": [2, 14, 3, 15], "rotation": 90, "texture": "#3"}
			}
		}
	],
	"groups": [0, 1,
		{
			"name": "icing",
			"origin": [8, 8, 8],
			"children": [2, 3, 4, 5, 6, 7]
		},
		{
			"name": "Berries",
			"origin": [8, 8, 8],
			"children": [8, 9]
		},
		{
			"name": "Crumbles",
			"origin": [8, 8, 8],
			"children": [10, 11]
		}
	]
}