{
	"credit": "Made by TheWaschtlPlays using Blockbench",
	"ambientocclusion": false,
	"textures": {
		"1": "blocks/comparator_on",
		"2": "blocks/stone_slab_top",
		"3": "custom_textures/torches/torch_wood",
		"particle": "blocks/comparator_on",
		"lit": "custom_textures/torches/redstone_torch_fire"
	},
	"elements": [
		{
			"from": [10, 0, 11],
			"to": [16, 2, 13],
			"rotation": {"angle": 0, "axis": "y", "origin": [18, 8, 20]},
			"faces": {
				"east": {"uv": [3, 14, 5, 16], "texture": "#2", "cullface": "east"},
				"up": {"uv": [10, 11, 16, 13], "texture": "#1"},
				"down": {"uv": [10, 3, 16, 5], "texture": "#2", "cullface": "down"}
			}
		},
		{
			"name": "Element",
			"from": [0, 0, 0],
			"to": [16, 2, 11],
			"faces": {
				"north": {"uv": [0, 14, 16, 16], "texture": "#2", "cullface": "north"},
				"east": {"uv": [5, 14, 16, 16], "texture": "#2", "cullface": "east"},
				"south": {"uv": [0, 10, 16, 11], "texture": "#1"},
				"west": {"uv": [0, 14, 11, 16], "texture": "#2", "cullface": "west"},
				"up": {"uv": [0, 0, 16, 11], "texture": "#1"},
				"down": {"uv": [0, 5, 16, 16], "texture": "#2", "cullface": "down"}
			}
		},
		{
			"from": [0, 0, 13],
			"to": [16, 2, 16],
			"rotation": {"angle": 0, "axis": "y", "origin": [8, 8, 23]},
			"faces": {
				"north": {"uv": [0, 13, 16, 14], "rotation": 180, "texture": "#1"},
				"east": {"uv": [0, 14, 3, 16], "texture": "#2", "cullface": "east"},
				"south": {"uv": [0, 14, 16, 16], "texture": "#2", "cullface": "south"},
				"west": {"uv": [13, 14, 16, 16], "texture": "#2", "cullface": "west"},
				"up": {"uv": [0, 13, 16, 16], "texture": "#1"},
				"down": {"uv": [0, 0, 16, 3], "texture": "#2", "cullface": "down"}
			}
		},
		{
			"from": [0, 0, 11],
			"to": [6, 2, 13],
			"rotation": {"angle": 0, "axis": "y", "origin": [8, 8, 20]},
			"faces": {
				"west": {"uv": [11, 14, 13, 16], "texture": "#2", "cullface": "west"},
				"up": {"uv": [0, 11, 6, 13], "texture": "#1"},
				"down": {"uv": [0, 3, 6, 5], "texture": "#2", "cullface": "down"}
			}
		},
		{
			"name": "Cube",
			"from": [6.75, 2, 1.75],
			"to": [9.25, 4.5, 4.25],
			"faces": {
				"north": {"uv": [0, 0, 3, 3], "texture": "#lit"},
				"east": {"uv": [0, 0, 3, 3], "texture": "#lit"},
				"south": {"uv": [0, 0, 3, 3], "texture": "#lit"},
				"west": {"uv": [0, 0, 3, 3], "texture": "#lit"},
				"up": {"uv": [0, 0, 3, 3], "texture": "#lit"}
			}
		},
		{
			"name": "Cube",
			"from": [9.75, 4.75, 10.75],
			"to": [12.25, 7.25, 13.25],
			"faces": {
				"north": {"uv": [0, 0, 3, 3], "texture": "#lit"},
				"east": {"uv": [0, 0, 3, 3], "texture": "#lit"},
				"south": {"uv": [0, 0, 3, 3], "texture": "#lit"},
				"west": {"uv": [0, 0, 3, 3], "texture": "#lit"},
				"up": {"uv": [0, 0, 3, 3], "texture": "#lit"},
				"down": {"uv": [0, 0, 3, 3], "texture": "#lit"}
			}
		},
		{
			"name": "Element",
			"from": [10, 0, 11],
			"to": [12, 7, 13],
			"faces": {
				"north": {"uv": [0, 6, 2, 13], "texture": "#3"},
				"east": {"uv": [3, 6, 5, 13], "texture": "#3"},
				"south": {"uv": [2, 6, 4, 13], "texture": "#3"},
				"west": {"uv": [1, 6, 3, 13], "texture": "#3"}
			}
		},
		{
			"name": "Cube",
			"from": [3.75, 4.75, 10.75],
			"to": [6.25, 7.25, 13.25],
			"faces": {
				"north": {"uv": [0, 0, 3, 3], "texture": "#lit"},
				"east": {"uv": [0, 0, 3, 3], "texture": "#lit"},
				"south": {"uv": [0, 0, 3, 3], "texture": "#lit"},
				"west": {"uv": [0, 0, 3, 3], "texture": "#lit"},
				"up": {"uv": [0, 0, 3, 3], "texture": "#lit"},
				"down": {"uv": [0, 0, 3, 3], "texture": "#lit"}
			}
		},
		{
			"name": "Element",
			"from": [4, 0, 11],
			"to": [6, 7, 13],
			"faces": {
				"north": {"uv": [0, 6, 2, 13], "texture": "#3"},
				"east": {"uv": [3, 6, 5, 13], "texture": "#3"},
				"south": {"uv": [2, 6, 4, 13], "texture": "#3"},
				"west": {"uv": [1, 6, 3, 13], "texture": "#3"}
			}
		},
		{
			"from": [6, 0, 11],
			"to": [10, 1.5, 13],
			"rotation": {"angle": 0, "axis": "y", "origin": [17, 8, 19]},
			"faces": {
				"up": {"uv": [6, 11, 10, 13], "texture": "#1"},
				"down": {"uv": [6, 3, 10, 5], "texture": "#2", "cullface": "down"}
			}
		}
	],
	"display": {
		"thirdperson_righthand": {
			"rotation": [75, 315, 0],
			"translation": [0, 2.5, 0],
			"scale": [0.375, 0.375, 0.375]
		},
		"firstperson_righthand": {
			"rotation": [0, 315, 0],
			"translation": [0, 2.5, 0],
			"scale": [0.4, 0.4, 0.4]
		},
		"ground": {
			"translation": [0, 3, 0],
			"scale": [0.25, 0.25, 0.25]
		},
		"gui": {
			"rotation": [30, 45, 0],
			"scale": [0.625, 0.625, 0.625]
		},
		"head": {
			"rotation": [0, 180, 0]
		},
		"fixed": {
			"rotation": [0, 180, 0]
		}
	},
	"groups": [
		{
			"name": "base",
			"origin": [8, 8, 20],
			"color": 0,
			"children": [0, 1, 2, 3]
		},
		{
			"name": "subtract_on",
			"origin": [8, 8, 8],
			"color": 0,
			"children": [4]
		},
		{
			"name": "powered_on",
			"origin": [8, 8, 8],
			"color": 0,
			"children": [
				{
					"name": "R",
					"origin": [8, 8, 8],
					"color": 0,
					"children": [5, 6]
				},
				{
					"name": "L",
					"origin": [8, 8, 8],
					"color": 0,
					"children": [7, 8]
				},
				9
			]
		}
	]
}