{
	"credit": "Made by TheWaschtlPlays using Blockbench",
	"ambientocclusion": false,
	"textures": {
		"2": "custom_textures/doors/dark_oak/dark_oak_door_side_0",
		"3": "custom_textures/doors/dark_oak/dark_oak_door_side_1",
		"top": "custom_textures/doors/dark_oak/dark_oak_door_top_clean",
		"particle": "custom_textures/doors/dark_oak/dark_oak_door_side_1"
	},
	"elements": [
		{
			"from": [0, 2, 6],
			"to": [3, 13, 10],
			"rotation": {"angle": 0, "axis": "y", "origin": [8, 10, 2]},
			"faces": {
				"north": {"uv": [10, 3, 9, 14], "texture": "#top"},
				"east": {"uv": [6, 3, 10, 14], "texture": "#top"},
				"south": {"uv": [7, 3, 6, 14], "texture": "#top"},
				"west": {"uv": [10, 3, 6, 14], "texture": "#top", "cullface": "west"}
			}
		},
		{
			"from": [0.5, 2, 3],
			"to": [2.5, 13, 13],
			"rotation": {"angle": 0, "axis": "y", "origin": [8.5, 8, 8]},
			"faces": {
				"east": {"uv": [3, 3, 13, 14], "texture": "#top"},
				"west": {"uv": [13, 3, 3, 14], "texture": "#top", "cullface": "west"}
			}
		},
		{
			"from": [0, 0, 0],
			"to": [3, 2, 16],
			"faces": {
				"north": {"uv": [6, 14, 3, 16], "texture": "#3", "cullface": "north"},
				"east": {"uv": [0, 14, 16, 16], "texture": "#top"},
				"south": {"uv": [0, 14, 3, 16], "texture": "#3", "cullface": "south"},
				"west": {"uv": [16, 14, 0, 16], "texture": "#top", "cullface": "west"},
				"up": {"uv": [16, 14, 0, 15], "rotation": 90, "texture": "#top"}
			}
		},
		{
			"from": [0, 13, 0],
			"to": [3, 16, 16],
			"rotation": {"angle": 0, "axis": "y", "origin": [8, 22, 8]},
			"faces": {
				"north": {"uv": [6, 0, 3, 3], "texture": "#3", "cullface": "north"},
				"east": {"uv": [0, 0, 16, 3], "texture": "#top"},
				"south": {"uv": [0, 0, 3, 3], "texture": "#3", "cullface": "south"},
				"west": {"uv": [16, 0, 0, 3], "texture": "#top", "cullface": "west"},
				"up": {"uv": [16, 0, 0, 3], "rotation": 90, "texture": "#2", "cullface": "up"},
				"down": {"uv": [16, 2, 0, 3], "rotation": 90, "texture": "#top"}
			}
		},
		{
			"from": [0, 2, 13],
			"to": [3, 13, 16],
			"rotation": {"angle": 0, "axis": "y", "origin": [8, 10, 8]},
			"faces": {
				"north": {"uv": [3, 3, 2, 14], "texture": "#top"},
				"east": {"uv": [0, 3, 3, 14], "texture": "#top"},
				"south": {"uv": [0, 3, 3, 14], "texture": "#3", "cullface": "south"},
				"west": {"uv": [3, 3, 0, 14], "texture": "#top", "cullface": "west"}
			}
		},
		{
			"from": [0, 2, 0],
			"to": [3, 13, 3],
			"rotation": {"angle": 0, "axis": "y", "origin": [8, 10, -5]},
			"faces": {
				"north": {"uv": [6, 3, 3, 14], "texture": "#3", "cullface": "north"},
				"east": {"uv": [13, 3, 16, 14], "texture": "#top"},
				"south": {"uv": [14, 3, 13, 14], "texture": "#top"},
				"west": {"uv": [16, 3, 13, 14], "texture": "#top", "cullface": "west"}
			}
		},
		{
			"from": [-0.75, 0, 1],
			"to": [-0.25, 1, 4],
			"rotation": {"angle": 0, "axis": "y", "origin": [7.25, 8, -6]},
			"faces": {
				"north": {"uv": [15.5, 14, 15, 15], "texture": "#2", "cullface": "west"},
				"east": {"uv": [16, 14, 13, 15], "rotation": 180, "texture": "#2", "cullface": "west"},
				"south": {"uv": [13.5, 14, 13, 15], "texture": "#2", "cullface": "west"},
				"west": {"uv": [16, 14, 13, 15], "texture": "#2", "cullface": "west"},
				"up": {"uv": [16, 14, 13, 14.5], "rotation": 90, "texture": "#2", "cullface": "west"},
				"down": {"uv": [16, 14, 13, 14.5], "rotation": 270, "texture": "#2", "cullface": "west"}
			}
		},
		{
			"from": [-0.75, -1, 3],
			"to": [-0.25, 0, 4],
			"rotation": {"angle": 0, "axis": "y", "origin": [7.25, 7, -6]},
			"faces": {
				"north": {"uv": [16, 15, 15, 16], "texture": "#2", "cullface": "west"},
				"east": {"uv": [16, 15, 15, 16], "texture": "#2", "cullface": "west"},
				"south": {"uv": [16, 15, 15, 16], "texture": "#2", "cullface": "west"},
				"west": {"uv": [16, 15, 15, 16], "texture": "#2", "cullface": "west"},
				"down": {"uv": [16, 15, 15, 16], "texture": "#2", "cullface": "west"}
			}
		},
		{
			"from": [3.25, 0, 1],
			"to": [3.75, 1, 4],
			"rotation": {"angle": 0, "axis": "y", "origin": [11.25, 8, -6]},
			"faces": {
				"north": {"uv": [15.5, 14, 15, 15], "texture": "#2"},
				"east": {"uv": [16, 14, 13, 15], "rotation": 180, "texture": "#2"},
				"south": {"uv": [13.5, 14, 13, 15], "texture": "#2"},
				"west": {"uv": [16, 14, 13, 15], "texture": "#2"},
				"up": {"uv": [16, 14, 13, 14.5], "rotation": 90, "texture": "#2"},
				"down": {"uv": [16, 14, 13, 14.5], "rotation": 270, "texture": "#2"}
			}
		},
		{
			"from": [3.25, -1, 3],
			"to": [3.75, 0, 4],
			"rotation": {"angle": 0, "axis": "y", "origin": [11.25, 7, -6]},
			"faces": {
				"north": {"uv": [16, 15, 15, 16], "texture": "#2"},
				"east": {"uv": [16, 15, 15, 16], "texture": "#2"},
				"south": {"uv": [16, 15, 15, 16], "texture": "#2"},
				"west": {"uv": [16, 15, 15, 16], "texture": "#2"},
				"down": {"uv": [16, 15, 15, 16], "texture": "#2"}
			}
		},
		{
			"from": [-0.25, 0.25, 1.25],
			"to": [3.25, 0.75, 1.75],
			"rotation": {"angle": 0, "axis": "y", "origin": [7.75, 8, -6]},
			"faces": {
				"north": {"uv": [15.5, 15, 15, 15.5], "texture": "#2"},
				"south": {"uv": [15.5, 15, 15, 15.5], "texture": "#2"},
				"up": {"uv": [15, 15.5, 15.5, 15], "texture": "#2"},
				"down": {"uv": [15, 15.5, 15.5, 15], "texture": "#2"}
			}
		},
		{
			"name": "Hinge",
			"from": [-0.25, 9.75, 15],
			"to": [3.25, 12.25, 16.25],
			"rotation": {"angle": 0, "axis": "y", "origin": [7.75, 17.75, 8]},
			"faces": {
				"north": {"uv": [1, 4, 0, 6], "texture": "#top"},
				"east": {"uv": [1, 4, 0, 6], "texture": "#top"},
				"south": {"uv": [1, 4, 0, 6], "texture": "#top"},
				"west": {"uv": [1, 4, 0, 6], "texture": "#top"},
				"up": {"uv": [0, 5, 1, 4], "texture": "#top"},
				"down": {"uv": [0, 6, 1, 5], "texture": "#top"}
			}
		}
	],
	"groups": [
		{
			"name": "Door",
			"origin": [8, 10, 21],
			"color": 0,
			"children": [0, 1, 2, 3, 4, 5]
		},
		{
			"name": "Handle",
			"origin": [8, 8, 8],
			"color": 0,
			"children": [
				{
					"name": "HandleW",
					"origin": [8, 8, 8],
					"color": 0,
					"children": [6, 7]
				},
				{
					"name": "HandleE",
					"origin": [8, 8, 8],
					"color": 0,
					"children": [8, 9]
				},
				10
			]
		},
		11
	]
}