{
	"credit": "Made by TheWaschtlPlays using Blockbench",
	"textures": {
		"4": "custom_textures/furnace1",
		"5": "custom_textures/furnace2",
		"top": "blocks/furnace_top",
		"particle": "blocks/furnace_front_off",
		"front": "blocks/furnace_front_off",
		"side": "blocks/furnace_side"
	},
	"elements": [
		{
			"from": [1, 1, 15],
			"to": [15, 7, 15.75],
			"faces": {
				"south": {"uv": [1, 9, 15, 15], "texture": "#side", "cullface": "south"},
				"up": {"uv": [1, 9, 15, 9.75], "rotation": 180, "texture": "#side", "cullface": "south"}
			}
		},
		{
			"from": [1, 7, 15],
			"to": [15, 15, 15.5],
			"faces": {
				"north": {"uv": [1, 1, 15, 9], "texture": "#4", "cullface": "north"},
				"south": {"uv": [1, 1, 15, 9], "texture": "#side", "cullface": "south"}
			}
		},
		{
			"from": [1, 0.5, 1],
			"to": [15, 1, 15],
			"faces": {
				"down": {"uv": [1, 1, 15, 15], "rotation": 180, "texture": "#top", "cullface": "down"}
			}
		},
		{
			"from": [1, 15, 1],
			"to": [15, 15.5, 15],
			"faces": {
				"up": {"uv": [1, 1, 15, 15], "rotation": 180, "texture": "#top", "cullface": "up"},
				"down": {"uv": [0, 1, 16, 15], "rotation": 180, "texture": "#4", "cullface": "north"}
			}
		},
		{
			"from": [15, 1, 1],
			"to": [15.75, 7, 15],
			"faces": {
				"east": {"uv": [1, 9, 15, 15], "texture": "#side", "cullface": "east"},
				"up": {"uv": [1, 9, 15, 9.75], "rotation": 90, "texture": "#side", "cullface": "east"}
			}
		},
		{
			"from": [15, 7, 1],
			"to": [15.5, 15, 15],
			"faces": {
				"east": {"uv": [1, 1, 15, 9], "texture": "#side", "cullface": "east"},
				"west": {"uv": [1, 1, 15, 9], "texture": "#4", "cullface": "north"}
			}
		},
		{
			"from": [0.25, 1, 1],
			"to": [1, 7, 15],
			"faces": {
				"west": {"uv": [1, 9, 15, 15], "texture": "#side", "cullface": "west"},
				"up": {"uv": [1, 9, 15, 9.75], "rotation": 90, "texture": "#side", "cullface": "west"}
			}
		},
		{
			"from": [0.5, 7, 1],
			"to": [1, 15, 15],
			"faces": {
				"east": {"uv": [1, 1, 15, 9], "texture": "#4", "cullface": "north"},
				"west": {"uv": [1, 1, 15, 9], "texture": "#side", "cullface": "west"}
			}
		},
		{
			"from": [1, 14, 0.5],
			"to": [15, 15, 1],
			"faces": {
				"north": {"uv": [1, 1, 15, 2], "texture": "#front", "cullface": "north"}
			}
		},
		{
			"from": [1, 13, 0.5],
			"to": [5, 14, 1],
			"faces": {
				"north": {"uv": [11, 2, 15, 3], "texture": "#front", "cullface": "north"}
			}
		},
		{
			"from": [11, 13, 0.5],
			"to": [15, 14, 1],
			"faces": {
				"north": {"uv": [1, 2, 5, 3], "texture": "#front", "cullface": "north"}
			}
		},
		{
			"from": [5, 13, 0],
			"to": [11, 14, 1],
			"faces": {
				"north": {"uv": [4, 0, 10, 1], "texture": "#top", "cullface": "north"},
				"east": {"uv": [4, 0, 5, 1], "texture": "#top", "cullface": "north"},
				"west": {"uv": [4, 0, 5, 1], "texture": "#top", "cullface": "north"},
				"up": {"uv": [10, 0, 4, 1], "texture": "#top", "cullface": "north"},
				"down": {"uv": [4, 0, 10, 1], "texture": "#top", "cullface": "north"}
			}
		},
		{
			"from": [1, 7, 0.5],
			"to": [15, 8, 1],
			"faces": {
				"north": {"uv": [1, 8, 15, 9], "texture": "#top", "cullface": "north"}
			}
		},
		{
			"from": [0, 0, 0],
			"to": [16, 1, 1],
			"faces": {
				"north": {"uv": [0, 15, 16, 16], "texture": "#top", "cullface": "north"},
				"east": {"uv": [15, 15, 16, 16], "texture": "#front"},
				"south": {"uv": [0, 15, 16, 16], "texture": "#front", "cullface": "down"},
				"west": {"uv": [0, 15, 1, 16], "texture": "#front", "cullface": "west"},
				"up": {"uv": [0, 15, 16, 16], "rotation": 180, "texture": "#5", "cullface": "north"},
				"down": {"uv": [0, 0, 16, 1], "rotation": 180, "texture": "#front", "cullface": "down"}
			}
		},
		{
			"from": [1, 8, 0],
			"to": [15, 9, 1],
			"faces": {
				"north": {"uv": [1, 0, 15, 1], "rotation": 180, "texture": "#top", "cullface": "north"},
				"east": {"uv": [1, 0, 15, 1], "rotation": 180, "texture": "#top", "cullface": "north"},
				"west": {"uv": [1, 0, 15, 1], "rotation": 180, "texture": "#top", "cullface": "north"},
				"up": {"uv": [1, 0, 15, 1], "rotation": 180, "texture": "#top", "cullface": "north"},
				"down": {"uv": [1, 0, 15, 1], "rotation": 180, "texture": "#top", "cullface": "north"}
			}
		},
		{
			"from": [13, 4, 0.25],
			"to": [15, 7, 1],
			"faces": {
				"north": {"uv": [1, 9, 3, 12], "texture": "#front", "cullface": "north"},
				"up": {"uv": [1, 9, 3, 9.75], "rotation": 180, "texture": "#front", "cullface": "north"}
			}
		},
		{
			"from": [14, 1, 0.25],
			"to": [15, 4, 1],
			"faces": {
				"north": {"uv": [1, 12, 2, 15], "texture": "#front", "cullface": "north"}
			}
		},
		{
			"from": [11, 6, 0.25],
			"to": [13, 7, 1],
			"faces": {
				"north": {"uv": [3, 9, 5, 10], "texture": "#front", "cullface": "north"},
				"up": {"uv": [4, 9, 6, 9.75], "rotation": 180, "texture": "#front", "cullface": "north"}
			}
		},
		{
			"from": [3, 6, 0.25],
			"to": [5, 7, 1],
			"faces": {
				"north": {"uv": [11, 9, 13, 10], "texture": "#front", "cullface": "north"},
				"up": {"uv": [11, 9, 13, 9.75], "rotation": 180, "texture": "#front", "cullface": "north"}
			}
		},
		{
			"from": [12, 3, 0],
			"to": [13, 6, 1],
			"faces": {
				"north": {"uv": [0, 9, 1, 12], "texture": "#top", "cullface": "north"},
				"east": {"uv": [15, 10, 16, 13], "texture": "#top", "cullface": "north"},
				"west": {"uv": [0, 10, 1, 13], "texture": "#top", "cullface": "north"},
				"up": {"uv": [12, 0, 13, 1], "texture": "#top", "cullface": "north"},
				"down": {"uv": [12, 15, 13, 16], "texture": "#top", "cullface": "north"}
			}
		},
		{
			"from": [13, 1, 0],
			"to": [14, 4, 1],
			"faces": {
				"north": {"uv": [0, 2, 1, 5], "texture": "#top", "cullface": "north"},
				"east": {"uv": [15, 10, 16, 13], "texture": "#top", "cullface": "north"},
				"west": {"uv": [0, 10, 1, 13], "texture": "#top", "cullface": "north"},
				"up": {"uv": [12, 0, 13, 1], "texture": "#top", "cullface": "north"}
			}
		},
		{
			"from": [3, 3, 0],
			"to": [4, 6, 1],
			"faces": {
				"north": {"uv": [15, 10, 16, 13], "texture": "#top", "cullface": "north"},
				"east": {"uv": [15, 10, 16, 13], "texture": "#top", "cullface": "north"},
				"west": {"uv": [0, 10, 1, 13], "texture": "#top", "cullface": "north"},
				"up": {"uv": [3, 0, 4, 1], "texture": "#top", "cullface": "north"},
				"down": {"uv": [3, 15, 4, 16], "texture": "#top", "cullface": "north"}
			}
		},
		{
			"from": [2, 1, 0],
			"to": [3, 4, 1],
			"faces": {
				"north": {"uv": [15, 2, 16, 5], "texture": "#top", "cullface": "north"},
				"east": {"uv": [15, 10, 16, 13], "texture": "#top", "cullface": "north"},
				"west": {"uv": [0, 10, 1, 13], "texture": "#top", "cullface": "north"},
				"up": {"uv": [3, 0, 4, 1], "texture": "#top", "cullface": "north"}
			}
		},
		{
			"from": [10, 5, 0],
			"to": [12, 6, 1],
			"faces": {
				"north": {"uv": [5, 15, 7, 16], "texture": "#top", "cullface": "north"},
				"east": {"uv": [15, 10, 16, 11], "texture": "#top", "cullface": "north"},
				"west": {"uv": [0, 10, 1, 11], "texture": "#top", "cullface": "north"},
				"up": {"uv": [10, 0, 12, 1], "texture": "#top", "cullface": "north"},
				"down": {"uv": [10, 15, 12, 16], "texture": "#top", "cullface": "north"}
			}
		},
		{
			"from": [5, 6, 0],
			"to": [11, 7, 1],
			"faces": {
				"north": {"uv": [7, 15, 13, 16], "texture": "#top", "cullface": "north"},
				"east": {"uv": [15, 9, 16, 10], "texture": "#top", "cullface": "north"},
				"west": {"uv": [0, 9, 1, 10], "texture": "#top", "cullface": "north"},
				"up": {"uv": [5, 0, 11, 1], "texture": "#top", "cullface": "north"},
				"down": {"uv": [5, 15, 11, 16], "texture": "#top", "cullface": "north"}
			}
		},
		{
			"from": [4, 5, 0],
			"to": [6, 6, 1],
			"faces": {
				"north": {"uv": [10, 15, 12, 16], "texture": "#top", "cullface": "north"},
				"east": {"uv": [15, 10, 16, 11], "texture": "#top", "cullface": "north"},
				"west": {"uv": [0, 10, 1, 11], "texture": "#top", "cullface": "north"},
				"up": {"uv": [4, 0, 6, 1], "texture": "#top", "cullface": "north"},
				"down": {"uv": [4, 15, 6, 16], "texture": "#top", "cullface": "north"}
			}
		},
		{
			"from": [1, 4, 0.25],
			"to": [3, 7, 1],
			"faces": {
				"north": {"uv": [13, 9, 15, 12], "texture": "#front", "cullface": "north"},
				"up": {"uv": [13, 9, 15, 9.75], "rotation": 180, "texture": "#front", "cullface": "north"}
			}
		},
		{
			"from": [1, 1, 0.25],
			"to": [2, 4, 1],
			"faces": {
				"north": {"uv": [14, 12, 15, 15], "texture": "#front", "cullface": "north"}
			}
		},
		{
			"from": [13, 11, 0.5],
			"to": [15, 13, 1],
			"faces": {
				"north": {"uv": [1, 3, 3, 5], "texture": "#front", "cullface": "north"}
			}
		},
		{
			"from": [14, 9, 0.5],
			"to": [15, 11, 1],
			"faces": {
				"north": {"uv": [1, 5, 2, 7], "texture": "#front", "cullface": "north"}
			}
		},
		{
			"from": [12, 11, 0],
			"to": [13, 13, 1],
			"faces": {
				"north": {"uv": [0, 3, 1, 5], "texture": "#top", "cullface": "north"},
				"east": {"uv": [0, 3, 1, 5], "texture": "#top", "cullface": "north"},
				"west": {"uv": [0, 3, 1, 5], "texture": "#top", "cullface": "north"},
				"up": {"uv": [0, 3, 1, 5], "texture": "#top", "cullface": "north"},
				"down": {"uv": [0, 3, 1, 5], "texture": "#top", "cullface": "north"}
			}
		},
		{
			"from": [13, 9, 0],
			"to": [14, 12, 1],
			"faces": {
				"north": {"uv": [0, 5, 1, 8], "texture": "#top", "cullface": "north"},
				"east": {"uv": [0, 5, 1, 8], "texture": "#top", "cullface": "north"},
				"west": {"uv": [0, 5, 1, 8], "texture": "#top", "cullface": "north"},
				"up": {"uv": [0, 5, 1, 6], "texture": "#top", "cullface": "north"}
			}
		},
		{
			"from": [2, 9, 0],
			"to": [3, 12, 1],
			"faces": {
				"north": {"uv": [0, 9, 1, 12], "texture": "#top", "cullface": "north"},
				"east": {"uv": [0, 9, 1, 12], "texture": "#top", "cullface": "north"},
				"west": {"uv": [0, 9, 1, 12], "texture": "#top", "cullface": "north"},
				"up": {"uv": [0, 9, 1, 12], "texture": "#top", "cullface": "north"}
			}
		},
		{
			"from": [10, 12, 0],
			"to": [12, 13, 1],
			"faces": {
				"north": {"uv": [3, 0, 5, 1], "texture": "#top", "cullface": "north"},
				"west": {"uv": [4, 0, 5, 1], "texture": "#top", "cullface": "north"},
				"up": {"uv": [3, 0, 5, 1], "texture": "#top", "cullface": "north"},
				"down": {"uv": [3, 0, 5, 1], "texture": "#top", "cullface": "north"}
			}
		},
		{
			"from": [4, 12, 0],
			"to": [6, 13, 1],
			"faces": {
				"north": {"uv": [9, 0, 11, 1], "texture": "#top", "cullface": "north"},
				"east": {"uv": [9, 0, 10, 1], "texture": "#top", "cullface": "north"},
				"up": {"uv": [9, 0, 11, 1], "texture": "#top", "cullface": "north"},
				"down": {"uv": [9, 0, 11, 1], "texture": "#top", "cullface": "north"}
			}
		},
		{
			"from": [3, 11, 0],
			"to": [4, 13, 1],
			"faces": {
				"north": {"uv": [15, 9, 16, 11], "texture": "#top", "cullface": "north"},
				"east": {"uv": [15, 9, 16, 11], "texture": "#top", "cullface": "north"},
				"west": {"uv": [6, 0, 7, 2], "texture": "#top", "cullface": "north"},
				"up": {"uv": [15, 9, 16, 11], "texture": "#top", "cullface": "north"},
				"down": {"uv": [15, 9, 16, 11], "texture": "#top", "cullface": "north"}
			}
		},
		{
			"from": [1, 11, 0.5],
			"to": [3, 13, 1],
			"faces": {
				"north": {"uv": [13, 3, 15, 5], "texture": "#front", "cullface": "north"}
			}
		},
		{
			"from": [1, 9, 0.5],
			"to": [2, 11, 1],
			"faces": {
				"north": {"uv": [14, 5, 15, 7], "texture": "#front", "cullface": "north"}
			}
		},
		{
			"from": [1, 9, 1],
			"to": [15, 9, 15],
			"faces": {
				"up": {"uv": [1, 1, 15, 15], "rotation": 180, "texture": "#4", "cullface": "north"}
			}
		},
		{
			"from": [0, 15, 0],
			"to": [16, 16, 1],
			"faces": {
				"north": {"uv": [0, 0, 16, 1], "texture": "#top", "cullface": "north"},
				"east": {"uv": [15, 0, 16, 1], "texture": "#top", "cullface": "east"},
				"south": {"uv": [0, 0, 16, 1], "texture": "#top", "cullface": "up"},
				"west": {"uv": [0, 0, 1, 1], "texture": "#top", "cullface": "west"},
				"up": {"uv": [0, 0, 16, 1], "texture": "#top", "cullface": "up"},
				"down": {"uv": [0, 15, 16, 16], "texture": "#top", "cullface": "north"}
			}
		},
		{
			"from": [0, 15, 15],
			"to": [16, 16, 16],
			"faces": {
				"north": {"uv": [0, 0, 16, 1], "texture": "#top", "cullface": "up"},
				"east": {"uv": [0, 0, 1, 1], "texture": "#top", "cullface": "east"},
				"south": {"uv": [0, 0, 16, 1], "texture": "#top", "cullface": "south"},
				"west": {"uv": [15, 0, 16, 1], "texture": "#top", "cullface": "west"},
				"up": {"uv": [0, 15, 16, 16], "texture": "#top", "cullface": "up"},
				"down": {"uv": [0, 0, 16, 1], "texture": "#top", "cullface": "south"}
			}
		},
		{
			"from": [0, 0, 15],
			"to": [16, 1, 16],
			"faces": {
				"north": {"uv": [0, 15, 16, 16], "texture": "#top", "cullface": "down"},
				"east": {"uv": [0, 15, 1, 16], "texture": "#top", "cullface": "east"},
				"south": {"uv": [0, 15, 16, 16], "texture": "#top", "cullface": "south"},
				"west": {"uv": [15, 15, 16, 16], "texture": "#top", "cullface": "west"},
				"up": {"uv": [0, 15, 16, 16], "texture": "#top", "cullface": "south"},
				"down": {"uv": [0, 0, 16, 1], "texture": "#top", "cullface": "down"}
			}
		},
		{
			"from": [0, 1, 0],
			"to": [1, 15, 1],
			"faces": {
				"north": {"uv": [15, 1, 16, 15], "texture": "#top", "cullface": "north"},
				"east": {"uv": [15, 1, 16, 15], "texture": "#top", "cullface": "north"},
				"south": {"uv": [0, 1, 1, 15], "texture": "#top", "cullface": "west"},
				"west": {"uv": [0, 1, 1, 15], "texture": "#top", "cullface": "west"}
			}
		},
		{
			"from": [0, 1, 15],
			"to": [1, 15, 16],
			"faces": {
				"north": {"uv": [15, 1, 16, 15], "texture": "#top", "cullface": "west"},
				"east": {"uv": [0, 1, 1, 15], "texture": "#top", "cullface": "south"},
				"south": {"uv": [0, 1, 1, 15], "texture": "#top", "cullface": "south"},
				"west": {"uv": [15, 1, 16, 15], "texture": "#top", "cullface": "west"}
			}
		},
		{
			"from": [15, 1, 0],
			"to": [16, 15, 1],
			"faces": {
				"north": {"uv": [0, 1, 1, 15], "texture": "#top", "cullface": "north"},
				"east": {"uv": [15, 1, 16, 15], "texture": "#top", "cullface": "east"},
				"south": {"uv": [15, 1, 16, 15], "texture": "#top", "cullface": "east"},
				"west": {"uv": [0, 1, 1, 15], "texture": "#top", "cullface": "north"}
			}
		},
		{
			"from": [15, 1, 15],
			"to": [16, 15, 16],
			"faces": {
				"north": {"uv": [0, 1, 1, 15], "texture": "#top", "cullface": "east"},
				"east": {"uv": [0, 1, 1, 15], "texture": "#top", "cullface": "east"},
				"south": {"uv": [15, 1, 16, 15], "texture": "#top", "cullface": "south"},
				"west": {"uv": [15, 1, 16, 15], "texture": "#top", "cullface": "south"}
			}
		},
		{
			"from": [0, 0, 1],
			"to": [1, 1, 15],
			"faces": {
				"east": {"uv": [1, 15, 15, 16], "texture": "#top", "cullface": "down"},
				"west": {"uv": [1, 15, 15, 16], "texture": "#top", "cullface": "west"},
				"up": {"uv": [0, 1, 1, 15], "texture": "#top", "cullface": "west"},
				"down": {"uv": [0, 1, 1, 15], "texture": "#top", "cullface": "down"}
			}
		},
		{
			"from": [15, 0, 1],
			"to": [16, 1, 15],
			"faces": {
				"east": {"uv": [1, 15, 15, 16], "texture": "#top", "cullface": "east"},
				"west": {"uv": [1, 15, 15, 16], "texture": "#top", "cullface": "down"},
				"up": {"uv": [15, 1, 16, 15], "texture": "#top", "cullface": "east"},
				"down": {"uv": [15, 1, 16, 15], "texture": "#top", "cullface": "down"}
			}
		},
		{
			"from": [0, 15, 1],
			"to": [1, 16, 15],
			"faces": {
				"east": {"uv": [1, 0, 15, 1], "texture": "#top", "cullface": "up"},
				"west": {"uv": [1, 0, 15, 1], "texture": "#top", "cullface": "west"},
				"up": {"uv": [0, 1, 1, 15], "texture": "#top", "cullface": "up"},
				"down": {"uv": [0, 1, 1, 15], "texture": "#top", "cullface": "west"}
			}
		},
		{
			"from": [15, 15, 1],
			"to": [16, 16, 15],
			"faces": {
				"east": {"uv": [1, 0, 15, 1], "texture": "#top", "cullface": "east"},
				"west": {"uv": [1, 0, 15, 1], "texture": "#top", "cullface": "up"},
				"up": {"uv": [15, 1, 16, 15], "texture": "#top", "cullface": "up"},
				"down": {"uv": [15, 1, 16, 15], "texture": "#top", "cullface": "east"}
			}
		},
		{
			"from": [3, 1, 0.75],
			"to": [13, 6, 0.75],
			"faces": {
				"north": {"uv": [3, 11.25, 13, 15], "texture": "#front", "cullface": "north"}
			}
		}
	]
}