{
	"credit": "Made by TheWaschtlPlays using Blockbench",
	"textures": {
		"particle": "blocks/hay_block_side",
		"hay_block_side": "blocks/hay_block_side",
		"hay_block_top": "blocks/hay_block_top"
	},
	"elements": [
		{
			"name": "Cube",
			"from": [0, 0, 0],
			"to": [16, 16, 16],
			"faces": {
				"north": {"uv": [0, 0, 16, 16], "texture": "#hay_block_side", "cullface": "north"},
				"east": {"uv": [0, 0, 16, 16], "texture": "#hay_block_side", "cullface": "east"},
				"south": {"uv": [0, 0, 16, 16], "texture": "#hay_block_side", "cullface": "south"},
				"west": {"uv": [0, 0, 16, 16], "texture": "#hay_block_side", "cullface": "west"},
				"up": {"uv": [0, 0, 16, 16], "texture": "#hay_block_top", "cullface": "up"},
				"down": {"uv": [0, 0, 16, 16], "texture": "#hay_block_top", "cullface": "down"}
			}
		},
		{
			"name": "Cube",
			"from": [-0.25, 4, -0.25],
			"to": [16.25, 5, 16.25],
			"faces": {
				"north": {"uv": [0, 11, 16, 12], "texture": "#hay_block_side"},
				"east": {"uv": [0, 11, 16, 12], "texture": "#hay_block_side"},
				"south": {"uv": [0, 11, 16, 12], "texture": "#hay_block_side"},
				"west": {"uv": [0, 11, 16, 12], "texture": "#hay_block_side"},
				"up": {"uv": [5, 11, 6, 12], "texture": "#hay_block_side"},
				"down": {"uv": [5, 11, 6, 12], "texture": "#hay_block_side"}
			}
		},
		{
			"name": "Cube",
			"from": [-0.25, 12, -0.25],
			"to": [16.25, 13, 16.25],
			"faces": {
				"north": {"uv": [0, 3, 16, 4], "texture": "#hay_block_side"},
				"east": {"uv": [0, 3, 16, 4], "texture": "#hay_block_side"},
				"south": {"uv": [0, 3, 16, 4], "texture": "#hay_block_side"},
				"west": {"uv": [0, 3, 16, 4], "texture": "#hay_block_side"},
				"up": {"uv": [9.25, 3.25, 9.75, 3.75], "texture": "#hay_block_side"},
				"down": {"uv": [9, 3, 10, 4], "texture": "#hay_block_side"}
			}
		}
	]
}