{
	"credit": "Made by TheWaschtlPlays using Blockbench",
	"textures": {
		"particle": "#side"
	},
	"elements": [
		{
			"from": [0, 0, 0],
			"to": [16, 8, 16],
			"faces": {
				"north": {"uv": [0, 8, 16, 16], "texture": "#side", "cullface": "north"},
				"east": {"uv": [0, 8, 16, 16], "texture": "#side", "cullface": "east"},
				"south": {"uv": [0, 8, 16, 16], "texture": "#side", "cullface": "south"},
				"west": {"uv": [0, 8, 16, 16], "texture": "#side", "cullface": "west"},
				"up": {"uv": [0, 0, 16, 16], "texture": "#top"},
				"down": {"uv": [0, 0, 16, 16], "texture": "#bottom", "cullface": "down"}
			}
		},
		{
			"from": [8, 8, 0],
			"to": [16, 16, 16],
			"faces": {
				"north": {"uv": [0, 0, 8, 8], "texture": "#side", "cullface": "north"},
				"east": {"uv": [0, 0, 16, 8], "texture": "#side", "cullface": "east"},
				"south": {"uv": [8, 0, 16, 8], "texture": "#side", "cullface": "south"},
				"west": {"uv": [0, 0, 16, 8], "texture": "#side"},
				"up": {"uv": [8, 0, 16, 16], "texture": "#top", "cullface": "up"}
			}
		},
		{
			"from": [0, 8, 8],
			"to": [8, 16, 16],
			"faces": {
				"north": {"uv": [8, 0, 16, 8], "texture": "#side"},
				"south": {"uv": [0, 0, 8, 8], "texture": "#side", "cullface": "south"},
				"west": {"uv": [8, 0, 16, 8], "texture": "#side", "cullface": "west"},
				"up": {"uv": [0, 8, 8, 16], "texture": "#top", "cullface": "up"}
			}
		}
	]
}