{
	"credit": "Made by TheWaschtlPlays using Blockbench",
	"textures": {
		"particle": "blocks/iron_ore",
		"ore": "blocks/iron_ore"
	},
	"elements": [
		{
			"from": [0, 0, 0],
			"to": [16, 16, 16],
			"faces": {
				"north": {"uv": [0, 0, 16, 16], "texture": "#ore", "cullface": "north"},
				"east": {"uv": [0, 0, 16, 16], "texture": "#ore", "cullface": "east"},
				"south": {"uv": [0, 0, 16, 16], "texture": "#ore", "cullface": "south"},
				"west": {"uv": [0, 0, 16, 16], "texture": "#ore", "cullface": "west"},
				"up": {"uv": [0, 0, 16, 16], "texture": "#ore", "cullface": "up"},
				"down": {"uv": [0, 0, 16, 16], "texture": "#ore", "cullface": "down"}
			}
		},
		{
			"from": [13, 2, -0.5],
			"to": [15, 3, 0],
			"rotation": {"angle": 0, "axis": "y", "origin": [8, 8, 8]},
			"faces": {
				"north": {"uv": [1, 13, 3, 14], "texture": "#ore", "cullface": "north"},
				"east": {"uv": [1, 13, 1.5, 14], "texture": "#ore", "cullface": "north"},
				"west": {"uv": [2, 13, 2.5, 14], "texture": "#ore", "cullface": "north"},
				"up": {"uv": [1, 13, 3, 13.5], "rotation": 180, "texture": "#ore", "cullface": "north"},
				"down": {"uv": [1, 13, 3, 13.5], "rotation": 180, "texture": "#ore", "cullface": "north"}
			}
		},
		{
			"from": [12, 1, -0.4],
			"to": [14, 2, 0.1],
			"rotation": {"angle": 0, "axis": "y", "origin": [8, 8, 8]},
			"faces": {
				"north": {"uv": [2, 14, 4, 15], "texture": "#ore", "cullface": "north"},
				"east": {"uv": [2, 14, 2.5, 15], "texture": "#ore", "cullface": "north"},
				"west": {"uv": [3, 14, 3.5, 15], "rotation": 180, "texture": "#ore", "cullface": "north"},
				"up": {"uv": [2, 14, 4, 14.5], "rotation": 180, "texture": "#ore", "cullface": "north"},
				"down": {"uv": [2, 14, 4, 14.5], "rotation": 180, "texture": "#ore", "cullface": "north"}
			}
		},
		{
			"from": [10, 3, -0.25],
			"to": [12, 4, 0],
			"rotation": {"angle": 0, "axis": "y", "origin": [8, 8, 8]},
			"faces": {
				"north": {"uv": [4, 12, 6, 13], "texture": "#ore", "cullface": "north"},
				"east": {"uv": [4, 12, 4.5, 13], "texture": "#ore", "cullface": "north"},
				"west": {"uv": [5, 12, 5.5, 13], "rotation": 180, "texture": "#ore", "cullface": "north"},
				"up": {"uv": [4, 12, 6, 12.5], "rotation": 180, "texture": "#ore", "cullface": "north"},
				"down": {"uv": [4, 12, 6, 12.5], "rotation": 180, "texture": "#ore", "cullface": "north"}
			}
		},
		{
			"from": [1, 3, -0.4],
			"to": [8, 4, 0.1],
			"rotation": {"angle": 0, "axis": "y", "origin": [8, 8, 8]},
			"faces": {
				"north": {"uv": [8, 12, 15, 13], "texture": "#ore", "cullface": "north"},
				"east": {"uv": [8, 12, 8.5, 13], "texture": "#ore", "cullface": "north"},
				"west": {"uv": [14, 12, 14.5, 13], "texture": "#ore", "cullface": "north"},
				"up": {"uv": [8, 12, 15, 12.5], "rotation": 180, "texture": "#ore", "cullface": "north"},
				"down": {"uv": [8, 12, 15, 12.5], "rotation": 180, "texture": "#ore", "cullface": "north"}
			}
		},
		{
			"from": [3, 2, -0.4],
			"to": [7, 3, 0.1],
			"rotation": {"angle": 0, "axis": "y", "origin": [8, 8, 8]},
			"faces": {
				"north": {"uv": [9, 13, 13, 14], "texture": "#ore", "cullface": "north"},
				"east": {"uv": [9, 13, 9.5, 14], "texture": "#ore", "cullface": "north"},
				"west": {"uv": [12, 13, 12.5, 14], "texture": "#ore", "cullface": "north"},
				"down": {"uv": [9, 13, 13, 13.5], "rotation": 180, "texture": "#ore", "cullface": "north"}
			}
		},
		{
			"from": [3, 4, -0.25],
			"to": [5, 5, 0],
			"rotation": {"angle": 0, "axis": "y", "origin": [8, 8, 8]},
			"faces": {
				"north": {"uv": [11, 11, 13, 12], "texture": "#ore", "cullface": "north"},
				"east": {"uv": [11, 11, 11.5, 12], "rotation": 180, "texture": "#ore", "cullface": "north"},
				"west": {"uv": [12, 11, 12.5, 12], "rotation": 180, "texture": "#ore", "cullface": "north"},
				"up": {"uv": [11, 11, 13, 11.5], "rotation": 180, "texture": "#ore", "cullface": "north"}
			}
		},
		{
			"from": [9, 6, -0.4],
			"to": [14, 7, 0.1],
			"rotation": {"angle": 0, "axis": "y", "origin": [8, 8, 8]},
			"faces": {
				"north": {"uv": [2, 9, 7, 10], "texture": "#ore", "cullface": "north"},
				"east": {"uv": [2, 9, 2.5, 10], "texture": "#ore", "cullface": "north"},
				"west": {"uv": [6, 9, 6.5, 10], "texture": "#ore", "cullface": "north"},
				"up": {"uv": [2, 9, 7, 9.5], "rotation": 180, "texture": "#ore", "cullface": "north"},
				"down": {"uv": [2, 9, 7, 9.5], "rotation": 180, "texture": "#ore", "cullface": "north"}
			}
		},
		{
			"from": [10, 5, -0.4],
			"to": [12, 6, 0.1],
			"rotation": {"angle": 0, "axis": "y", "origin": [8, 8, 8]},
			"faces": {
				"north": {"uv": [4, 10, 6, 11], "texture": "#ore", "cullface": "north"},
				"east": {"uv": [4, 10, 4.5, 11], "texture": "#ore", "cullface": "north"},
				"west": {"uv": [5, 10, 5.5, 11], "texture": "#ore", "cullface": "north"},
				"down": {"uv": [4, 10, 6, 10.5], "rotation": 180, "texture": "#ore", "cullface": "north"}
			}
		},
		{
			"from": [11, 7, -0.25],
			"to": [13, 8, 0],
			"rotation": {"angle": 0, "axis": "y", "origin": [8, 8, 8]},
			"faces": {
				"north": {"uv": [3, 8, 5, 9], "texture": "#ore", "cullface": "north"},
				"east": {"uv": [3, 8, 3.5, 9], "rotation": 180, "texture": "#ore", "cullface": "north"},
				"west": {"uv": [4, 8, 4.5, 9], "rotation": 180, "texture": "#ore", "cullface": "north"},
				"up": {"uv": [3, 8, 5, 8.5], "rotation": 180, "texture": "#ore", "cullface": "north"}
			}
		},
		{
			"from": [3, 7, -0.4],
			"to": [7, 8, 0.1],
			"rotation": {"angle": 0, "axis": "y", "origin": [8, 8, 8]},
			"faces": {
				"north": {"uv": [9, 8, 13, 9], "texture": "#ore", "cullface": "north"},
				"east": {"uv": [9, 8, 9.5, 9], "texture": "#ore", "cullface": "north"},
				"west": {"uv": [12, 8, 12.5, 9], "texture": "#ore", "cullface": "north"},
				"up": {"uv": [9, 8, 13, 8.5], "rotation": 180, "texture": "#ore", "cullface": "north"},
				"down": {"uv": [9, 8, 13, 8.5], "rotation": 180, "texture": "#ore", "cullface": "north"}
			}
		},
		{
			"from": [4, 6, -0.25],
			"to": [6, 7, 0],
			"rotation": {"angle": 0, "axis": "y", "origin": [8, 8, 8]},
			"faces": {
				"north": {"uv": [10, 9, 12, 10], "texture": "#ore", "cullface": "north"},
				"east": {"uv": [10, 9, 10.5, 10], "texture": "#ore", "cullface": "north"},
				"west": {"uv": [11, 9, 11.5, 10], "texture": "#ore", "cullface": "north"},
				"down": {"uv": [10, 9, 12, 9.5], "rotation": 180, "texture": "#ore", "cullface": "north"}
			}
		},
		{
			"from": [5, 10, -0.4],
			"to": [12, 11, 0.1],
			"rotation": {"angle": 0, "axis": "y", "origin": [8, 8, 8]},
			"faces": {
				"north": {"uv": [4, 5, 11, 6], "texture": "#ore", "cullface": "north"},
				"east": {"uv": [4, 5, 4.5, 6], "texture": "#ore", "cullface": "north"},
				"west": {"uv": [10, 5, 10.5, 6], "texture": "#ore", "cullface": "north"},
				"up": {"uv": [4, 5, 11, 5.5], "rotation": 180, "texture": "#ore", "cullface": "north"},
				"down": {"uv": [4, 5, 11, 5.5], "rotation": 180, "texture": "#ore", "cullface": "north"}
			}
		},
		{
			"from": [4, 11, -0.4],
			"to": [9, 12, 0.1],
			"rotation": {"angle": 0, "axis": "y", "origin": [8, 8, 8]},
			"faces": {
				"north": {"uv": [7, 4, 12, 5], "texture": "#ore", "cullface": "north"},
				"east": {"uv": [7, 4, 7.5, 5], "texture": "#ore", "cullface": "north"},
				"west": {"uv": [12, 8, 12.5, 9], "texture": "#ore", "cullface": "north"},
				"up": {"uv": [7, 4, 12, 4.5], "rotation": 180, "texture": "#ore", "cullface": "north"},
				"down": {"uv": [7, 4, 12, 4.5], "rotation": 180, "texture": "#ore", "cullface": "north"}
			}
		},
		{
			"from": [7, 9, -0.25],
			"to": [10, 10, 0],
			"rotation": {"angle": 0, "axis": "y", "origin": [8, 8, 8]},
			"faces": {
				"north": {"uv": [6, 6, 9, 7], "texture": "#ore", "cullface": "north"},
				"east": {"uv": [6, 6, 6.5, 7], "texture": "#ore", "cullface": "north"},
				"west": {"uv": [8, 6, 8.25, 7], "texture": "#ore", "cullface": "north"},
				"down": {"uv": [6, 6, 9, 6.25], "rotation": 180, "texture": "#ore", "cullface": "north"}
			}
		},
		{
			"from": [12, 12, -0.25],
			"to": [15, 13, 0],
			"rotation": {"angle": 0, "axis": "y", "origin": [8, 8, 8]},
			"faces": {
				"north": {"uv": [1, 3, 4, 4], "texture": "#ore", "cullface": "north"},
				"east": {"uv": [1, 3, 1.5, 4], "texture": "#ore", "cullface": "north"},
				"west": {"uv": [3, 3, 3.5, 4], "texture": "#ore", "cullface": "north"},
				"up": {"uv": [1, 3, 4, 3.5], "rotation": 180, "texture": "#ore", "cullface": "north"},
				"down": {"uv": [1, 3, 4, 3.5], "rotation": 180, "texture": "#ore", "cullface": "north"}
			}
		},
		{
			"from": [11, 13, -0.4],
			"to": [14, 14, 0.1],
			"rotation": {"angle": 0, "axis": "y", "origin": [8, 8, 8]},
			"faces": {
				"north": {"uv": [2, 2, 5, 3], "texture": "#ore", "cullface": "north"},
				"east": {"uv": [2, 2, 2.5, 3], "texture": "#ore", "cullface": "north"},
				"west": {"uv": [4, 2, 4.5, 3], "texture": "#ore", "cullface": "north"},
				"up": {"uv": [2, 2, 5, 2.5], "rotation": 180, "texture": "#ore", "cullface": "north"},
				"down": {"uv": [2, 2, 5, 2.5], "rotation": 180, "texture": "#ore", "cullface": "north"}
			}
		},
		{
			"from": [3, 13, -0.25],
			"to": [5, 14, 0],
			"rotation": {"angle": 0, "axis": "y", "origin": [8, 8, 8]},
			"faces": {
				"north": {"uv": [11, 2, 13, 3], "texture": "#ore", "cullface": "north"},
				"east": {"uv": [11, 2, 11.5, 3], "texture": "#ore", "cullface": "north"},
				"west": {"uv": [12, 2, 12.5, 3], "texture": "#ore", "cullface": "north"},
				"down": {"uv": [11, 2, 13, 2.25], "rotation": 180, "texture": "#ore", "cullface": "north"}
			}
		},
		{
			"from": [2, 14, -0.4],
			"to": [6, 15, 0.1],
			"rotation": {"angle": 0, "axis": "y", "origin": [8, 8, 8]},
			"faces": {
				"north": {"uv": [10, 1, 14, 2], "texture": "#ore", "cullface": "north"},
				"east": {"uv": [10, 1, 10.5, 2], "texture": "#ore", "cullface": "north"},
				"west": {"uv": [13, 1, 13.5, 2], "texture": "#ore", "cullface": "north"},
				"up": {"uv": [10, 1, 14, 1.5], "rotation": 180, "texture": "#ore", "cullface": "north"},
				"down": {"uv": [10, 1, 14, 1.5], "rotation": 180, "texture": "#ore", "cullface": "north"}
			}
		},
		{
			"from": [1, 10, -0.25],
			"to": [3, 11, 0],
			"rotation": {"angle": 0, "axis": "y", "origin": [8, 8, 8]},
			"faces": {
				"north": {"uv": [13, 5, 15, 6], "texture": "#ore", "cullface": "north"},
				"east": {"uv": [13, 5, 13.25, 6], "texture": "#ore", "cullface": "north"},
				"west": {"uv": [14, 5, 14.25, 6], "texture": "#ore", "cullface": "north"},
				"up": {"uv": [13, 5, 15, 5.25], "rotation": 180, "texture": "#ore", "cullface": "north"},
				"down": {"uv": [13, 5, 15, 5.25], "rotation": 180, "texture": "#ore", "cullface": "north"}
			}
		},
		{
			"from": [-0.5, 2, 1],
			"to": [0, 3, 3],
			"rotation": {"angle": 0, "axis": "y", "origin": [8, 8, 8]},
			"faces": {
				"north": {"uv": [1, 13, 1.5, 14], "texture": "#ore", "cullface": "west"},
				"south": {"uv": [2, 13, 2.5, 14], "texture": "#ore", "cullface": "west"},
				"west": {"uv": [1, 13, 3, 14], "texture": "#ore", "cullface": "west"},
				"up": {"uv": [1, 13, 3, 13.5], "rotation": 90, "texture": "#ore", "cullface": "west"},
				"down": {"uv": [1, 13, 3, 13.5], "rotation": 270, "texture": "#ore", "cullface": "west"}
			}
		},
		{
			"from": [-0.4, 1, 2],
			"to": [0.1, 2, 4],
			"rotation": {"angle": 0, "axis": "y", "origin": [8, 8, 8]},
			"faces": {
				"north": {"uv": [2, 14, 2.5, 15], "texture": "#ore", "cullface": "west"},
				"south": {"uv": [3, 14, 3.5, 15], "rotation": 180, "texture": "#ore", "cullface": "west"},
				"west": {"uv": [2, 14, 4, 15], "texture": "#ore", "cullface": "west"},
				"up": {"uv": [2, 14, 4, 14.5], "rotation": 90, "texture": "#ore", "cullface": "west"},
				"down": {"uv": [2, 14, 4, 14.5], "rotation": 270, "texture": "#ore", "cullface": "west"}
			}
		},
		{
			"from": [-0.25, 3, 4],
			"to": [0, 4, 6],
			"rotation": {"angle": 0, "axis": "y", "origin": [8, 8, 8]},
			"faces": {
				"north": {"uv": [4, 12, 4.5, 13], "texture": "#ore", "cullface": "west"},
				"south": {"uv": [5, 12, 5.5, 13], "rotation": 180, "texture": "#ore", "cullface": "west"},
				"west": {"uv": [4, 12, 6, 13], "texture": "#ore", "cullface": "west"},
				"up": {"uv": [4, 12, 6, 12.5], "rotation": 90, "texture": "#ore", "cullface": "west"},
				"down": {"uv": [4, 12, 6, 12.5], "rotation": 270, "texture": "#ore", "cullface": "west"}
			}
		},
		{
			"from": [-0.4, 3, 8],
			"to": [0.1, 4, 15],
			"rotation": {"angle": 0, "axis": "y", "origin": [8, 8, 8]},
			"faces": {
				"north": {"uv": [8, 12, 8.5, 13], "texture": "#ore", "cullface": "west"},
				"south": {"uv": [14, 12, 14.5, 13], "texture": "#ore", "cullface": "west"},
				"west": {"uv": [8, 12, 15, 13], "texture": "#ore", "cullface": "west"},
				"up": {"uv": [8, 12, 15, 12.5], "rotation": 90, "texture": "#ore", "cullface": "west"},
				"down": {"uv": [8, 12, 15, 12.5], "rotation": 270, "texture": "#ore", "cullface": "west"}
			}
		},
		{
			"from": [-0.4, 2, 9],
			"to": [0.1, 3, 13],
			"rotation": {"angle": 0, "axis": "y", "origin": [8, 8, 8]},
			"faces": {
				"north": {"uv": [9, 13, 9.5, 14], "texture": "#ore", "cullface": "west"},
				"south": {"uv": [12, 13, 12.5, 14], "texture": "#ore", "cullface": "west"},
				"west": {"uv": [9, 13, 13, 14], "texture": "#ore", "cullface": "west"},
				"down": {"uv": [9, 13, 13, 13.5], "rotation": 270, "texture": "#ore", "cullface": "west"}
			}
		},
		{
			"from": [-0.25, 4, 11],
			"to": [0, 5, 13],
			"rotation": {"angle": 0, "axis": "y", "origin": [8, 8, 8]},
			"faces": {
				"north": {"uv": [11, 11, 11.5, 12], "rotation": 180, "texture": "#ore", "cullface": "west"},
				"south": {"uv": [12, 11, 12.5, 12], "rotation": 180, "texture": "#ore", "cullface": "west"},
				"west": {"uv": [11, 11, 13, 12], "texture": "#ore", "cullface": "west"},
				"up": {"uv": [11, 11, 13, 11.5], "rotation": 90, "texture": "#ore", "cullface": "west"}
			}
		},
		{
			"from": [-0.4, 6, 2],
			"to": [0.1, 7, 7],
			"rotation": {"angle": 0, "axis": "y", "origin": [8, 8, 8]},
			"faces": {
				"north": {"uv": [2, 9, 2.5, 10], "texture": "#ore", "cullface": "west"},
				"south": {"uv": [6, 9, 6.5, 10], "texture": "#ore", "cullface": "west"},
				"west": {"uv": [2, 9, 7, 10], "texture": "#ore", "cullface": "west"},
				"up": {"uv": [2, 9, 7, 9.5], "rotation": 90, "texture": "#ore", "cullface": "west"},
				"down": {"uv": [2, 9, 7, 9.5], "rotation": 270, "texture": "#ore", "cullface": "west"}
			}
		},
		{
			"from": [-0.4, 5, 4],
			"to": [0.1, 6, 6],
			"rotation": {"angle": 0, "axis": "y", "origin": [8, 8, 8]},
			"faces": {
				"north": {"uv": [4, 10, 4.5, 11], "texture": "#ore", "cullface": "west"},
				"south": {"uv": [5, 10, 5.5, 11], "texture": "#ore", "cullface": "west"},
				"west": {"uv": [4, 10, 6, 11], "texture": "#ore", "cullface": "west"},
				"down": {"uv": [4, 10, 6, 10.5], "rotation": 270, "texture": "#ore", "cullface": "west"}
			}
		},
		{
			"from": [-0.25, 7, 3],
			"to": [0, 8, 5],
			"rotation": {"angle": 0, "axis": "y", "origin": [8, 8, 8]},
			"faces": {
				"north": {"uv": [3, 8, 3.5, 9], "rotation": 180, "texture": "#ore", "cullface": "west"},
				"south": {"uv": [4, 8, 4.5, 9], "rotation": 180, "texture": "#ore", "cullface": "west"},
				"west": {"uv": [3, 8, 5, 9], "texture": "#ore", "cullface": "west"},
				"up": {"uv": [3, 8, 5, 8.5], "rotation": 90, "texture": "#ore", "cullface": "west"}
			}
		},
		{
			"from": [-0.4, 7, 9],
			"to": [0.1, 8, 13],
			"rotation": {"angle": 0, "axis": "y", "origin": [8, 8, 8]},
			"faces": {
				"north": {"uv": [9, 8, 9.5, 9], "texture": "#ore", "cullface": "west"},
				"south": {"uv": [12, 8, 12.5, 9], "texture": "#ore", "cullface": "west"},
				"west": {"uv": [9, 8, 13, 9], "texture": "#ore", "cullface": "west"},
				"up": {"uv": [9, 8, 13, 8.5], "rotation": 90, "texture": "#ore", "cullface": "west"},
				"down": {"uv": [9, 8, 13, 8.5], "rotation": 270, "texture": "#ore", "cullface": "west"}
			}
		},
		{
			"from": [-0.25, 6, 10],
			"to": [0, 7, 12],
			"rotation": {"angle": 0, "axis": "y", "origin": [8, 8, 8]},
			"faces": {
				"north": {"uv": [10, 9, 10.5, 10], "texture": "#ore", "cullface": "west"},
				"south": {"uv": [11, 9, 11.5, 10], "texture": "#ore", "cullface": "west"},
				"west": {"uv": [10, 9, 12, 10], "texture": "#ore", "cullface": "west"},
				"down": {"uv": [10, 9, 12, 9.5], "rotation": 270, "texture": "#ore", "cullface": "west"}
			}
		},
		{
			"from": [-0.4, 10, 4],
			"to": [0.1, 11, 11],
			"rotation": {"angle": 0, "axis": "y", "origin": [8, 8, 8]},
			"faces": {
				"north": {"uv": [4, 5, 4.5, 6], "texture": "#ore", "cullface": "west"},
				"south": {"uv": [10, 5, 10.5, 6], "texture": "#ore", "cullface": "west"},
				"west": {"uv": [4, 5, 11, 6], "texture": "#ore", "cullface": "west"},
				"up": {"uv": [4, 5, 11, 5.5], "rotation": 90, "texture": "#ore", "cullface": "west"},
				"down": {"uv": [4, 5, 11, 5.5], "rotation": 270, "texture": "#ore", "cullface": "west"}
			}
		},
		{
			"from": [-0.4, 11, 7],
			"to": [0.1, 12, 12],
			"rotation": {"angle": 0, "axis": "y", "origin": [8, 8, 8]},
			"faces": {
				"north": {"uv": [7, 4, 7.5, 5], "texture": "#ore", "cullface": "west"},
				"south": {"uv": [12, 8, 12.5, 9], "texture": "#ore", "cullface": "west"},
				"west": {"uv": [7, 4, 12, 5], "texture": "#ore", "cullface": "west"},
				"up": {"uv": [7, 4, 12, 4.5], "rotation": 90, "texture": "#ore", "cullface": "west"},
				"down": {"uv": [7, 4, 12, 4.5], "rotation": 270, "texture": "#ore", "cullface": "west"}
			}
		},
		{
			"from": [-0.25, 9, 6],
			"to": [0, 10, 9],
			"rotation": {"angle": 0, "axis": "y", "origin": [8, 8, 8]},
			"faces": {
				"north": {"uv": [6, 6, 6.5, 7], "texture": "#ore", "cullface": "west"},
				"south": {"uv": [8, 6, 8.25, 7], "texture": "#ore", "cullface": "west"},
				"west": {"uv": [6, 6, 9, 7], "texture": "#ore", "cullface": "west"},
				"down": {"uv": [6, 6, 9, 6.25], "rotation": 270, "texture": "#ore", "cullface": "west"}
			}
		},
		{
			"from": [-0.25, 12, 1],
			"to": [0, 13, 4],
			"rotation": {"angle": 0, "axis": "y", "origin": [8, 8, 8]},
			"faces": {
				"north": {"uv": [1, 3, 1.5, 4], "texture": "#ore", "cullface": "west"},
				"south": {"uv": [3, 3, 3.5, 4], "texture": "#ore", "cullface": "west"},
				"west": {"uv": [1, 3, 4, 4], "texture": "#ore", "cullface": "west"},
				"up": {"uv": [1, 3, 4, 3.5], "rotation": 90, "texture": "#ore", "cullface": "west"},
				"down": {"uv": [1, 3, 4, 3.5], "rotation": 270, "texture": "#ore", "cullface": "west"}
			}
		},
		{
			"from": [-0.4, 13, 2],
			"to": [0.1, 14, 5],
			"rotation": {"angle": 0, "axis": "y", "origin": [8, 8, 8]},
			"faces": {
				"north": {"uv": [2, 2, 2.5, 3], "texture": "#ore", "cullface": "west"},
				"south": {"uv": [4, 2, 4.5, 3], "texture": "#ore", "cullface": "west"},
				"west": {"uv": [2, 2, 5, 3], "texture": "#ore", "cullface": "west"},
				"up": {"uv": [2, 2, 5, 2.5], "rotation": 90, "texture": "#ore", "cullface": "west"},
				"down": {"uv": [2, 2, 5, 2.5], "rotation": 270, "texture": "#ore", "cullface": "west"}
			}
		},
		{
			"from": [-0.25, 13, 11],
			"to": [0, 14, 13],
			"rotation": {"angle": 0, "axis": "y", "origin": [8, 8, 8]},
			"faces": {
				"north": {"uv": [11, 2, 11.5, 3], "texture": "#ore", "cullface": "west"},
				"south": {"uv": [12, 2, 12.5, 3], "texture": "#ore", "cullface": "west"},
				"west": {"uv": [11, 2, 13, 3], "texture": "#ore", "cullface": "west"},
				"down": {"uv": [11, 2, 13, 2.25], "rotation": 270, "texture": "#ore", "cullface": "west"}
			}
		},
		{
			"from": [-0.4, 14, 10],
			"to": [0.1, 15, 14],
			"rotation": {"angle": 0, "axis": "y", "origin": [8, 8, 8]},
			"faces": {
				"north": {"uv": [10, 1, 10.5, 2], "texture": "#ore", "cullface": "west"},
				"south": {"uv": [13, 1, 13.5, 2], "texture": "#ore", "cullface": "west"},
				"west": {"uv": [10, 1, 14, 2], "texture": "#ore", "cullface": "west"},
				"up": {"uv": [10, 1, 14, 1.5], "rotation": 90, "texture": "#ore", "cullface": "west"},
				"down": {"uv": [10, 1, 14, 1.5], "rotation": 270, "texture": "#ore", "cullface": "west"}
			}
		},
		{
			"from": [-0.25, 10, 13],
			"to": [0, 11, 15],
			"rotation": {"angle": 0, "axis": "y", "origin": [8, 8, 8]},
			"faces": {
				"north": {"uv": [13, 5, 13.25, 6], "texture": "#ore", "cullface": "west"},
				"south": {"uv": [14, 5, 14.25, 6], "texture": "#ore", "cullface": "west"},
				"west": {"uv": [13, 5, 15, 6], "texture": "#ore", "cullface": "west"},
				"up": {"uv": [13, 5, 15, 5.25], "rotation": 90, "texture": "#ore", "cullface": "west"},
				"down": {"uv": [13, 5, 15, 5.25], "rotation": 270, "texture": "#ore", "cullface": "west"}
			}
		},
		{
			"from": [1, 2, 16],
			"to": [3, 3, 16.5],
			"rotation": {"angle": 0, "axis": "y", "origin": [8, 8, 8]},
			"faces": {
				"east": {"uv": [2, 13, 2.5, 14], "texture": "#ore", "cullface": "south"},
				"south": {"uv": [1, 13, 3, 14], "texture": "#ore", "cullface": "south"},
				"west": {"uv": [1, 13, 1.5, 14], "texture": "#ore", "cullface": "south"},
				"up": {"uv": [1, 13, 3, 13.5], "texture": "#ore", "cullface": "south"},
				"down": {"uv": [1, 13, 3, 13.5], "texture": "#ore", "cullface": "south"}
			}
		},
		{
			"from": [2, 1, 15.9],
			"to": [4, 2, 16.4],
			"rotation": {"angle": 0, "axis": "y", "origin": [8, 8, 8]},
			"faces": {
				"east": {"uv": [3, 14, 3.5, 15], "rotation": 180, "texture": "#ore", "cullface": "south"},
				"south": {"uv": [2, 14, 4, 15], "texture": "#ore", "cullface": "south"},
				"west": {"uv": [2, 14, 2.5, 15], "texture": "#ore", "cullface": "south"},
				"up": {"uv": [2, 14, 4, 14.5], "texture": "#ore", "cullface": "south"},
				"down": {"uv": [2, 14, 4, 14.5], "texture": "#ore", "cullface": "south"}
			}
		},
		{
			"from": [4, 3, 16],
			"to": [6, 4, 16.25],
			"rotation": {"angle": 0, "axis": "y", "origin": [8, 8, 8]},
			"faces": {
				"east": {"uv": [5, 12, 5.5, 13], "rotation": 180, "texture": "#ore", "cullface": "south"},
				"south": {"uv": [4, 12, 6, 13], "texture": "#ore", "cullface": "south"},
				"west": {"uv": [4, 12, 4.5, 13], "texture": "#ore", "cullface": "south"},
				"up": {"uv": [4, 12, 6, 12.5], "texture": "#ore", "cullface": "south"},
				"down": {"uv": [4, 12, 6, 12.5], "texture": "#ore", "cullface": "south"}
			}
		},
		{
			"from": [8, 3, 15.9],
			"to": [15, 4, 16.4],
			"rotation": {"angle": 0, "axis": "y", "origin": [8, 8, 8]},
			"faces": {
				"east": {"uv": [14, 12, 14.5, 13], "texture": "#ore", "cullface": "south"},
				"south": {"uv": [8, 12, 15, 13], "texture": "#ore", "cullface": "south"},
				"west": {"uv": [8, 12, 8.5, 13], "texture": "#ore", "cullface": "south"},
				"up": {"uv": [8, 12, 15, 12.5], "texture": "#ore", "cullface": "south"},
				"down": {"uv": [8, 12, 15, 12.5], "texture": "#ore", "cullface": "south"}
			}
		},
		{
			"from": [9, 2, 15.9],
			"to": [13, 3, 16.4],
			"rotation": {"angle": 0, "axis": "y", "origin": [8, 8, 8]},
			"faces": {
				"east": {"uv": [12, 13, 12.5, 14], "texture": "#ore", "cullface": "south"},
				"south": {"uv": [9, 13, 13, 14], "texture": "#ore", "cullface": "south"},
				"west": {"uv": [9, 13, 9.5, 14], "texture": "#ore", "cullface": "south"},
				"down": {"uv": [9, 13, 13, 13.5], "texture": "#ore", "cullface": "south"}
			}
		},
		{
			"from": [11, 4, 16],
			"to": [13, 5, 16.25],
			"rotation": {"angle": 0, "axis": "y", "origin": [8, 8, 8]},
			"faces": {
				"east": {"uv": [12, 11, 12.5, 12], "rotation": 180, "texture": "#ore", "cullface": "south"},
				"south": {"uv": [11, 11, 13, 12], "texture": "#ore", "cullface": "south"},
				"west": {"uv": [11, 11, 11.5, 12], "rotation": 180, "texture": "#ore", "cullface": "south"},
				"up": {"uv": [11, 11, 13, 11.5], "texture": "#ore", "cullface": "south"}
			}
		},
		{
			"from": [2, 6, 15.9],
			"to": [7, 7, 16.4],
			"rotation": {"angle": 0, "axis": "y", "origin": [8, 8, 8]},
			"faces": {
				"east": {"uv": [6, 9, 6.5, 10], "texture": "#ore", "cullface": "south"},
				"south": {"uv": [2, 9, 7, 10], "texture": "#ore", "cullface": "south"},
				"west": {"uv": [2, 9, 2.5, 10], "texture": "#ore", "cullface": "south"},
				"up": {"uv": [2, 9, 7, 9.5], "texture": "#ore", "cullface": "south"},
				"down": {"uv": [2, 9, 7, 9.5], "texture": "#ore", "cullface": "south"}
			}
		},
		{
			"from": [4, 5, 15.9],
			"to": [6, 6, 16.4],
			"rotation": {"angle": 0, "axis": "y", "origin": [8, 8, 8]},
			"faces": {
				"east": {"uv": [5, 10, 5.5, 11], "texture": "#ore", "cullface": "south"},
				"south": {"uv": [4, 10, 6, 11], "texture": "#ore", "cullface": "south"},
				"west": {"uv": [4, 10, 4.5, 11], "texture": "#ore", "cullface": "south"},
				"down": {"uv": [4, 10, 6, 10.5], "texture": "#ore", "cullface": "south"}
			}
		},
		{
			"from": [3, 7, 16],
			"to": [5, 8, 16.25],
			"rotation": {"angle": 0, "axis": "y", "origin": [8, 8, 8]},
			"faces": {
				"east": {"uv": [4, 8, 4.5, 9], "rotation": 180, "texture": "#ore", "cullface": "south"},
				"south": {"uv": [3, 8, 5, 9], "texture": "#ore", "cullface": "south"},
				"west": {"uv": [3, 8, 3.5, 9], "rotation": 180, "texture": "#ore", "cullface": "south"},
				"up": {"uv": [3, 8, 5, 8.5], "texture": "#ore", "cullface": "south"}
			}
		},
		{
			"from": [9, 7, 15.9],
			"to": [13, 8, 16.4],
			"rotation": {"angle": 0, "axis": "y", "origin": [8, 8, 8]},
			"faces": {
				"east": {"uv": [12, 8, 12.5, 9], "texture": "#ore", "cullface": "south"},
				"south": {"uv": [9, 8, 13, 9], "texture": "#ore", "cullface": "south"},
				"west": {"uv": [9, 8, 9.5, 9], "texture": "#ore", "cullface": "south"},
				"up": {"uv": [9, 8, 13, 8.5], "texture": "#ore", "cullface": "south"},
				"down": {"uv": [9, 8, 13, 8.5], "texture": "#ore", "cullface": "south"}
			}
		},
		{
			"from": [10, 6, 16],
			"to": [12, 7, 16.25],
			"rotation": {"angle": 0, "axis": "y", "origin": [8, 8, 8]},
			"faces": {
				"east": {"uv": [11, 9, 11.5, 10], "texture": "#ore", "cullface": "south"},
				"south": {"uv": [10, 9, 12, 10], "texture": "#ore", "cullface": "south"},
				"west": {"uv": [10, 9, 10.5, 10], "texture": "#ore", "cullface": "south"},
				"down": {"uv": [10, 9, 12, 9.5], "texture": "#ore", "cullface": "south"}
			}
		},
		{
			"from": [4, 10, 15.9],
			"to": [11, 11, 16.4],
			"rotation": {"angle": 0, "axis": "y", "origin": [8, 8, 8]},
			"faces": {
				"east": {"uv": [10, 5, 10.5, 6], "texture": "#ore", "cullface": "south"},
				"south": {"uv": [4, 5, 11, 6], "texture": "#ore", "cullface": "south"},
				"west": {"uv": [4, 5, 4.5, 6], "texture": "#ore", "cullface": "south"},
				"up": {"uv": [4, 5, 11, 5.5], "texture": "#ore", "cullface": "south"},
				"down": {"uv": [4, 5, 11, 5.5], "texture": "#ore", "cullface": "south"}
			}
		},
		{
			"from": [7, 11, 15.9],
			"to": [12, 12, 16.4],
			"rotation": {"angle": 0, "axis": "y", "origin": [8, 8, 8]},
			"faces": {
				"east": {"uv": [12, 8, 12.5, 9], "texture": "#ore", "cullface": "south"},
				"south": {"uv": [7, 4, 12, 5], "texture": "#ore", "cullface": "south"},
				"west": {"uv": [7, 4, 7.5, 5], "texture": "#ore", "cullface": "south"},
				"up": {"uv": [7, 4, 12, 4.5], "texture": "#ore", "cullface": "south"},
				"down": {"uv": [7, 4, 12, 4.5], "texture": "#ore", "cullface": "south"}
			}
		},
		{
			"from": [6, 9, 16],
			"to": [9, 10, 16.25],
			"rotation": {"angle": 0, "axis": "y", "origin": [8, 8, 8]},
			"faces": {
				"east": {"uv": [8, 6, 8.25, 7], "texture": "#ore", "cullface": "south"},
				"south": {"uv": [6, 6, 9, 7], "texture": "#ore", "cullface": "south"},
				"west": {"uv": [6, 6, 6.5, 7], "texture": "#ore", "cullface": "south"},
				"down": {"uv": [6, 6, 9, 6.25], "texture": "#ore", "cullface": "south"}
			}
		},
		{
			"from": [1, 12, 16],
			"to": [4, 13, 16.25],
			"rotation": {"angle": 0, "axis": "y", "origin": [8, 8, 8]},
			"faces": {
				"east": {"uv": [3, 3, 3.5, 4], "texture": "#ore", "cullface": "south"},
				"south": {"uv": [1, 3, 4, 4], "texture": "#ore", "cullface": "south"},
				"west": {"uv": [1, 3, 1.5, 4], "texture": "#ore", "cullface": "south"},
				"up": {"uv": [1, 3, 4, 3.5], "texture": "#ore", "cullface": "south"},
				"down": {"uv": [1, 3, 4, 3.5], "texture": "#ore", "cullface": "south"}
			}
		},
		{
			"from": [2, 13, 15.9],
			"to": [5, 14, 16.4],
			"rotation": {"angle": 0, "axis": "y", "origin": [8, 8, 8]},
			"faces": {
				"east": {"uv": [4, 2, 4.5, 3], "texture": "#ore", "cullface": "south"},
				"south": {"uv": [2, 2, 5, 3], "texture": "#ore", "cullface": "south"},
				"west": {"uv": [2, 2, 2.5, 3], "texture": "#ore", "cullface": "south"},
				"up": {"uv": [2, 2, 5, 2.5], "texture": "#ore", "cullface": "south"},
				"down": {"uv": [2, 2, 5, 2.5], "texture": "#ore", "cullface": "south"}
			}
		},
		{
			"from": [11, 13, 16],
			"to": [13, 14, 16.25],
			"rotation": {"angle": 0, "axis": "y", "origin": [8, 8, 8]},
			"faces": {
				"east": {"uv": [12, 2, 12.5, 3], "texture": "#ore", "cullface": "south"},
				"south": {"uv": [11, 2, 13, 3], "texture": "#ore", "cullface": "south"},
				"west": {"uv": [11, 2, 11.5, 3], "texture": "#ore", "cullface": "south"},
				"down": {"uv": [11, 2, 13, 2.25], "texture": "#ore", "cullface": "south"}
			}
		},
		{
			"from": [10, 14, 15.9],
			"to": [14, 15, 16.4],
			"rotation": {"angle": 0, "axis": "y", "origin": [8, 8, 8]},
			"faces": {
				"east": {"uv": [13, 1, 13.5, 2], "texture": "#ore", "cullface": "south"},
				"south": {"uv": [10, 1, 14, 2], "texture": "#ore", "cullface": "south"},
				"west": {"uv": [10, 1, 10.5, 2], "texture": "#ore", "cullface": "south"},
				"up": {"uv": [10, 1, 14, 1.5], "texture": "#ore", "cullface": "south"},
				"down": {"uv": [10, 1, 14, 1.5], "texture": "#ore", "cullface": "south"}
			}
		},
		{
			"from": [13, 10, 16],
			"to": [15, 11, 16.25],
			"rotation": {"angle": 0, "axis": "y", "origin": [8, 8, 8]},
			"faces": {
				"east": {"uv": [14, 5, 14.25, 6], "texture": "#ore", "cullface": "south"},
				"south": {"uv": [13, 5, 15, 6], "texture": "#ore", "cullface": "south"},
				"west": {"uv": [13, 5, 13.25, 6], "texture": "#ore", "cullface": "south"},
				"up": {"uv": [13, 5, 15, 5.25], "texture": "#ore", "cullface": "south"},
				"down": {"uv": [13, 5, 15, 5.25], "texture": "#ore", "cullface": "south"}
			}
		},
		{
			"from": [16, 2, 13],
			"to": [16.5, 3, 15],
			"rotation": {"angle": 0, "axis": "y", "origin": [8, 8, 8]},
			"faces": {
				"north": {"uv": [2, 13, 2.5, 14], "texture": "#ore", "cullface": "east"},
				"east": {"uv": [1, 13, 3, 14], "texture": "#ore", "cullface": "east"},
				"south": {"uv": [1, 13, 1.5, 14], "texture": "#ore", "cullface": "east"},
				"up": {"uv": [1, 13, 3, 13.5], "rotation": 270, "texture": "#ore", "cullface": "east"},
				"down": {"uv": [1, 13, 3, 13.5], "rotation": 90, "texture": "#ore", "cullface": "east"}
			}
		},
		{
			"from": [15.9, 1, 12],
			"to": [16.4, 2, 14],
			"rotation": {"angle": 0, "axis": "y", "origin": [8, 8, 8]},
			"faces": {
				"north": {"uv": [3, 14, 3.5, 15], "rotation": 180, "texture": "#ore", "cullface": "east"},
				"east": {"uv": [2, 14, 4, 15], "texture": "#ore", "cullface": "east"},
				"south": {"uv": [2, 14, 2.5, 15], "texture": "#ore", "cullface": "east"},
				"up": {"uv": [2, 14, 4, 14.5], "rotation": 270, "texture": "#ore", "cullface": "east"},
				"down": {"uv": [2, 14, 4, 14.5], "rotation": 90, "texture": "#ore", "cullface": "east"}
			}
		},
		{
			"from": [16, 3, 10],
			"to": [16.25, 4, 12],
			"rotation": {"angle": 0, "axis": "y", "origin": [8, 8, 8]},
			"faces": {
				"north": {"uv": [5, 12, 5.5, 13], "rotation": 180, "texture": "#ore", "cullface": "east"},
				"east": {"uv": [4, 12, 6, 13], "texture": "#ore", "cullface": "east"},
				"south": {"uv": [4, 12, 4.5, 13], "texture": "#ore", "cullface": "east"},
				"up": {"uv": [4, 12, 6, 12.5], "rotation": 270, "texture": "#ore", "cullface": "east"},
				"down": {"uv": [4, 12, 6, 12.5], "rotation": 90, "texture": "#ore", "cullface": "east"}
			}
		},
		{
			"from": [15.9, 3, 1],
			"to": [16.4, 4, 8],
			"rotation": {"angle": 0, "axis": "y", "origin": [8, 8, 8]},
			"faces": {
				"north": {"uv": [14, 12, 14.5, 13], "texture": "#ore", "cullface": "east"},
				"east": {"uv": [8, 12, 15, 13], "texture": "#ore", "cullface": "east"},
				"south": {"uv": [8, 12, 8.5, 13], "texture": "#ore", "cullface": "east"},
				"up": {"uv": [8, 12, 15, 12.5], "rotation": 270, "texture": "#ore", "cullface": "east"},
				"down": {"uv": [8, 12, 15, 12.5], "rotation": 90, "texture": "#ore", "cullface": "east"}
			}
		},
		{
			"from": [15.9, 2, 3],
			"to": [16.4, 3, 7],
			"rotation": {"angle": 0, "axis": "y", "origin": [8, 8, 8]},
			"faces": {
				"north": {"uv": [12, 13, 12.5, 14], "texture": "#ore", "cullface": "east"},
				"east": {"uv": [9, 13, 13, 14], "texture": "#ore", "cullface": "east"},
				"south": {"uv": [9, 13, 9.5, 14], "texture": "#ore", "cullface": "east"},
				"down": {"uv": [9, 13, 13, 13.5], "rotation": 90, "texture": "#ore", "cullface": "east"}
			}
		},
		{
			"from": [16, 4, 3],
			"to": [16.25, 5, 5],
			"rotation": {"angle": 0, "axis": "y", "origin": [8, 8, 8]},
			"faces": {
				"north": {"uv": [12, 11, 12.5, 12], "rotation": 180, "texture": "#ore", "cullface": "east"},
				"east": {"uv": [11, 11, 13, 12], "texture": "#ore", "cullface": "east"},
				"south": {"uv": [11, 11, 11.5, 12], "rotation": 180, "texture": "#ore", "cullface": "east"},
				"up": {"uv": [11, 11, 13, 11.5], "rotation": 270, "texture": "#ore", "cullface": "east"}
			}
		},
		{
			"from": [15.9, 6, 9],
			"to": [16.4, 7, 14],
			"rotation": {"angle": 0, "axis": "y", "origin": [8, 8, 8]},
			"faces": {
				"north": {"uv": [6, 9, 6.5, 10], "texture": "#ore", "cullface": "east"},
				"east": {"uv": [2, 9, 7, 10], "texture": "#ore", "cullface": "east"},
				"south": {"uv": [2, 9, 2.5, 10], "texture": "#ore", "cullface": "east"},
				"up": {"uv": [2, 9, 7, 9.5], "rotation": 270, "texture": "#ore", "cullface": "east"},
				"down": {"uv": [2, 9, 7, 9.5], "rotation": 90, "texture": "#ore", "cullface": "east"}
			}
		},
		{
			"from": [15.9, 5, 10],
			"to": [16.4, 6, 12],
			"rotation": {"angle": 0, "axis": "y", "origin": [8, 8, 8]},
			"faces": {
				"north": {"uv": [5, 10, 5.5, 11], "texture": "#ore", "cullface": "east"},
				"east": {"uv": [4, 10, 6, 11], "texture": "#ore", "cullface": "east"},
				"south": {"uv": [4, 10, 4.5, 11], "texture": "#ore", "cullface": "east"},
				"down": {"uv": [4, 10, 6, 10.5], "rotation": 90, "texture": "#ore", "cullface": "east"}
			}
		},
		{
			"from": [16, 7, 11],
			"to": [16.25, 8, 13],
			"rotation": {"angle": 0, "axis": "y", "origin": [8, 8, 8]},
			"faces": {
				"north": {"uv": [4, 8, 4.5, 9], "rotation": 180, "texture": "#ore", "cullface": "east"},
				"east": {"uv": [3, 8, 5, 9], "texture": "#ore", "cullface": "east"},
				"south": {"uv": [3, 8, 3.5, 9], "rotation": 180, "texture": "#ore", "cullface": "east"},
				"up": {"uv": [3, 8, 5, 8.5], "rotation": 270, "texture": "#ore", "cullface": "east"}
			}
		},
		{
			"from": [15.9, 7, 3],
			"to": [16.4, 8, 7],
			"rotation": {"angle": 0, "axis": "y", "origin": [8, 8, 8]},
			"faces": {
				"north": {"uv": [12, 8, 12.5, 9], "texture": "#ore", "cullface": "east"},
				"east": {"uv": [9, 8, 13, 9], "texture": "#ore", "cullface": "east"},
				"south": {"uv": [9, 8, 9.5, 9], "texture": "#ore", "cullface": "east"},
				"up": {"uv": [9, 8, 13, 8.5], "rotation": 270, "texture": "#ore", "cullface": "east"},
				"down": {"uv": [9, 8, 13, 8.5], "rotation": 90, "texture": "#ore", "cullface": "east"}
			}
		},
		{
			"from": [16, 6, 4],
			"to": [16.25, 7, 6],
			"rotation": {"angle": 0, "axis": "y", "origin": [8, 8, 8]},
			"faces": {
				"north": {"uv": [11, 9, 11.5, 10], "texture": "#ore", "cullface": "east"},
				"east": {"uv": [10, 9, 12, 10], "texture": "#ore", "cullface": "east"},
				"south": {"uv": [10, 9, 10.5, 10], "texture": "#ore", "cullface": "east"},
				"down": {"uv": [10, 9, 12, 9.5], "rotation": 90, "texture": "#ore", "cullface": "east"}
			}
		},
		{
			"from": [15.9, 10, 5],
			"to": [16.4, 11, 12],
			"rotation": {"angle": 0, "axis": "y", "origin": [8, 8, 8]},
			"faces": {
				"north": {"uv": [10, 5, 10.5, 6], "texture": "#ore", "cullface": "east"},
				"east": {"uv": [4, 5, 11, 6], "texture": "#ore", "cullface": "east"},
				"south": {"uv": [4, 5, 4.5, 6], "texture": "#ore", "cullface": "east"},
				"up": {"uv": [4, 5, 11, 5.5], "rotation": 270, "texture": "#ore", "cullface": "east"},
				"down": {"uv": [4, 5, 11, 5.5], "rotation": 90, "texture": "#ore", "cullface": "east"}
			}
		},
		{
			"from": [15.9, 11, 4],
			"to": [16.4, 12, 9],
			"rotation": {"angle": 0, "axis": "y", "origin": [8, 8, 8]},
			"faces": {
				"north": {"uv": [12, 8, 12.5, 9], "texture": "#ore", "cullface": "east"},
				"east": {"uv": [7, 4, 12, 5], "texture": "#ore", "cullface": "east"},
				"south": {"uv": [7, 4, 7.5, 5], "texture": "#ore", "cullface": "east"},
				"up": {"uv": [7, 4, 12, 4.5], "rotation": 270, "texture": "#ore", "cullface": "east"},
				"down": {"uv": [7, 4, 12, 4.5], "rotation": 90, "texture": "#ore", "cullface": "east"}
			}
		},
		{
			"from": [16, 9, 7],
			"to": [16.25, 10, 10],
			"rotation": {"angle": 0, "axis": "y", "origin": [8, 8, 8]},
			"faces": {
				"north": {"uv": [8, 6, 8.25, 7], "texture": "#ore", "cullface": "east"},
				"east": {"uv": [6, 6, 9, 7], "texture": "#ore", "cullface": "east"},
				"south": {"uv": [6, 6, 6.5, 7], "texture": "#ore", "cullface": "east"},
				"down": {"uv": [6, 6, 9, 6.25], "rotation": 90, "texture": "#ore", "cullface": "east"}
			}
		},
		{
			"from": [16, 12, 12],
			"to": [16.25, 13, 15],
			"rotation": {"angle": 0, "axis": "y", "origin": [8, 8, 8]},
			"faces": {
				"north": {"uv": [3, 3, 3.5, 4], "texture": "#ore", "cullface": "east"},
				"east": {"uv": [1, 3, 4, 4], "texture": "#ore", "cullface": "east"},
				"south": {"uv": [1, 3, 1.5, 4], "texture": "#ore", "cullface": "east"},
				"up": {"uv": [1, 3, 4, 3.5], "rotation": 270, "texture": "#ore", "cullface": "east"},
				"down": {"uv": [1, 3, 4, 3.5], "rotation": 90, "texture": "#ore", "cullface": "east"}
			}
		},
		{
			"from": [15.9, 13, 11],
			"to": [16.4, 14, 14],
			"rotation": {"angle": 0, "axis": "y", "origin": [8, 8, 8]},
			"faces": {
				"north": {"uv": [4, 2, 4.5, 3], "texture": "#ore", "cullface": "east"},
				"east": {"uv": [2, 2, 5, 3], "texture": "#ore", "cullface": "east"},
				"south": {"uv": [2, 2, 2.5, 3], "texture": "#ore", "cullface": "east"},
				"up": {"uv": [2, 2, 5, 2.5], "rotation": 270, "texture": "#ore", "cullface": "east"},
				"down": {"uv": [2, 2, 5, 2.5], "rotation": 90, "texture": "#ore", "cullface": "east"}
			}
		},
		{
			"from": [16, 13, 3],
			"to": [16.25, 14, 5],
			"rotation": {"angle": 0, "axis": "y", "origin": [8, 8, 8]},
			"faces": {
				"north": {"uv": [12, 2, 12.5, 3], "texture": "#ore", "cullface": "east"},
				"east": {"uv": [11, 2, 13, 3], "texture": "#ore", "cullface": "east"},
				"south": {"uv": [11, 2, 11.5, 3], "texture": "#ore", "cullface": "east"},
				"down": {"uv": [11, 2, 13, 2.25], "rotation": 90, "texture": "#ore", "cullface": "east"}
			}
		},
		{
			"from": [15.9, 14, 2],
			"to": [16.4, 15, 6],
			"rotation": {"angle": 0, "axis": "y", "origin": [8, 8, 8]},
			"faces": {
				"north": {"uv": [13, 1, 13.5, 2], "texture": "#ore", "cullface": "east"},
				"east": {"uv": [10, 1, 14, 2], "texture": "#ore", "cullface": "east"},
				"south": {"uv": [10, 1, 10.5, 2], "texture": "#ore", "cullface": "east"},
				"up": {"uv": [10, 1, 14, 1.5], "rotation": 270, "texture": "#ore", "cullface": "east"},
				"down": {"uv": [10, 1, 14, 1.5], "rotation": 90, "texture": "#ore", "cullface": "east"}
			}
		},
		{
			"from": [16, 10, 1],
			"to": [16.25, 11, 3],
			"rotation": {"angle": 0, "axis": "y", "origin": [8, 8, 8]},
			"faces": {
				"north": {"uv": [14, 5, 14.25, 6], "texture": "#ore", "cullface": "east"},
				"east": {"uv": [13, 5, 15, 6], "texture": "#ore", "cullface": "east"},
				"south": {"uv": [13, 5, 13.25, 6], "texture": "#ore", "cullface": "east"},
				"up": {"uv": [13, 5, 15, 5.25], "rotation": 270, "texture": "#ore", "cullface": "east"},
				"down": {"uv": [13, 5, 15, 5.25], "rotation": 90, "texture": "#ore", "cullface": "east"}
			}
		},
		{
			"from": [1, 16, 13],
			"to": [3, 16.5, 14],
			"rotation": {"angle": 0, "axis": "x", "origin": [8, 8, 8]},
			"faces": {
				"north": {"uv": [1, 13, 3, 13.5], "rotation": 180, "texture": "#ore", "cullface": "up"},
				"east": {"uv": [2, 13, 2.5, 14], "rotation": 90, "texture": "#ore", "cullface": "up"},
				"south": {"uv": [1, 13, 3, 13.5], "texture": "#ore", "cullface": "up"},
				"west": {"uv": [1, 13, 1.5, 14], "rotation": 270, "texture": "#ore", "cullface": "up"},
				"up": {"uv": [1, 13, 3, 14], "texture": "#ore", "cullface": "up"}
			}
		},
		{
			"from": [2, 15.9, 14],
			"to": [4, 16.4, 15],
			"rotation": {"angle": 0, "axis": "x", "origin": [8, 8, 8]},
			"faces": {
				"north": {"uv": [2, 14, 4, 14.5], "rotation": 180, "texture": "#ore", "cullface": "up"},
				"east": {"uv": [3, 14, 3.5, 15], "rotation": 270, "texture": "#ore", "cullface": "up"},
				"south": {"uv": [2, 14, 4, 14.5], "texture": "#ore", "cullface": "up"},
				"west": {"uv": [2, 14, 2.5, 15], "rotation": 270, "texture": "#ore", "cullface": "up"},
				"up": {"uv": [2, 14, 4, 15], "texture": "#ore", "cullface": "up"}
			}
		},
		{
			"from": [4, 16, 12],
			"to": [6, 16.25, 13],
			"rotation": {"angle": 0, "axis": "x", "origin": [8, 8, 8]},
			"faces": {
				"north": {"uv": [4, 12, 6, 12.5], "rotation": 180, "texture": "#ore", "cullface": "up"},
				"east": {"uv": [5, 12, 5.5, 13], "rotation": 270, "texture": "#ore", "cullface": "up"},
				"south": {"uv": [4, 12, 6, 12.5], "texture": "#ore", "cullface": "up"},
				"west": {"uv": [4, 12, 4.5, 13], "rotation": 270, "texture": "#ore", "cullface": "up"},
				"up": {"uv": [4, 12, 6, 13], "texture": "#ore", "cullface": "up"}
			}
		},
		{
			"from": [8, 15.9, 12],
			"to": [15, 16.4, 13],
			"rotation": {"angle": 0, "axis": "x", "origin": [8, 8, 8]},
			"faces": {
				"north": {"uv": [8, 12, 15, 12.5], "rotation": 180, "texture": "#ore", "cullface": "up"},
				"east": {"uv": [14, 12, 14.5, 13], "rotation": 90, "texture": "#ore", "cullface": "up"},
				"south": {"uv": [8, 12, 15, 12.5], "texture": "#ore", "cullface": "up"},
				"west": {"uv": [8, 12, 8.5, 13], "rotation": 270, "texture": "#ore", "cullface": "up"},
				"up": {"uv": [8, 12, 15, 13], "texture": "#ore", "cullface": "up"}
			}
		},
		{
			"from": [9, 15.9, 13],
			"to": [13, 16.4, 14],
			"rotation": {"angle": 0, "axis": "x", "origin": [8, 8, 8]},
			"faces": {
				"east": {"uv": [12, 13, 12.5, 14], "rotation": 90, "texture": "#ore", "cullface": "up"},
				"south": {"uv": [9, 13, 13, 13.5], "texture": "#ore", "cullface": "up"},
				"west": {"uv": [9, 13, 9.5, 14], "rotation": 270, "texture": "#ore", "cullface": "up"},
				"up": {"uv": [9, 13, 13, 14], "texture": "#ore", "cullface": "up"}
			}
		},
		{
			"from": [11, 16, 11],
			"to": [13, 16.25, 12],
			"rotation": {"angle": 0, "axis": "x", "origin": [8, 8, 8]},
			"faces": {
				"north": {"uv": [11, 11, 13, 11.5], "rotation": 180, "texture": "#ore", "cullface": "up"},
				"east": {"uv": [12, 11, 12.5, 12], "rotation": 270, "texture": "#ore", "cullface": "up"},
				"west": {"uv": [11, 11, 11.5, 12], "rotation": 90, "texture": "#ore", "cullface": "up"},
				"up": {"uv": [11, 11, 13, 12], "texture": "#ore", "cullface": "up"}
			}
		},
		{
			"from": [2, 15.9, 9],
			"to": [7, 16.4, 10],
			"rotation": {"angle": 0, "axis": "x", "origin": [8, 8, 8]},
			"faces": {
				"north": {"uv": [2, 9, 7, 9.5], "rotation": 180, "texture": "#ore", "cullface": "up"},
				"east": {"uv": [6, 9, 6.5, 10], "rotation": 90, "texture": "#ore", "cullface": "up"},
				"south": {"uv": [2, 9, 7, 9.5], "texture": "#ore", "cullface": "up"},
				"west": {"uv": [2, 9, 2.5, 10], "rotation": 270, "texture": "#ore", "cullface": "up"},
				"up": {"uv": [2, 9, 7, 10], "texture": "#ore", "cullface": "up"}
			}
		},
		{
			"from": [4, 15.9, 10],
			"to": [6, 16.4, 11],
			"rotation": {"angle": 0, "axis": "x", "origin": [8, 8, 8]},
			"faces": {
				"east": {"uv": [5, 10, 5.5, 11], "rotation": 90, "texture": "#ore", "cullface": "up"},
				"south": {"uv": [4, 10, 6, 10.5], "texture": "#ore", "cullface": "up"},
				"west": {"uv": [4, 10, 4.5, 11], "rotation": 270, "texture": "#ore", "cullface": "up"},
				"up": {"uv": [4, 10, 6, 11], "texture": "#ore", "cullface": "up"}
			}
		},
		{
			"from": [3, 16, 8],
			"to": [5, 16.25, 9],
			"rotation": {"angle": 0, "axis": "x", "origin": [8, 8, 8]},
			"faces": {
				"north": {"uv": [3, 8, 5, 8.5], "rotation": 180, "texture": "#ore", "cullface": "up"},
				"east": {"uv": [4, 8, 4.5, 9], "rotation": 270, "texture": "#ore", "cullface": "up"},
				"west": {"uv": [3, 8, 3.5, 9], "rotation": 90, "texture": "#ore", "cullface": "up"},
				"up": {"uv": [3, 8, 5, 9], "texture": "#ore", "cullface": "up"}
			}
		},
		{
			"from": [9, 15.9, 8],
			"to": [13, 16.4, 9],
			"rotation": {"angle": 0, "axis": "x", "origin": [8, 8, 8]},
			"faces": {
				"north": {"uv": [9, 8, 13, 8.5], "rotation": 180, "texture": "#ore", "cullface": "up"},
				"east": {"uv": [12, 8, 12.5, 9], "rotation": 90, "texture": "#ore", "cullface": "up"},
				"south": {"uv": [9, 8, 13, 8.5], "texture": "#ore", "cullface": "up"},
				"west": {"uv": [9, 8, 9.5, 9], "rotation": 270, "texture": "#ore", "cullface": "up"},
				"up": {"uv": [9, 8, 13, 9], "texture": "#ore", "cullface": "up"}
			}
		},
		{
			"from": [10, 16, 9],
			"to": [12, 16.25, 10],
			"rotation": {"angle": 0, "axis": "x", "origin": [8, 8, 8]},
			"faces": {
				"east": {"uv": [11, 9, 11.5, 10], "rotation": 90, "texture": "#ore", "cullface": "up"},
				"south": {"uv": [10, 9, 12, 9.5], "texture": "#ore", "cullface": "up"},
				"west": {"uv": [10, 9, 10.5, 10], "rotation": 270, "texture": "#ore", "cullface": "up"},
				"up": {"uv": [10, 9, 12, 10], "texture": "#ore", "cullface": "up"}
			}
		},
		{
			"from": [4, 15.9, 5],
			"to": [11, 16.4, 6],
			"rotation": {"angle": 0, "axis": "x", "origin": [8, 8, 8]},
			"faces": {
				"north": {"uv": [4, 5, 11, 5.5], "rotation": 180, "texture": "#ore", "cullface": "up"},
				"east": {"uv": [10, 5, 10.5, 6], "rotation": 90, "texture": "#ore", "cullface": "up"},
				"south": {"uv": [4, 5, 11, 5.5], "texture": "#ore", "cullface": "up"},
				"west": {"uv": [4, 5, 4.5, 6], "rotation": 270, "texture": "#ore", "cullface": "up"},
				"up": {"uv": [4, 5, 11, 6], "texture": "#ore", "cullface": "up"}
			}
		},
		{
			"from": [7, 15.9, 4],
			"to": [12, 16.4, 5],
			"rotation": {"angle": 0, "axis": "x", "origin": [8, 8, 8]},
			"faces": {
				"north": {"uv": [7, 4, 12, 4.5], "rotation": 180, "texture": "#ore", "cullface": "up"},
				"east": {"uv": [12, 8, 12.5, 9], "rotation": 90, "texture": "#ore", "cullface": "up"},
				"south": {"uv": [7, 4, 12, 4.5], "texture": "#ore", "cullface": "up"},
				"west": {"uv": [7, 4, 7.5, 5], "rotation": 270, "texture": "#ore", "cullface": "up"},
				"up": {"uv": [7, 4, 12, 5], "texture": "#ore", "cullface": "up"}
			}
		},
		{
			"from": [6, 16, 6],
			"to": [9, 16.25, 7],
			"rotation": {"angle": 0, "axis": "x", "origin": [8, 8, 8]},
			"faces": {
				"east": {"uv": [8, 6, 8.25, 7], "rotation": 90, "texture": "#ore", "cullface": "up"},
				"south": {"uv": [6, 6, 9, 6.25], "texture": "#ore", "cullface": "up"},
				"west": {"uv": [6, 6, 6.5, 7], "rotation": 270, "texture": "#ore", "cullface": "up"},
				"up": {"uv": [6, 6, 9, 7], "texture": "#ore", "cullface": "up"}
			}
		},
		{
			"from": [1, 16, 3],
			"to": [4, 16.25, 4],
			"rotation": {"angle": 0, "axis": "x", "origin": [8, 8, 8]},
			"faces": {
				"north": {"uv": [1, 3, 4, 3.5], "rotation": 180, "texture": "#ore", "cullface": "up"},
				"east": {"uv": [3, 3, 3.5, 4], "rotation": 90, "texture": "#ore", "cullface": "up"},
				"south": {"uv": [1, 3, 4, 3.5], "texture": "#ore", "cullface": "up"},
				"west": {"uv": [1, 3, 1.5, 4], "rotation": 270, "texture": "#ore", "cullface": "up"},
				"up": {"uv": [1, 3, 4, 4], "texture": "#ore", "cullface": "up"}
			}
		},
		{
			"from": [2, 15.9, 2],
			"to": [5, 16.4, 3],
			"rotation": {"angle": 0, "axis": "x", "origin": [8, 8, 8]},
			"faces": {
				"north": {"uv": [2, 2, 5, 2.5], "rotation": 180, "texture": "#ore", "cullface": "up"},
				"east": {"uv": [4, 2, 4.5, 3], "rotation": 90, "texture": "#ore", "cullface": "up"},
				"south": {"uv": [2, 2, 5, 2.5], "texture": "#ore", "cullface": "up"},
				"west": {"uv": [2, 2, 2.5, 3], "rotation": 270, "texture": "#ore", "cullface": "up"},
				"up": {"uv": [2, 2, 5, 3], "texture": "#ore", "cullface": "up"}
			}
		},
		{
			"from": [11, 16, 2],
			"to": [13, 16.25, 3],
			"rotation": {"angle": 0, "axis": "x", "origin": [8, 8, 8]},
			"faces": {
				"east": {"uv": [12, 2, 12.5, 3], "rotation": 90, "texture": "#ore", "cullface": "up"},
				"south": {"uv": [11, 2, 13, 2.25], "texture": "#ore", "cullface": "up"},
				"west": {"uv": [11, 2, 11.5, 3], "rotation": 270, "texture": "#ore", "cullface": "up"},
				"up": {"uv": [11, 2, 13, 3], "texture": "#ore", "cullface": "up"}
			}
		},
		{
			"from": [10, 15.9, 1],
			"to": [14, 16.4, 2],
			"rotation": {"angle": 0, "axis": "x", "origin": [8, 8, 8]},
			"faces": {
				"north": {"uv": [10, 1, 14, 1.5], "rotation": 180, "texture": "#ore", "cullface": "up"},
				"east": {"uv": [13, 1, 13.5, 2], "rotation": 90, "texture": "#ore", "cullface": "up"},
				"south": {"uv": [10, 1, 14, 1.5], "texture": "#ore", "cullface": "up"},
				"west": {"uv": [10, 1, 10.5, 2], "rotation": 270, "texture": "#ore", "cullface": "up"},
				"up": {"uv": [10, 1, 14, 2], "texture": "#ore", "cullface": "up"}
			}
		},
		{
			"from": [13, 16, 5],
			"to": [15, 16.25, 6],
			"rotation": {"angle": 0, "axis": "x", "origin": [8, 8, 8]},
			"faces": {
				"north": {"uv": [13, 5, 15, 5.25], "rotation": 180, "texture": "#ore", "cullface": "up"},
				"east": {"uv": [14, 5, 14.25, 6], "rotation": 90, "texture": "#ore", "cullface": "up"},
				"south": {"uv": [13, 5, 15, 5.25], "texture": "#ore", "cullface": "up"},
				"west": {"uv": [13, 5, 13.25, 6], "rotation": 270, "texture": "#ore", "cullface": "up"},
				"up": {"uv": [13, 5, 15, 6], "texture": "#ore", "cullface": "up"}
			}
		},
		{
			"from": [1, -0.5, 2],
			"to": [3, 0, 3],
			"rotation": {"angle": 0, "axis": "x", "origin": [8, 8, 8]},
			"faces": {
				"north": {"uv": [1, 13, 3, 13.5], "rotation": 180, "texture": "#ore", "cullface": "down"},
				"east": {"uv": [2, 13, 2.5, 14], "rotation": 270, "texture": "#ore", "cullface": "down"},
				"south": {"uv": [1, 13, 3, 13.5], "texture": "#ore", "cullface": "down"},
				"west": {"uv": [1, 13, 1.5, 14], "rotation": 90, "texture": "#ore", "cullface": "down"},
				"down": {"uv": [1, 13, 3, 14], "texture": "#ore", "cullface": "down"}
			}
		},
		{
			"from": [2, -0.4, 1],
			"to": [4, 0.1, 2],
			"rotation": {"angle": 0, "axis": "x", "origin": [8, 8, 8]},
			"faces": {
				"north": {"uv": [2, 14, 4, 14.5], "rotation": 180, "texture": "#ore", "cullface": "down"},
				"east": {"uv": [3, 14, 3.5, 15], "rotation": 90, "texture": "#ore", "cullface": "down"},
				"south": {"uv": [2, 14, 4, 14.5], "texture": "#ore", "cullface": "down"},
				"west": {"uv": [2, 14, 2.5, 15], "rotation": 90, "texture": "#ore", "cullface": "down"},
				"down": {"uv": [2, 14, 4, 15], "texture": "#ore", "cullface": "down"}
			}
		},
		{
			"from": [4, -0.25, 3],
			"to": [6, 0, 4],
			"rotation": {"angle": 0, "axis": "x", "origin": [8, 8, 8]},
			"faces": {
				"north": {"uv": [4, 12, 6, 12.5], "rotation": 180, "texture": "#ore", "cullface": "down"},
				"east": {"uv": [5, 12, 5.5, 13], "rotation": 90, "texture": "#ore", "cullface": "down"},
				"south": {"uv": [4, 12, 6, 12.5], "texture": "#ore", "cullface": "down"},
				"west": {"uv": [4, 12, 4.5, 13], "rotation": 90, "texture": "#ore", "cullface": "down"},
				"down": {"uv": [4, 12, 6, 13], "texture": "#ore", "cullface": "down"}
			}
		},
		{
			"from": [8, -0.4, 3],
			"to": [15, 0.1, 4],
			"rotation": {"angle": 0, "axis": "x", "origin": [8, 8, 8]},
			"faces": {
				"north": {"uv": [8, 12, 15, 12.5], "rotation": 180, "texture": "#ore", "cullface": "down"},
				"east": {"uv": [14, 12, 14.5, 13], "rotation": 270, "texture": "#ore", "cullface": "down"},
				"south": {"uv": [8, 12, 15, 12.5], "texture": "#ore", "cullface": "down"},
				"west": {"uv": [8, 12, 8.5, 13], "rotation": 90, "texture": "#ore", "cullface": "down"},
				"down": {"uv": [8, 12, 15, 13], "texture": "#ore", "cullface": "down"}
			}
		},
		{
			"from": [9, -0.4, 2],
			"to": [13, 0.1, 3],
			"rotation": {"angle": 0, "axis": "x", "origin": [8, 8, 8]},
			"faces": {
				"north": {"uv": [9, 13, 13, 13.5], "rotation": 180, "texture": "#ore", "cullface": "down"},
				"east": {"uv": [12, 13, 12.5, 14], "rotation": 270, "texture": "#ore", "cullface": "down"},
				"west": {"uv": [9, 13, 9.5, 14], "rotation": 90, "texture": "#ore", "cullface": "down"},
				"down": {"uv": [9, 13, 13, 14], "texture": "#ore", "cullface": "down"}
			}
		},
		{
			"from": [11, -0.25, 4],
			"to": [13, 0, 5],
			"rotation": {"angle": 0, "axis": "x", "origin": [8, 8, 8]},
			"faces": {
				"east": {"uv": [12, 11, 12.5, 12], "rotation": 90, "texture": "#ore", "cullface": "down"},
				"south": {"uv": [11, 11, 13, 11.5], "texture": "#ore", "cullface": "down"},
				"west": {"uv": [11, 11, 11.5, 12], "rotation": 270, "texture": "#ore", "cullface": "down"},
				"down": {"uv": [11, 11, 13, 12], "texture": "#ore", "cullface": "down"}
			}
		},
		{
			"from": [2, -0.4, 6],
			"to": [7, 0.1, 7],
			"rotation": {"angle": 0, "axis": "x", "origin": [8, 8, 8]},
			"faces": {
				"north": {"uv": [2, 9, 7, 9.5], "rotation": 180, "texture": "#ore", "cullface": "down"},
				"east": {"uv": [6, 9, 6.5, 10], "rotation": 270, "texture": "#ore", "cullface": "down"},
				"south": {"uv": [2, 9, 7, 9.5], "texture": "#ore", "cullface": "down"},
				"west": {"uv": [2, 9, 2.5, 10], "rotation": 90, "texture": "#ore", "cullface": "down"},
				"down": {"uv": [2, 9, 7, 10], "texture": "#ore", "cullface": "down"}
			}
		},
		{
			"from": [4, -0.4, 5],
			"to": [6, 0.1, 6],
			"rotation": {"angle": 0, "axis": "x", "origin": [8, 8, 8]},
			"faces": {
				"north": {"uv": [4, 10, 6, 10.5], "rotation": 180, "texture": "#ore", "cullface": "down"},
				"east": {"uv": [5, 10, 5.5, 11], "rotation": 270, "texture": "#ore", "cullface": "down"},
				"west": {"uv": [4, 10, 4.5, 11], "rotation": 90, "texture": "#ore", "cullface": "down"},
				"down": {"uv": [4, 10, 6, 11], "texture": "#ore", "cullface": "down"}
			}
		},
		{
			"from": [3, -0.25, 7],
			"to": [5, 0, 8],
			"rotation": {"angle": 0, "axis": "x", "origin": [8, 8, 8]},
			"faces": {
				"east": {"uv": [4, 8, 4.5, 9], "rotation": 90, "texture": "#ore", "cullface": "down"},
				"south": {"uv": [3, 8, 5, 8.5], "texture": "#ore", "cullface": "down"},
				"west": {"uv": [3, 8, 3.5, 9], "rotation": 270, "texture": "#ore", "cullface": "down"},
				"down": {"uv": [3, 8, 5, 9], "texture": "#ore", "cullface": "down"}
			}
		},
		{
			"from": [9, -0.4, 7],
			"to": [13, 0.1, 8],
			"rotation": {"angle": 0, "axis": "x", "origin": [8, 8, 8]},
			"faces": {
				"north": {"uv": [9, 8, 13, 8.5], "rotation": 180, "texture": "#ore", "cullface": "down"},
				"east": {"uv": [12, 8, 12.5, 9], "rotation": 270, "texture": "#ore", "cullface": "down"},
				"south": {"uv": [9, 8, 13, 8.5], "texture": "#ore", "cullface": "down"},
				"west": {"uv": [9, 8, 9.5, 9], "rotation": 90, "texture": "#ore", "cullface": "down"},
				"down": {"uv": [9, 8, 13, 9], "texture": "#ore", "cullface": "down"}
			}
		},
		{
			"from": [10, -0.25, 6],
			"to": [12, 0, 7],
			"rotation": {"angle": 0, "axis": "x", "origin": [8, 8, 8]},
			"faces": {
				"north": {"uv": [10, 9, 12, 9.5], "rotation": 180, "texture": "#ore", "cullface": "down"},
				"east": {"uv": [11, 9, 11.5, 10], "rotation": 270, "texture": "#ore", "cullface": "down"},
				"west": {"uv": [10, 9, 10.5, 10], "rotation": 90, "texture": "#ore", "cullface": "down"},
				"down": {"uv": [10, 9, 12, 10], "texture": "#ore", "cullface": "down"}
			}
		},
		{
			"from": [4, -0.4, 10],
			"to": [11, 0.1, 11],
			"rotation": {"angle": 0, "axis": "x", "origin": [8, 8, 8]},
			"faces": {
				"north": {"uv": [4, 5, 11, 5.5], "rotation": 180, "texture": "#ore", "cullface": "down"},
				"east": {"uv": [10, 5, 10.5, 6], "rotation": 270, "texture": "#ore", "cullface": "down"},
				"south": {"uv": [4, 5, 11, 5.5], "texture": "#ore", "cullface": "down"},
				"west": {"uv": [4, 5, 4.5, 6], "rotation": 90, "texture": "#ore", "cullface": "down"},
				"down": {"uv": [4, 5, 11, 6], "texture": "#ore", "cullface": "down"}
			}
		},
		{
			"from": [7, -0.4, 11],
			"to": [12, 0.1, 12],
			"rotation": {"angle": 0, "axis": "x", "origin": [8, 8, 8]},
			"faces": {
				"north": {"uv": [7, 4, 12, 4.5], "rotation": 180, "texture": "#ore", "cullface": "down"},
				"east": {"uv": [12, 8, 12.5, 9], "rotation": 270, "texture": "#ore", "cullface": "down"},
				"south": {"uv": [7, 4, 12, 4.5], "texture": "#ore", "cullface": "down"},
				"west": {"uv": [7, 4, 7.5, 5], "rotation": 90, "texture": "#ore", "cullface": "down"},
				"down": {"uv": [7, 4, 12, 5], "texture": "#ore", "cullface": "down"}
			}
		},
		{
			"from": [6, -0.25, 9],
			"to": [9, 0, 10],
			"rotation": {"angle": 0, "axis": "x", "origin": [8, 8, 8]},
			"faces": {
				"north": {"uv": [6, 6, 9, 6.25], "rotation": 180, "texture": "#ore", "cullface": "down"},
				"east": {"uv": [8, 6, 8.25, 7], "rotation": 270, "texture": "#ore", "cullface": "down"},
				"west": {"uv": [6, 6, 6.5, 7], "rotation": 90, "texture": "#ore", "cullface": "down"},
				"down": {"uv": [6, 6, 9, 7], "texture": "#ore", "cullface": "down"}
			}
		},
		{
			"from": [1, -0.25, 12],
			"to": [4, 0, 13],
			"rotation": {"angle": 0, "axis": "x", "origin": [8, 8, 8]},
			"faces": {
				"north": {"uv": [1, 3, 4, 3.5], "rotation": 180, "texture": "#ore", "cullface": "down"},
				"east": {"uv": [3, 3, 3.5, 4], "rotation": 270, "texture": "#ore", "cullface": "down"},
				"south": {"uv": [1, 3, 4, 3.5], "texture": "#ore", "cullface": "down"},
				"west": {"uv": [1, 3, 1.5, 4], "rotation": 90, "texture": "#ore", "cullface": "down"},
				"down": {"uv": [1, 3, 4, 4], "texture": "#ore", "cullface": "down"}
			}
		},
		{
			"from": [2, -0.4, 13],
			"to": [5, 0.1, 14],
			"rotation": {"angle": 0, "axis": "x", "origin": [8, 8, 8]},
			"faces": {
				"north": {"uv": [2, 2, 5, 2.5], "rotation": 180, "texture": "#ore", "cullface": "down"},
				"east": {"uv": [4, 2, 4.5, 3], "rotation": 270, "texture": "#ore", "cullface": "down"},
				"south": {"uv": [2, 2, 5, 2.5], "texture": "#ore", "cullface": "down"},
				"west": {"uv": [2, 2, 2.5, 3], "rotation": 90, "texture": "#ore", "cullface": "down"},
				"down": {"uv": [2, 2, 5, 3], "texture": "#ore", "cullface": "down"}
			}
		},
		{
			"from": [11, -0.25, 13],
			"to": [13, 0, 14],
			"rotation": {"angle": 0, "axis": "x", "origin": [8, 8, 8]},
			"faces": {
				"north": {"uv": [11, 2, 13, 2.25], "rotation": 180, "texture": "#ore", "cullface": "down"},
				"east": {"uv": [12, 2, 12.5, 3], "rotation": 270, "texture": "#ore", "cullface": "down"},
				"west": {"uv": [11, 2, 11.5, 3], "rotation": 90, "texture": "#ore", "cullface": "down"},
				"down": {"uv": [11, 2, 13, 3], "texture": "#ore", "cullface": "down"}
			}
		},
		{
			"from": [10, -0.4, 14],
			"to": [14, 0.1, 15],
			"rotation": {"angle": 0, "axis": "x", "origin": [8, 8, 8]},
			"faces": {
				"north": {"uv": [10, 1, 14, 1.5], "rotation": 180, "texture": "#ore", "cullface": "down"},
				"east": {"uv": [13, 1, 13.5, 2], "rotation": 270, "texture": "#ore", "cullface": "down"},
				"south": {"uv": [10, 1, 14, 1.5], "texture": "#ore", "cullface": "down"},
				"west": {"uv": [10, 1, 10.5, 2], "rotation": 90, "texture": "#ore", "cullface": "down"},
				"down": {"uv": [10, 1, 14, 2], "texture": "#ore", "cullface": "down"}
			}
		},
		{
			"from": [13, -0.25, 10],
			"to": [15, 0, 11],
			"rotation": {"angle": 0, "axis": "x", "origin": [8, 8, 8]},
			"faces": {
				"north": {"uv": [13, 5, 15, 5.25], "rotation": 180, "texture": "#ore", "cullface": "down"},
				"east": {"uv": [14, 5, 14.25, 6], "rotation": 270, "texture": "#ore", "cullface": "down"},
				"south": {"uv": [13, 5, 15, 5.25], "texture": "#ore", "cullface": "down"},
				"west": {"uv": [13, 5, 13.25, 6], "rotation": 90, "texture": "#ore", "cullface": "down"},
				"down": {"uv": [13, 5, 15, 6], "texture": "#ore", "cullface": "down"}
			}
		}
	],
	"groups": [0,
		{
			"name": "N",
			"origin": [8, 8, 8],
			"children": [
				{
					"name": "1_1",
					"origin": [8, 8, 8],
					"children": [1, 2, 3]
				},
				{
					"name": "2_1",
					"origin": [8, 8, 8],
					"children": [4, 5, 6]
				},
				{
					"name": "3_1",
					"origin": [8, 8, 8],
					"children": [7, 8, 9]
				},
				{
					"name": "4_1",
					"origin": [8, 8, 8],
					"children": [10, 11]
				},
				{
					"name": "5_1",
					"origin": [8, 8, 8],
					"children": [12, 13, 14]
				},
				{
					"name": "6_1",
					"origin": [8, 8, 8],
					"children": [15, 16]
				},
				{
					"name": "7_1",
					"origin": [8, 8, 8],
					"children": [17, 18, 19]
				}
			]
		},
		{
			"name": "W",
			"origin": [8, 8, 8],
			"children": [
				{
					"name": "1_1",
					"origin": [8, 8, 8],
					"children": [20, 21, 22]
				},
				{
					"name": "2_1",
					"origin": [8, 8, 8],
					"children": [23, 24, 25]
				},
				{
					"name": "3_1",
					"origin": [8, 8, 8],
					"children": [26, 27, 28]
				},
				{
					"name": "4_1",
					"origin": [8, 8, 8],
					"children": [29, 30]
				},
				{
					"name": "5_1",
					"origin": [8, 8, 8],
					"children": [31, 32, 33]
				},
				{
					"name": "6_1",
					"origin": [8, 8, 8],
					"children": [34, 35]
				},
				{
					"name": "7_1",
					"origin": [8, 8, 8],
					"children": [36, 37, 38]
				}
			]
		},
		{
			"name": "S",
			"origin": [8, 8, 8],
			"children": [
				{
					"name": "1_1",
					"origin": [8, 8, 8],
					"children": [39, 40, 41]
				},
				{
					"name": "2_1",
					"origin": [8, 8, 8],
					"children": [42, 43, 44]
				},
				{
					"name": "3_1",
					"origin": [8, 8, 8],
					"children": [45, 46, 47]
				},
				{
					"name": "4_1",
					"origin": [8, 8, 8],
					"children": [48, 49]
				},
				{
					"name": "5_1",
					"origin": [8, 8, 8],
					"children": [50, 51, 52]
				},
				{
					"name": "6_1",
					"origin": [8, 8, 8],
					"children": [53, 54]
				},
				{
					"name": "7_1",
					"origin": [8, 8, 8],
					"children": [55, 56, 57]
				}
			]
		},
		{
			"name": "E",
			"origin": [8, 8, 8],
			"children": [
				{
					"name": "1_1",
					"origin": [8, 8, 8],
					"children": [58, 59, 60]
				},
				{
					"name": "2_1",
					"origin": [8, 8, 8],
					"children": [61, 62, 63]
				},
				{
					"name": "3_1",
					"origin": [8, 8, 8],
					"children": [64, 65, 66]
				},
				{
					"name": "4_1",
					"origin": [8, 8, 8],
					"children": [67, 68]
				},
				{
					"name": "5_1",
					"origin": [8, 8, 8],
					"children": [69, 70, 71]
				},
				{
					"name": "6_1",
					"origin": [8, 8, 8],
					"children": [72, 73]
				},
				{
					"name": "7_1",
					"origin": [8, 8, 8],
					"children": [74, 75, 76]
				}
			]
		},
		{
			"name": "U",
			"origin": [8, 8, 8],
			"children": [
				{
					"name": "1_1",
					"origin": [8, 8, 8],
					"children": [77, 78, 79]
				},
				{
					"name": "2_1",
					"origin": [8, 8, 8],
					"children": [80, 81, 82]
				},
				{
					"name": "3_1",
					"origin": [8, 8, 8],
					"children": [83, 84, 85]
				},
				{
					"name": "4_1",
					"origin": [8, 8, 8],
					"children": [86, 87]
				},
				{
					"name": "5_1",
					"origin": [8, 8, 8],
					"children": [88, 89, 90]
				},
				{
					"name": "6_1",
					"origin": [8, 8, 8],
					"children": [91, 92]
				},
				{
					"name": "7_1",
					"origin": [8, 8, 8],
					"children": [93, 94, 95]
				}
			]
		},
		{
			"name": "D",
			"origin": [8, 8, 8],
			"children": [
				{
					"name": "1_1",
					"origin": [8, 8, 8],
					"children": [96, 97, 98]
				},
				{
					"name": "2_1",
					"origin": [8, 8, 8],
					"children": [99, 100, 101]
				},
				{
					"name": "3_1",
					"origin": [8, 8, 8],
					"children": [102, 103, 104]
				},
				{
					"name": "4_1",
					"origin": [8, 8, 8],
					"children": [105, 106]
				},
				{
					"name": "5_1",
					"origin": [8, 8, 8],
					"children": [107, 108, 109]
				},
				{
					"name": "6_1",
					"origin": [8, 8, 8],
					"children": [110, 111]
				},
				{
					"name": "7_1",
					"origin": [8, 8, 8],
					"children": [112, 113, 114]
				}
			]
		}
	]
}