{
	"credit": "Made by TheWaschtlPlays using Blockbench",
	"ambientocclusion": false,
	"textures": {
		"1": "custom_textures/doors/oak/oak_door_side_0",
		"2": "custom_textures/doors/oak/oak_door_side_1",
		"particle": "custom_textures/doors/oak/oak_door_bottom_clean",
		"bottom": "custom_textures/doors/oak/oak_door_bottom_clean"
	},
	"elements": [
		{
			"from": [0, 0, 0],
			"to": [3, 16, 16],
			"faces": {
				"north": {"uv": [16, 0, 13, 16], "texture": "#2", "cullface": "north"},
				"east": {"uv": [0, 0, 16, 16], "texture": "#bottom"},
				"south": {"uv": [10, 0, 13, 16], "texture": "#2", "cullface": "south"},
				"west": {"uv": [16, 0, 0, 16], "texture": "#bottom", "cullface": "west"},
				"down": {"uv": [16, 3, 0, 6], "rotation": 270, "texture": "#1", "cullface": "down"}
			}
		},
		{
			"name": "HingeUP",
			"from": [-0.25, 14.75, 15],
			"to": [3.25, 17.25, 16.25],
			"rotation": {"angle": 0, "axis": "y", "origin": [7.75, 23, 8]},
			"faces": {
				"north": {"uv": [1, 10, 0, 12], "texture": "#bottom"},
				"east": {"uv": [1, 10, 0, 12], "texture": "#bottom"},
				"south": {"uv": [1, 10, 0, 12], "texture": "#bottom"},
				"west": {"uv": [1, 10, 0, 12], "texture": "#bottom"},
				"up": {"uv": [0, 11, 1, 10], "texture": "#bottom"},
				"down": {"uv": [0, 12, 1, 11], "texture": "#bottom"}
			}
		},
		{
			"name": "HingeDWN",
			"from": [-0.25, 3.75, 15],
			"to": [3.25, 6.25, 16.25],
			"rotation": {"angle": 0, "axis": "y", "origin": [7.75, 12, 8]},
			"faces": {
				"north": {"uv": [1, 10, 0, 12], "texture": "#bottom"},
				"east": {"uv": [1, 10, 0, 12], "texture": "#bottom"},
				"south": {"uv": [1, 10, 0, 12], "texture": "#bottom"},
				"west": {"uv": [1, 10, 0, 12], "texture": "#bottom"},
				"up": {"uv": [0, 11, 1, 10], "texture": "#bottom"},
				"down": {"uv": [0, 12, 1, 11], "texture": "#bottom"}
			}
		}
	]
}