{
	"credit": "Made by TheWaschtlPlays using Blockbench",
	"textures": {
		"particle": "blocks/redstone_ore",
		"ore": "blocks/redstone_ore"
	},
	"elements": [
		{
			"from": [0, 0, 0],
			"to": [16, 16, 16],
			"faces": {
				"north": {"uv": [0, 0, 16, 16], "texture": "#ore", "cullface": "north"},
				"east": {"uv": [0, 0, 16, 16], "texture": "#ore", "cullface": "east"},
				"south": {"uv": [0, 0, 16, 16], "texture": "#ore", "cullface": "south"},
				"west": {"uv": [0, 0, 16, 16], "texture": "#ore", "cullface": "west"},
				"up": {"uv": [0, 0, 16, 16], "texture": "#ore", "cullface": "up"},
				"down": {"uv": [0, 0, 16, 16], "texture": "#ore", "cullface": "down"}
			}
		},
		{
			"from": [10, 2, -0.25],
			"to": [12, 3, 0],
			"rotation": {"angle": 0, "axis": "y", "origin": [8, 8, 8]},
			"faces": {
				"north": {"uv": [4, 13, 6, 14], "texture": "#ore", "cullface": "north"},
				"east": {"uv": [4, 13, 5, 14], "texture": "#ore", "cullface": "north"},
				"west": {"uv": [5, 13, 6, 14], "texture": "#ore", "cullface": "north"},
				"down": {"uv": [4, 13, 6, 14], "rotation": 180, "texture": "#ore", "cullface": "north"}
			}
		},
		{
			"from": [8, 3, -0.4],
			"to": [13, 4, 0.1],
			"rotation": {"angle": 0, "axis": "y", "origin": [8, 8, 8]},
			"faces": {
				"north": {"uv": [3, 12, 8, 13], "texture": "#ore", "cullface": "north"},
				"east": {"uv": [3, 12, 4, 13], "texture": "#ore", "cullface": "north"},
				"west": {"uv": [7, 12, 8, 13], "texture": "#ore", "cullface": "north"},
				"up": {"uv": [3, 12, 8, 13], "rotation": 180, "texture": "#ore", "cullface": "north"},
				"down": {"uv": [3, 12, 8, 13], "rotation": 180, "texture": "#ore", "cullface": "north"}
			}
		},
		{
			"from": [3, 3, -0.25],
			"to": [5, 4, 0],
			"rotation": {"angle": 0, "axis": "y", "origin": [8, 8, 8]},
			"faces": {
				"north": {"uv": [11, 12, 13, 13], "texture": "#ore", "cullface": "north"},
				"east": {"uv": [11, 12, 11.25, 13], "texture": "#ore", "cullface": "north"},
				"west": {"uv": [12, 12, 12.25, 13], "texture": "#ore", "cullface": "north"},
				"up": {"uv": [11, 12, 13, 13], "rotation": 180, "texture": "#ore", "cullface": "north"},
				"down": {"uv": [11, 12, 13, 13], "rotation": 180, "texture": "#ore", "cullface": "north"}
			}
		},
		{
			"from": [2, 6, -0.4],
			"to": [5, 7, 0.1],
			"rotation": {"angle": 0, "axis": "y", "origin": [8, 8, 8]},
			"faces": {
				"north": {"uv": [11, 9, 14, 10], "texture": "#ore", "cullface": "north"},
				"east": {"uv": [11, 9, 12, 10], "texture": "#ore", "cullface": "north"},
				"west": {"uv": [13, 9, 14, 10], "texture": "#ore", "cullface": "north"},
				"down": {"uv": [11, 9, 14, 9.25], "rotation": 180, "texture": "#ore", "cullface": "north"}
			}
		},
		{
			"from": [1, 7, -0.5],
			"to": [7, 8, 0],
			"rotation": {"angle": 0, "axis": "y", "origin": [8, 8, 8]},
			"faces": {
				"north": {"uv": [9, 8, 15, 9], "texture": "#ore", "cullface": "north"},
				"east": {"uv": [9, 8, 10, 9], "texture": "#ore", "cullface": "north"},
				"west": {"uv": [14, 8, 15, 9], "texture": "#ore", "cullface": "north"},
				"up": {"uv": [9, 8, 15, 9], "rotation": 180, "texture": "#ore", "cullface": "north"},
				"down": {"uv": [9, 8, 15, 9], "rotation": 180, "texture": "#ore", "cullface": "north"}
			}
		},
		{
			"from": [12, 7, -0.4],
			"to": [15, 8, 0.1],
			"rotation": {"angle": 0, "axis": "y", "origin": [8, 8, 8]},
			"faces": {
				"north": {"uv": [1, 8, 4, 9], "texture": "#ore", "cullface": "north"},
				"east": {"uv": [1, 8, 2, 9], "texture": "#ore", "cullface": "north"},
				"west": {"uv": [3, 8, 4, 9], "texture": "#ore", "cullface": "north"},
				"up": {"uv": [1, 8, 4, 9], "rotation": 180, "texture": "#ore", "cullface": "north"},
				"down": {"uv": [1, 8, 4, 9], "rotation": 180, "texture": "#ore", "cullface": "north"}
			}
		},
		{
			"from": [13, 6, -0.25],
			"to": [15, 7, 0],
			"rotation": {"angle": 0, "axis": "y", "origin": [8, 8, 8]},
			"faces": {
				"north": {"uv": [1, 9, 3, 10], "texture": "#ore", "cullface": "north"},
				"east": {"uv": [1, 9, 2, 10], "texture": "#ore", "cullface": "north"},
				"west": {"uv": [2, 9, 3, 10], "texture": "#ore", "cullface": "north"},
				"down": {"uv": [1, 9, 3, 10], "rotation": 180, "texture": "#ore", "cullface": "north"}
			}
		},
		{
			"from": [2, 10, -0.25],
			"to": [4, 11, 0],
			"rotation": {"angle": 0, "axis": "y", "origin": [8, 8, 8]},
			"faces": {
				"north": {"uv": [12, 5, 14, 6], "texture": "#ore", "cullface": "north"},
				"east": {"uv": [12, 5, 12.25, 6], "texture": "#ore", "cullface": "north"},
				"west": {"uv": [13, 5, 13.25, 6], "texture": "#ore", "cullface": "north"},
				"up": {"uv": [12, 5, 14, 6], "rotation": 180, "texture": "#ore", "cullface": "north"},
				"down": {"uv": [12, 5, 14, 6], "rotation": 180, "texture": "#ore", "cullface": "north"}
			}
		},
		{
			"from": [8, 10, -0.4],
			"to": [12, 11, 0.1],
			"rotation": {"angle": 0, "axis": "y", "origin": [8, 8, 8]},
			"faces": {
				"north": {"uv": [4, 5, 8, 6], "texture": "#ore", "cullface": "north"},
				"east": {"uv": [4, 5, 5, 6], "texture": "#ore", "cullface": "north"},
				"west": {"uv": [7, 5, 8, 6], "texture": "#ore", "cullface": "north"},
				"down": {"uv": [4, 5, 8, 6], "rotation": 180, "texture": "#ore", "cullface": "north"}
			}
		},
		{
			"from": [8, 12, -0.25],
			"to": [11, 13, 0],
			"rotation": {"angle": 0, "axis": "y", "origin": [8, 8, 8]},
			"faces": {
				"north": {"uv": [5, 3, 8, 4], "texture": "#ore", "cullface": "north"},
				"east": {"uv": [5, 3, 5.25, 4], "texture": "#ore", "cullface": "north"},
				"west": {"uv": [7, 3, 7.25, 4], "texture": "#ore", "cullface": "north"},
				"up": {"uv": [5, 3, 8, 3.25], "texture": "#ore", "cullface": "north"}
			}
		},
		{
			"from": [6, 11, -0.5],
			"to": [13, 12, 0],
			"rotation": {"angle": 0, "axis": "y", "origin": [8, 8, 8]},
			"faces": {
				"north": {"uv": [3, 4, 10, 5], "texture": "#ore", "cullface": "north"},
				"east": {"uv": [3, 4, 4, 5], "texture": "#ore", "cullface": "north"},
				"west": {"uv": [9, 4, 10, 5], "texture": "#ore", "cullface": "north"},
				"up": {"uv": [3, 4, 10, 4.5], "rotation": 180, "texture": "#ore", "cullface": "north"},
				"down": {"uv": [9, 8, 15, 9], "rotation": 180, "texture": "#ore", "cullface": "north"}
			}
		},
		{
			"from": [-0.25, 2, 4],
			"to": [0, 3, 6],
			"rotation": {"angle": 0, "axis": "y", "origin": [8, 8, 8]},
			"faces": {
				"north": {"uv": [4, 13, 5, 14], "texture": "#ore", "cullface": "west"},
				"south": {"uv": [5, 13, 6, 14], "texture": "#ore", "cullface": "west"},
				"west": {"uv": [4, 13, 6, 14], "texture": "#ore", "cullface": "west"},
				"down": {"uv": [4, 13, 6, 14], "rotation": 270, "texture": "#ore", "cullface": "west"}
			}
		},
		{
			"from": [-0.4, 3, 3],
			"to": [0.1, 4, 8],
			"rotation": {"angle": 0, "axis": "y", "origin": [8, 8, 8]},
			"faces": {
				"north": {"uv": [3, 12, 4, 13], "texture": "#ore", "cullface": "west"},
				"south": {"uv": [7, 12, 8, 13], "texture": "#ore", "cullface": "west"},
				"west": {"uv": [3, 12, 8, 13], "texture": "#ore", "cullface": "west"},
				"up": {"uv": [3, 12, 8, 13], "rotation": 90, "texture": "#ore", "cullface": "west"},
				"down": {"uv": [3, 12, 8, 13], "rotation": 270, "texture": "#ore", "cullface": "west"}
			}
		},
		{
			"from": [-0.25, 3, 11],
			"to": [0, 4, 13],
			"rotation": {"angle": 0, "axis": "y", "origin": [8, 8, 8]},
			"faces": {
				"north": {"uv": [11, 12, 11.25, 13], "texture": "#ore", "cullface": "west"},
				"south": {"uv": [12, 12, 12.25, 13], "texture": "#ore", "cullface": "west"},
				"west": {"uv": [11, 12, 13, 13], "texture": "#ore", "cullface": "west"},
				"up": {"uv": [11, 12, 13, 13], "rotation": 90, "texture": "#ore", "cullface": "west"},
				"down": {"uv": [11, 12, 13, 13], "rotation": 270, "texture": "#ore", "cullface": "west"}
			}
		},
		{
			"from": [-0.4, 6, 11],
			"to": [0.1, 7, 14],
			"rotation": {"angle": 0, "axis": "y", "origin": [8, 8, 8]},
			"faces": {
				"north": {"uv": [11, 9, 12, 10], "texture": "#ore", "cullface": "west"},
				"south": {"uv": [13, 9, 14, 10], "texture": "#ore", "cullface": "west"},
				"west": {"uv": [11, 9, 14, 10], "texture": "#ore", "cullface": "west"},
				"down": {"uv": [11, 9, 14, 9.25], "rotation": 270, "texture": "#ore", "cullface": "west"}
			}
		},
		{
			"from": [-0.5, 7, 9],
			"to": [0, 8, 15],
			"rotation": {"angle": 0, "axis": "y", "origin": [8, 8, 8]},
			"faces": {
				"north": {"uv": [9, 8, 10, 9], "texture": "#ore", "cullface": "west"},
				"south": {"uv": [14, 8, 15, 9], "texture": "#ore", "cullface": "west"},
				"west": {"uv": [9, 8, 15, 9], "texture": "#ore", "cullface": "west"},
				"up": {"uv": [9, 8, 15, 9], "rotation": 90, "texture": "#ore", "cullface": "west"},
				"down": {"uv": [9, 8, 15, 9], "rotation": 270, "texture": "#ore", "cullface": "west"}
			}
		},
		{
			"from": [-0.4, 7, 1],
			"to": [0.1, 8, 4],
			"rotation": {"angle": 0, "axis": "y", "origin": [8, 8, 8]},
			"faces": {
				"north": {"uv": [1, 8, 2, 9], "texture": "#ore", "cullface": "west"},
				"south": {"uv": [3, 8, 4, 9], "texture": "#ore", "cullface": "west"},
				"west": {"uv": [1, 8, 4, 9], "texture": "#ore", "cullface": "west"},
				"up": {"uv": [1, 8, 4, 9], "rotation": 90, "texture": "#ore", "cullface": "west"},
				"down": {"uv": [1, 8, 4, 9], "rotation": 270, "texture": "#ore", "cullface": "west"}
			}
		},
		{
			"from": [-0.25, 6, 1],
			"to": [0, 7, 3],
			"rotation": {"angle": 0, "axis": "y", "origin": [8, 8, 8]},
			"faces": {
				"north": {"uv": [1, 9, 2, 10], "texture": "#ore", "cullface": "west"},
				"south": {"uv": [2, 9, 3, 10], "texture": "#ore", "cullface": "west"},
				"west": {"uv": [1, 9, 3, 10], "texture": "#ore", "cullface": "west"},
				"down": {"uv": [1, 9, 3, 10], "rotation": 270, "texture": "#ore", "cullface": "west"}
			}
		},
		{
			"from": [-0.25, 10, 12],
			"to": [0, 11, 14],
			"rotation": {"angle": 0, "axis": "y", "origin": [8, 8, 8]},
			"faces": {
				"north": {"uv": [12, 5, 12.25, 6], "texture": "#ore", "cullface": "west"},
				"south": {"uv": [13, 5, 13.25, 6], "texture": "#ore", "cullface": "west"},
				"west": {"uv": [12, 5, 14, 6], "texture": "#ore", "cullface": "west"},
				"up": {"uv": [12, 5, 14, 6], "rotation": 90, "texture": "#ore", "cullface": "west"},
				"down": {"uv": [12, 5, 14, 6], "rotation": 270, "texture": "#ore", "cullface": "west"}
			}
		},
		{
			"from": [-0.4, 10, 4],
			"to": [0.1, 11, 8],
			"rotation": {"angle": 0, "axis": "y", "origin": [8, 8, 8]},
			"faces": {
				"north": {"uv": [4, 5, 5, 6], "texture": "#ore", "cullface": "west"},
				"south": {"uv": [7, 5, 8, 6], "texture": "#ore", "cullface": "west"},
				"west": {"uv": [4, 5, 8, 6], "texture": "#ore", "cullface": "west"},
				"down": {"uv": [4, 5, 8, 6], "rotation": 270, "texture": "#ore", "cullface": "west"}
			}
		},
		{
			"from": [-0.25, 12, 5],
			"to": [0, 13, 8],
			"rotation": {"angle": 0, "axis": "y", "origin": [8, 8, 8]},
			"faces": {
				"north": {"uv": [5, 3, 5.25, 4], "texture": "#ore", "cullface": "west"},
				"south": {"uv": [7, 3, 7.25, 4], "texture": "#ore", "cullface": "west"},
				"west": {"uv": [5, 3, 8, 4], "texture": "#ore", "cullface": "west"},
				"up": {"uv": [5, 3, 8, 3.25], "rotation": 270, "texture": "#ore", "cullface": "west"}
			}
		},
		{
			"from": [-0.5, 11, 3],
			"to": [0, 12, 10],
			"rotation": {"angle": 0, "axis": "y", "origin": [8, 8, 8]},
			"faces": {
				"north": {"uv": [3, 4, 4, 5], "texture": "#ore", "cullface": "west"},
				"south": {"uv": [9, 4, 10, 5], "texture": "#ore", "cullface": "west"},
				"west": {"uv": [3, 4, 10, 5], "texture": "#ore", "cullface": "west"},
				"up": {"uv": [3, 4, 10, 4.5], "rotation": 90, "texture": "#ore", "cullface": "west"},
				"down": {"uv": [9, 8, 15, 9], "rotation": 270, "texture": "#ore", "cullface": "west"}
			}
		},
		{
			"from": [4, 2, 16],
			"to": [6, 3, 16.25],
			"rotation": {"angle": 0, "axis": "y", "origin": [8, 8, 8]},
			"faces": {
				"east": {"uv": [5, 13, 6, 14], "texture": "#ore", "cullface": "south"},
				"south": {"uv": [4, 13, 6, 14], "texture": "#ore", "cullface": "south"},
				"west": {"uv": [4, 13, 5, 14], "texture": "#ore", "cullface": "south"},
				"down": {"uv": [4, 13, 6, 14], "texture": "#ore", "cullface": "south"}
			}
		},
		{
			"from": [3, 3, 15.9],
			"to": [8, 4, 16.4],
			"rotation": {"angle": 0, "axis": "y", "origin": [8, 8, 8]},
			"faces": {
				"east": {"uv": [7, 12, 8, 13], "texture": "#ore", "cullface": "south"},
				"south": {"uv": [3, 12, 8, 13], "texture": "#ore", "cullface": "south"},
				"west": {"uv": [3, 12, 4, 13], "texture": "#ore", "cullface": "south"},
				"up": {"uv": [3, 12, 8, 13], "texture": "#ore", "cullface": "south"},
				"down": {"uv": [3, 12, 8, 13], "texture": "#ore", "cullface": "south"}
			}
		},
		{
			"from": [11, 3, 16],
			"to": [13, 4, 16.25],
			"rotation": {"angle": 0, "axis": "y", "origin": [8, 8, 8]},
			"faces": {
				"east": {"uv": [12, 12, 12.25, 13], "texture": "#ore", "cullface": "south"},
				"south": {"uv": [11, 12, 13, 13], "texture": "#ore", "cullface": "south"},
				"west": {"uv": [11, 12, 11.25, 13], "texture": "#ore", "cullface": "south"},
				"up": {"uv": [11, 12, 13, 13], "texture": "#ore", "cullface": "south"},
				"down": {"uv": [11, 12, 13, 13], "texture": "#ore", "cullface": "south"}
			}
		},
		{
			"from": [11, 6, 15.9],
			"to": [14, 7, 16.4],
			"rotation": {"angle": 0, "axis": "y", "origin": [8, 8, 8]},
			"faces": {
				"east": {"uv": [13, 9, 14, 10], "texture": "#ore", "cullface": "south"},
				"south": {"uv": [11, 9, 14, 10], "texture": "#ore", "cullface": "south"},
				"west": {"uv": [11, 9, 12, 10], "texture": "#ore", "cullface": "south"},
				"down": {"uv": [11, 9, 14, 9.25], "texture": "#ore", "cullface": "south"}
			}
		},
		{
			"from": [9, 7, 16],
			"to": [15, 8, 16.5],
			"rotation": {"angle": 0, "axis": "y", "origin": [8, 8, 8]},
			"faces": {
				"east": {"uv": [14, 8, 15, 9], "texture": "#ore", "cullface": "south"},
				"south": {"uv": [9, 8, 15, 9], "texture": "#ore", "cullface": "south"},
				"west": {"uv": [9, 8, 10, 9], "texture": "#ore", "cullface": "south"},
				"up": {"uv": [9, 8, 15, 9], "texture": "#ore", "cullface": "south"},
				"down": {"uv": [9, 8, 15, 9], "texture": "#ore", "cullface": "south"}
			}
		},
		{
			"from": [1, 7, 15.9],
			"to": [4, 8, 16.4],
			"rotation": {"angle": 0, "axis": "y", "origin": [8, 8, 8]},
			"faces": {
				"east": {"uv": [3, 8, 4, 9], "texture": "#ore", "cullface": "south"},
				"south": {"uv": [1, 8, 4, 9], "texture": "#ore", "cullface": "south"},
				"west": {"uv": [1, 8, 2, 9], "texture": "#ore", "cullface": "south"},
				"up": {"uv": [1, 8, 4, 9], "texture": "#ore", "cullface": "south"},
				"down": {"uv": [1, 8, 4, 9], "texture": "#ore", "cullface": "south"}
			}
		},
		{
			"from": [1, 6, 16],
			"to": [3, 7, 16.25],
			"rotation": {"angle": 0, "axis": "y", "origin": [8, 8, 8]},
			"faces": {
				"east": {"uv": [2, 9, 3, 10], "texture": "#ore", "cullface": "south"},
				"south": {"uv": [1, 9, 3, 10], "texture": "#ore", "cullface": "south"},
				"west": {"uv": [1, 9, 2, 10], "texture": "#ore", "cullface": "south"},
				"down": {"uv": [1, 9, 3, 10], "texture": "#ore", "cullface": "south"}
			}
		},
		{
			"from": [12, 10, 16],
			"to": [14, 11, 16.25],
			"rotation": {"angle": 0, "axis": "y", "origin": [8, 8, 8]},
			"faces": {
				"east": {"uv": [13, 5, 13.25, 6], "texture": "#ore", "cullface": "south"},
				"south": {"uv": [12, 5, 14, 6], "texture": "#ore", "cullface": "south"},
				"west": {"uv": [12, 5, 12.25, 6], "texture": "#ore", "cullface": "south"},
				"up": {"uv": [12, 5, 14, 6], "texture": "#ore", "cullface": "south"},
				"down": {"uv": [12, 5, 14, 6], "texture": "#ore", "cullface": "south"}
			}
		},
		{
			"from": [4, 10, 15.9],
			"to": [8, 11, 16.4],
			"rotation": {"angle": 0, "axis": "y", "origin": [8, 8, 8]},
			"faces": {
				"east": {"uv": [7, 5, 8, 6], "texture": "#ore", "cullface": "south"},
				"south": {"uv": [4, 5, 8, 6], "texture": "#ore", "cullface": "south"},
				"west": {"uv": [4, 5, 5, 6], "texture": "#ore", "cullface": "south"},
				"down": {"uv": [4, 5, 8, 6], "texture": "#ore", "cullface": "south"}
			}
		},
		{
			"from": [5, 12, 16],
			"to": [8, 13, 16.25],
			"rotation": {"angle": 0, "axis": "y", "origin": [8, 8, 8]},
			"faces": {
				"east": {"uv": [7, 3, 7.25, 4], "texture": "#ore", "cullface": "south"},
				"south": {"uv": [5, 3, 8, 4], "texture": "#ore", "cullface": "south"},
				"west": {"uv": [5, 3, 5.25, 4], "texture": "#ore", "cullface": "south"},
				"up": {"uv": [5, 3, 8, 3.25], "rotation": 180, "texture": "#ore", "cullface": "south"}
			}
		},
		{
			"from": [3, 11, 16],
			"to": [10, 12, 16.5],
			"rotation": {"angle": 0, "axis": "y", "origin": [8, 8, 8]},
			"faces": {
				"east": {"uv": [9, 4, 10, 5], "texture": "#ore", "cullface": "south"},
				"south": {"uv": [3, 4, 10, 5], "texture": "#ore", "cullface": "south"},
				"west": {"uv": [3, 4, 4, 5], "texture": "#ore", "cullface": "south"},
				"up": {"uv": [3, 4, 10, 4.5], "texture": "#ore", "cullface": "south"},
				"down": {"uv": [9, 8, 15, 9], "texture": "#ore", "cullface": "south"}
			}
		},
		{
			"from": [16, 2, 10],
			"to": [16.25, 3, 12],
			"rotation": {"angle": 0, "axis": "y", "origin": [8, 8, 8]},
			"faces": {
				"north": {"uv": [5, 13, 6, 14], "texture": "#ore", "cullface": "east"},
				"east": {"uv": [4, 13, 6, 14], "texture": "#ore", "cullface": "east"},
				"south": {"uv": [4, 13, 5, 14], "texture": "#ore", "cullface": "east"},
				"down": {"uv": [4, 13, 6, 14], "rotation": 90, "texture": "#ore", "cullface": "east"}
			}
		},
		{
			"from": [15.9, 3, 8],
			"to": [16.4, 4, 13],
			"rotation": {"angle": 0, "axis": "y", "origin": [8, 8, 8]},
			"faces": {
				"north": {"uv": [7, 12, 8, 13], "texture": "#ore", "cullface": "east"},
				"east": {"uv": [3, 12, 8, 13], "texture": "#ore", "cullface": "east"},
				"south": {"uv": [3, 12, 4, 13], "texture": "#ore", "cullface": "east"},
				"up": {"uv": [3, 12, 8, 13], "rotation": 270, "texture": "#ore", "cullface": "east"},
				"down": {"uv": [3, 12, 8, 13], "rotation": 90, "texture": "#ore", "cullface": "east"}
			}
		},
		{
			"from": [16, 3, 3],
			"to": [16.25, 4, 5],
			"rotation": {"angle": 0, "axis": "y", "origin": [8, 8, 8]},
			"faces": {
				"north": {"uv": [12, 12, 12.25, 13], "texture": "#ore", "cullface": "east"},
				"east": {"uv": [11, 12, 13, 13], "texture": "#ore", "cullface": "east"},
				"south": {"uv": [11, 12, 11.25, 13], "texture": "#ore", "cullface": "east"},
				"up": {"uv": [11, 12, 13, 13], "rotation": 270, "texture": "#ore", "cullface": "east"},
				"down": {"uv": [11, 12, 13, 13], "rotation": 90, "texture": "#ore", "cullface": "east"}
			}
		},
		{
			"from": [15.9, 6, 2],
			"to": [16.4, 7, 5],
			"rotation": {"angle": 0, "axis": "y", "origin": [8, 8, 8]},
			"faces": {
				"north": {"uv": [13, 9, 14, 10], "texture": "#ore", "cullface": "east"},
				"east": {"uv": [11, 9, 14, 10], "texture": "#ore", "cullface": "east"},
				"south": {"uv": [11, 9, 12, 10], "texture": "#ore", "cullface": "east"},
				"down": {"uv": [11, 9, 14, 9.25], "rotation": 90, "texture": "#ore", "cullface": "east"}
			}
		},
		{
			"from": [16, 7, 1],
			"to": [16.5, 8, 7],
			"rotation": {"angle": 0, "axis": "y", "origin": [8, 8, 8]},
			"faces": {
				"north": {"uv": [14, 8, 15, 9], "texture": "#ore", "cullface": "east"},
				"east": {"uv": [9, 8, 15, 9], "texture": "#ore", "cullface": "east"},
				"south": {"uv": [9, 8, 10, 9], "texture": "#ore", "cullface": "east"},
				"up": {"uv": [9, 8, 15, 9], "rotation": 270, "texture": "#ore", "cullface": "east"},
				"down": {"uv": [9, 8, 15, 9], "rotation": 90, "texture": "#ore", "cullface": "east"}
			}
		},
		{
			"from": [15.9, 7, 12],
			"to": [16.4, 8, 15],
			"rotation": {"angle": 0, "axis": "y", "origin": [8, 8, 8]},
			"faces": {
				"north": {"uv": [3, 8, 4, 9], "texture": "#ore", "cullface": "east"},
				"east": {"uv": [1, 8, 4, 9], "texture": "#ore", "cullface": "east"},
				"south": {"uv": [1, 8, 2, 9], "texture": "#ore", "cullface": "east"},
				"up": {"uv": [1, 8, 4, 9], "rotation": 270, "texture": "#ore", "cullface": "east"},
				"down": {"uv": [1, 8, 4, 9], "rotation": 90, "texture": "#ore", "cullface": "east"}
			}
		},
		{
			"from": [16, 6, 13],
			"to": [16.25, 7, 15],
			"rotation": {"angle": 0, "axis": "y", "origin": [8, 8, 8]},
			"faces": {
				"north": {"uv": [2, 9, 3, 10], "texture": "#ore", "cullface": "east"},
				"east": {"uv": [1, 9, 3, 10], "texture": "#ore", "cullface": "east"},
				"south": {"uv": [1, 9, 2, 10], "texture": "#ore", "cullface": "east"},
				"down": {"uv": [1, 9, 3, 10], "rotation": 90, "texture": "#ore", "cullface": "east"}
			}
		},
		{
			"from": [16, 10, 2],
			"to": [16.25, 11, 4],
			"rotation": {"angle": 0, "axis": "y", "origin": [8, 8, 8]},
			"faces": {
				"north": {"uv": [13, 5, 13.25, 6], "texture": "#ore", "cullface": "east"},
				"east": {"uv": [12, 5, 14, 6], "texture": "#ore", "cullface": "east"},
				"south": {"uv": [12, 5, 12.25, 6], "texture": "#ore", "cullface": "east"},
				"up": {"uv": [12, 5, 14, 6], "rotation": 270, "texture": "#ore", "cullface": "east"},
				"down": {"uv": [12, 5, 14, 6], "rotation": 90, "texture": "#ore", "cullface": "east"}
			}
		},
		{
			"from": [15.9, 10, 8],
			"to": [16.4, 11, 12],
			"rotation": {"angle": 0, "axis": "y", "origin": [8, 8, 8]},
			"faces": {
				"north": {"uv": [7, 5, 8, 6], "texture": "#ore", "cullface": "east"},
				"east": {"uv": [4, 5, 8, 6], "texture": "#ore", "cullface": "east"},
				"south": {"uv": [4, 5, 5, 6], "texture": "#ore", "cullface": "east"},
				"down": {"uv": [4, 5, 8, 6], "rotation": 90, "texture": "#ore", "cullface": "east"}
			}
		},
		{
			"from": [16, 12, 8],
			"to": [16.25, 13, 11],
			"rotation": {"angle": 0, "axis": "y", "origin": [8, 8, 8]},
			"faces": {
				"north": {"uv": [7, 3, 7.25, 4], "texture": "#ore", "cullface": "east"},
				"east": {"uv": [5, 3, 8, 4], "texture": "#ore", "cullface": "east"},
				"south": {"uv": [5, 3, 5.25, 4], "texture": "#ore", "cullface": "east"},
				"up": {"uv": [5, 3, 8, 3.25], "rotation": 90, "texture": "#ore", "cullface": "east"}
			}
		},
		{
			"from": [16, 11, 6],
			"to": [16.5, 12, 13],
			"rotation": {"angle": 0, "axis": "y", "origin": [8, 8, 8]},
			"faces": {
				"north": {"uv": [9, 4, 10, 5], "texture": "#ore", "cullface": "east"},
				"east": {"uv": [3, 4, 10, 5], "texture": "#ore", "cullface": "east"},
				"south": {"uv": [3, 4, 4, 5], "texture": "#ore", "cullface": "east"},
				"up": {"uv": [3, 4, 10, 4.5], "rotation": 270, "texture": "#ore", "cullface": "east"},
				"down": {"uv": [9, 8, 15, 9], "rotation": 90, "texture": "#ore", "cullface": "east"}
			}
		},
		{
			"from": [4, 16, 13],
			"to": [6, 16.25, 14],
			"rotation": {"angle": 0, "axis": "x", "origin": [8, 8, 8]},
			"faces": {
				"east": {"uv": [5, 13, 6, 14], "rotation": 90, "texture": "#ore", "cullface": "up"},
				"south": {"uv": [4, 13, 6, 14], "texture": "#ore", "cullface": "up"},
				"west": {"uv": [4, 13, 5, 14], "rotation": 270, "texture": "#ore", "cullface": "up"},
				"up": {"uv": [4, 13, 6, 14], "texture": "#ore", "cullface": "up"}
			}
		},
		{
			"from": [3, 15.9, 12],
			"to": [8, 16.4, 13],
			"rotation": {"angle": 0, "axis": "x", "origin": [8, 8, 8]},
			"faces": {
				"north": {"uv": [3, 12, 8, 13], "rotation": 180, "texture": "#ore", "cullface": "up"},
				"east": {"uv": [7, 12, 8, 13], "rotation": 90, "texture": "#ore", "cullface": "up"},
				"south": {"uv": [3, 12, 8, 13], "texture": "#ore", "cullface": "up"},
				"west": {"uv": [3, 12, 4, 13], "rotation": 270, "texture": "#ore", "cullface": "up"},
				"up": {"uv": [3, 12, 8, 13], "texture": "#ore", "cullface": "up"}
			}
		},
		{
			"from": [11, 16, 12],
			"to": [13, 16.25, 13],
			"rotation": {"angle": 0, "axis": "x", "origin": [8, 8, 8]},
			"faces": {
				"north": {"uv": [11, 12, 13, 13], "rotation": 180, "texture": "#ore", "cullface": "up"},
				"east": {"uv": [12, 12, 12.25, 13], "rotation": 90, "texture": "#ore", "cullface": "up"},
				"south": {"uv": [11, 12, 13, 13], "texture": "#ore", "cullface": "up"},
				"west": {"uv": [11, 12, 11.25, 13], "rotation": 270, "texture": "#ore", "cullface": "up"},
				"up": {"uv": [11, 12, 13, 13], "texture": "#ore", "cullface": "up"}
			}
		},
		{
			"from": [11, 15.9, 9],
			"to": [14, 16.4, 10],
			"rotation": {"angle": 0, "axis": "x", "origin": [8, 8, 8]},
			"faces": {
				"east": {"uv": [13, 9, 14, 10], "rotation": 90, "texture": "#ore", "cullface": "up"},
				"south": {"uv": [11, 9, 14, 9.25], "texture": "#ore", "cullface": "up"},
				"west": {"uv": [11, 9, 12, 10], "rotation": 270, "texture": "#ore", "cullface": "up"},
				"up": {"uv": [11, 9, 14, 10], "texture": "#ore", "cullface": "up"}
			}
		},
		{
			"from": [9, 16, 8],
			"to": [15, 16.5, 9],
			"rotation": {"angle": 0, "axis": "x", "origin": [8, 8, 8]},
			"faces": {
				"north": {"uv": [9, 8, 15, 9], "rotation": 180, "texture": "#ore", "cullface": "up"},
				"east": {"uv": [14, 8, 15, 9], "rotation": 90, "texture": "#ore", "cullface": "up"},
				"south": {"uv": [9, 8, 15, 9], "texture": "#ore", "cullface": "up"},
				"west": {"uv": [9, 8, 10, 9], "rotation": 270, "texture": "#ore", "cullface": "up"},
				"up": {"uv": [9, 8, 15, 9], "texture": "#ore", "cullface": "up"}
			}
		},
		{
			"from": [1, 15.9, 8],
			"to": [4, 16.4, 9],
			"rotation": {"angle": 0, "axis": "x", "origin": [8, 8, 8]},
			"faces": {
				"north": {"uv": [1, 8, 4, 9], "rotation": 180, "texture": "#ore", "cullface": "up"},
				"east": {"uv": [3, 8, 4, 9], "rotation": 90, "texture": "#ore", "cullface": "up"},
				"south": {"uv": [1, 8, 4, 9], "texture": "#ore", "cullface": "up"},
				"west": {"uv": [1, 8, 2, 9], "rotation": 270, "texture": "#ore", "cullface": "up"},
				"up": {"uv": [1, 8, 4, 9], "texture": "#ore", "cullface": "up"}
			}
		},
		{
			"from": [1, 16, 9],
			"to": [3, 16.25, 10],
			"rotation": {"angle": 0, "axis": "x", "origin": [8, 8, 8]},
			"faces": {
				"east": {"uv": [2, 9, 3, 10], "rotation": 90, "texture": "#ore", "cullface": "up"},
				"south": {"uv": [1, 9, 3, 10], "texture": "#ore", "cullface": "up"},
				"west": {"uv": [1, 9, 2, 10], "rotation": 270, "texture": "#ore", "cullface": "up"},
				"up": {"uv": [1, 9, 3, 10], "texture": "#ore", "cullface": "up"}
			}
		},
		{
			"from": [12, 16, 5],
			"to": [14, 16.25, 6],
			"rotation": {"angle": 0, "axis": "x", "origin": [8, 8, 8]},
			"faces": {
				"north": {"uv": [12, 5, 14, 6], "rotation": 180, "texture": "#ore", "cullface": "up"},
				"east": {"uv": [13, 5, 13.25, 6], "rotation": 90, "texture": "#ore", "cullface": "up"},
				"south": {"uv": [12, 5, 14, 6], "texture": "#ore", "cullface": "up"},
				"west": {"uv": [12, 5, 12.25, 6], "rotation": 270, "texture": "#ore", "cullface": "up"},
				"up": {"uv": [12, 5, 14, 6], "texture": "#ore", "cullface": "up"}
			}
		},
		{
			"from": [4, 15.9, 5],
			"to": [8, 16.4, 6],
			"rotation": {"angle": 0, "axis": "x", "origin": [8, 8, 8]},
			"faces": {
				"east": {"uv": [7, 5, 8, 6], "rotation": 90, "texture": "#ore", "cullface": "up"},
				"south": {"uv": [4, 5, 8, 6], "texture": "#ore", "cullface": "up"},
				"west": {"uv": [4, 5, 5, 6], "rotation": 270, "texture": "#ore", "cullface": "up"},
				"up": {"uv": [4, 5, 8, 6], "texture": "#ore", "cullface": "up"}
			}
		},
		{
			"from": [5, 16, 3],
			"to": [8, 16.25, 4],
			"rotation": {"angle": 0, "axis": "x", "origin": [8, 8, 8]},
			"faces": {
				"north": {"uv": [5, 3, 8, 3.25], "texture": "#ore", "cullface": "up"},
				"east": {"uv": [7, 3, 7.25, 4], "rotation": 90, "texture": "#ore", "cullface": "up"},
				"west": {"uv": [5, 3, 5.25, 4], "rotation": 270, "texture": "#ore", "cullface": "up"},
				"up": {"uv": [5, 3, 8, 4], "texture": "#ore", "cullface": "up"}
			}
		},
		{
			"from": [3, 16, 4],
			"to": [10, 16.5, 5],
			"rotation": {"angle": 0, "axis": "x", "origin": [8, 8, 8]},
			"faces": {
				"north": {"uv": [3, 4, 10, 4.5], "rotation": 180, "texture": "#ore", "cullface": "up"},
				"east": {"uv": [9, 4, 10, 5], "rotation": 90, "texture": "#ore", "cullface": "up"},
				"south": {"uv": [9, 8, 15, 9], "texture": "#ore", "cullface": "up"},
				"west": {"uv": [3, 4, 4, 5], "rotation": 270, "texture": "#ore", "cullface": "up"},
				"up": {"uv": [3, 4, 10, 5], "texture": "#ore", "cullface": "up"}
			}
		},
		{
			"from": [4, -0.25, 2],
			"to": [6, 0, 3],
			"rotation": {"angle": 0, "axis": "x", "origin": [8, 8, 8]},
			"faces": {
				"north": {"uv": [4, 13, 6, 14], "rotation": 180, "texture": "#ore", "cullface": "down"},
				"east": {"uv": [5, 13, 6, 14], "rotation": 270, "texture": "#ore", "cullface": "down"},
				"west": {"uv": [4, 13, 5, 14], "rotation": 90, "texture": "#ore", "cullface": "down"},
				"down": {"uv": [4, 13, 6, 14], "texture": "#ore", "cullface": "down"}
			}
		},
		{
			"from": [3, -0.4, 3],
			"to": [8, 0.1, 4],
			"rotation": {"angle": 0, "axis": "x", "origin": [8, 8, 8]},
			"faces": {
				"north": {"uv": [3, 12, 8, 13], "rotation": 180, "texture": "#ore", "cullface": "down"},
				"east": {"uv": [7, 12, 8, 13], "rotation": 270, "texture": "#ore", "cullface": "down"},
				"south": {"uv": [3, 12, 8, 13], "texture": "#ore", "cullface": "down"},
				"west": {"uv": [3, 12, 4, 13], "rotation": 90, "texture": "#ore", "cullface": "down"},
				"down": {"uv": [3, 12, 8, 13], "texture": "#ore", "cullface": "down"}
			}
		},
		{
			"from": [11, -0.25, 3],
			"to": [13, 0, 4],
			"rotation": {"angle": 0, "axis": "x", "origin": [8, 8, 8]},
			"faces": {
				"north": {"uv": [11, 12, 13, 13], "rotation": 180, "texture": "#ore", "cullface": "down"},
				"east": {"uv": [12, 12, 12.25, 13], "rotation": 270, "texture": "#ore", "cullface": "down"},
				"south": {"uv": [11, 12, 13, 13], "texture": "#ore", "cullface": "down"},
				"west": {"uv": [11, 12, 11.25, 13], "rotation": 90, "texture": "#ore", "cullface": "down"},
				"down": {"uv": [11, 12, 13, 13], "texture": "#ore", "cullface": "down"}
			}
		},
		{
			"from": [11, -0.4, 6],
			"to": [14, 0.1, 7],
			"rotation": {"angle": 0, "axis": "x", "origin": [8, 8, 8]},
			"faces": {
				"north": {"uv": [11, 9, 14, 9.25], "rotation": 180, "texture": "#ore", "cullface": "down"},
				"east": {"uv": [13, 9, 14, 10], "rotation": 270, "texture": "#ore", "cullface": "down"},
				"west": {"uv": [11, 9, 12, 10], "rotation": 90, "texture": "#ore", "cullface": "down"},
				"down": {"uv": [11, 9, 14, 10], "texture": "#ore", "cullface": "down"}
			}
		},
		{
			"from": [9, -0.5, 7],
			"to": [15, 0, 8],
			"rotation": {"angle": 0, "axis": "x", "origin": [8, 8, 8]},
			"faces": {
				"north": {"uv": [9, 8, 15, 9], "rotation": 180, "texture": "#ore", "cullface": "down"},
				"east": {"uv": [14, 8, 15, 9], "rotation": 270, "texture": "#ore", "cullface": "down"},
				"south": {"uv": [9, 8, 15, 9], "texture": "#ore", "cullface": "down"},
				"west": {"uv": [9, 8, 10, 9], "rotation": 90, "texture": "#ore", "cullface": "down"},
				"down": {"uv": [9, 8, 15, 9], "texture": "#ore", "cullface": "down"}
			}
		},
		{
			"from": [1, -0.4, 7],
			"to": [4, 0.1, 8],
			"rotation": {"angle": 0, "axis": "x", "origin": [8, 8, 8]},
			"faces": {
				"north": {"uv": [1, 8, 4, 9], "rotation": 180, "texture": "#ore", "cullface": "down"},
				"east": {"uv": [3, 8, 4, 9], "rotation": 270, "texture": "#ore", "cullface": "down"},
				"south": {"uv": [1, 8, 4, 9], "texture": "#ore", "cullface": "down"},
				"west": {"uv": [1, 8, 2, 9], "rotation": 90, "texture": "#ore", "cullface": "down"},
				"down": {"uv": [1, 8, 4, 9], "texture": "#ore", "cullface": "down"}
			}
		},
		{
			"from": [1, -0.25, 6],
			"to": [3, 0, 7],
			"rotation": {"angle": 0, "axis": "x", "origin": [8, 8, 8]},
			"faces": {
				"north": {"uv": [1, 9, 3, 10], "rotation": 180, "texture": "#ore", "cullface": "down"},
				"east": {"uv": [2, 9, 3, 10], "rotation": 270, "texture": "#ore", "cullface": "down"},
				"west": {"uv": [1, 9, 2, 10], "rotation": 90, "texture": "#ore", "cullface": "down"},
				"down": {"uv": [1, 9, 3, 10], "texture": "#ore", "cullface": "down"}
			}
		},
		{
			"from": [12, -0.25, 10],
			"to": [14, 0, 11],
			"rotation": {"angle": 0, "axis": "x", "origin": [8, 8, 8]},
			"faces": {
				"north": {"uv": [12, 5, 14, 6], "rotation": 180, "texture": "#ore", "cullface": "down"},
				"east": {"uv": [13, 5, 13.25, 6], "rotation": 270, "texture": "#ore", "cullface": "down"},
				"south": {"uv": [12, 5, 14, 6], "texture": "#ore", "cullface": "down"},
				"west": {"uv": [12, 5, 12.25, 6], "rotation": 90, "texture": "#ore", "cullface": "down"},
				"down": {"uv": [12, 5, 14, 6], "texture": "#ore", "cullface": "down"}
			}
		},
		{
			"from": [4, -0.4, 10],
			"to": [8, 0.1, 11],
			"rotation": {"angle": 0, "axis": "x", "origin": [8, 8, 8]},
			"faces": {
				"north": {"uv": [4, 5, 8, 6], "rotation": 180, "texture": "#ore", "cullface": "down"},
				"east": {"uv": [7, 5, 8, 6], "rotation": 270, "texture": "#ore", "cullface": "down"},
				"west": {"uv": [4, 5, 5, 6], "rotation": 90, "texture": "#ore", "cullface": "down"},
				"down": {"uv": [4, 5, 8, 6], "texture": "#ore", "cullface": "down"}
			}
		},
		{
			"from": [5, -0.25, 12],
			"to": [8, 0, 13],
			"rotation": {"angle": 0, "axis": "x", "origin": [8, 8, 8]},
			"faces": {
				"east": {"uv": [7, 3, 7.25, 4], "rotation": 270, "texture": "#ore", "cullface": "down"},
				"south": {"uv": [5, 3, 8, 3.25], "rotation": 180, "texture": "#ore", "cullface": "down"},
				"west": {"uv": [5, 3, 5.25, 4], "rotation": 90, "texture": "#ore", "cullface": "down"},
				"down": {"uv": [5, 3, 8, 4], "texture": "#ore", "cullface": "down"}
			}
		},
		{
			"from": [3, -0.5, 11],
			"to": [10, 0, 12],
			"rotation": {"angle": 0, "axis": "x", "origin": [8, 8, 8]},
			"faces": {
				"north": {"uv": [9, 8, 15, 9], "rotation": 180, "texture": "#ore", "cullface": "down"},
				"east": {"uv": [9, 4, 10, 5], "rotation": 270, "texture": "#ore", "cullface": "down"},
				"south": {"uv": [3, 4, 10, 4.5], "texture": "#ore", "cullface": "down"},
				"west": {"uv": [3, 4, 4, 5], "rotation": 90, "texture": "#ore", "cullface": "down"},
				"down": {"uv": [3, 4, 10, 5], "texture": "#ore", "cullface": "down"}
			}
		}
	],
	"groups": [0,
		{
			"name": "N",
			"origin": [7, 21, 11],
			"children": [
				{
					"name": "1_1",
					"origin": [8, 8, 8],
					"children": [1, 2]
				},
				{
					"name": "2_1",
					"origin": [8, 8, 8],
					"children": [3]
				},
				{
					"name": "3_1",
					"origin": [8, 8, 8],
					"children": [4, 5]
				},
				{
					"name": "4_1",
					"origin": [8, 8, 8],
					"children": [6, 7]
				},
				{
					"name": "5_1",
					"origin": [8, 8, 8],
					"children": [8]
				},
				{
					"name": "6_1",
					"origin": [8, 8, 8],
					"children": [9, 10, 11]
				}
			]
		},
		{
			"name": "W",
			"origin": [7, 21, 11],
			"children": [
				{
					"name": "1_1",
					"origin": [8, 8, 8],
					"children": [12, 13]
				},
				{
					"name": "2_1",
					"origin": [8, 8, 8],
					"children": [14]
				},
				{
					"name": "3_1",
					"origin": [8, 8, 8],
					"children": [15, 16]
				},
				{
					"name": "4_1",
					"origin": [8, 8, 8],
					"children": [17, 18]
				},
				{
					"name": "5_1",
					"origin": [8, 8, 8],
					"children": [19]
				},
				{
					"name": "6_1",
					"origin": [8, 8, 8],
					"children": [20, 21, 22]
				}
			]
		},
		{
			"name": "S",
			"origin": [7, 21, 11],
			"children": [
				{
					"name": "1_1",
					"origin": [8, 8, 8],
					"children": [23, 24]
				},
				{
					"name": "2_1",
					"origin": [8, 8, 8],
					"children": [25]
				},
				{
					"name": "3_1",
					"origin": [8, 8, 8],
					"children": [26, 27]
				},
				{
					"name": "4_1",
					"origin": [8, 8, 8],
					"children": [28, 29]
				},
				{
					"name": "5_1",
					"origin": [8, 8, 8],
					"children": [30]
				},
				{
					"name": "6_1",
					"origin": [8, 8, 8],
					"children": [31, 32, 33]
				}
			]
		},
		{
			"name": "E",
			"origin": [7, 21, 11],
			"children": [
				{
					"name": "1_1",
					"origin": [8, 8, 8],
					"children": [34, 35]
				},
				{
					"name": "2_1",
					"origin": [8, 8, 8],
					"children": [36]
				},
				{
					"name": "3_1",
					"origin": [8, 8, 8],
					"children": [37, 38]
				},
				{
					"name": "4_1",
					"origin": [8, 8, 8],
					"children": [39, 40]
				},
				{
					"name": "5_1",
					"origin": [8, 8, 8],
					"children": [41]
				},
				{
					"name": "6_1",
					"origin": [8, 8, 8],
					"children": [42, 43, 44]
				}
			]
		},
		{
			"name": "U",
			"origin": [7, 21, 11],
			"children": [
				{
					"name": "1_1",
					"origin": [8, 8, 8],
					"children": [45, 46]
				},
				{
					"name": "2_1",
					"origin": [8, 8, 8],
					"children": [47]
				},
				{
					"name": "3_1",
					"origin": [8, 8, 8],
					"children": [48, 49]
				},
				{
					"name": "4_1",
					"origin": [8, 8, 8],
					"children": [50, 51]
				},
				{
					"name": "5_1",
					"origin": [8, 8, 8],
					"children": [52]
				},
				{
					"name": "6_1",
					"origin": [8, 8, 8],
					"children": [53, 54, 55]
				}
			]
		},
		{
			"name": "D",
			"origin": [7, 21, 11],
			"children": [
				{
					"name": "1_1",
					"origin": [8, 8, 8],
					"children": [56, 57]
				},
				{
					"name": "2_1",
					"origin": [8, 8, 8],
					"children": [58]
				},
				{
					"name": "3_1",
					"origin": [8, 8, 8],
					"children": [59, 60]
				},
				{
					"name": "4_1",
					"origin": [8, 8, 8],
					"children": [61, 62]
				},
				{
					"name": "5_1",
					"origin": [8, 8, 8],
					"children": [63]
				},
				{
					"name": "6_1",
					"origin": [8, 8, 8],
					"children": [64, 65, 66]
				}
			]
		}
	]
}