{
	"credit": "Made by TheWaschtlPlays using Blockbench",
	"textures": {
		"particle": "blocks/sugar_cane",
		"sugar_cane": "blocks/sugar_cane"
	},
	"elements": [
		{
			"name": "Cube",
			"from": [4, -2, 3],
			"to": [6, 14, 5],
			"faces": {
				"north": {"uv": [5, 0, 7, 16], "texture": "#sugar_cane"},
				"east": {"uv": [7, 0, 5, 16], "texture": "#sugar_cane"},
				"south": {"uv": [7, 0, 5, 16], "texture": "#sugar_cane"},
				"west": {"uv": [5, 0, 7, 16], "texture": "#sugar_cane"},
				"up": {"uv": [5, 8, 7, 10], "texture": "#sugar_cane"}
			}
		},
		{
			"name": "Cube",
			"from": [12, -1, 7],
			"to": [14, 15, 9],
			"faces": {
				"north": {"uv": [9, 0, 11, 16], "texture": "#sugar_cane"},
				"east": {"uv": [11, 0, 9, 16], "texture": "#sugar_cane"},
				"south": {"uv": [11, 0, 9, 16], "texture": "#sugar_cane"},
				"west": {"uv": [9, 0, 11, 16], "texture": "#sugar_cane"},
				"up": {"uv": [5, 8, 7, 10], "texture": "#sugar_cane"}
			}
		},
		{
			"name": "Cube",
			"from": [9, -3, 2],
			"to": [10, 13, 3],
			"faces": {
				"north": {"uv": [1, 0, 2, 16], "texture": "#sugar_cane"},
				"east": {"uv": [2, 0, 1, 16], "texture": "#sugar_cane"},
				"south": {"uv": [3, 0, 2, 16], "texture": "#sugar_cane"},
				"west": {"uv": [1, 0, 2, 16], "texture": "#sugar_cane"},
				"up": {"uv": [5, 8, 6, 9], "texture": "#sugar_cane"}
			}
		},
		{
			"name": "Cube",
			"from": [3, -2, 13],
			"to": [4, 14, 14],
			"faces": {
				"north": {"uv": [13, 0, 14, 16], "texture": "#sugar_cane"},
				"east": {"uv": [15, 0, 14, 16], "texture": "#sugar_cane"},
				"south": {"uv": [14, 0, 13, 16], "texture": "#sugar_cane"},
				"west": {"uv": [13, 0, 14, 16], "texture": "#sugar_cane"},
				"up": {"uv": [6, 8, 7, 9], "texture": "#sugar_cane"}
			}
		},
		{
			"name": "Cube",
			"from": [7, 0, 11],
			"to": [9, 16, 13],
			"faces": {
				"north": {"uv": [1, 0, 3, 16], "texture": "#sugar_cane"},
				"east": {"uv": [3, 0, 1, 16], "texture": "#sugar_cane"},
				"south": {"uv": [3, 0, 1, 16], "texture": "#sugar_cane"},
				"west": {"uv": [1, 0, 3, 16], "texture": "#sugar_cane"},
				"up": {"uv": [5, 8, 7, 10], "texture": "#sugar_cane", "cullface": "up"}
			}
		},
		{
			"name": "Cube",
			"from": [1, -1, 8],
			"to": [3, 15, 10],
			"faces": {
				"north": {"uv": [1, 0, 3, 16], "texture": "#sugar_cane"},
				"east": {"uv": [3, 0, 1, 16], "texture": "#sugar_cane"},
				"south": {"uv": [3, 0, 1, 16], "texture": "#sugar_cane"},
				"west": {"uv": [1, 0, 3, 16], "texture": "#sugar_cane"},
				"up": {"uv": [5, 8, 7, 10], "texture": "#sugar_cane"}
			}
		},
		{
			"name": "Cube",
			"from": [7, 0, 7],
			"to": [8, 16, 8],
			"faces": {
				"north": {"uv": [1, 0, 2, 16], "texture": "#sugar_cane"},
				"east": {"uv": [3, 0, 2, 16], "texture": "#sugar_cane"},
				"south": {"uv": [2, 0, 1, 16], "texture": "#sugar_cane"},
				"west": {"uv": [1, 0, 2, 16], "texture": "#sugar_cane"},
				"up": {"uv": [5, 8, 6, 9], "texture": "#sugar_cane", "cullface": "up"}
			}
		},
		{
			"name": "Cube",
			"from": [3, 6, 3],
			"to": [4, 8, 4],
			"faces": {
				"north": {"uv": [0, 8, 1, 10], "texture": "#sugar_cane"},
				"south": {"uv": [0, 8, 1, 10], "texture": "#sugar_cane"},
				"west": {"uv": [3, 2, 4, 4], "texture": "#sugar_cane"},
				"up": {"uv": [0, 8, 1, 9], "texture": "#sugar_cane"},
				"down": {"uv": [7, 4, 8, 5], "texture": "#sugar_cane"}
			}
		},
		{
			"name": "Cube",
			"from": [3, 10, 10],
			"to": [4, 12, 11],
			"faces": {
				"north": {"uv": [0, 8, 1, 10], "texture": "#sugar_cane"},
				"east": {"uv": [0, 8, 1, 10], "texture": "#sugar_cane"},
				"south": {"uv": [0, 8, 1, 10], "texture": "#sugar_cane"},
				"west": {"uv": [3, 2, 4, 4], "texture": "#sugar_cane"},
				"up": {"uv": [0, 8, 1, 9], "texture": "#sugar_cane"},
				"down": {"uv": [7, 4, 8, 5], "texture": "#sugar_cane"}
			}
		},
		{
			"name": "Cube",
			"from": [1, 1, 10],
			"to": [2, 3, 11],
			"faces": {
				"east": {"uv": [0, 8, 1, 10], "texture": "#sugar_cane"},
				"south": {"uv": [0, 8, 1, 10], "texture": "#sugar_cane"},
				"west": {"uv": [3, 2, 4, 4], "texture": "#sugar_cane"},
				"up": {"uv": [0, 8, 1, 9], "texture": "#sugar_cane"},
				"down": {"uv": [7, 4, 8, 5], "texture": "#sugar_cane"}
			}
		},
		{
			"name": "Cube",
			"from": [2, 6, 13],
			"to": [3, 8, 14],
			"faces": {
				"north": {"uv": [0, 8, 1, 10], "texture": "#sugar_cane"},
				"south": {"uv": [0, 8, 1, 10], "texture": "#sugar_cane"},
				"west": {"uv": [3, 2, 4, 4], "texture": "#sugar_cane"},
				"up": {"uv": [0, 8, 1, 9], "texture": "#sugar_cane"},
				"down": {"uv": [7, 4, 8, 5], "texture": "#sugar_cane"}
			}
		},
		{
			"name": "Cube",
			"from": [9, 10, 13],
			"to": [10, 12, 14],
			"faces": {
				"north": {"uv": [0, 8, 1, 10], "texture": "#sugar_cane"},
				"east": {"uv": [0, 8, 1, 10], "texture": "#sugar_cane"},
				"south": {"uv": [0, 8, 1, 10], "texture": "#sugar_cane"},
				"west": {"uv": [3, 2, 4, 4], "texture": "#sugar_cane"},
				"up": {"uv": [0, 8, 1, 9], "texture": "#sugar_cane"},
				"down": {"uv": [7, 4, 8, 5], "texture": "#sugar_cane"}
			}
		},
		{
			"name": "Cube",
			"from": [9, 2, 11],
			"to": [10, 4, 12],
			"faces": {
				"north": {"uv": [0, 8, 1, 10], "texture": "#sugar_cane"},
				"east": {"uv": [0, 8, 1, 10], "texture": "#sugar_cane"},
				"south": {"uv": [0, 8, 1, 10], "texture": "#sugar_cane"},
				"up": {"uv": [0, 8, 1, 9], "texture": "#sugar_cane"},
				"down": {"uv": [7, 4, 8, 5], "texture": "#sugar_cane"}
			}
		},
		{
			"name": "Cube",
			"from": [9, 1, 3],
			"to": [10, 3, 4],
			"faces": {
				"east": {"uv": [0, 8, 1, 10], "texture": "#sugar_cane"},
				"south": {"uv": [0, 8, 1, 10], "texture": "#sugar_cane"},
				"west": {"uv": [3, 2, 4, 4], "texture": "#sugar_cane"},
				"up": {"uv": [0, 8, 1, 9], "texture": "#sugar_cane"},
				"down": {"uv": [7, 4, 8, 5], "texture": "#sugar_cane"}
			}
		},
		{
			"name": "Cube",
			"from": [12, 9, 6],
			"to": [13, 11, 7],
			"faces": {
				"north": {"uv": [0, 8, 1, 10], "texture": "#sugar_cane"},
				"east": {"uv": [0, 8, 1, 10], "texture": "#sugar_cane"},
				"west": {"uv": [3, 2, 4, 4], "texture": "#sugar_cane"},
				"up": {"uv": [0, 8, 1, 9], "texture": "#sugar_cane"},
				"down": {"uv": [7, 4, 8, 5], "texture": "#sugar_cane"}
			}
		},
		{
			"name": "Cube",
			"from": [6, 11, 5],
			"to": [7, 13, 6],
			"faces": {
				"north": {"uv": [0, 8, 1, 10], "texture": "#sugar_cane"},
				"east": {"uv": [0, 8, 1, 10], "texture": "#sugar_cane"},
				"south": {"uv": [0, 8, 1, 10], "texture": "#sugar_cane"},
				"west": {"uv": [3, 2, 4, 4], "texture": "#sugar_cane"},
				"up": {"uv": [0, 8, 1, 9], "texture": "#sugar_cane"},
				"down": {"uv": [7, 4, 8, 5], "texture": "#sugar_cane"}
			}
		},
		{
			"name": "Cube",
			"from": [9, 7, 1],
			"to": [10, 9, 2],
			"faces": {
				"north": {"uv": [0, 8, 1, 10], "texture": "#sugar_cane"},
				"east": {"uv": [0, 8, 1, 10], "texture": "#sugar_cane"},
				"west": {"uv": [3, 2, 4, 4], "texture": "#sugar_cane"},
				"up": {"uv": [0, 8, 1, 9], "texture": "#sugar_cane"},
				"down": {"uv": [7, 4, 8, 5], "texture": "#sugar_cane"}
			}
		}
	]
}