{
	"credit": "Made by TheWaschtlPlays using Blockbench",
	"textures": {
		"particle": "blocks/sea_lantern",
		"all": "blocks/sea_lantern"
	},
	"elements": [
		{
			"name": "CornersE",
			"from": [15, 1, 14],
			"to": [16, 2, 15],
			"faces": {
				"north": {"uv": [0, 0, 1, 1], "texture": "#all", "cullface": "east"},
				"east": {"uv": [0, 0, 1, 1], "texture": "#all", "cullface": "east"},
				"up": {"uv": [0, 0, 1, 1], "texture": "#all", "cullface": "east"}
			}
		},
		{
			"name": "FrameTop",
			"from": [0, 15, 0],
			"to": [1, 16, 15],
			"faces": {
				"north": {"uv": [0, 0, 1, 1], "texture": "#all", "cullface": "north"},
				"east": {"uv": [0, 0, 15, 1], "texture": "#all", "cullface": "up"},
				"west": {"uv": [0, 0, 15, 1], "texture": "#all", "cullface": "west"},
				"up": {"uv": [0, 0, 1, 15], "texture": "#all", "cullface": "up"},
				"down": {"uv": [0, 0, 1, 15], "texture": "#all", "cullface": "west"}
			}
		},
		{
			"name": "FrameTop",
			"from": [0, 15, 15],
			"to": [15, 16, 16],
			"faces": {
				"north": {"uv": [0, 0, 15, 1], "texture": "#all", "cullface": "up"},
				"south": {"uv": [0, 0, 15, 1], "texture": "#all", "cullface": "south"},
				"west": {"uv": [0, 0, 1, 1], "texture": "#all", "cullface": "west"},
				"up": {"uv": [0, 0, 1, 15], "rotation": 270, "texture": "#all", "cullface": "up"},
				"down": {"uv": [0, 0, 1, 15], "rotation": 90, "texture": "#all", "cullface": "south"}
			}
		},
		{
			"name": "FrameTop",
			"from": [15, 15, 1],
			"to": [16, 16, 16],
			"faces": {
				"east": {"uv": [0, 0, 15, 1], "texture": "#all", "cullface": "east"},
				"south": {"uv": [0, 0, 1, 1], "texture": "#all", "cullface": "south"},
				"west": {"uv": [0, 0, 15, 1], "texture": "#all", "cullface": "up"},
				"up": {"uv": [0, 0, 1, 15], "rotation": 180, "texture": "#all", "cullface": "up"},
				"down": {"uv": [0, 0, 1, 15], "rotation": 180, "texture": "#all", "cullface": "east"}
			}
		},
		{
			"name": "FrameTop",
			"from": [1, 15, 0],
			"to": [16, 16, 1],
			"faces": {
				"north": {"uv": [0, 0, 15, 1], "texture": "#all", "cullface": "north"},
				"east": {"uv": [0, 0, 1, 1], "texture": "#all", "cullface": "east"},
				"south": {"uv": [0, 0, 15, 1], "texture": "#all", "cullface": "up"},
				"up": {"uv": [0, 0, 1, 15], "rotation": 90, "texture": "#all", "cullface": "up"},
				"down": {"uv": [0, 0, 1, 15], "rotation": 270, "texture": "#all", "cullface": "north"}
			}
		},
		{
			"name": "FrameSide",
			"from": [0, 1, 0],
			"to": [1, 15, 1],
			"faces": {
				"north": {"uv": [0, 0, 1, 14], "texture": "#all", "cullface": "north"},
				"east": {"uv": [0, 0, 1, 14], "texture": "#all", "cullface": "north"},
				"south": {"uv": [0, 0, 1, 14], "texture": "#all", "cullface": "west"},
				"west": {"uv": [0, 0, 1, 14], "texture": "#all", "cullface": "west"}
			}
		},
		{
			"name": "FrameSide",
			"from": [0, 1, 15],
			"to": [1, 15, 16],
			"faces": {
				"north": {"uv": [0, 0, 1, 14], "texture": "#all", "cullface": "west"},
				"east": {"uv": [0, 0, 1, 14], "texture": "#all", "cullface": "south"},
				"south": {"uv": [0, 0, 1, 14], "texture": "#all", "cullface": "south"},
				"west": {"uv": [0, 0, 1, 14], "texture": "#all", "cullface": "west"}
			}
		},
		{
			"name": "FrameSide",
			"from": [15, 1, 15],
			"to": [16, 15, 16],
			"faces": {
				"north": {"uv": [0, 0, 1, 14], "texture": "#all", "cullface": "east"},
				"east": {"uv": [0, 0, 1, 14], "texture": "#all", "cullface": "east"},
				"south": {"uv": [0, 0, 1, 14], "texture": "#all", "cullface": "south"},
				"west": {"uv": [0, 0, 1, 14], "texture": "#all", "cullface": "south"}
			}
		},
		{
			"name": "FrameSide",
			"from": [15, 1, 0],
			"to": [16, 15, 1],
			"faces": {
				"north": {"uv": [0, 0, 1, 14], "texture": "#all", "cullface": "north"},
				"east": {"uv": [0, 0, 1, 14], "texture": "#all", "cullface": "east"},
				"south": {"uv": [0, 0, 1, 14], "texture": "#all", "cullface": "east"},
				"west": {"uv": [0, 0, 1, 14], "texture": "#all", "cullface": "north"}
			}
		},
		{
			"name": "FrameBottom",
			"from": [1, 0, 0],
			"to": [16, 1, 1],
			"faces": {
				"north": {"uv": [0, 0, 15, 1], "texture": "#all", "cullface": "north"},
				"east": {"uv": [0, 0, 1, 1], "texture": "#all", "cullface": "east"},
				"south": {"uv": [0, 0, 15, 1], "texture": "#all", "cullface": "down"},
				"up": {"uv": [0, 0, 1, 15], "rotation": 90, "texture": "#all", "cullface": "north"},
				"down": {"uv": [0, 0, 1, 15], "rotation": 270, "texture": "#all", "cullface": "down"}
			}
		},
		{
			"name": "FrameBottom",
			"from": [0, 0, 0],
			"to": [1, 1, 15],
			"faces": {
				"north": {"uv": [0, 0, 1, 1], "texture": "#all", "cullface": "north"},
				"east": {"uv": [0, 0, 15, 1], "texture": "#all", "cullface": "down"},
				"west": {"uv": [0, 0, 15, 1], "texture": "#all", "cullface": "west"},
				"up": {"uv": [0, 0, 1, 15], "texture": "#all", "cullface": "west"},
				"down": {"uv": [0, 0, 1, 15], "texture": "#all", "cullface": "down"}
			}
		},
		{
			"name": "FrameBottom",
			"from": [0, 0, 15],
			"to": [15, 1, 16],
			"faces": {
				"north": {"uv": [0, 0, 15, 1], "texture": "#all", "cullface": "down"},
				"south": {"uv": [0, 0, 15, 1], "texture": "#all", "cullface": "south"},
				"west": {"uv": [0, 0, 1, 1], "texture": "#all", "cullface": "west"},
				"up": {"uv": [0, 0, 1, 15], "rotation": 270, "texture": "#all", "cullface": "south"},
				"down": {"uv": [0, 0, 1, 15], "rotation": 90, "texture": "#all", "cullface": "down"}
			}
		},
		{
			"name": "FrameBottom",
			"from": [15, 0, 1],
			"to": [16, 1, 16],
			"faces": {
				"east": {"uv": [0, 0, 15, 1], "texture": "#all", "cullface": "east"},
				"south": {"uv": [0, 0, 1, 1], "texture": "#all", "cullface": "south"},
				"west": {"uv": [0, 0, 15, 1], "texture": "#all", "cullface": "down"},
				"up": {"uv": [0, 0, 1, 15], "rotation": 180, "texture": "#all", "cullface": "east"},
				"down": {"uv": [0, 0, 1, 15], "rotation": 180, "texture": "#all", "cullface": "down"}
			}
		},
		{
			"name": "CornersE",
			"from": [15, 14, 14],
			"to": [16, 15, 15],
			"faces": {
				"north": {"uv": [0, 0, 1, 1], "texture": "#all", "cullface": "east"},
				"east": {"uv": [0, 0, 1, 1], "texture": "#all", "cullface": "east"},
				"down": {"uv": [0, 0, 1, 1], "texture": "#all", "cullface": "east"}
			}
		},
		{
			"name": "CornersN",
			"from": [14, 14, 0],
			"to": [15, 15, 1],
			"faces": {
				"north": {"uv": [0, 0, 1, 1], "texture": "#all", "cullface": "north"},
				"west": {"uv": [0, 0, 1, 1], "texture": "#all", "cullface": "north"},
				"down": {"uv": [0, 0, 1, 1], "rotation": 90, "texture": "#all", "cullface": "north"}
			}
		},
		{
			"name": "CornersN",
			"from": [14, 1, 0],
			"to": [15, 2, 1],
			"faces": {
				"north": {"uv": [0, 0, 1, 1], "texture": "#all", "cullface": "north"},
				"west": {"uv": [0, 0, 1, 1], "texture": "#all", "cullface": "north"},
				"up": {"uv": [0, 0, 1, 1], "rotation": 270, "texture": "#all", "cullface": "north"}
			}
		},
		{
			"name": "CornersN",
			"from": [1, 14, 0],
			"to": [2, 15, 1],
			"faces": {
				"north": {"uv": [0, 0, 1, 1], "texture": "#all", "cullface": "north"},
				"east": {"uv": [0, 0, 1, 1], "texture": "#all", "cullface": "north"},
				"down": {"uv": [0, 0, 1, 1], "rotation": 90, "texture": "#all", "cullface": "north"}
			}
		},
		{
			"name": "CornersN",
			"from": [1, 1, 0],
			"to": [2, 2, 1],
			"faces": {
				"north": {"uv": [0, 0, 1, 1], "texture": "#all", "cullface": "north"},
				"east": {"uv": [0, 0, 1, 1], "texture": "#all", "cullface": "north"},
				"up": {"uv": [0, 0, 1, 1], "rotation": 270, "texture": "#all", "cullface": "north"}
			}
		},
		{
			"name": "CornersS",
			"from": [14, 1, 15],
			"to": [15, 2, 16],
			"faces": {
				"south": {"uv": [0, 0, 1, 1], "texture": "#all", "cullface": "south"},
				"west": {"uv": [0, 0, 1, 1], "texture": "#all", "cullface": "south"},
				"up": {"uv": [0, 0, 1, 1], "rotation": 90, "texture": "#all", "cullface": "south"}
			}
		},
		{
			"name": "CornersS",
			"from": [14, 14, 15],
			"to": [15, 15, 16],
			"faces": {
				"south": {"uv": [0, 0, 1, 1], "texture": "#all", "cullface": "south"},
				"west": {"uv": [0, 0, 1, 1], "texture": "#all", "cullface": "south"},
				"down": {"uv": [0, 0, 1, 1], "rotation": 270, "texture": "#all", "cullface": "south"}
			}
		},
		{
			"name": "CornersS",
			"from": [1, 1, 15],
			"to": [2, 2, 16],
			"faces": {
				"east": {"uv": [0, 0, 1, 1], "texture": "#all", "cullface": "south"},
				"south": {"uv": [0, 0, 1, 1], "texture": "#all", "cullface": "south"},
				"up": {"uv": [0, 0, 1, 1], "rotation": 90, "texture": "#all", "cullface": "south"}
			}
		},
		{
			"name": "CornersS",
			"from": [1, 14, 15],
			"to": [2, 15, 16],
			"faces": {
				"east": {"uv": [0, 0, 1, 1], "texture": "#all", "cullface": "south"},
				"south": {"uv": [0, 0, 1, 1], "texture": "#all", "cullface": "south"},
				"down": {"uv": [0, 0, 1, 1], "rotation": 270, "texture": "#all", "cullface": "south"}
			}
		},
		{
			"name": "CornersT",
			"from": [1, 15, 1],
			"to": [2, 16, 2],
			"faces": {
				"east": {"uv": [0, 0, 1, 1], "rotation": 270, "texture": "#all", "cullface": "up"},
				"south": {"uv": [0, 0, 1, 1], "rotation": 270, "texture": "#all", "cullface": "up"},
				"up": {"uv": [0, 0, 1, 1], "rotation": 180, "texture": "#all", "cullface": "up"}
			}
		},
		{
			"name": "CornersT",
			"from": [1, 15, 14],
			"to": [2, 16, 15],
			"faces": {
				"north": {"uv": [0, 0, 1, 1], "rotation": 270, "texture": "#all", "cullface": "up"},
				"east": {"uv": [0, 0, 1, 1], "rotation": 270, "texture": "#all", "cullface": "up"},
				"up": {"uv": [0, 0, 1, 1], "rotation": 180, "texture": "#all", "cullface": "up"}
			}
		},
		{
			"name": "CornersT",
			"from": [14, 15, 1],
			"to": [15, 16, 2],
			"faces": {
				"south": {"uv": [0, 0, 1, 1], "rotation": 270, "texture": "#all", "cullface": "up"},
				"west": {"uv": [0, 0, 1, 1], "rotation": 90, "texture": "#all", "cullface": "up"},
				"up": {"uv": [0, 0, 1, 1], "rotation": 180, "texture": "#all", "cullface": "up"}
			}
		},
		{
			"name": "CornersT",
			"from": [14, 15, 14],
			"to": [15, 16, 15],
			"faces": {
				"north": {"uv": [0, 0, 1, 1], "rotation": 270, "texture": "#all", "cullface": "up"},
				"west": {"uv": [0, 0, 1, 1], "rotation": 90, "texture": "#all", "cullface": "up"},
				"up": {"uv": [0, 0, 1, 1], "rotation": 180, "texture": "#all", "cullface": "up"}
			}
		},
		{
			"name": "CornersB",
			"from": [1, 0, 14],
			"to": [2, 1, 15],
			"faces": {
				"north": {"uv": [0, 0, 1, 1], "rotation": 90, "texture": "#all", "cullface": "down"},
				"east": {"uv": [0, 0, 1, 1], "rotation": 90, "texture": "#all", "cullface": "down"},
				"down": {"uv": [0, 0, 1, 1], "rotation": 180, "texture": "#all", "cullface": "down"}
			}
		},
		{
			"name": "CornersB",
			"from": [1, 0, 1],
			"to": [2, 1, 2],
			"faces": {
				"east": {"uv": [0, 0, 1, 1], "rotation": 90, "texture": "#all", "cullface": "down"},
				"south": {"uv": [0, 0, 1, 1], "rotation": 90, "texture": "#all", "cullface": "down"},
				"down": {"uv": [0, 0, 1, 1], "rotation": 180, "texture": "#all", "cullface": "down"}
			}
		},
		{
			"name": "CornersB",
			"from": [14, 0, 14],
			"to": [15, 1, 15],
			"faces": {
				"north": {"uv": [0, 0, 1, 1], "rotation": 90, "texture": "#all", "cullface": "down"},
				"west": {"uv": [0, 0, 1, 1], "rotation": 270, "texture": "#all", "cullface": "down"},
				"down": {"uv": [0, 0, 1, 1], "rotation": 180, "texture": "#all", "cullface": "down"}
			}
		},
		{
			"name": "CornersB",
			"from": [14, 0, 1],
			"to": [15, 1, 2],
			"faces": {
				"south": {"uv": [0, 0, 1, 1], "rotation": 90, "texture": "#all", "cullface": "down"},
				"west": {"uv": [0, 0, 1, 1], "rotation": 270, "texture": "#all", "cullface": "down"},
				"down": {"uv": [0, 0, 1, 1], "rotation": 180, "texture": "#all", "cullface": "down"}
			}
		},
		{
			"name": "CornersW",
			"from": [0, 1, 14],
			"to": [1, 2, 15],
			"faces": {
				"north": {"uv": [0, 0, 1, 1], "texture": "#all", "cullface": "west"},
				"west": {"uv": [0, 0, 1, 1], "texture": "#all", "cullface": "west"},
				"up": {"uv": [0, 0, 1, 1], "rotation": 180, "texture": "#all", "cullface": "west"}
			}
		},
		{
			"name": "CornersW",
			"from": [0, 14, 14],
			"to": [1, 15, 15],
			"faces": {
				"north": {"uv": [0, 0, 1, 1], "texture": "#all", "cullface": "west"},
				"west": {"uv": [0, 0, 1, 1], "texture": "#all", "cullface": "west"},
				"down": {"uv": [0, 0, 1, 1], "rotation": 180, "texture": "#all", "cullface": "west"}
			}
		},
		{
			"name": "CornersW",
			"from": [0, 1, 1],
			"to": [1, 2, 2],
			"faces": {
				"south": {"uv": [0, 0, 1, 1], "texture": "#all", "cullface": "west"},
				"west": {"uv": [0, 0, 1, 1], "texture": "#all", "cullface": "west"},
				"up": {"uv": [0, 0, 1, 1], "rotation": 180, "texture": "#all", "cullface": "west"}
			}
		},
		{
			"name": "CornersW",
			"from": [0, 14, 1],
			"to": [1, 15, 2],
			"faces": {
				"south": {"uv": [0, 0, 1, 1], "texture": "#all", "cullface": "west"},
				"west": {"uv": [0, 0, 1, 1], "texture": "#all", "cullface": "west"},
				"down": {"uv": [0, 0, 1, 1], "rotation": 180, "texture": "#all", "cullface": "west"}
			}
		},
		{
			"name": "CornersE",
			"from": [15, 1, 1],
			"to": [16, 2, 2],
			"faces": {
				"east": {"uv": [0, 0, 1, 1], "texture": "#all", "cullface": "east"},
				"south": {"uv": [0, 0, 1, 1], "texture": "#all", "cullface": "east"},
				"up": {"uv": [0, 0, 1, 1], "texture": "#all", "cullface": "east"}
			}
		},
		{
			"name": "CornersE",
			"from": [15, 14, 1],
			"to": [16, 15, 2],
			"faces": {
				"east": {"uv": [0, 0, 1, 1], "texture": "#all", "cullface": "east"},
				"south": {"uv": [0, 0, 1, 1], "texture": "#all", "cullface": "east"},
				"down": {"uv": [0, 0, 1, 1], "texture": "#all", "cullface": "east"}
			}
		},
		{
			"name": "ElementWE",
			"from": [0.5, 1, 1],
			"to": [15.5, 15, 15],
			"faces": {
				"east": {"uv": [1, 1, 15, 15], "texture": "#all", "cullface": "east"},
				"west": {"uv": [1, 1, 15, 15], "texture": "#all", "cullface": "west"}
			}
		},
		{
			"name": "ElementNS",
			"from": [1, 1, 0.5],
			"to": [15, 15, 15.5],
			"faces": {
				"north": {"uv": [1, 1, 15, 15], "texture": "#all", "cullface": "north"},
				"south": {"uv": [1, 1, 15, 15], "texture": "#all", "cullface": "south"}
			}
		},
		{
			"name": "ElementBT",
			"from": [1, 0.5, 1],
			"to": [15, 15.5, 15],
			"faces": {
				"up": {"uv": [1, 1, 15, 15], "texture": "#all", "cullface": "up"},
				"down": {"uv": [1, 1, 15, 15], "texture": "#all", "cullface": "down"}
			}
		}
	]
}