{
	"variants": {
		"normal": [
		{	"model": "minecraft:leaves/spruce/0", "weight": 99 },
		{	"model": "minecraft:leaves/spruce/0", "y": 90, "weight": 98 },
		{	"model": "minecraft:leaves/spruce/0", "y": 180, "weight": 95 },
		{	"model": "minecraft:leaves/spruce/0", "y": 270, "weight": 97 },
		                                              
		{	"model": "minecraft:leaves/spruce/1"	, "weight": 95 },
		{	"model": "minecraft:leaves/spruce/1", "y": 90, "weight": 96 },
		{	"model": "minecraft:leaves/spruce/1", "y": 180, "weight": 95 },
		{	"model": "minecraft:leaves/spruce/1", "y": 270, "weight": 99 },
		                                              
		{	"model": "minecraft:leaves/spruce/2"	, "weight": 92 },
		{	"model": "minecraft:leaves/spruce/2", "y": 90, "weight": 99 },
		{	"model": "minecraft:leaves/spruce/2", "y": 180, "weight": 94 },
		{	"model": "minecraft:leaves/spruce/2", "y": 270, "weight": 97 },
		                                              
		{	"model": "minecraft:leaves/spruce/3"	, "weight": 98 },
		{	"model": "minecraft:leaves/spruce/3", "y": 90, "weight": 93 },
		{	"model": "minecraft:leaves/spruce/3", "y": 180, "weight": 96 },
		{	"model": "minecraft:leaves/spruce/3", "y": 270, "weight": 98 },
		                                              
		{	"model": "minecraft:leaves/spruce/4"	, "weight": 96 },
		{	"model": "minecraft:leaves/spruce/4", "y": 90, "weight": 98 },
		{	"model": "minecraft:leaves/spruce/4", "y": 180, "weight": 94 },
		{	"model": "minecraft:leaves/spruce/4", "y": 270, "weight": 96 }
		]
	}
}