{
	"credit": "Made by TheWaschtlPlays using Blockbench",
	"ambientocclusion": false,
	"textures": {
		"particle": "#crop"
	},
	"elements": [
		{
			"from": [4, -1, 5],
			"to": [4, 15, 21],
			"shade": false,
			"rotation": {"angle": 22.5, "axis": "y", "origin": [3, 8, 13]},
			"faces": {
				"east": {"uv": [0, 0, 16, 16], "texture": "#crop"},
				"west": {"uv": [16, 0, 0, 16], "texture": "#crop"}
			}
		},
		{
			"from": [-4, -1, 13],
			"to": [12, 15, 13],
			"shade": false,
			"rotation": {"angle": 22.5, "axis": "y", "origin": [3, 8, 13]},
			"faces": {
				"north": {"uv": [16, 0, 0, 16], "texture": "#crop"},
				"south": {"uv": [0, 0, 16, 16], "texture": "#crop"}
			}
		},
		{
			"from": [5, -1, 3.25],
			"to": [21, 15, 3.25],
			"shade": false,
			"rotation": {"angle": 22.5, "axis": "y", "origin": [13, 8, 4]},
			"faces": {
				"north": {"uv": [16, 0, 0, 16], "texture": "#crop"},
				"south": {"uv": [0, 0, 16, 16], "texture": "#crop"}
			}
		},
		{
			"from": [13, -1, -4.75],
			"to": [13, 15, 11.25],
			"shade": false,
			"rotation": {"angle": 22.5, "axis": "y", "origin": [13, 8, 4]},
			"faces": {
				"east": {"uv": [0, 0, 16, 16], "texture": "#crop"},
				"west": {"uv": [16, 0, 0, 16], "texture": "#crop"}
			}
		},
		{
			"from": [4, -1, -4],
			"to": [4, 15, 12],
			"shade": false,
			"rotation": {"angle": 0, "axis": "y", "origin": [3, 8, 3]},
			"faces": {
				"east": {"uv": [0, 0, 16, 16], "texture": "#crop"},
				"west": {"uv": [16, 0, 0, 16], "texture": "#crop"}
			}
		},
		{
			"from": [-4, -1, 4],
			"to": [12, 15, 4],
			"shade": false,
			"rotation": {"angle": 0, "axis": "y", "origin": [3, 8, 3]},
			"faces": {
				"north": {"uv": [0, 0, 16, 16], "texture": "#crop"},
				"south": {"uv": [16, 0, 0, 16], "texture": "#crop"}
			}
		},
		{
			"from": [12.25, -1, 4],
			"to": [12.25, 15, 20],
			"shade": false,
			"rotation": {"angle": 45, "axis": "y", "origin": [13, 8, 12]},
			"faces": {
				"east": {"uv": [0, 0, 16, 16], "texture": "#crop"},
				"west": {"uv": [16, 0, 0, 16], "texture": "#crop"}
			}
		},
		{
			"from": [4.25, -1, 12],
			"to": [20.25, 15, 12],
			"shade": false,
			"rotation": {"angle": 45, "axis": "y", "origin": [13, 8, 12]},
			"faces": {
				"north": {"uv": [0, 0, 16, 16], "texture": "#crop"},
				"south": {"uv": [16, 0, 0, 16], "texture": "#crop"}
			}
		},
		{
			"from": [8.5, -1, 0.75],
			"to": [8.5, 15, 16.75],
			"shade": false,
			"rotation": {"angle": 22.5, "axis": "y", "origin": [8, 8, 8]},
			"faces": {
				"east": {"uv": [0, 0, 16, 16], "texture": "#crop"},
				"west": {"uv": [16, 0, 0, 16], "texture": "#crop"}
			}
		},
		{
			"from": [0.5, -1, 8.75],
			"to": [16.5, 15, 8.75],
			"shade": false,
			"rotation": {"angle": 22.5, "axis": "y", "origin": [8, 8, 8]},
			"faces": {
				"north": {"uv": [0, 0, 16, 16], "texture": "#crop"},
				"south": {"uv": [16, 0, 0, 16], "texture": "#crop"}
			}
		}
	],
	"groups": [
		{
			"name": "1_2",
			"origin": [3, 8, 13],
			"children": [0, 1]
		},
		{
			"name": "2_2",
			"origin": [8, 8, 8],
			"children": [2, 3]
		},
		{
			"name": "3_2",
			"origin": [8, 8, 8],
			"children": [4, 5]
		},
		{
			"name": "4_2",
			"origin": [8, 8, 8],
			"children": [6, 7]
		},
		{
			"name": "5_2",
			"origin": [8, 8, 8],
			"children": [8, 9]
		}
	]
}