{
	"credit": "Made by TheWaschtlPlays using Blockbench",
	"ambientocclusion": false,
	"textures": {
		"particle": "#crop"
	},
	"elements": [
		{
			"from": [-5, -1, 12],
			"to": [11, 15, 12],
			"shade": false,
			"rotation": {"angle": 0, "axis": "y", "origin": [3, 8, 13]},
			"faces": {
				"north": {"uv": [0, 0, 16, 16], "texture": "#crop"},
				"south": {"uv": [16, 0, 0, 16], "texture": "#crop"}
			}
		},
		{
			"from": [3, -1, 4],
			"to": [3, 15, 20],
			"shade": false,
			"rotation": {"angle": 0, "axis": "y", "origin": [3, 8, 13]},
			"faces": {
				"east": {"uv": [0, 0, 16, 16], "texture": "#crop"},
				"west": {"uv": [16, 0, 0, 16], "texture": "#crop"}
			}
		},
		{
			"from": [4.5, -1, 2],
			"to": [20.5, 15, 2],
			"shade": false,
			"rotation": {"angle": 45, "axis": "y", "origin": [13, 8, 4]},
			"faces": {
				"north": {"uv": [16, 0, 0, 16], "texture": "#crop"},
				"south": {"uv": [0, 0, 16, 16], "texture": "#crop"}
			}
		},
		{
			"from": [12.5, -1, -6],
			"to": [12.5, 15, 10],
			"shade": false,
			"rotation": {"angle": 45, "axis": "y", "origin": [13, 8, 4]},
			"faces": {
				"east": {"uv": [0, 0, 16, 16], "texture": "#crop"},
				"west": {"uv": [16, 0, 0, 16], "texture": "#crop"}
			}
		},
		{
			"from": [3, -1, -4.5],
			"to": [3, 15, 11.5],
			"shade": false,
			"rotation": {"angle": 22.5, "axis": "y", "origin": [3, 8, 3]},
			"faces": {
				"east": {"uv": [0, 0, 16, 16], "texture": "#crop"},
				"west": {"uv": [16, 0, 0, 16], "texture": "#crop"}
			}
		},
		{
			"from": [-5, -1, 3.5],
			"to": [11, 15, 3.5],
			"shade": false,
			"rotation": {"angle": 22.5, "axis": "y", "origin": [3, 8, 3]},
			"faces": {
				"north": {"uv": [0, 0, 16, 16], "texture": "#crop"},
				"south": {"uv": [16, 0, 0, 16], "texture": "#crop"}
			}
		},
		{
			"from": [4, -1, 11.25],
			"to": [20, 15, 11.25],
			"shade": false,
			"rotation": {"angle": -22.5, "axis": "y", "origin": [13, 8, 12]},
			"faces": {
				"north": {"uv": [0, 0, 16, 16], "texture": "#crop"},
				"south": {"uv": [16, 0, 0, 16], "texture": "#crop"}
			}
		},
		{
			"from": [12, -1, 3.25],
			"to": [12, 15, 19.25],
			"shade": false,
			"rotation": {"angle": -22.5, "axis": "y", "origin": [13, 8, 12]},
			"faces": {
				"east": {"uv": [16, 0, 0, 16], "texture": "#crop"},
				"west": {"uv": [0, 0, 16, 16], "texture": "#crop"}
			}
		},
		{
			"from": [7.5, -1, 0],
			"to": [7.5, 15, 16],
			"shade": false,
			"rotation": {"angle": 45, "axis": "y", "origin": [8, 8, 8]},
			"faces": {
				"east": {"uv": [0, 0, 16, 16], "texture": "#crop"},
				"west": {"uv": [16, 0, 0, 16], "texture": "#crop"}
			}
		},
		{
			"from": [-0.5, -1, 8],
			"to": [15.5, 15, 8],
			"shade": false,
			"rotation": {"angle": 45, "axis": "y", "origin": [8, 8, 8]},
			"faces": {
				"north": {"uv": [0, 0, 16, 16], "texture": "#crop"},
				"south": {"uv": [16, 0, 0, 16], "texture": "#crop"}
			}
		}
	],
	"groups": [
		{
			"name": "1_3",
			"origin": [3, 8, 13],
			"children": [0, 1]
		},
		{
			"name": "2_3",
			"origin": [8, 8, 8],
			"children": [2, 3]
		},
		{
			"name": "3_3",
			"origin": [8, 8, 8],
			"children": [4, 5]
		},
		{
			"name": "4_3",
			"origin": [8, 8, 8],
			"children": [6, 7]
		},
		{
			"name": "5_3",
			"origin": [8, 8, 8],
			"children": [8, 9]
		}
	]
}