{
	"credit": "Made by TheWaschtlPlays using Blockbench",
	"textures": {
		"1_front": "block/beehive_front_honey"
	},
	"elements": [
		{
			"name": "Honey",
			"from": [6, 5, 1],
			"to": [9, 6, 2],
			"faces": {
				"north": {"uv": [7, 10, 10, 11], "texture": "#1_front", "cullface": "north"},
				"east": {"uv": [8, 10, 9, 11], "texture": "#1_front", "cullface": "north"}
			}
		},
		{
			"name": "Honey",
			"from": [9, 5, 1.25],
			"to": [10, 6, 2],
			"faces": {
				"north": {"uv": [6, 10, 7, 11], "texture": "#1_front", "cullface": "north"}
			}
		},
		{
			"name": "Honey",
			"from": [7, 4, 0.75],
			"to": [8, 5, 1],
			"faces": {
				"north": {"uv": [8, 11, 9, 12], "texture": "#1_front", "cullface": "north"},
				"east": {"uv": [8, 11, 9, 12], "texture": "#1_front", "cullface": "north"},
				"up": {"uv": [8, 11, 9, 12], "texture": "#1_front", "cullface": "north"},
				"down": {"uv": [8, 11, 9, 12], "texture": "#1_front", "cullface": "north"}
			}
		},
		{
			"name": "Honey",
			"from": [7, 3, 0.8],
			"to": [8, 4, 1],
			"faces": {
				"north": {"uv": [8, 12, 9, 13], "texture": "#1_front", "cullface": "north"},
				"east": {"uv": [8, 12, 9, 13], "texture": "#1_front", "cullface": "north"},
				"down": {"uv": [8, 12, 9, 13], "texture": "#1_front", "cullface": "north"}
			}
		},
		{
			"name": "Honey",
			"from": [5.99825, 2.00175, 0.85],
			"to": [6.99825, 3.00175, 1],
			"faces": {
				"north": {"uv": [9, 13, 10, 14], "texture": "#1_front", "cullface": "north"},
				"east": {"uv": [9, 13, 10, 14], "texture": "#1_front", "cullface": "north"},
				"west": {"uv": [9, 13, 10, 14], "texture": "#1_front", "cullface": "north"},
				"down": {"uv": [9, 13, 10, 14], "texture": "#1_front", "cullface": "north"}
			}
		},
		{
			"name": "Honey",
			"from": [12, 11, 0.6],
			"to": [15, 12, 1],
			"faces": {
				"north": {"uv": [1, 4, 4, 5], "texture": "#1_front", "cullface": "north"},
				"west": {"uv": [9, 13, 10, 14], "texture": "#1_front", "cullface": "north"},
				"down": {"uv": [4, 4, 1, 4.4], "texture": "#1_front", "cullface": "north"}
			}
		},
		{
			"name": "Honey",
			"from": [1.00003, 11, 0.6],
			"to": [6.00003, 12, 1],
			"faces": {
				"north": {"uv": [10, 4, 15, 5], "texture": "#1_front", "cullface": "north"},
				"east": {"uv": [10, 4, 10.4, 5], "rotation": 180, "texture": "#1_front", "cullface": "north"},
				"down": {"uv": [10, 4, 15, 4.4], "rotation": 180, "texture": "#1_front", "cullface": "north"}
			}
		},
		{
			"name": "Honey",
			"from": [2, 10, 0.7],
			"to": [3, 11, 1],
			"faces": {
				"north": {"uv": [13, 5, 14, 6], "texture": "#1_front", "cullface": "north"},
				"east": {"uv": [13, 5, 14, 6], "texture": "#1_front", "cullface": "north"},
				"west": {"uv": [13, 5, 14, 6], "texture": "#1_front", "cullface": "north"},
				"down": {"uv": [13, 5, 14, 6], "texture": "#1_front", "cullface": "north"}
			}
		},
		{
			"name": "Honey",
			"from": [6.00001, 11, 0.85],
			"to": [12.00001, 12, 1],
			"faces": {
				"north": {"uv": [4, 4, 10, 5], "texture": "#1_front", "cullface": "north"},
				"down": {"uv": [10, 4, 4, 4.15], "texture": "#1_front", "cullface": "north"}
			}
		},
		{
			"name": "Honey",
			"from": [6, 3, 0.7],
			"to": [7, 6, 1],
			"faces": {
				"north": {"uv": [9, 10, 10, 13], "texture": "#1_front", "cullface": "north"},
				"east": {"uv": [9, 10, 10, 13], "texture": "#1_front", "cullface": "north"},
				"west": {"uv": [9, 10, 10, 13], "texture": "#1_front", "cullface": "north"},
				"up": {"uv": [9, 11, 10, 12], "texture": "#1_front", "cullface": "north"},
				"down": {"uv": [9, 11, 10, 12], "texture": "#1_front", "cullface": "north"}
			}
		}
	],
	"groups": [
		{
			"name": "Honey",
			"origin": [8, 8, 8],
			"children": [0, 1, 2, 3, 4, 5, 6, 7, 8, 9]
		}
	]
}