{
	"credit": "Made by TheWaschtlPlays using Blockbench",
	"textures": {
		"3": "entity/bell/bell_body",
		"particle": "entity/bell/bell_body",
		"bar": "block/dark_oak_planks",
		"post": "block/stone_bricks"
	},
	"elements": [
		{
			"from": [-0.5, 13, 7],
			"to": [16.5, 15, 9],
			"rotation": {"angle": 0, "axis": "y", "origin": [5.5, 8, 8]},
			"faces": {
				"north": {"uv": [0, 2, 16, 4], "texture": "#bar"},
				"east": {"uv": [0, 3, 2, 5], "texture": "#bar", "cullface": "east"},
				"south": {"uv": [0, 3, 16, 5], "texture": "#bar"},
				"west": {"uv": [0, 3, 2, 5], "texture": "#bar", "cullface": "west"},
				"up": {"uv": [0, 5, 16, 3], "texture": "#bar"},
				"down": {"uv": [0, 3, 16, 5], "texture": "#bar"}
			}
		},
		{
			"from": [14, 0, 6],
			"to": [16, 16, 10],
			"faces": {
				"north": {"uv": [9, 1, 11, 16], "texture": "#post"},
				"east": {"uv": [5, 1, 9, 16], "texture": "#post", "cullface": "east"},
				"south": {"uv": [3, 1, 5, 16], "texture": "#post"},
				"west": {"uv": [11, 1, 15, 16], "texture": "#post"},
				"up": {"uv": [0, 0, 2, 4], "texture": "#post", "cullface": "up"},
				"down": {"uv": [0, 0, 2, 4], "texture": "#post", "cullface": "down"}
			}
		},
		{
			"from": [0, 0, 6],
			"to": [2, 16, 10],
			"faces": {
				"north": {"uv": [3, 1, 5, 16], "texture": "#post"},
				"east": {"uv": [11, 1, 15, 16], "texture": "#post"},
				"south": {"uv": [9, 1, 11, 16], "texture": "#post"},
				"west": {"uv": [5, 1, 9, 16], "texture": "#post", "cullface": "west"},
				"up": {"uv": [0, 0, 2, 4], "texture": "#post", "cullface": "up"},
				"down": {"uv": [0, 0, 2, 4], "texture": "#post", "cullface": "down"}
			}
		},
		{
			"from": [7, 3.25, 7],
			"to": [9, 5.25, 9],
			"faces": {
				"north": {"uv": [3, 6.5, 4, 7.5], "texture": "#3"},
				"east": {"uv": [3, 6.5, 4, 7.5], "texture": "#3"},
				"south": {"uv": [3, 6.5, 4, 7.5], "texture": "#3"},
				"west": {"uv": [3, 6.5, 4, 7.5], "texture": "#3"},
				"up": {"uv": [3, 6.5, 4, 7.5], "texture": "#3"},
				"down": {"uv": [3, 6.5, 4, 7.5], "texture": "#3"}
			}
		}
	]
}