{
	"multipart":[
				{ "apply": [
							{ "model": "ores/emerald_ore/1_1", "weight":	89	 },
							{ "model": "ores/emerald_ore/1_2", "weight":	85	 },
							{ "model": "_placeholder", "weight":	89	 }
							]
				},
				{ "apply": [
							{ "model": "ores/emerald_ore/2_1", "weight":	87	 },
							{ "model": "ores/emerald_ore/2_2", "weight":	82	 },
							{ "model": "_placeholder", "weight":	89	 }
							]
				},
				{ "apply": [
							{ "model": "ores/emerald_ore/3_1", "weight":	87	 },
							{ "model": "ores/emerald_ore/3_2", "weight":	85	 },
							{ "model": "_placeholder", "weight":	88	 }
							]
				},
				{ "apply": [
							{ "model": "ores/emerald_ore/4_1", "weight":	85	 },
							{ "model": "ores/emerald_ore/4_2", "weight":	82	 },
							{ "model": "_placeholder", "weight":	81	 }
							]
				},
				{ "apply": [
							{ "model": "ores/emerald_ore/5_1", "weight":	86	 },
							{ "model": "ores/emerald_ore/5_2", "weight":	81	 },
							{ "model": "_placeholder", "weight":	84	 }
							]
				},
				{ "apply": [
							{ "model": "ores/emerald_ore/6_1", "weight":	81	 },
							{ "model": "ores/emerald_ore/6_2", "weight":	81	 },
							{ "model": "_placeholder", "weight":	87	 }
							]
				},
				{ "apply": [
							{ "model": "ores/emerald_ore/7_1", "weight":	87	 },
							{ "model": "ores/emerald_ore/7_2", "weight":	87	 }
							]
				},






				{ "apply": [
							{ "model": "ores/emerald_ore/1_1", "y": 90 , "weight":	85	 },
							{ "model": "ores/emerald_ore/1_2", "y": 90 , "weight":	83	 },
							{ "model": "_placeholder", "weight":	69	 }
							]
				},
				{ "apply": [
							{ "model": "ores/emerald_ore/2_1", "y": 90 , "weight":	87	 },
							{ "model": "ores/emerald_ore/2_2", "y": 90 , "weight":	84	 },
							{ "model": "_placeholder", "weight":	64	 }
							]
				},
				{ "apply": [
							{ "model": "ores/emerald_ore/3_1", "y": 90 , "weight":	87	 },
							{ "model": "ores/emerald_ore/3_2", "y": 90 , "weight":	86	 },
							{ "model": "_placeholder", "weight":	64	 }
							]
				},
				{ "apply": [
							{ "model": "ores/emerald_ore/4_1", "y": 90 , "weight":	88	 },
							{ "model": "ores/emerald_ore/4_2", "y": 90 , "weight":	83	 },
							{ "model": "_placeholder", "weight":	60	 }
							]
				},
				{ "apply": [
							{ "model": "ores/emerald_ore/5_1", "y": 90 , "weight":	85	 },
							{ "model": "ores/emerald_ore/5_2", "y": 90 , "weight":	88	 },
							{ "model": "_placeholder", "weight":	66	 }
							]
				},
				{ "apply": [
							{ "model": "ores/emerald_ore/6_1", "y": 90 , "weight":	84	 },
							{ "model": "ores/emerald_ore/6_2", "y": 90 , "weight":	84	 },
							{ "model": "_placeholder", "weight":	62	 }
							]
				},
				{ "apply": [
							{ "model": "ores/emerald_ore/7_1", "y": 90 , "weight":	87	 },
							{ "model": "ores/emerald_ore/7_2", "y": 90 , "weight":	87	 }
							]
				},
				
				
				
				
				{ "apply": [
							{ "model": "ores/emerald_ore/1_1", "y": 180 , "weight":	82	 },
							{ "model": "ores/emerald_ore/1_2", "y": 180 , "weight":	87	 },
							{ "model": "_placeholder", "weight":	67	 }
							]
				},
				{ "apply": [
							{ "model": "ores/emerald_ore/2_1", "y": 180 , "weight":	82	 },
							{ "model": "ores/emerald_ore/2_2", "y": 180 , "weight":	86	 },
							{ "model": "_placeholder", "weight":	62	 }
							]
				},
				{ "apply": [
							{ "model": "ores/emerald_ore/3_1", "y": 180 , "weight":	82	 },
							{ "model": "ores/emerald_ore/3_2", "y": 180 , "weight":	86	 },
							{ "model": "_placeholder", "weight":	68	 }
							]
				},
				{ "apply": [
							{ "model": "ores/emerald_ore/4_1", "y": 180 , "weight":	85	 },
							{ "model": "ores/emerald_ore/4_2", "y": 180 , "weight":	82	 },
							{ "model": "_placeholder", "weight":	67	 }
							]
				},
				{ "apply": [
							{ "model": "ores/emerald_ore/5_1", "y": 180 , "weight":	83	 },
							{ "model": "ores/emerald_ore/5_2", "y": 180 , "weight":	86	 },
							{ "model": "_placeholder", "weight":	62	 }
							]
				},
				{ "apply": [
							{ "model": "ores/emerald_ore/6_1", "y": 180 , "weight":	86	 },
							{ "model": "ores/emerald_ore/6_2", "y": 180 , "weight":	86	 },
							{ "model": "_placeholder", "weight":	61	 }
							]
				},
				{ "apply": [
							{ "model": "ores/emerald_ore/7_1", "y": 180 , "weight":	80	 },
							{ "model": "ores/emerald_ore/7_2", "y": 180 , "weight":	87	 }
							]
				},
				
				
				
				
				{ "apply": [
							{ "model": "ores/emerald_ore/1_1", "y": 270 , "weight":	82	 },
							{ "model": "ores/emerald_ore/1_2", "y": 270 , "weight":	85	 },
							{ "model": "_placeholder", "weight":	62	 }
							]
				},
				{ "apply": [
							{ "model": "ores/emerald_ore/2_1", "y": 270 , "weight":	82	 },
							{ "model": "ores/emerald_ore/2_2", "y": 270 , "weight":	85	 },
							{ "model": "_placeholder", "weight":	67	 }
							]
				},
				{ "apply": [
							{ "model": "ores/emerald_ore/3_1", "y": 270 , "weight":	83	 },
							{ "model": "ores/emerald_ore/3_2", "y": 270 , "weight":	86	 },
							{ "model": "_placeholder", "weight":	60	 }
							]
				},
				{ "apply": [
							{ "model": "ores/emerald_ore/4_1", "y": 270 , "weight":	82	 },
							{ "model": "ores/emerald_ore/4_2", "y": 270 , "weight":	86	 },
							{ "model": "_placeholder", "weight":	68	 }
							]
				},
				{ "apply": [
							{ "model": "ores/emerald_ore/5_1", "y": 270 , "weight":	82	 },
							{ "model": "ores/emerald_ore/5_2", "y": 270 , "weight":	86	 },
							{ "model": "_placeholder", "weight":	66	 }
							]
				},
				{ "apply": [
							{ "model": "ores/emerald_ore/6_1", "y": 270 , "weight":	85	 },
							{ "model": "ores/emerald_ore/6_2", "y": 270 , "weight":	85	 },
							{ "model": "_placeholder", "weight":	64	 }
							]
				},
				{ "apply": [
							{ "model": "ores/emerald_ore/7_1", "y": 270 , "weight":	82	 },
							{ "model": "ores/emerald_ore/7_2", "y": 270 , "weight":	87	 }
							]
				},
				
				
				
				
				{ "apply": [
							{ "model": "ores/emerald_ore/1_1", "x": 90 , "y": 180 , "weight":	86	 },
							{ "model": "ores/emerald_ore/1_2", "x": 90 , "y": 180 , "weight":	83	 },
							{ "model": "_placeholder", "weight":	69	 }
							]
				},
				{ "apply": [
							{ "model": "ores/emerald_ore/2_1", "x": 90 , "y": 180 , "weight":	84	 },
							{ "model": "ores/emerald_ore/2_2", "x": 90 , "y": 180 , "weight":	82	 },
							{ "model": "_placeholder", "weight":	61	 }
							]
				},
				{ "apply": [
							{ "model": "ores/emerald_ore/3_1", "x": 90 , "y": 180 , "weight":	87	 },
							{ "model": "ores/emerald_ore/3_2", "x": 90 , "y": 180 , "weight":	83	 },
							{ "model": "_placeholder", "weight":	60	 }
							]
				},
				{ "apply": [
							{ "model": "ores/emerald_ore/4_1", "x": 90 , "y": 180 , "weight":	82	 },
							{ "model": "ores/emerald_ore/4_2", "x": 90 , "y": 180 , "weight":	85	 },
							{ "model": "_placeholder", "weight":	62	 }
							]
				},
				{ "apply": [
							{ "model": "ores/emerald_ore/5_1", "x": 90 , "y": 180 , "weight":	86	 },
							{ "model": "ores/emerald_ore/5_2", "x": 90 , "y": 180 , "weight":	82	 },
							{ "model": "_placeholder", "weight":	69	 }
							]
				},
				{ "apply": [
							{ "model": "ores/emerald_ore/6_1", "x": 90 , "y": 180 , "weight":	86	 },
							{ "model": "ores/emerald_ore/6_2", "x": 90 , "y": 180 , "weight":	86	 },
							{ "model": "_placeholder", "weight":	68	 }
							]
				},
				{ "apply": [
							{ "model": "ores/emerald_ore/7_1", "x": 90 , "y": 180 , "weight":	87	 },
							{ "model": "ores/emerald_ore/7_2", "x": 90 , "y": 180 , "weight":	87	 }
							]
				},
				
				
				
				
				{ "apply": [
							{ "model": "ores/emerald_ore/1_1", "x": 270 , "y": 180 , "weight":	82	 },
							{ "model": "ores/emerald_ore/1_2", "x": 270 , "y": 180 , "weight":	88	 },
							{ "model": "_placeholder", "weight":	69	 }
							]
				},
				{ "apply": [
							{ "model": "ores/emerald_ore/2_1", "x": 270 , "y": 180 , "weight":	82	 },
							{ "model": "ores/emerald_ore/2_2", "x": 270 , "y": 180 , "weight":	83	 },
							{ "model": "_placeholder", "weight":	62	 }
							]
				},
				{ "apply": [
							{ "model": "ores/emerald_ore/3_1", "x": 270 , "y": 180 , "weight":	88	 },
							{ "model": "ores/emerald_ore/3_2", "x": 270 , "y": 180 , "weight":	83	 },
							{ "model": "_placeholder", "weight":	63	 }
							]
				},
				{ "apply": [
							{ "model": "ores/emerald_ore/4_1", "x": 270 , "y": 180 , "weight":	81	 },
							{ "model": "ores/emerald_ore/4_2", "x": 270 , "y": 180 , "weight":	87	 },
							{ "model": "_placeholder", "weight":	69	 }
							]
				},
				{ "apply": [
							{ "model": "ores/emerald_ore/5_1", "x": 270 , "y": 180 , "weight":	85	 },
							{ "model": "ores/emerald_ore/5_2", "x": 270 , "y": 180 , "weight":	87	 },
							{ "model": "_placeholder", "weight":	60	 }
							]
				},
				{ "apply": [
							{ "model": "ores/emerald_ore/6_1", "x": 270 , "y": 180 , "weight":	82	 },
							{ "model": "ores/emerald_ore/6_2", "x": 270 , "y": 180 , "weight":	82	 },
							{ "model": "_placeholder", "weight":	65	 }
							]
				},
				{ "apply": [
							{ "model": "ores/emerald_ore/7_1", "x": 270 , "y": 180 , "weight":	81	 },
							{ "model": "ores/emerald_ore/7_2", "x": 270 , "y": 180 , "weight":	87	 }
							]
				},
				{ "apply": { "model": "ores/common_ore_blank"}}
		
	]
}