{
	"credit": "Made by TheWaschtlPlays using Blockbench",
	"ambientocclusion": false,
	"textures": {
		"particle": "block/acacia_trapdoor",
		"texture": "block/acacia_trapdoor"
	},
	"elements": [
		{
			"name": "Cube",
			"from": [0, 13, 0],
			"to": [16, 16, 3],
			"faces": {
				"north": {"uv": [0, 0, 16, 3], "texture": "#texture", "cullface": "north"},
				"east": {"uv": [13, 0, 16, 3], "texture": "#texture", "cullface": "east"},
				"south": {"uv": [0, 0, 16, 3], "texture": "#texture"},
				"west": {"uv": [0, 0, 3, 3], "texture": "#texture", "cullface": "west"},
				"up": {"uv": [0, 16, 16, 13], "texture": "#texture", "cullface": "up"},
				"down": {"uv": [0, 13, 16, 16], "texture": "#texture"}
			}
		},
		{
			"name": "Cube",
			"from": [0, 13, 13],
			"to": [16, 16, 16],
			"faces": {
				"north": {"uv": [0, 0, 16, 3], "texture": "#texture"},
				"east": {"uv": [0, 0, 3, 3], "texture": "#texture", "cullface": "east"},
				"south": {"uv": [0, 0, 16, 3], "texture": "#texture", "cullface": "south"},
				"west": {"uv": [13, 0, 16, 3], "texture": "#texture", "cullface": "west"},
				"up": {"uv": [0, 3, 16, 0], "texture": "#texture", "cullface": "up"},
				"down": {"uv": [0, 0, 16, 3], "texture": "#texture"}
			}
		},
		{
			"name": "Cube",
			"from": [0, 13, 3],
			"to": [2, 16, 13],
			"faces": {
				"east": {"uv": [3, 0, 13, 3], "texture": "#texture"},
				"west": {"uv": [3, 0, 13, 3], "texture": "#texture", "cullface": "west"},
				"up": {"uv": [0, 3, 2, 13], "texture": "#texture", "cullface": "up"},
				"down": {"uv": [0, 3, 2, 13], "texture": "#texture"}
			}
		},
		{
			"name": "Cube",
			"from": [4, 13.5, 3],
			"to": [7, 15.5, 13],
			"faces": {
				"east": {"uv": [3, 0, 13, 2], "texture": "#texture"},
				"west": {"uv": [3, 0, 13, 2], "texture": "#texture"},
				"up": {"uv": [9, 3, 12, 13], "texture": "#texture", "cullface": "up"},
				"down": {"uv": [9, 3, 12, 13], "texture": "#texture"}
			}
		},
		{
			"name": "Cube",
			"from": [9, 13.5, 3],
			"to": [12, 15.5, 13],
			"faces": {
				"east": {"uv": [3, 0, 13, 2], "texture": "#texture"},
				"west": {"uv": [3, 0, 13, 2], "texture": "#texture"},
				"up": {"uv": [4, 3, 7, 13], "texture": "#texture", "cullface": "up"},
				"down": {"uv": [4, 3, 7, 13], "texture": "#texture"}
			}
		},
		{
			"name": "Cube",
			"from": [14, 13, 3],
			"to": [16, 16, 13],
			"faces": {
				"east": {"uv": [3, 0, 13, 3], "texture": "#texture", "cullface": "east"},
				"west": {"uv": [3, 0, 13, 3], "texture": "#texture"},
				"up": {"uv": [14, 3, 16, 13], "texture": "#texture", "cullface": "up"},
				"down": {"uv": [14, 3, 16, 13], "texture": "#texture"}
			}
		},
		{
			"name": "Cube",
			"from": [5, 16, 0],
			"to": [11, 16.25, 2],
			"faces": {
				"north": {"uv": [5, 15, 11, 14.25], "texture": "#texture", "cullface": "up"},
				"east": {"uv": [5, 16, 6, 14], "rotation": 90, "texture": "#texture", "cullface": "up"},
				"south": {"uv": [5, 14, 11, 14.25], "texture": "#texture", "cullface": "up"},
				"west": {"uv": [10, 16, 11, 14], "rotation": 270, "texture": "#texture", "cullface": "up"},
				"up": {"uv": [5, 16, 11, 14], "texture": "#texture", "cullface": "up"}
			}
		},
		{
			"name": "Cube",
			"from": [5, 12.75, 0],
			"to": [11, 13, 2],
			"faces": {
				"north": {"uv": [5, 15, 11, 14.25], "texture": "#texture", "cullface": "north"},
				"east": {"uv": [5, 16, 6, 14], "rotation": 90, "texture": "#texture"},
				"south": {"uv": [5, 14, 11, 14.25], "texture": "#texture"},
				"west": {"uv": [10, 16, 11, 14], "rotation": 270, "texture": "#texture"},
				"down": {"uv": [5, 14, 11, 16], "texture": "#texture"}
			}
		}
	]
}