{
	"credit": "Made by TheWaschtlPlays using Blockbench",
	"ambientocclusion": false,
	"parent": "minecraft:block/door_bottom",
	"textures": {
		"bottom": "custom_textures/doors/crimson/crimson_door_top"
	},
	"elements": [
		{
			"from": [0.5, 5, 0],
			"to": [2.5, 12, 16],
			"rotation": {"angle": 0, "axis": "y", "origin": [8.5, 8, 8]},
			"faces": {
				"north": {"uv": [0.5, 4, 2.5, 11], "texture": "#bottom", "cullface": "north"},
				"east": {"uv": [16, 4, 0, 11], "texture": "#bottom"},
				"south": {"uv": [13.5, 4, 15.5, 11], "texture": "#bottom", "cullface": "south"},
				"west": {"uv": [0, 4, 16, 11], "texture": "#bottom"}
			}
		},
		{
			"from": [0.25, 0, 0],
			"to": [2.75, 5, 16],
			"faces": {
				"north": {"uv": [0.25, 11, 2.75, 16], "texture": "#bottom", "cullface": "north"},
				"east": {"uv": [16, 11, 0, 16], "texture": "#bottom"},
				"south": {"uv": [6.25, 11, 8.75, 16], "texture": "#bottom", "cullface": "south"},
				"west": {"uv": [0, 11, 16, 16], "texture": "#bottom"},
				"up": {"uv": [0, 11, 4, 12], "rotation": 90, "texture": "#bottom"}
			}
		},
		{
			"from": [0.25, 12, 0],
			"to": [2.75, 16, 16],
			"rotation": {"angle": 0, "axis": "y", "origin": [8, 20, 8]},
			"faces": {
				"north": {"uv": [0.25, 0, 2.75, 4], "texture": "#bottom", "cullface": "north"},
				"east": {"uv": [16, 0, 0, 4], "texture": "#bottom"},
				"south": {"uv": [13.25, 0, 15.75, 4], "texture": "#bottom", "cullface": "south"},
				"west": {"uv": [0, 0, 16, 4], "texture": "#bottom"},
				"up": {"uv": [0, 0.25, 16, 2.75], "rotation": 90, "texture": "#bottom", "cullface": "up"},
				"down": {"uv": [0, 4, 16, 5], "rotation": 270, "texture": "#bottom"}
			}
		},
		{
			"from": [0, 6, 0],
			"to": [3, 11, 16],
			"rotation": {"angle": 0, "axis": "y", "origin": [8, 14, 8]},
			"faces": {
				"north": {"uv": [0, 5, 3, 10], "texture": "#bottom", "cullface": "north"},
				"east": {"uv": [16, 5, 1, 10], "texture": "#bottom"},
				"south": {"uv": [13, 5, 16, 10], "texture": "#bottom", "cullface": "south"},
				"west": {"uv": [0, 5, 16, 10], "texture": "#bottom", "cullface": "west"},
				"up": {"uv": [0, 5, 16, 6], "rotation": 90, "texture": "#bottom"},
				"down": {"uv": [0, 9, 16, 10], "rotation": 270, "texture": "#bottom"}
			}
		},
		{
			"name": "HingeUP",
			"from": [-0.25, 9.75, -0.25],
			"to": [3.25, 12.25, 1],
			"rotation": {"angle": 0, "axis": "y", "origin": [8, 18, 8]},
			"faces": {
				"north": {"uv": [0, 4, 1, 6], "texture": "#bottom"},
				"east": {"uv": [0, 4, 1, 6], "texture": "#bottom"},
				"south": {"uv": [0, 4, 1, 6], "texture": "#bottom"},
				"west": {"uv": [0, 4, 1, 6], "texture": "#bottom"},
				"up": {"uv": [0, 4, 1, 5], "texture": "#bottom"},
				"down": {"uv": [0, 5, 1, 6], "texture": "#bottom"}
			}
		},
		{
			"from": [-0.25, 0, 10],
			"to": [3.25, 2, 11],
			"rotation": {"angle": 0, "axis": "y", "origin": [7, 8, 18]},
			"faces": {
				"north": {"uv": [10, 14, 11, 16], "texture": "#bottom"},
				"east": {"uv": [10, 14, 11, 16], "texture": "#bottom"},
				"south": {"uv": [10, 14, 11, 16], "texture": "#bottom"},
				"west": {"uv": [10, 14, 11, 16], "texture": "#bottom", "cullface": "west"},
				"up": {"uv": [10, 14, 10.5, 15], "texture": "#bottom"},
				"down": {"uv": [10, 15, 10.5, 16], "texture": "#bottom", "cullface": "down"}
			}
		},
		{
			"from": [-0.25, 0, 14],
			"to": [3.25, 2, 15],
			"rotation": {"angle": 0, "axis": "y", "origin": [7, 8, 22]},
			"faces": {
				"north": {"uv": [14, 14, 15, 16], "texture": "#bottom"},
				"east": {"uv": [14, 14, 15, 16], "texture": "#bottom"},
				"south": {"uv": [14, 14, 15, 16], "texture": "#bottom"},
				"west": {"uv": [14, 14, 15, 16], "texture": "#bottom", "cullface": "west"},
				"up": {"uv": [14, 14, 14.5, 15], "texture": "#bottom"},
				"down": {"uv": [14, 15, 14.5, 16], "texture": "#bottom", "cullface": "down"}
			}
		}
	]
}