{
	"credit": "Made by TheWaschtlPlays using Blockbench",
	"textures": {
		"particle": "block/acacia_trapdoor",
		"texture": "block/acacia_trapdoor"
	},
	"elements": [
		{
			"name": "Cube",
			"from": [0, 3, 13],
			"to": [2, 13, 16],
			"faces": {
				"north": {"uv": [14, 3, 16, 13], "texture": "#texture"},
				"east": {"uv": [9, 3, 12, 13], "texture": "#texture"},
				"south": {"uv": [0, 3, 2, 13], "texture": "#texture", "cullface": "south"},
				"west": {"uv": [3, 0, 13, 3], "rotation": 90, "texture": "#texture", "cullface": "west"}
			}
		},
		{
			"name": "Cube",
			"from": [4, 3, 13.5],
			"to": [7, 13, 15.5],
			"faces": {
				"north": {"uv": [9, 13, 12, 3], "texture": "#texture"},
				"east": {"uv": [9, 3, 11, 13], "texture": "#texture"},
				"south": {"uv": [4, 13, 7, 3], "texture": "#texture", "cullface": "south"},
				"west": {"uv": [9, 3, 11, 13], "texture": "#texture"}
			}
		},
		{
			"name": "Cube",
			"from": [9, 3, 13.5],
			"to": [12, 13, 15.5],
			"faces": {
				"north": {"uv": [4, 13, 7, 3], "texture": "#texture"},
				"east": {"uv": [4, 3, 6, 13], "texture": "#texture"},
				"south": {"uv": [9, 13, 12, 3], "texture": "#texture", "cullface": "south"},
				"west": {"uv": [4, 3, 6, 13], "texture": "#texture"}
			}
		},
		{
			"name": "Cube",
			"from": [14, 3, 13],
			"to": [16, 13, 16],
			"faces": {
				"north": {"uv": [0, 3, 2, 13], "texture": "#texture"},
				"east": {"uv": [3, 3, 13, 0], "rotation": 90, "texture": "#texture", "cullface": "east"},
				"south": {"uv": [14, 3, 16, 13], "texture": "#texture", "cullface": "south"},
				"west": {"uv": [4, 3, 7, 13], "texture": "#texture"}
			}
		},
		{
			"name": "Cube",
			"from": [0, 0, 13],
			"to": [16, 3, 16],
			"faces": {
				"north": {"uv": [0, 3, 16, 0], "texture": "#texture"},
				"east": {"uv": [16, 3, 13, 0], "texture": "#texture", "cullface": "east"},
				"south": {"uv": [0, 3, 16, 0], "texture": "#texture", "cullface": "south"},
				"west": {"uv": [13, 3, 16, 0], "texture": "#texture", "cullface": "west"},
				"up": {"uv": [0, 0, 16, 3], "texture": "#texture"},
				"down": {"uv": [0, 3, 16, 0], "texture": "#texture", "cullface": "down"}
			}
		},
		{
			"name": "Cube",
			"from": [0, 13, 13],
			"to": [16, 16, 16],
			"faces": {
				"north": {"uv": [0, 16, 16, 13], "texture": "#texture"},
				"east": {"uv": [16, 0, 13, 3], "texture": "#texture", "cullface": "east"},
				"south": {"uv": [0, 16, 16, 13], "texture": "#texture", "cullface": "south"},
				"west": {"uv": [13, 0, 16, 3], "texture": "#texture", "cullface": "west"},
				"up": {"uv": [0, 3, 16, 0], "texture": "#texture", "cullface": "up"},
				"down": {"uv": [0, 3, 16, 0], "texture": "#texture"}
			}
		},
		{
			"name": "Cube",
			"from": [5, 14, 12.75],
			"to": [11, 16, 13],
			"faces": {
				"north": {"uv": [5, 16, 11, 14], "texture": "#texture"},
				"east": {"uv": [5, 16, 5.25, 14], "texture": "#texture"},
				"west": {"uv": [10, 16, 10.25, 14], "texture": "#texture"},
				"up": {"uv": [5, 15, 11, 15.25], "texture": "#texture", "cullface": "up"},
				"down": {"uv": [5, 15, 11, 14.25], "texture": "#texture"}
			}
		},
		{
			"name": "Cube",
			"from": [5, 14, 16],
			"to": [11, 16, 16.25],
			"faces": {
				"east": {"uv": [5, 16, 5.25, 14], "texture": "#texture", "cullface": "south"},
				"south": {"uv": [5, 16, 11, 14], "texture": "#texture", "cullface": "south"},
				"west": {"uv": [10, 16, 10.25, 14], "texture": "#texture", "cullface": "south"},
				"up": {"uv": [5, 15, 11, 15.25], "texture": "#texture", "cullface": "south"},
				"down": {"uv": [5, 15, 11, 14.25], "texture": "#texture", "cullface": "south"}
			}
		}
	]
}