{
	"credit": "Made by TheWaschtlPlays using Blockbench",
	"textures": {
		"2": "entity/bell/bell_body",
		"particle": "entity/bell/bell_body",
		"bar": "block/dark_oak_planks"
	},
	"elements": [
		{
			"from": [7, 13, 7],
			"to": [9, 16, 9],
			"faces": {
				"north": {"uv": [7, 2, 9, 5], "texture": "#bar"},
				"east": {"uv": [1, 2, 3, 5], "texture": "#bar"},
				"south": {"uv": [6, 2, 8, 5], "texture": "#bar"},
				"west": {"uv": [4, 2, 6, 5], "texture": "#bar"},
				"up": {"uv": [1, 3, 3, 5], "texture": "#bar", "cullface": "up"}
			}
		},
		{
			"from": [7, 3.25, 7],
			"to": [9, 5.25, 9],
			"faces": {
				"north": {"uv": [3, 6.5, 4, 7.5], "texture": "#2"},
				"east": {"uv": [3, 6.5, 4, 7.5], "texture": "#2"},
				"south": {"uv": [3, 6.5, 4, 7.5], "texture": "#2"},
				"west": {"uv": [3, 6.5, 4, 7.5], "texture": "#2"},
				"up": {"uv": [3, 6.5, 4, 7.5], "texture": "#2"},
				"down": {"uv": [3, 6.5, 4, 7.5], "texture": "#2"}
			}
		}
	]
}