{
	"credit": "Made by TheWaschtlPlays using Blockbench",
	"textures": {
		"2": "custom_textures/doors/birch/birch_door_clean",
		"particle": "custom_textures/doors/birch/birch_door_top",
		"top": "custom_textures/doors/birch/birch_door_top",
		"bottom": "custom_textures/doors/birch/birch_door_bottom"
	},
	"elements": [
		{
			"from": [0, 13, 0],
			"to": [3, 16, 16],
			"faces": {
				"north": {"uv": [3, 0, 0, 3], "texture": "#top", "cullface": "north"},
				"east": {"uv": [16, 0, 0, 3], "texture": "#top"},
				"south": {"uv": [0, 0, 3, 3], "texture": "#top", "cullface": "south"},
				"west": {"uv": [0, 0, 16, 3], "texture": "#top", "cullface": "west"},
				"up": {"uv": [13, 0, 16, 16], "texture": "#bottom", "cullface": "up"},
				"down": {"uv": [15, 0, 16, 16], "texture": "#bottom"}
			}
		},
		{
			"from": [0, 0, 0],
			"to": [3, 13, 3],
			"faces": {
				"north": {"uv": [3, 3, 0, 16], "texture": "#top", "cullface": "north"},
				"east": {"uv": [3, 3, 0, 16], "texture": "#top"},
				"south": {"uv": [16, 3, 15, 16], "texture": "#top"},
				"west": {"uv": [0, 3, 3, 16], "texture": "#top", "cullface": "west"}
			}
		},
		{
			"from": [0, 0, 12.99996],
			"to": [3, 13, 15.99996],
			"faces": {
				"north": {"uv": [14, 3, 13, 16], "texture": "#top"},
				"east": {"uv": [3, 3, 0, 16], "texture": "#2"},
				"south": {"uv": [0, 3, 3, 16], "texture": "#2", "cullface": "south"},
				"west": {"uv": [0, 3, 3, 16], "texture": "#2", "cullface": "west"}
			}
		},
		{
			"from": [0.5, 0, 3],
			"to": [2.5, 13, 13],
			"faces": {
				"east": {"uv": [3, 3, 13, 16], "texture": "#top"},
				"west": {"uv": [3, 3, 13, 16], "texture": "#top", "cullface": "west"}
			}
		},
		{
			"from": [-0.25, 0.75, 14.25],
			"to": [3.25, 1.25, 14.75],
			"faces": {
				"north": {"uv": [7, 0, 6, 1], "texture": "#2"},
				"south": {"uv": [7, 0, 6, 1], "texture": "#2"},
				"up": {"uv": [6, 1, 7, 0], "texture": "#2"},
				"down": {"uv": [6, 1, 7, 0], "texture": "#2"}
			}
		},
		{
			"from": [-0.75, 0.25, 13.75],
			"to": [-0.25, 1.75, 15.25],
			"faces": {
				"north": {"uv": [7, 0, 6, 2], "texture": "#2", "cullface": "west"},
				"east": {"uv": [8, 0, 6, 2], "texture": "#2", "cullface": "west"},
				"south": {"uv": [7, 0, 6, 2], "texture": "#2", "cullface": "west"},
				"west": {"uv": [8, 0, 6, 2], "texture": "#2", "cullface": "west"},
				"up": {"uv": [6, 1, 7, 0], "texture": "#2", "cullface": "west"},
				"down": {"uv": [6, 2, 7, 1], "texture": "#2", "cullface": "west"}
			}
		},
		{
			"from": [3.25, 0.25, 13.75],
			"to": [3.75, 1.75, 15.25],
			"faces": {
				"north": {"uv": [7, 0, 6, 2], "texture": "#2"},
				"east": {"uv": [8, 0, 6, 2], "texture": "#2"},
				"south": {"uv": [7, 0, 6, 2], "texture": "#2"},
				"west": {"uv": [8, 0, 6, 2], "texture": "#2"},
				"up": {"uv": [6, 1, 7, 0], "texture": "#2"},
				"down": {"uv": [6, 2, 7, 1], "texture": "#2"}
			}
		},
		{
			"name": "Hinge",
			"from": [-0.25, 9.75, -0.25],
			"to": [3.25, 12.25, 1],
			"rotation": {"angle": 0, "axis": "y", "origin": [7.75, 18, 8]},
			"faces": {
				"north": {"uv": [6, 0, 8, 2], "texture": "#2"},
				"east": {"uv": [6, 0, 7, 2], "texture": "#2"},
				"south": {"uv": [6, 0, 8, 2], "texture": "#2"},
				"west": {"uv": [6, 0, 7, 2], "texture": "#2"},
				"up": {"uv": [6, 0, 8, 1], "texture": "#2"},
				"down": {"uv": [6, 1, 8, 2], "texture": "#2"}
			}
		}
	]
}