{
	"credit": "Made by TheWaschtlPlays using Blockbench",
	"textures": {
		"particle": "block/birch_trapdoor",
		"texture": "block/birch_trapdoor"
	},
	"elements": [
		{
			"from": [13, 0, 0],
			"to": [16, 3, 16],
			"faces": {
				"north": {"uv": [0, 0, 3, 3], "texture": "#texture", "cullface": "north"},
				"east": {"uv": [0, 0, 16, 3], "texture": "#texture", "cullface": "east"},
				"south": {"uv": [13, 0, 16, 3], "texture": "#texture", "cullface": "south"},
				"west": {"uv": [0, 2, 16, 3], "texture": "#texture"},
				"up": {"uv": [16, 0, 13, 16], "rotation": 180, "texture": "#texture"},
				"down": {"uv": [16, 0, 13, 16], "rotation": 180, "texture": "#texture", "cullface": "down"}
			}
		},
		{
			"from": [0.00004, 0, 0],
			"to": [3.00004, 3, 16],
			"faces": {
				"north": {"uv": [13, 0, 16, 3], "texture": "#texture", "cullface": "north"},
				"east": {"uv": [2, 0, 3, 16], "rotation": 90, "texture": "#texture"},
				"south": {"uv": [0, 0, 3, 3], "texture": "#texture", "cullface": "south"},
				"west": {"uv": [0, 0, 16, 3], "texture": "#texture", "cullface": "west"},
				"up": {"uv": [3, 0, 0, 16], "rotation": 180, "texture": "#texture"},
				"down": {"uv": [3, 0, 0, 16], "rotation": 180, "texture": "#texture", "cullface": "down"}
			}
		},
		{
			"from": [3, 0, 0.00004],
			"to": [13, 3, 3.00004],
			"faces": {
				"north": {"uv": [3, 0, 13, 3], "texture": "#texture", "cullface": "north"},
				"south": {"uv": [3, 13, 13, 14], "texture": "#texture"},
				"up": {"uv": [13, 13, 3, 16], "rotation": 180, "texture": "#texture"},
				"down": {"uv": [13, 16, 3, 13], "rotation": 180, "texture": "#texture", "cullface": "down"}
			}
		},
		{
			"from": [3, 0, 13],
			"to": [13, 3, 16],
			"faces": {
				"north": {"uv": [4, 2, 12, 3], "texture": "#texture"},
				"south": {"uv": [3, 0, 13, 3], "texture": "#texture", "cullface": "south"},
				"up": {"uv": [3, 0, 13, 3], "rotation": 180, "texture": "#texture"},
				"down": {"uv": [13, 0, 3, 3], "rotation": 180, "texture": "#texture", "cullface": "down"}
			}
		},
		{
			"from": [5, 0, 3.00003],
			"to": [11, 3, 4.00003],
			"faces": {
				"east": {"uv": [8, 12, 11, 13], "rotation": 90, "texture": "#texture"},
				"south": {"uv": [5, 12, 11, 13], "texture": "#texture"},
				"west": {"uv": [8, 12, 11, 13], "rotation": 90, "texture": "#texture"},
				"up": {"uv": [11, 12, 5, 13], "rotation": 180, "texture": "#texture"},
				"down": {"uv": [5, 12, 11, 13], "rotation": 180, "texture": "#texture", "cullface": "down"}
			}
		},
		{
			"from": [3, 0.50001, 3],
			"to": [13, 2.50001, 13],
			"faces": {
				"up": {"uv": [3, 3, 13, 13], "rotation": 180, "texture": "#texture"},
				"down": {"uv": [3, 13, 13, 3], "rotation": 180, "texture": "#texture", "cullface": "down"}
			}
		},
		{
			"from": [6, -0.25, 1],
			"to": [10, 3.25, 2],
			"faces": {
				"north": {"uv": [6, 14, 10, 15], "texture": "#texture"},
				"east": {"uv": [6, 14, 10, 15], "texture": "#texture"},
				"south": {"uv": [6, 14, 10, 15], "texture": "#texture"},
				"west": {"uv": [6, 14, 10, 15], "texture": "#texture"},
				"up": {"uv": [6, 14, 10, 15], "rotation": 180, "texture": "#texture"},
				"down": {"uv": [6, 14, 10, 15], "rotation": 180, "texture": "#texture", "cullface": "down"}
			}
		}
	],
	"display": {
		"thirdperson_righthand": {
			"rotation": [75, 45, 0],
			"translation": [0, 2.5, 2],
			"scale": [0.375, 0.375, 0.375]
		},
		"thirdperson_lefthand": {
			"rotation": [75, 45, 0],
			"translation": [0, 2.5, 2],
			"scale": [0.375, 0.375, 0.375]
		},
		"firstperson_righthand": {
			"rotation": [0, 45, 0],
			"translation": [0, 4.2, 0],
			"scale": [0.4, 0.4, 0.4]
		},
		"firstperson_lefthand": {
			"rotation": [0, 45, 0],
			"translation": [0, 4.2, 0],
			"scale": [0.4, 0.4, 0.4]
		},
		"ground": {
			"translation": [0, 3, 0],
			"scale": [0.25, 0.25, 0.25]
		},
		"gui": {
			"rotation": [30, 45, 0],
			"scale": [0.625, 0.625, 0.625]
		},
		"head": {
			"rotation": [0, 180, 0]
		},
		"fixed": {
			"rotation": [0, 180, 0]
		}
	}
}