{
    "__comment": "Model created by TheWaschtlPlays using MrCrayfish's Model Creator (https://mrcrayfish.com/tools?id=mc)",
    "textures": {
        "particle": "minecraft:block/composter_ready",
        "inside": "minecraft:block/composter_ready"
    },
    "elements": [
        {
            "name": "Element",
            "from": [ 2, 12, 2 ], 
            "to": [ 14, 15, 14 ], 
            "faces": {
                "up": { "texture": "#inside", "uv": [ 2, 2, 14, 14 ], "cullface": "up" }
            }
        },
        {
            "name": "Cube",
            "from": [ 4, 15, 3 ], 
            "to": [ 5, 15.5, 4 ], 
            "faces": {
                "north": { "texture": "#inside", "uv": [ 4, 3, 5, 3.5 ] },
                "east": { "texture": "#inside", "uv": [ 4, 3, 5, 3.5 ] },
                "south": { "texture": "#inside", "uv": [ 4, 3, 5, 3.5 ] },
                "west": { "texture": "#inside", "uv": [ 4, 3, 5, 3.5 ] },
                "up": { "texture": "#inside", "uv": [ 4, 3, 5, 4 ] }
            }
        },
        {
            "name": "Cube",
            "from": [ 8, 15, 4 ], 
            "to": [ 9, 15.5, 5 ], 
            "faces": {
                "north": { "texture": "#inside", "uv": [ 8, 4, 9, 4.5 ] },
                "east": { "texture": "#inside", "uv": [ 8, 4, 9, 4.5 ] },
                "south": { "texture": "#inside", "uv": [ 8, 4, 9, 4.5 ] },
                "west": { "texture": "#inside", "uv": [ 8, 4, 9, 4.5 ] },
                "up": { "texture": "#inside", "uv": [ 8, 4, 9, 5 ] }
            }
        },
        {
            "name": "Cube",
            "from": [ 7, 15, 12 ], 
            "to": [ 8, 15.5, 13 ], 
            "faces": {
                "north": { "texture": "#inside", "uv": [ 7, 12, 8, 12.5 ] },
                "east": { "texture": "#inside", "uv": [ 7, 12, 8, 12.5 ] },
                "south": { "texture": "#inside", "uv": [ 7, 12, 8, 12.5 ] },
                "west": { "texture": "#inside", "uv": [ 7, 12, 8, 12.5 ] },
                "up": { "texture": "#inside", "uv": [ 7, 12, 8, 13 ] }
            }
        },
        {
            "name": "Cube",
            "from": [ 11, 15, 9 ], 
            "to": [ 12, 15.3, 10 ], 
            "faces": {
                "north": { "texture": "#inside", "uv": [ 11, 9, 12, 9.3 ] },
                "east": { "texture": "#inside", "uv": [ 11, 9, 12, 9.3 ] },
                "south": { "texture": "#inside", "uv": [ 11, 9, 12, 9.3 ] },
                "west": { "texture": "#inside", "uv": [ 11, 9, 12, 9.3 ] },
                "up": { "texture": "#inside", "uv": [ 11, 9, 12, 10 ] }
            }
        },
        {
            "name": "Cube",
            "from": [ 8, 15, 12 ], 
            "to": [ 9, 15.4, 13 ], 
            "faces": {
                "north": { "texture": "#inside", "uv": [ 8, 12, 9, 12.4 ] },
                "east": { "texture": "#inside", "uv": [ 8, 12, 9, 12.4 ] },
                "south": { "texture": "#inside", "uv": [ 8, 12, 9, 12.4 ] },
                "up": { "texture": "#inside", "uv": [ 8, 12, 9, 13 ] }
            }
        },
        {
            "name": "Cube",
            "from": [ 6, 15, 12 ], 
            "to": [ 7, 15.3, 13 ], 
            "faces": {
                "north": { "texture": "#inside", "uv": [ 6, 12, 7, 12.3 ] },
                "south": { "texture": "#inside", "uv": [ 6, 12, 7, 12.3 ] },
                "west": { "texture": "#inside", "uv": [ 6, 12, 7, 12.3 ] },
                "up": { "texture": "#inside", "uv": [ 6, 12, 7, 13 ] }
            }
        },
        {
            "name": "Cube",
            "from": [ 8, 15, 5 ], 
            "to": [ 9, 15.4, 6 ], 
            "faces": {
                "east": { "texture": "#inside", "uv": [ 8, 5, 9, 5.4 ] },
                "south": { "texture": "#inside", "uv": [ 8, 5, 9, 5.4 ] },
                "west": { "texture": "#inside", "uv": [ 8, 5, 9, 5.4 ] },
                "up": { "texture": "#inside", "uv": [ 8, 5, 9, 6 ] }
            }
        },
        {
            "name": "Cube",
            "from": [ 9, 15, 3 ], 
            "to": [ 10, 15.3, 7 ], 
            "faces": {
                "north": { "texture": "#inside", "uv": [ 9, 3, 10, 3.3 ] },
                "east": { "texture": "#inside", "uv": [ 10, 3, 9, 7 ], "rotation": 90 },
                "south": { "texture": "#inside", "uv": [ 9, 6, 10, 6.3 ] },
                "west": { "texture": "#inside", "uv": [ 9, 3, 13, 3.3 ] },
                "up": { "texture": "#inside", "uv": [ 9, 3, 10, 7 ] }
            }
        },
        {
            "name": "Cube",
            "from": [ 10, 15, 4 ], 
            "to": [ 12, 15.3, 6 ], 
            "faces": {
                "north": { "texture": "#inside", "uv": [ 12, 3, 10, 3.3 ] },
                "east": { "texture": "#inside", "uv": [ 12, 4, 11, 6 ], "rotation": 90 },
                "south": { "texture": "#inside", "uv": [ 10, 5, 12, 5.3 ] },
                "up": { "texture": "#inside", "uv": [ 10, 4, 12, 6 ] }
            }
        },
        {
            "name": "Cube",
            "from": [ 8, 15, 6 ], 
            "to": [ 9, 15.3, 8 ], 
            "faces": {
                "east": { "texture": "#inside", "uv": [ 8, 5, 10, 5.3 ] },
                "south": { "texture": "#inside", "uv": [ 8, 7, 9, 7.3 ] },
                "west": { "texture": "#inside", "uv": [ 8, 5, 10, 5.3 ] },
                "up": { "texture": "#inside", "uv": [ 8, 6, 9, 8 ] }
            }
        },
        {
            "name": "Cube",
            "from": [ 8, 15, 10 ], 
            "to": [ 9, 15.3, 12 ], 
            "faces": {
                "north": { "texture": "#inside", "uv": [ 8, 5, 9, 5.3 ] },
                "east": { "texture": "#inside", "uv": [ 8, 5, 10, 5.3 ] },
                "west": { "texture": "#inside", "uv": [ 8, 5, 10, 5.3 ] },
                "up": { "texture": "#inside", "uv": [ 8, 6, 9, 8 ] }
            }
        },
        {
            "name": "Cube",
            "from": [ 9, 15, 11 ], 
            "to": [ 10, 15.3, 13 ], 
            "faces": {
                "north": { "texture": "#inside", "uv": [ 8, 5, 9, 5.3 ] },
                "east": { "texture": "#inside", "uv": [ 8, 5, 10, 5.3 ] },
                "south": { "texture": "#inside", "uv": [ 9, 13, 10, 13.3 ] },
                "west": { "texture": "#inside", "uv": [ 8, 5, 10, 5.3 ] },
                "up": { "texture": "#inside", "uv": [ 9, 11, 10, 13 ] }
            }
        },
        {
            "name": "Cube",
            "from": [ 7, 15, 10 ], 
            "to": [ 8, 15.35, 11 ], 
            "faces": {
                "north": { "texture": "#inside", "uv": [ 7, 10, 8, 10.35 ] },
                "east": { "texture": "#inside", "uv": [ 7, 10, 8, 10.35 ] },
                "south": { "texture": "#inside", "uv": [ 7, 10, 8, 10.35 ] },
                "west": { "texture": "#inside", "uv": [ 7, 10, 8, 10.35 ] },
                "up": { "texture": "#inside", "uv": [ 7, 10, 8, 11 ] }
            }
        },
        {
            "name": "Cube",
            "from": [ 6, 15, 9 ], 
            "to": [ 7, 15.35, 10 ], 
            "faces": {
                "north": { "texture": "#inside", "uv": [ 6, 9, 7, 9.35 ] },
                "east": { "texture": "#inside", "uv": [ 6, 9, 7, 9.35 ] },
                "south": { "texture": "#inside", "uv": [ 6, 9, 7, 9.35 ] },
                "west": { "texture": "#inside", "uv": [ 6, 9, 7, 9.35 ] },
                "up": { "texture": "#inside", "uv": [ 6, 9, 7, 10 ] }
            }
        },
        {
            "name": "Cube",
            "from": [ 7, 15, 8 ], 
            "to": [ 8, 15.35, 9 ], 
            "faces": {
                "north": { "texture": "#inside", "uv": [ 7, 8, 8, 8.35 ] },
                "east": { "texture": "#inside", "uv": [ 7, 8, 8, 8.35 ] },
                "south": { "texture": "#inside", "uv": [ 7, 8, 8, 8.35 ] },
                "west": { "texture": "#inside", "uv": [ 7, 8, 8, 8.35 ] },
                "up": { "texture": "#inside", "uv": [ 7, 8, 8, 9 ] }
            }
        },
        {
            "name": "Cube",
            "from": [ 6, 15, 5 ], 
            "to": [ 7, 15.35, 6 ], 
            "faces": {
                "north": { "texture": "#inside", "uv": [ 6, 5, 7, 5.35 ] },
                "east": { "texture": "#inside", "uv": [ 6, 5, 7, 5.35 ] },
                "south": { "texture": "#inside", "uv": [ 6, 5, 7, 5.35 ] },
                "west": { "texture": "#inside", "uv": [ 6, 5, 7, 5.35 ] },
                "up": { "texture": "#inside", "uv": [ 6, 5, 7, 6 ] }
            }
        },
        {
            "name": "Cube",
            "from": [ 5, 15, 3 ], 
            "to": [ 6, 15.35, 4 ], 
            "faces": {
                "north": { "texture": "#inside", "uv": [ 5, 4, 6, 4.35 ] },
                "east": { "texture": "#inside", "uv": [ 5, 4, 6, 4.35 ] },
                "south": { "texture": "#inside", "uv": [ 5, 4, 6, 4.35 ] },
                "up": { "texture": "#inside", "uv": [ 5, 4, 6, 5 ] }
            }
        },
        {
            "name": "Cube",
            "from": [ 4, 15, 2 ], 
            "to": [ 5, 15.35, 3 ], 
            "faces": {
                "north": { "texture": "#inside", "uv": [ 7, 10, 8, 10.35 ] },
                "east": { "texture": "#inside", "uv": [ 7, 10, 8, 10.35 ] },
                "west": { "texture": "#inside", "uv": [ 7, 10, 8, 10.35 ] },
                "up": { "texture": "#inside", "uv": [ 7, 10, 8, 11 ] }
            }
        },
        {
            "name": "Cube",
            "from": [ 3, 15, 3 ], 
            "to": [ 4, 15.35, 4 ], 
            "faces": {
                "north": { "texture": "#inside", "uv": [ 7, 10, 8, 10.35 ] },
                "south": { "texture": "#inside", "uv": [ 7, 10, 8, 10.35 ] },
                "west": { "texture": "#inside", "uv": [ 7, 10, 8, 10.35 ] },
                "up": { "texture": "#inside", "uv": [ 7, 10, 8, 11 ] }
            }
        },
        {
            "name": "Cube",
            "from": [ 2, 15, 4 ], 
            "to": [ 3, 15.35, 5 ], 
            "faces": {
                "north": { "texture": "#inside", "uv": [ 7, 10, 8, 10.35 ] },
                "east": { "texture": "#inside", "uv": [ 7, 10, 8, 10.35 ] },
                "south": { "texture": "#inside", "uv": [ 7, 10, 8, 10.35 ] },
                "west": { "texture": "#inside", "uv": [ 7, 10, 8, 10.35 ] },
                "up": { "texture": "#inside", "uv": [ 7, 10, 8, 11 ] }
            }
        },
        {
            "name": "Cube",
            "from": [ 3, 15, 6 ], 
            "to": [ 6, 15.35, 7 ], 
            "faces": {
                "north": { "texture": "#inside", "uv": [ 6, 6, 3, 6.35 ] },
                "east": { "texture": "#inside", "uv": [ 6, 5, 7, 5.35 ] },
                "south": { "texture": "#inside", "uv": [ 3, 6, 6, 6.35 ] },
                "west": { "texture": "#inside", "uv": [ 3, 6, 4, 6.35 ] },
                "up": { "texture": "#inside", "uv": [ 3, 6, 6, 7 ] }
            }
        },
        {
            "name": "Cube",
            "from": [ 3, 15, 7 ], 
            "to": [ 4, 15.35, 8 ], 
            "faces": {
                "east": { "texture": "#inside", "uv": [ 7, 10, 8, 10.35 ] },
                "south": { "texture": "#inside", "uv": [ 7, 10, 8, 10.35 ] },
                "west": { "texture": "#inside", "uv": [ 7, 10, 8, 10.35 ] },
                "up": { "texture": "#inside", "uv": [ 7, 10, 8, 11 ] }
            }
        },
        {
            "name": "Cube",
            "from": [ 3, 15, 10 ], 
            "to": [ 4, 15.35, 11 ], 
            "faces": {
                "north": { "texture": "#inside", "uv": [ 3, 10, 4, 10.35 ] },
                "east": { "texture": "#inside", "uv": [ 3, 10, 4, 10.35 ] },
                "south": { "texture": "#inside", "uv": [ 3, 10, 4, 10.35 ] },
                "west": { "texture": "#inside", "uv": [ 3, 11, 4, 11.35 ] },
                "up": { "texture": "#inside", "uv": [ 3, 10, 4, 11 ] }
            }
        },
        {
            "name": "Cube",
            "from": [ 2, 15, 11 ], 
            "to": [ 3, 15.35, 12 ], 
            "faces": {
                "north": { "texture": "#inside", "uv": [ 7, 10, 8, 10.35 ] },
                "east": { "texture": "#inside", "uv": [ 7, 10, 8, 10.35 ] },
                "south": { "texture": "#inside", "uv": [ 7, 10, 8, 10.35 ] },
                "west": { "texture": "#inside", "uv": [ 7, 10, 8, 10.35 ] },
                "up": { "texture": "#inside", "uv": [ 7, 10, 8, 11 ] }
            }
        },
        {
            "name": "Cube",
            "from": [ 4, 15, 8 ], 
            "to": [ 5, 15.35, 10 ], 
            "faces": {
                "north": { "texture": "#inside", "uv": [ 7, 10, 8, 10.35 ] },
                "east": { "texture": "#inside", "uv": [ 7, 10, 9, 10.35 ] },
                "south": { "texture": "#inside", "uv": [ 7, 10, 8, 10.35 ] },
                "west": { "texture": "#inside", "uv": [ 7, 10, 9, 10.35 ] },
                "up": { "texture": "#inside", "uv": [ 4, 8, 5, 10 ] }
            }
        },
        {
            "name": "Cube",
            "from": [ 5, 15, 2 ], 
            "to": [ 6, 15.2, 3 ], 
            "faces": {
                "north": { "texture": "#inside", "uv": [ 5, 2, 6, 2.2 ] },
                "east": { "texture": "#inside", "uv": [ 5, 2, 6, 2.2 ] },
                "up": { "texture": "#inside", "uv": [ 5, 2, 6, 3 ] }
            }
        },
        {
            "name": "Cube",
            "from": [ 5, 15, 7 ], 
            "to": [ 6, 15.2, 8 ], 
            "faces": {
                "east": { "texture": "#inside", "uv": [ 5, 7, 6, 7.2 ] },
                "south": { "texture": "#inside", "uv": [ 5, 7, 6, 7.2 ] },
                "west": { "texture": "#inside", "uv": [ 5, 7, 6, 7.2 ] },
                "up": { "texture": "#inside", "uv": [ 5, 7, 6, 8 ] }
            }
        },
        {
            "name": "Cube",
            "from": [ 6, 15, 6 ], 
            "to": [ 8, 15.2, 7 ], 
            "faces": {
                "north": { "texture": "#inside", "uv": [ 6, 6, 8, 6.2 ] },
                "south": { "texture": "#inside", "uv": [ 6, 6, 8, 6.2 ] },
                "up": { "texture": "#inside", "uv": [ 6, 6, 8, 7 ] }
            }
        },
        {
            "name": "Cube",
            "from": [ 4, 15, 10 ], 
            "to": [ 5, 15.2, 11 ], 
            "faces": {
                "east": { "texture": "#inside", "uv": [ 4, 3, 5, 3.2 ] },
                "south": { "texture": "#inside", "uv": [ 4, 3, 5, 3.2 ] },
                "up": { "texture": "#inside", "uv": [ 4, 10, 5, 11 ] }
            }
        },
        {
            "name": "Cube",
            "from": [ 7, 15, 13 ], 
            "to": [ 8, 15.2, 14 ], 
            "faces": {
                "east": { "texture": "#inside", "uv": [ 7, 13, 8, 13.2 ] },
                "south": { "texture": "#inside", "uv": [ 7, 13, 8, 13.2 ] },
                "west": { "texture": "#inside", "uv": [ 7, 13, 8, 13.2 ] },
                "up": { "texture": "#inside", "uv": [ 7, 13, 8, 14 ] }
            }
        },
        {
            "name": "Cube",
            "from": [ 11, 15, 11 ], 
            "to": [ 12, 15.2, 13 ], 
            "faces": {
                "north": { "texture": "#inside", "uv": [ 11, 11, 12, 11.2 ] },
                "east": { "texture": "#inside", "uv": [ 10, 11, 12, 11.2 ] },
                "south": { "texture": "#inside", "uv": [ 11, 12, 12, 12.2 ] },
                "west": { "texture": "#inside", "uv": [ 10, 12, 12, 12.2 ] },
                "up": { "texture": "#inside", "uv": [ 11, 11, 12, 13 ] }
            }
        },
        {
            "name": "Cube",
            "from": [ 13, 15, 9 ], 
            "to": [ 14, 15.2, 11 ], 
            "faces": {
                "north": { "texture": "#inside", "uv": [ 13, 9, 14, 9.2 ] },
                "east": { "texture": "#inside", "uv": [ 10, 11, 12, 11.2 ] },
                "south": { "texture": "#inside", "uv": [ 11, 12, 12, 12.2 ] },
                "west": { "texture": "#inside", "uv": [ 10, 12, 12, 12.2 ] },
                "up": { "texture": "#inside", "uv": [ 13, 9, 14, 11 ] }
            }
        },
        {
            "name": "Cube",
            "from": [ 12, 15, 9 ], 
            "to": [ 13, 15.2, 10 ], 
            "faces": {
                "north": { "texture": "#inside", "uv": [ 12, 9, 13, 9.2 ] },
                "south": { "texture": "#inside", "uv": [ 12, 9, 13, 9.2 ] },
                "up": { "texture": "#inside", "uv": [ 12, 9, 13, 10 ] }
            }
        }
    ]
}