{
    "__comment": "Model created by TheWaschtlPlays using MrCrayfish's Model Creator (https://mrcrayfish.com/tools?id=mc)",
    "textures": {
        "particle": "minecraft:block/comparator",
        "top": "minecraft:block/comparator",
        "lit": "minecraft:block/redstone_torch",
        "unlit": "minecraft:block/redstone_torch_off",
        "slab": "minecraft:block/smooth_stone"
    },
    "elements": [
        {
            "name": "Element",
            "from": [ 0, 0, 0 ], 
            "to": [ 16, 2, 16 ], 
            "faces": {
                "north": { "texture": "#slab", "uv": [ 0, 14, 16, 16 ], "cullface": "north" },
                "east": { "texture": "#slab", "uv": [ 0, 14, 16, 16 ], "cullface": "east" },
                "south": { "texture": "#slab", "uv": [ 0, 14, 16, 16 ], "cullface": "south" },
                "west": { "texture": "#slab", "uv": [ 0, 14, 16, 16 ], "cullface": "west" },
                "up": { "texture": "#top", "uv": [ 0, 0, 16, 16 ] },
                "down": { "texture": "#slab", "uv": [ 0, 0, 16, 16 ], "cullface": "down" }
            }
        },
        {
            "name": "Element",
            "from": [ 10, 2, 11 ], 
            "to": [ 12, 7, 13 ], 
            "faces": {
                "north": { "texture": "#unlit", "uv": [ 7, 6, 9, 11 ] },
                "east": { "texture": "#unlit", "uv": [ 7, 6, 9, 11 ] },
                "south": { "texture": "#unlit", "uv": [ 7, 6, 9, 11 ] },
                "west": { "texture": "#unlit", "uv": [ 7, 6, 9, 11 ] },
                "up": { "texture": "#unlit", "uv": [ 7, 6, 9, 8 ] }
            }
        },
        {
            "name": "Element",
            "from": [ 4, 2, 11 ], 
            "to": [ 6, 7, 13 ], 
            "faces": {
                "north": { "texture": "#unlit", "uv": [ 7, 6, 9, 11 ] },
                "east": { "texture": "#unlit", "uv": [ 7, 6, 9, 11 ] },
                "south": { "texture": "#unlit", "uv": [ 7, 6, 9, 11 ] },
                "west": { "texture": "#unlit", "uv": [ 7, 6, 9, 11 ] },
                "up": { "texture": "#unlit", "uv": [ 7, 6, 9, 8 ] }
            }
        },
        {
            "name": "Cube",
            "from": [ 6.75, 1.75, 1.75 ], 
            "to": [ 9.25, 4.25, 4.25 ], 
            "faces": {
                "north": { "texture": "#lit", "uv": [ 7, 6, 9, 8 ] },
                "east": { "texture": "#lit", "uv": [ 7, 6, 9, 8 ] },
                "south": { "texture": "#lit", "uv": [ 7, 6, 9, 8 ] },
                "west": { "texture": "#lit", "uv": [ 7, 6, 9, 8 ] },
                "up": { "texture": "#lit", "uv": [ 7, 6, 9, 8 ] }
            }
        }
    ]
}