{
	"credit": "Made by TheWaschtlPlays using Blockbench",
	"parent": "minecraft:block/door_bottom",
	"textures": {
		"bottom": "custom_textures/doors/crimson/crimson_door_bottom"
	},
	"elements": [
		{
			"from": [0.25, 0, 0],
			"to": [2.75, 5, 16],
			"rotation": {"angle": 0, "axis": "y", "origin": [8.25, 8, 8]},
			"faces": {
				"north": {"uv": [0.25, 11, 2.75, 16], "texture": "#bottom", "cullface": "north"},
				"east": {"uv": [16, 11, 0, 16], "texture": "#bottom"},
				"south": {"uv": [13.25, 11, 15.75, 16], "texture": "#bottom", "cullface": "south"},
				"west": {"uv": [0, 11, 16, 16], "texture": "#bottom"},
				"up": {"uv": [0, 10, 16, 11], "rotation": 90, "texture": "#bottom"},
				"down": {"uv": [0, 13.25, 16, 15.75], "rotation": 270, "texture": "#bottom", "cullface": "down"}
			}
		},
		{
			"from": [0.25, 12, 0],
			"to": [2.75, 16, 16],
			"rotation": {"angle": 0, "axis": "y", "origin": [8.25, 19, 8]},
			"faces": {
				"north": {"uv": [0.25, 0, 2.75, 4], "texture": "#bottom", "cullface": "north"},
				"east": {"uv": [16, 0, 0, 4], "texture": "#bottom"},
				"south": {"uv": [13.25, 0, 15.75, 4], "texture": "#bottom", "cullface": "south"},
				"west": {"uv": [0, 0, 16, 4], "texture": "#bottom"},
				"down": {"uv": [0, 13.25, 16, 15.75], "rotation": 270, "texture": "#bottom"}
			}
		},
		{
			"from": [0, 6, 0],
			"to": [3, 11, 16],
			"rotation": {"angle": 0, "axis": "y", "origin": [8, 14, 8]},
			"faces": {
				"north": {"uv": [0, 5, 3, 10], "texture": "#bottom", "cullface": "north"},
				"east": {"uv": [16, 5, 1, 10], "texture": "#bottom"},
				"south": {"uv": [13, 5, 16, 10], "texture": "#bottom", "cullface": "south"},
				"west": {"uv": [0, 5, 16, 10], "texture": "#bottom", "cullface": "west"},
				"up": {"uv": [0, 5, 16, 6], "rotation": 90, "texture": "#bottom"},
				"down": {"uv": [0, 9, 16, 10], "rotation": 270, "texture": "#bottom"}
			}
		},
		{
			"name": "HingeDWN",
			"from": [-0.25, 3.75, -0.25],
			"to": [3.25, 6.25, 1],
			"rotation": {"angle": 0, "axis": "y", "origin": [8, 12, 8]},
			"faces": {
				"north": {"uv": [0, 10, 1, 12], "texture": "#bottom"},
				"east": {"uv": [0, 10, 1, 12], "texture": "#bottom"},
				"south": {"uv": [0, 10, 1, 12], "texture": "#bottom"},
				"west": {"uv": [0, 10, 1, 12], "texture": "#bottom"},
				"up": {"uv": [0, 10, 1, 11], "texture": "#bottom"},
				"down": {"uv": [0, 11, 1, 12], "texture": "#bottom"}
			}
		},
		{
			"name": "HingeUP",
			"from": [-0.25, 14.75, -0.25],
			"to": [3.25, 17.25, 1],
			"rotation": {"angle": 0, "axis": "y", "origin": [8, 23, 8]},
			"faces": {
				"north": {"uv": [0, 10, 1, 12], "texture": "#bottom"},
				"east": {"uv": [0, 10, 1, 12], "texture": "#bottom"},
				"south": {"uv": [0, 10, 1, 12], "texture": "#bottom"},
				"west": {"uv": [0, 10, 1, 12], "texture": "#bottom"},
				"up": {"uv": [0, 10, 1, 11], "texture": "#bottom"},
				"down": {"uv": [0, 11, 1, 12], "texture": "#bottom"}
			}
		},
		{
			"from": [-0.25, 15, 11],
			"to": [3.25, 16, 14],
			"rotation": {"angle": 0, "axis": "y", "origin": [7.5, 23, 19]},
			"faces": {
				"north": {"uv": [11, 0, 14, 1], "texture": "#bottom"},
				"east": {"uv": [11, 0, 14, 1], "texture": "#bottom"},
				"south": {"uv": [11, 0, 14, 1], "texture": "#bottom"},
				"west": {"uv": [11, 0, 14, 1], "texture": "#bottom", "cullface": "west"},
				"up": {"uv": [11, 0, 14, 1], "texture": "#bottom"},
				"down": {"uv": [11, 0, 14, 1], "texture": "#bottom"}
			}
		},
		{
			"from": [0.5, 5, 0],
			"to": [2.5, 12, 16],
			"rotation": {"angle": 0, "axis": "y", "origin": [8.5, 13, 8]},
			"faces": {
				"north": {"uv": [0.5, 4, 2.5, 11], "texture": "#bottom", "cullface": "north"},
				"east": {"uv": [16, 4, 0, 11], "texture": "#bottom"},
				"south": {"uv": [13.5, 4, 15.5, 11], "texture": "#bottom", "cullface": "south"},
				"west": {"uv": [0, 4, 16, 11], "texture": "#bottom"}
			}
		}
	]
}