{
	"credit": "Made by TheWaschtlPlays using Blockbench",
	"textures": {
		"0": "block/fletching_table_top",
		"1": "block/fletching_table_front",
		"2": "block/fletching_table_side",
		"3": "block/birch_planks",
		"particle": "block/fletching_table_top"
	},
	"elements": [
		{
			"from": [0, 0, 0],
			"to": [16, 16, 16],
			"faces": {
				"north": {"uv": [0, 0, 16, 16], "texture": "#1", "cullface": "north"},
				"east": {"uv": [0, 0, 16, 16], "texture": "#2", "cullface": "east"},
				"south": {"uv": [0, 0, 16, 16], "texture": "#1", "cullface": "south"},
				"west": {"uv": [0, 0, 16, 16], "texture": "#2", "cullface": "west"},
				"up": {"uv": [0, 0, 16, 16], "texture": "#0", "cullface": "up"},
				"down": {"uv": [0, 0, 16, 16], "texture": "#3", "cullface": "down"}
			}
		},
		{
			"from": [-0.5, 8, -0.5],
			"to": [16.5, 9, 16.5],
			"faces": {
				"north": {"uv": [0, 7, 16, 8], "texture": "#1"},
				"east": {"uv": [0, 7, 16, 8], "texture": "#1"},
				"south": {"uv": [0, 7, 16, 8], "texture": "#1"},
				"west": {"uv": [0, 7, 16, 8], "texture": "#1"},
				"up": {"uv": [0, 7, 16, 8], "texture": "#1"},
				"down": {"uv": [0, 7, 16, 8], "texture": "#1"}
			}
		},
		{
			"from": [-0.75, 5, 9],
			"to": [0, 11, 10],
			"faces": {
				"north": {"uv": [0, 0, 1, 6], "texture": "#missing", "cullface": "west"},
				"south": {"uv": [9, 5, 10, 11], "texture": "#2", "cullface": "west"},
				"west": {"uv": [9, 5, 10, 11], "texture": "#2", "cullface": "west"},
				"up": {"uv": [9, 5, 10, 6], "texture": "#2", "cullface": "west"},
				"down": {"uv": [9, 10, 10, 11], "texture": "#2", "cullface": "west"}
			}
		},
		{
			"from": [-0.75, 4, 3],
			"to": [0, 12, 9],
			"faces": {
				"north": {"uv": [3, 4, 4, 12], "texture": "#2", "cullface": "west"},
				"south": {"uv": [8, 4, 9, 12], "texture": "#2", "cullface": "west"},
				"west": {"uv": [3, 4, 9, 12], "texture": "#2", "cullface": "west"},
				"up": {"uv": [3, 4, 9, 5], "rotation": 90, "texture": "#2", "cullface": "west"},
				"down": {"uv": [3, 11, 9, 12], "rotation": 270, "texture": "#2", "cullface": "west"}
			}
		},
		{
			"from": [-0.75, 5, 2],
			"to": [0, 11, 3],
			"faces": {
				"north": {"uv": [2, 5, 3, 11], "texture": "#2", "cullface": "west"},
				"south": {"uv": [0, 0, 1, 6], "texture": "#missing", "cullface": "west"},
				"west": {"uv": [2, 5, 3, 11], "texture": "#2", "cullface": "west"},
				"up": {"uv": [2, 5, 3, 6], "texture": "#2", "cullface": "west"},
				"down": {"uv": [2, 10, 3, 11], "texture": "#2", "cullface": "west"}
			}
		},
		{
			"from": [-0.25, 6, 12],
			"to": [0, 12, 13],
			"faces": {
				"north": {"uv": [12, 4, 13, 10], "texture": "#2", "cullface": "west"},
				"south": {"uv": [12, 4, 13, 10], "texture": "#2", "cullface": "west"},
				"west": {"uv": [12, 4, 13, 10], "texture": "#2", "cullface": "west"},
				"up": {"uv": [0, 0, 1, 1], "texture": "#missing", "cullface": "west"},
				"down": {"uv": [0, 0, 1, 1], "texture": "#missing", "cullface": "west"}
			}
		},
		{
			"from": [-0.5, 3, 11],
			"to": [0, 5, 14],
			"faces": {
				"north": {"uv": [11, 11, 11.5, 13], "texture": "#2", "cullface": "west"},
				"south": {"uv": [13, 11, 13.5, 13], "texture": "#2", "cullface": "west"},
				"west": {"uv": [11, 11, 14, 13], "texture": "#2", "cullface": "west"},
				"up": {"uv": [11, 11, 14, 11.5], "rotation": 90, "texture": "#2", "cullface": "west"},
				"down": {"uv": [12, 12, 12.5, 13], "texture": "#2", "cullface": "west"}
			}
		},
		{
			"from": [-0.5, 2, 11],
			"to": [0, 3, 12],
			"faces": {
				"north": {"uv": [11, 13, 11.5, 14], "texture": "#2", "cullface": "west"},
				"south": {"uv": [11, 13, 11.5, 14], "texture": "#2", "cullface": "west"},
				"west": {"uv": [11, 13, 12, 14], "texture": "#2", "cullface": "west"},
				"up": {"uv": [0, 0, 0.5, 1], "texture": "#missing", "cullface": "west"},
				"down": {"uv": [11, 13, 11.5, 14], "texture": "#2", "cullface": "west"}
			}
		},
		{
			"from": [-0.5, 2, 13],
			"to": [0, 3, 14],
			"faces": {
				"north": {"uv": [13, 13, 13.5, 14], "texture": "#2", "cullface": "west"},
				"south": {"uv": [13, 13, 13.5, 14], "texture": "#2", "cullface": "west"},
				"west": {"uv": [13, 13, 14, 14], "texture": "#2", "cullface": "west"},
				"up": {"uv": [0, 0, 0.5, 1], "texture": "#missing", "cullface": "west"},
				"down": {"uv": [13, 13, 13.5, 14], "texture": "#2", "cullface": "west"}
			}
		},
		{
			"from": [-0.5, 5, 12],
			"to": [0, 6, 13],
			"faces": {
				"north": {"uv": [12, 10, 13, 11], "texture": "#2", "cullface": "west"},
				"south": {"uv": [12, 10, 13, 11], "texture": "#2", "cullface": "west"},
				"west": {"uv": [12, 10, 13, 11], "texture": "#2", "cullface": "west"},
				"up": {"uv": [12, 10, 13, 11], "texture": "#2", "cullface": "west"}
			}
		},
		{
			"from": [-0.5, 12, 12],
			"to": [0.5, 14, 13],
			"faces": {
				"north": {"uv": [12, 2, 13, 4], "texture": "#2", "cullface": "west"},
				"south": {"uv": [12, 2, 13, 4], "texture": "#2", "cullface": "west"},
				"west": {"uv": [12, 2, 13, 4], "texture": "#2", "cullface": "west"},
				"up": {"uv": [12, 2, 13, 4], "texture": "#2", "cullface": "west"},
				"down": {"uv": [12, 2, 13, 4], "texture": "#2", "cullface": "west"}
			}
		},
		{
			"from": [-0.5, 11, 11],
			"to": [0.5, 13, 12],
			"faces": {
				"north": {"uv": [11, 3, 12, 5], "texture": "#2", "cullface": "west"},
				"south": {"uv": [11, 3, 12, 5], "texture": "#2", "cullface": "west"},
				"west": {"uv": [11, 3, 12, 5], "texture": "#2", "cullface": "west"},
				"up": {"uv": [11, 4, 12, 5], "texture": "#2", "cullface": "west"},
				"down": {"uv": [11, 3, 12, 5], "texture": "#2", "cullface": "west"}
			}
		},
		{
			"from": [-0.5, 11, 13],
			"to": [0.5, 13, 14],
			"faces": {
				"north": {"uv": [13, 3, 14, 5], "texture": "#2", "cullface": "west"},
				"south": {"uv": [13, 3, 14, 5], "texture": "#2", "cullface": "west"},
				"west": {"uv": [13, 3, 14, 5], "texture": "#2", "cullface": "west"},
				"up": {"uv": [13, 3, 14, 4], "texture": "#2", "cullface": "west"},
				"down": {"uv": [13, 4, 14, 5], "texture": "#2", "cullface": "west"}
			}
		},
		{
			"from": [16, 5, 6],
			"to": [16.75, 11, 7],
			"faces": {
				"north": {"uv": [9, 5, 10, 11], "texture": "#2", "cullface": "east"},
				"east": {"uv": [9, 5, 10, 11], "texture": "#2", "cullface": "east"},
				"south": {"uv": [0, 0, 1, 6], "texture": "#missing", "cullface": "east"},
				"up": {"uv": [9, 5, 10, 6], "rotation": 180, "texture": "#2", "cullface": "east"},
				"down": {"uv": [9, 10, 10, 11], "rotation": 180, "texture": "#2", "cullface": "east"}
			}
		},
		{
			"from": [16, 4, 7],
			"to": [16.75, 12, 13],
			"faces": {
				"north": {"uv": [8, 4, 9, 12], "texture": "#2", "cullface": "east"},
				"east": {"uv": [3, 4, 9, 12], "texture": "#2", "cullface": "east"},
				"south": {"uv": [3, 4, 4, 12], "texture": "#2", "cullface": "east"},
				"up": {"uv": [3, 4, 9, 5], "rotation": 270, "texture": "#2", "cullface": "east"},
				"down": {"uv": [3, 11, 9, 12], "rotation": 90, "texture": "#2", "cullface": "east"}
			}
		},
		{
			"from": [16, 5, 13],
			"to": [16.75, 11, 14],
			"faces": {
				"north": {"uv": [0, 0, 1, 6], "texture": "#missing", "cullface": "east"},
				"east": {"uv": [2, 5, 3, 11], "texture": "#2", "cullface": "east"},
				"south": {"uv": [2, 5, 3, 11], "texture": "#2", "cullface": "east"},
				"up": {"uv": [2, 5, 3, 6], "rotation": 180, "texture": "#2", "cullface": "east"},
				"down": {"uv": [2, 10, 3, 11], "rotation": 180, "texture": "#2", "cullface": "east"}
			}
		},
		{
			"from": [16, 6, 3],
			"to": [16.25, 12, 4],
			"faces": {
				"north": {"uv": [12, 4, 13, 10], "texture": "#2", "cullface": "east"},
				"east": {"uv": [12, 4, 13, 10], "texture": "#2", "cullface": "east"},
				"south": {"uv": [12, 4, 13, 10], "texture": "#2", "cullface": "east"},
				"up": {"uv": [0, 0, 1, 1], "rotation": 180, "texture": "#missing", "cullface": "east"},
				"down": {"uv": [0, 0, 1, 1], "rotation": 180, "texture": "#missing", "cullface": "east"}
			}
		},
		{
			"from": [16, 3, 2],
			"to": [16.5, 5, 5],
			"faces": {
				"north": {"uv": [13, 11, 13.5, 13], "texture": "#2", "cullface": "east"},
				"east": {"uv": [11, 11, 14, 13], "texture": "#2", "cullface": "east"},
				"south": {"uv": [11, 11, 11.5, 13], "texture": "#2", "cullface": "east"},
				"up": {"uv": [11, 11, 14, 11.5], "rotation": 270, "texture": "#2", "cullface": "east"},
				"down": {"uv": [12, 12, 12.5, 13], "rotation": 180, "texture": "#2", "cullface": "east"}
			}
		},
		{
			"from": [16, 2, 4],
			"to": [16.5, 3, 5],
			"faces": {
				"north": {"uv": [11, 13, 11.5, 14], "texture": "#2", "cullface": "east"},
				"east": {"uv": [11, 13, 12, 14], "texture": "#2", "cullface": "east"},
				"south": {"uv": [11, 13, 11.5, 14], "texture": "#2", "cullface": "east"},
				"up": {"uv": [0, 0, 0.5, 1], "rotation": 180, "texture": "#missing", "cullface": "east"},
				"down": {"uv": [11, 13, 11.5, 14], "rotation": 180, "texture": "#2", "cullface": "east"}
			}
		},
		{
			"from": [16, 2, 2],
			"to": [16.5, 3, 3],
			"faces": {
				"north": {"uv": [13, 13, 13.5, 14], "texture": "#2", "cullface": "east"},
				"east": {"uv": [13, 13, 14, 14], "texture": "#2", "cullface": "east"},
				"south": {"uv": [13, 13, 13.5, 14], "texture": "#2", "cullface": "east"},
				"up": {"uv": [0, 0, 0.5, 1], "rotation": 180, "texture": "#missing", "cullface": "east"},
				"down": {"uv": [13, 13, 13.5, 14], "rotation": 180, "texture": "#2", "cullface": "east"}
			}
		},
		{
			"from": [16, 5, 3],
			"to": [16.5, 6, 4],
			"faces": {
				"north": {"uv": [12, 10, 13, 11], "texture": "#2", "cullface": "east"},
				"east": {"uv": [12, 10, 13, 11], "texture": "#2", "cullface": "east"},
				"south": {"uv": [12, 10, 13, 11], "texture": "#2", "cullface": "east"},
				"up": {"uv": [12, 10, 13, 11], "rotation": 180, "texture": "#2", "cullface": "east"}
			}
		},
		{
			"from": [15.5, 12, 3],
			"to": [16.5, 14, 4],
			"faces": {
				"north": {"uv": [12, 2, 13, 4], "texture": "#2", "cullface": "east"},
				"east": {"uv": [12, 2, 13, 4], "texture": "#2", "cullface": "east"},
				"south": {"uv": [12, 2, 13, 4], "texture": "#2", "cullface": "east"},
				"up": {"uv": [12, 2, 13, 4], "rotation": 180, "texture": "#2", "cullface": "east"},
				"down": {"uv": [12, 2, 13, 4], "rotation": 180, "texture": "#2", "cullface": "east"}
			}
		},
		{
			"from": [15.5, 11, 4],
			"to": [16.5, 13, 5],
			"faces": {
				"north": {"uv": [11, 3, 12, 5], "texture": "#2", "cullface": "east"},
				"east": {"uv": [11, 3, 12, 5], "texture": "#2", "cullface": "east"},
				"south": {"uv": [11, 3, 12, 5], "texture": "#2", "cullface": "east"},
				"up": {"uv": [11, 4, 12, 5], "rotation": 180, "texture": "#2", "cullface": "east"},
				"down": {"uv": [11, 3, 12, 5], "rotation": 180, "texture": "#2", "cullface": "east"}
			}
		},
		{
			"from": [15.5, 11, 2],
			"to": [16.5, 13, 3],
			"faces": {
				"north": {"uv": [13, 3, 14, 5], "texture": "#2", "cullface": "east"},
				"east": {"uv": [13, 3, 14, 5], "texture": "#2", "cullface": "east"},
				"south": {"uv": [13, 3, 14, 5], "texture": "#2", "cullface": "east"},
				"up": {"uv": [13, 3, 14, 4], "rotation": 180, "texture": "#2", "cullface": "east"},
				"down": {"uv": [13, 4, 14, 5], "rotation": 180, "texture": "#2", "cullface": "east"}
			}
		},
		{
			"from": [4, 4, -0.25],
			"to": [5, 10, 0],
			"faces": {
				"north": {"uv": [12, 4, 13, 10], "rotation": 180, "texture": "#2", "cullface": "north"},
				"east": {"uv": [12, 4, 13, 10], "rotation": 180, "texture": "#2", "cullface": "north"},
				"west": {"uv": [12, 4, 13, 10], "rotation": 180, "texture": "#2", "cullface": "north"},
				"up": {"uv": [0, 0, 1, 1], "rotation": 90, "texture": "#missing", "cullface": "north"},
				"down": {"uv": [0, 0, 1, 1], "rotation": 270, "texture": "#missing", "cullface": "north"}
			}
		},
		{
			"from": [3, 11, -0.5],
			"to": [6, 13, 0],
			"faces": {
				"north": {"uv": [11, 11, 14, 13], "rotation": 180, "texture": "#2", "cullface": "north"},
				"east": {"uv": [13, 11, 13.5, 13], "rotation": 180, "texture": "#2", "cullface": "north"},
				"west": {"uv": [11, 11, 11.5, 13], "rotation": 180, "texture": "#2", "cullface": "north"},
				"up": {"uv": [12, 12, 12.5, 13], "rotation": 90, "texture": "#2", "cullface": "north"},
				"down": {"uv": [11, 11, 14, 11.5], "texture": "#2", "cullface": "north"}
			}
		},
		{
			"from": [3, 13, -0.5],
			"to": [4, 14, 0],
			"faces": {
				"north": {"uv": [11, 13, 12, 14], "rotation": 180, "texture": "#2", "cullface": "north"},
				"east": {"uv": [11, 13, 11.5, 14], "rotation": 180, "texture": "#2", "cullface": "north"},
				"west": {"uv": [11, 13, 11.5, 14], "rotation": 180, "texture": "#2", "cullface": "north"},
				"up": {"uv": [11, 13, 11.5, 14], "rotation": 90, "texture": "#2", "cullface": "north"},
				"down": {"uv": [0, 0, 0.5, 1], "rotation": 270, "texture": "#missing", "cullface": "north"}
			}
		},
		{
			"from": [5, 13, -0.5],
			"to": [6, 14, 0],
			"faces": {
				"north": {"uv": [13, 13, 14, 14], "rotation": 180, "texture": "#2", "cullface": "north"},
				"east": {"uv": [13, 13, 13.5, 14], "rotation": 180, "texture": "#2", "cullface": "north"},
				"west": {"uv": [13, 13, 13.5, 14], "rotation": 180, "texture": "#2", "cullface": "north"},
				"up": {"uv": [13, 13, 13.5, 14], "rotation": 90, "texture": "#2", "cullface": "north"},
				"down": {"uv": [0, 0, 0.5, 1], "rotation": 270, "texture": "#missing", "cullface": "north"}
			}
		},
		{
			"from": [4, 10, -0.5],
			"to": [5, 11, 0],
			"faces": {
				"north": {"uv": [12, 10, 13, 11], "rotation": 180, "texture": "#2", "cullface": "north"},
				"east": {"uv": [12, 10, 13, 11], "rotation": 180, "texture": "#2", "cullface": "north"},
				"west": {"uv": [12, 10, 13, 11], "rotation": 180, "texture": "#2", "cullface": "north"},
				"down": {"uv": [12, 10, 13, 11], "rotation": 270, "texture": "#2", "cullface": "north"}
			}
		},
		{
			"from": [4, 2, -0.5],
			"to": [5, 4, 0.5],
			"faces": {
				"north": {"uv": [12, 2, 13, 4], "rotation": 180, "texture": "#2", "cullface": "north"},
				"east": {"uv": [12, 2, 13, 4], "rotation": 180, "texture": "#2", "cullface": "north"},
				"west": {"uv": [12, 2, 13, 4], "rotation": 180, "texture": "#2", "cullface": "north"},
				"up": {"uv": [12, 2, 13, 4], "rotation": 90, "texture": "#2", "cullface": "north"},
				"down": {"uv": [12, 2, 13, 4], "rotation": 270, "texture": "#2", "cullface": "north"}
			}
		},
		{
			"from": [3, 3, -0.5],
			"to": [4, 5, 0.5],
			"faces": {
				"north": {"uv": [11, 3, 12, 5], "rotation": 180, "texture": "#2", "cullface": "north"},
				"east": {"uv": [11, 3, 12, 5], "rotation": 180, "texture": "#2", "cullface": "north"},
				"west": {"uv": [11, 3, 12, 5], "rotation": 180, "texture": "#2", "cullface": "north"},
				"up": {"uv": [11, 3, 12, 5], "rotation": 90, "texture": "#2", "cullface": "north"},
				"down": {"uv": [11, 4, 12, 5], "rotation": 270, "texture": "#2", "cullface": "north"}
			}
		},
		{
			"from": [5, 3, -0.5],
			"to": [6, 5, 0.5],
			"faces": {
				"north": {"uv": [13, 3, 14, 5], "rotation": 180, "texture": "#2", "cullface": "north"},
				"east": {"uv": [13, 3, 14, 5], "rotation": 180, "texture": "#2", "cullface": "north"},
				"west": {"uv": [13, 3, 14, 5], "rotation": 180, "texture": "#2", "cullface": "north"},
				"up": {"uv": [13, 4, 14, 5], "rotation": 90, "texture": "#2", "cullface": "north"},
				"down": {"uv": [13, 3, 14, 4], "rotation": 270, "texture": "#2", "cullface": "north"}
			}
		},
		{
			"from": [11, 4, 16],
			"to": [12, 10, 16.25],
			"faces": {
				"east": {"uv": [12, 4, 13, 10], "rotation": 180, "texture": "#2", "cullface": "south"},
				"south": {"uv": [12, 4, 13, 10], "rotation": 180, "texture": "#2", "cullface": "south"},
				"west": {"uv": [12, 4, 13, 10], "rotation": 180, "texture": "#2", "cullface": "south"},
				"up": {"uv": [0, 0, 1, 1], "rotation": 270, "texture": "#missing", "cullface": "south"},
				"down": {"uv": [0, 0, 1, 1], "rotation": 90, "texture": "#missing", "cullface": "south"}
			}
		},
		{
			"from": [10, 11, 16],
			"to": [13, 13, 16.5],
			"faces": {
				"east": {"uv": [11, 11, 11.5, 13], "rotation": 180, "texture": "#2", "cullface": "south"},
				"south": {"uv": [11, 11, 14, 13], "rotation": 180, "texture": "#2", "cullface": "south"},
				"west": {"uv": [13, 11, 13.5, 13], "rotation": 180, "texture": "#2", "cullface": "south"},
				"up": {"uv": [12, 12, 12.5, 13], "rotation": 270, "texture": "#2", "cullface": "south"},
				"down": {"uv": [11, 11, 14, 11.5], "rotation": 180, "texture": "#2", "cullface": "south"}
			}
		},
		{
			"from": [12, 13, 16],
			"to": [13, 14, 16.5],
			"faces": {
				"east": {"uv": [11, 13, 11.5, 14], "rotation": 180, "texture": "#2", "cullface": "south"},
				"south": {"uv": [11, 13, 12, 14], "rotation": 180, "texture": "#2", "cullface": "south"},
				"west": {"uv": [11, 13, 11.5, 14], "rotation": 180, "texture": "#2", "cullface": "south"},
				"up": {"uv": [11, 13, 11.5, 14], "rotation": 270, "texture": "#2", "cullface": "south"},
				"down": {"uv": [0, 0, 0.5, 1], "rotation": 90, "texture": "#missing", "cullface": "south"}
			}
		},
		{
			"from": [10, 13, 16],
			"to": [11, 14, 16.5],
			"faces": {
				"east": {"uv": [13, 13, 13.5, 14], "rotation": 180, "texture": "#2", "cullface": "south"},
				"south": {"uv": [13, 13, 14, 14], "rotation": 180, "texture": "#2", "cullface": "south"},
				"west": {"uv": [13, 13, 13.5, 14], "rotation": 180, "texture": "#2", "cullface": "south"},
				"up": {"uv": [13, 13, 13.5, 14], "rotation": 270, "texture": "#2", "cullface": "south"},
				"down": {"uv": [0, 0, 0.5, 1], "rotation": 90, "texture": "#missing", "cullface": "south"}
			}
		},
		{
			"from": [11, 10, 16],
			"to": [12, 11, 16.5],
			"faces": {
				"east": {"uv": [12, 10, 13, 11], "rotation": 180, "texture": "#2", "cullface": "south"},
				"south": {"uv": [12, 10, 13, 11], "rotation": 180, "texture": "#2", "cullface": "south"},
				"west": {"uv": [12, 10, 13, 11], "rotation": 180, "texture": "#2", "cullface": "south"},
				"down": {"uv": [12, 10, 13, 11], "rotation": 90, "texture": "#2", "cullface": "south"}
			}
		},
		{
			"from": [11, 2, 15.5],
			"to": [12, 4, 16.5],
			"faces": {
				"east": {"uv": [12, 2, 13, 4], "rotation": 180, "texture": "#2", "cullface": "south"},
				"south": {"uv": [12, 2, 13, 4], "rotation": 180, "texture": "#2", "cullface": "south"},
				"west": {"uv": [12, 2, 13, 4], "rotation": 180, "texture": "#2", "cullface": "south"},
				"up": {"uv": [12, 2, 13, 4], "rotation": 270, "texture": "#2", "cullface": "south"},
				"down": {"uv": [12, 2, 13, 4], "rotation": 90, "texture": "#2", "cullface": "south"}
			}
		},
		{
			"from": [12, 3, 15.5],
			"to": [13, 5, 16.5],
			"faces": {
				"east": {"uv": [11, 3, 12, 5], "rotation": 180, "texture": "#2", "cullface": "south"},
				"south": {"uv": [11, 3, 12, 5], "rotation": 180, "texture": "#2", "cullface": "south"},
				"west": {"uv": [11, 3, 12, 5], "rotation": 180, "texture": "#2", "cullface": "south"},
				"up": {"uv": [11, 3, 12, 5], "rotation": 270, "texture": "#2", "cullface": "south"},
				"down": {"uv": [11, 4, 12, 5], "rotation": 90, "texture": "#2", "cullface": "south"}
			}
		},
		{
			"from": [10, 3, 15.5],
			"to": [11, 5, 16.5],
			"faces": {
				"east": {"uv": [13, 3, 14, 5], "rotation": 180, "texture": "#2", "cullface": "south"},
				"south": {"uv": [13, 3, 14, 5], "rotation": 180, "texture": "#2", "cullface": "south"},
				"west": {"uv": [13, 3, 14, 5], "rotation": 180, "texture": "#2", "cullface": "south"},
				"up": {"uv": [13, 4, 14, 5], "rotation": 270, "texture": "#2", "cullface": "south"},
				"down": {"uv": [13, 3, 14, 4], "rotation": 90, "texture": "#2", "cullface": "south"}
			}
		},
		{
			"from": [13, 9, -0.5],
			"to": [14, 12, 0],
			"faces": {
				"north": {"uv": [2, 4, 3, 7], "texture": "#1", "cullface": "north"},
				"east": {"uv": [2, 4, 2.5, 7], "texture": "#1", "cullface": "north"},
				"west": {"uv": [2, 4, 2.5, 7], "texture": "#1", "cullface": "north"},
				"up": {"uv": [2, 4, 3, 4.5], "texture": "#1", "cullface": "north"},
				"down": {"uv": [0, 0, 1, 0.5], "texture": "#missing", "cullface": "north"}
			}
		},
		{
			"from": [10, 3, -0.25],
			"to": [11, 12, 0],
			"faces": {
				"north": {"uv": [5, 4, 6, 13], "texture": "#1", "cullface": "north"},
				"east": {"uv": [5, 4, 5.25, 13], "texture": "#1", "cullface": "north"},
				"west": {"uv": [5, 4, 5.25, 13], "texture": "#1", "cullface": "north"},
				"up": {"uv": [0, 0, 1, 0.25], "texture": "#missing", "cullface": "north"},
				"down": {"uv": [0, 0, 1, 0.25], "texture": "#missing", "cullface": "north"}
			}
		},
		{
			"from": [10, 1, -0.5],
			"to": [12, 3, 0],
			"faces": {
				"north": {"uv": [4, 13, 6, 15], "texture": "#1", "cullface": "north"},
				"east": {"uv": [4, 13, 5, 15], "texture": "#1", "cullface": "north"},
				"west": {"uv": [5, 13, 6, 15], "texture": "#1", "cullface": "north"},
				"up": {"uv": [4, 13, 6, 14], "rotation": 180, "texture": "#1", "cullface": "north"},
				"down": {"uv": [4, 14, 6, 15], "texture": "#1", "cullface": "north"}
			}
		},
		{
			"from": [10, 12, -0.5],
			"to": [12, 14, 0],
			"faces": {
				"north": {"uv": [4, 2, 6, 4], "texture": "#1", "cullface": "north"},
				"east": {"uv": [4, 2, 5, 4], "texture": "#1", "cullface": "north"},
				"west": {"uv": [5, 2, 6, 4], "texture": "#1", "cullface": "north"},
				"up": {"uv": [4, 2, 6, 3], "texture": "#1", "cullface": "north"},
				"down": {"uv": [4, 3, 6, 4], "rotation": 180, "texture": "#1", "cullface": "north"}
			}
		},
		{
			"from": [12, 2, -0.5],
			"to": [13, 5, 0],
			"faces": {
				"north": {"uv": [3, 11, 4, 14], "texture": "#1", "cullface": "north"},
				"east": {"uv": [3, 11, 4, 14], "texture": "#1", "cullface": "north"},
				"west": {"uv": [3, 11, 4, 14], "texture": "#1", "cullface": "north"},
				"up": {"uv": [3, 11, 4, 12], "texture": "#1", "cullface": "north"},
				"down": {"uv": [3, 13, 4, 14], "texture": "#1", "cullface": "north"}
			}
		},
		{
			"from": [12, 10, -0.5],
			"to": [13, 13, 0],
			"faces": {
				"north": {"uv": [3, 3, 4, 6], "texture": "#1", "cullface": "north"},
				"east": {"uv": [3, 3, 4, 6], "texture": "#1", "cullface": "north"},
				"west": {"uv": [3, 3, 4, 6], "texture": "#1", "cullface": "north"},
				"up": {"uv": [3, 3, 4, 4], "texture": "#1", "cullface": "north"},
				"down": {"uv": [3, 5, 4, 6], "texture": "#1", "cullface": "north"}
			}
		},
		{
			"from": [13, 4, -0.5],
			"to": [14, 8, 0],
			"faces": {
				"north": {"uv": [2, 8, 3, 12], "texture": "#1", "cullface": "north"},
				"east": {"uv": [2, 8, 2.5, 12], "texture": "#1", "cullface": "north"},
				"west": {"uv": [2, 8, 2.5, 12], "texture": "#1", "cullface": "north"},
				"up": {"uv": [0, 0, 1, 0.5], "texture": "#missing", "cullface": "north"},
				"down": {"uv": [2, 11, 3, 11.5], "texture": "#1", "cullface": "north"}
			}
		},
		{
			"from": [2, 9, 16],
			"to": [3, 12, 16.5],
			"faces": {
				"east": {"uv": [2, 4, 2.5, 7], "texture": "#1", "cullface": "south"},
				"south": {"uv": [2, 4, 3, 7], "texture": "#1", "cullface": "south"},
				"west": {"uv": [2, 4, 2.5, 7], "texture": "#1", "cullface": "south"},
				"up": {"uv": [2, 4, 3, 4.5], "rotation": 180, "texture": "#1", "cullface": "south"},
				"down": {"uv": [0, 0, 1, 0.5], "rotation": 180, "texture": "#missing", "cullface": "south"}
			}
		},
		{
			"from": [5, 3, 16],
			"to": [6, 12, 16.25],
			"faces": {
				"east": {"uv": [5, 4, 5.25, 13], "texture": "#1", "cullface": "south"},
				"south": {"uv": [5, 4, 6, 13], "texture": "#1", "cullface": "south"},
				"west": {"uv": [5, 4, 5.25, 13], "texture": "#1", "cullface": "south"},
				"up": {"uv": [0, 0, 1, 0.25], "rotation": 180, "texture": "#missing", "cullface": "south"},
				"down": {"uv": [0, 0, 1, 0.25], "rotation": 180, "texture": "#missing", "cullface": "south"}
			}
		},
		{
			"from": [4, 1, 16],
			"to": [6, 3, 16.5],
			"faces": {
				"east": {"uv": [5, 13, 6, 15], "texture": "#1", "cullface": "south"},
				"south": {"uv": [4, 13, 6, 15], "texture": "#1", "cullface": "south"},
				"west": {"uv": [4, 13, 5, 15], "texture": "#1", "cullface": "south"},
				"up": {"uv": [4, 13, 6, 14], "texture": "#1", "cullface": "south"},
				"down": {"uv": [4, 14, 6, 15], "rotation": 180, "texture": "#1", "cullface": "south"}
			}
		},
		{
			"from": [4, 12, 16],
			"to": [6, 14, 16.5],
			"faces": {
				"east": {"uv": [5, 2, 6, 4], "texture": "#1", "cullface": "south"},
				"south": {"uv": [4, 2, 6, 4], "texture": "#1", "cullface": "south"},
				"west": {"uv": [4, 2, 5, 4], "texture": "#1", "cullface": "south"},
				"up": {"uv": [4, 2, 6, 3], "rotation": 180, "texture": "#1", "cullface": "south"},
				"down": {"uv": [4, 3, 6, 4], "texture": "#1", "cullface": "south"}
			}
		},
		{
			"from": [3, 2, 16],
			"to": [4, 5, 16.5],
			"faces": {
				"east": {"uv": [3, 11, 4, 14], "texture": "#1", "cullface": "south"},
				"south": {"uv": [3, 11, 4, 14], "texture": "#1", "cullface": "south"},
				"west": {"uv": [3, 11, 4, 14], "texture": "#1", "cullface": "south"},
				"up": {"uv": [3, 11, 4, 12], "rotation": 180, "texture": "#1", "cullface": "south"},
				"down": {"uv": [3, 13, 4, 14], "rotation": 180, "texture": "#1", "cullface": "south"}
			}
		},
		{
			"from": [3, 10, 16],
			"to": [4, 13, 16.5],
			"faces": {
				"east": {"uv": [3, 3, 4, 6], "texture": "#1", "cullface": "south"},
				"south": {"uv": [3, 3, 4, 6], "texture": "#1", "cullface": "south"},
				"west": {"uv": [3, 3, 4, 6], "texture": "#1", "cullface": "south"},
				"up": {"uv": [3, 3, 4, 4], "rotation": 180, "texture": "#1", "cullface": "south"},
				"down": {"uv": [3, 5, 4, 6], "rotation": 180, "texture": "#1", "cullface": "south"}
			}
		},
		{
			"from": [2, 4, 16],
			"to": [3, 8, 16.5],
			"faces": {
				"east": {"uv": [2, 8, 2.5, 12], "texture": "#1", "cullface": "south"},
				"south": {"uv": [2, 8, 3, 12], "texture": "#1", "cullface": "south"},
				"west": {"uv": [2, 8, 2.5, 12], "texture": "#1", "cullface": "south"},
				"up": {"uv": [0, 0, 1, 0.5], "rotation": 180, "texture": "#missing", "cullface": "south"},
				"down": {"uv": [2, 11, 3, 11.5], "rotation": 180, "texture": "#1", "cullface": "south"}
			}
		},
		{
			"from": [14, 16, 8],
			"to": [15, 16.35, 9],
			"faces": {
				"north": {"uv": [14, 8, 15, 9], "texture": "#0", "cullface": "up"},
				"east": {"uv": [14, 8, 15, 9], "texture": "#0", "cullface": "up"},
				"south": {"uv": [14, 8, 15, 9], "texture": "#0", "cullface": "up"},
				"up": {"uv": [14, 8, 15, 9], "texture": "#0", "cullface": "up"}
			}
		},
		{
			"from": [13, 16, 8],
			"to": [14, 16.35, 10],
			"faces": {
				"north": {"uv": [11, 10, 12, 10.25], "texture": "#0", "cullface": "up"},
				"east": {"uv": [11, 10, 12, 12], "rotation": 90, "texture": "#0", "cullface": "up"},
				"south": {"uv": [11, 11, 12, 11.25], "texture": "#0", "cullface": "up"},
				"west": {"uv": [11, 10, 12, 12], "rotation": 270, "texture": "#0", "cullface": "up"},
				"up": {"uv": [11, 10, 12, 12], "texture": "#0", "cullface": "up"}
			}
		},
		{
			"from": [12, 16, 9],
			"to": [13, 16.35, 11],
			"faces": {
				"north": {"uv": [11, 10, 12, 10.25], "texture": "#0", "cullface": "up"},
				"east": {"uv": [11, 10, 12, 12], "rotation": 90, "texture": "#0", "cullface": "up"},
				"south": {"uv": [11, 11, 12, 11.25], "texture": "#0", "cullface": "up"},
				"west": {"uv": [11, 10, 12, 12], "rotation": 270, "texture": "#0", "cullface": "up"},
				"up": {"uv": [11, 10, 12, 12], "texture": "#0", "cullface": "up"}
			}
		},
		{
			"from": [11, 16, 10],
			"to": [12, 16.35, 12],
			"faces": {
				"north": {"uv": [11, 10, 12, 10.25], "texture": "#0", "cullface": "up"},
				"east": {"uv": [11, 10, 12, 12], "rotation": 90, "texture": "#0", "cullface": "up"},
				"south": {"uv": [11, 11, 12, 11.25], "texture": "#0", "cullface": "up"},
				"west": {"uv": [11, 10, 12, 12], "rotation": 270, "texture": "#0", "cullface": "up"},
				"up": {"uv": [11, 10, 12, 12], "texture": "#0", "cullface": "up"}
			}
		},
		{
			"from": [9, 16, 12],
			"to": [10, 16.5, 14],
			"faces": {
				"north": {"uv": [9, 12, 10, 12.5], "texture": "#0", "cullface": "up"},
				"east": {"uv": [9, 12, 9.5, 14], "rotation": 90, "texture": "#0", "cullface": "up"},
				"south": {"uv": [9, 13, 10, 13.5], "texture": "#0", "cullface": "up"},
				"west": {"uv": [9, 12, 9.5, 14], "rotation": 270, "texture": "#0", "cullface": "up"},
				"up": {"uv": [9, 12, 10, 14], "texture": "#0", "cullface": "up"}
			}
		},
		{
			"from": [10, 16, 11],
			"to": [11, 16.5, 13],
			"faces": {
				"north": {"uv": [9, 12, 10, 12.5], "texture": "#0", "cullface": "up"},
				"east": {"uv": [9, 12, 9.5, 14], "rotation": 90, "texture": "#0", "cullface": "up"},
				"south": {"uv": [9, 13, 10, 13.5], "texture": "#0", "cullface": "up"},
				"west": {"uv": [9, 12, 9.5, 14], "rotation": 270, "texture": "#0", "cullface": "up"},
				"up": {"uv": [9, 12, 10, 14], "texture": "#0", "cullface": "up"}
			}
		},
		{
			"from": [4, 16, 11],
			"to": [5, 16.2, 12],
			"faces": {
				"north": {"uv": [4, 11, 5, 12], "texture": "#0", "cullface": "up"},
				"east": {"uv": [4, 11, 5, 12], "texture": "#0", "cullface": "up"},
				"south": {"uv": [4, 11, 5, 12], "texture": "#0", "cullface": "up"},
				"west": {"uv": [4, 11, 5, 12], "texture": "#0", "cullface": "up"},
				"up": {"uv": [4, 11, 5, 12], "texture": "#0", "cullface": "up"}
			}
		},
		{
			"from": [4, 16, 3],
			"to": [5, 16.2, 4],
			"faces": {
				"north": {"uv": [4, 3, 5, 4], "texture": "#0", "cullface": "up"},
				"east": {"uv": [4, 3, 5, 4], "texture": "#0", "cullface": "up"},
				"up": {"uv": [4, 3, 5, 4], "texture": "#0", "cullface": "up"}
			}
		},
		{
			"from": [3, 16, 10],
			"to": [4, 16.25, 11],
			"faces": {
				"east": {"uv": [4, 11, 5, 12], "texture": "#0", "cullface": "up"},
				"south": {"uv": [4, 11, 5, 12], "texture": "#0", "cullface": "up"},
				"west": {"uv": [4, 11, 5, 12], "texture": "#0", "cullface": "up"},
				"up": {"uv": [4, 11, 5, 12], "texture": "#0", "cullface": "up"}
			}
		},
		{
			"from": [3, 16, 2],
			"to": [4, 16.25, 4],
			"faces": {
				"north": {"uv": [3, 2, 4, 4], "texture": "#0", "cullface": "up"},
				"east": {"uv": [3, 2, 4, 4], "texture": "#0", "cullface": "up"},
				"west": {"uv": [3, 2, 4, 4], "texture": "#0", "cullface": "up"},
				"up": {"uv": [3, 2, 4, 4], "texture": "#0", "cullface": "up"}
			}
		},
		{
			"from": [2, 16, 4],
			"to": [5, 16.25, 10],
			"faces": {
				"north": {"uv": [2, 4, 5, 4.25], "texture": "#0", "cullface": "up"},
				"east": {"uv": [4, 4, 4.25, 10], "rotation": 90, "texture": "#0", "cullface": "up"},
				"south": {"uv": [2, 9, 5, 9.25], "texture": "#0", "cullface": "up"},
				"west": {"uv": [2, 4, 2.25, 10], "rotation": 270, "texture": "#0", "cullface": "up"},
				"up": {"uv": [2, 4, 5, 10], "texture": "#0", "cullface": "up"}
			}
		}
	],
	"display": {
		"thirdperson_righthand": {
			"rotation": [75, 45, 0],
			"translation": [0, 2.5, 0],
			"scale": [0.375, 0.375, 0.375]
		},
		"firstperson_righthand": {
			"rotation": [0, 45, 0],
			"scale": [0.4, 0.4, 0.4]
		},
		"firstperson_lefthand": {
			"rotation": [0, 225, 0],
			"scale": [0.4, 0.4, 0.4]
		},
		"ground": {
			"translation": [0, 3, 0],
			"scale": [0.25, 0.25, 0.25]
		},
		"gui": {
			"rotation": [30, 225, 0],
			"scale": [0.625, 0.625, 0.625]
		},
		"fixed": {
			"scale": [0.5, 0.5, 0.5]
		}
	},
	"groups": [0, 1,
		{
			"name": "Target",
			"origin": [8, 8, 8],
			"children": [2, 3, 4]
		},
		{
			"name": "Arrow",
			"origin": [8, 8, 8],
			"children": [5, 6, 7, 8, 9, 10, 11, 12]
		},
		{
			"name": "Target",
			"origin": [8, 8, 8],
			"children": [13, 14, 15]
		},
		{
			"name": "Arrow",
			"origin": [8, 8, 8],
			"children": [16, 17, 18, 19, 20, 21, 22, 23]
		},
		{
			"name": "ArrowDwn",
			"origin": [8, 8, 8],
			"children": [24, 25, 26, 27, 28, 29, 30, 31]
		},
		{
			"name": "ArrowDwn",
			"origin": [8, 8, 8],
			"children": [32, 33, 34, 35, 36, 37, 38, 39]
		},
		{
			"name": "Bow",
			"origin": [8, 8, 8],
			"children": [40, 41, 42, 43, 44, 45, 46]
		},
		{
			"name": "Bow",
			"origin": [8, 8, 8],
			"children": [47, 48, 49, 50, 51, 52, 53]
		},
		{
			"name": "Knive",
			"origin": [8, 8, 8],
			"children": [54, 55, 56, 57, 58, 59]
		}, 60, 61, 62, 63, 64]
}