{
	"credit": "Made by TheWaschtlPlays using Blockbench",
	"textures": {
		"particle": "block/oak_trapdoor",
		"texture": "block/oak_trapdoor"
	},
	"elements": [
		{
			"name": "Cube",
			"from": [0, 13, 0],
			"to": [16, 16, 3],
			"faces": {
				"north": {"uv": [0, 16, 16, 13], "texture": "#texture", "cullface": "north"},
				"east": {"uv": [13, 16, 16, 13], "texture": "#texture", "cullface": "east"},
				"south": {"uv": [0, 0, 16, 3], "texture": "#texture"},
				"west": {"uv": [0, 16, 3, 13], "texture": "#texture", "cullface": "west"},
				"up": {"uv": [0, 0, 16, 3], "texture": "#texture", "cullface": "up"},
				"down": {"uv": [0, 13, 16, 16], "texture": "#texture"}
			}
		},
		{
			"name": "Cube",
			"from": [3, 13, 6],
			"to": [13, 16, 10],
			"faces": {
				"north": {"uv": [3, 0, 13, 3], "texture": "#texture"},
				"south": {"uv": [3, 0, 13, 3], "texture": "#texture"},
				"up": {"uv": [3, 6, 13, 10], "texture": "#texture", "cullface": "up"},
				"down": {"uv": [3, 6, 13, 10], "texture": "#texture"}
			}
		},
		{
			"name": "Cube",
			"from": [0, 13, 13],
			"to": [16, 16, 16],
			"faces": {
				"north": {"uv": [0, 0, 16, 3], "texture": "#texture"},
				"east": {"uv": [0, 16, 3, 13], "texture": "#texture", "cullface": "east"},
				"south": {"uv": [0, 16, 16, 13], "texture": "#texture", "cullface": "south"},
				"west": {"uv": [13, 16, 16, 13], "texture": "#texture", "cullface": "west"},
				"up": {"uv": [0, 13, 16, 16], "texture": "#texture", "cullface": "up"},
				"down": {"uv": [0, 0, 16, 3], "texture": "#texture"}
			}
		},
		{
			"name": "Cube",
			"from": [0, 13, 3],
			"to": [3, 16, 13],
			"faces": {
				"east": {"uv": [3, 0, 13, 3], "texture": "#texture"},
				"west": {"uv": [3, 16, 13, 13], "texture": "#texture", "cullface": "west"},
				"up": {"uv": [0, 3, 3, 13], "texture": "#texture", "cullface": "up"},
				"down": {"uv": [0, 3, 3, 13], "texture": "#texture"}
			}
		},
		{
			"name": "Cube",
			"from": [13, 13, 3],
			"to": [16, 16, 13],
			"faces": {
				"east": {"uv": [3, 16, 13, 13], "texture": "#texture", "cullface": "east"},
				"west": {"uv": [3, 0, 13, 3], "texture": "#texture"},
				"up": {"uv": [13, 3, 16, 13], "texture": "#texture", "cullface": "up"},
				"down": {"uv": [13, 3, 16, 13], "texture": "#texture"}
			}
		},
		{
			"name": "Cube",
			"from": [6, 13, 3],
			"to": [10, 16, 13],
			"faces": {
				"east": {"uv": [3, 0, 13, 3], "texture": "#texture"},
				"west": {"uv": [3, 0, 13, 3], "texture": "#texture"},
				"up": {"uv": [6, 3, 10, 13], "texture": "#texture", "cullface": "up"},
				"down": {"uv": [6, 3, 10, 13], "texture": "#texture"}
			}
		}
	]
}