{
	"credit": "Made by TheWaschtlPlays using Blockbench",
	"textures": {
		"fern": "block/fern",
		"particle": "block/flower_pot",
		"flowerpot": "block/flower_pot",
		"dirt": "block/dirt"
	},
	"elements": [
		{
			"name": "Cube",
			"from": [6, 1, 5],
			"to": [10, 5, 6],
			"faces": {
				"north": {"uv": [6, 11, 10, 15], "texture": "#flowerpot"},
				"east": {"uv": [5, 11, 6, 15], "texture": "#flowerpot"},
				"south": {"uv": [6, 11, 10, 15], "texture": "#flowerpot"},
				"west": {"uv": [10, 11, 11, 15], "texture": "#flowerpot"},
				"up": {"uv": [6, 10, 10, 11], "texture": "#flowerpot"},
				"down": {"uv": [6, 15, 10, 16], "texture": "#flowerpot"}
			}
		},
		{
			"name": "Cube",
			"from": [6, 1, 10],
			"to": [10, 5, 11],
			"faces": {
				"north": {"uv": [6, 11, 10, 15], "texture": "#flowerpot"},
				"east": {"uv": [5, 11, 6, 15], "texture": "#flowerpot"},
				"south": {"uv": [6, 11, 10, 15], "texture": "#flowerpot"},
				"west": {"uv": [10, 11, 11, 15], "texture": "#flowerpot"},
				"up": {"uv": [6, 10, 10, 11], "texture": "#flowerpot"},
				"down": {"uv": [6, 15, 10, 16], "texture": "#flowerpot"}
			}
		},
		{
			"name": "Cube",
			"from": [5, 1, 6],
			"to": [6, 5, 10],
			"faces": {
				"north": {"uv": [5, 11, 6, 15], "texture": "#flowerpot"},
				"east": {"uv": [6, 11, 10, 15], "texture": "#flowerpot"},
				"south": {"uv": [10, 11, 11, 15], "texture": "#flowerpot"},
				"west": {"uv": [6, 11, 10, 15], "texture": "#flowerpot"},
				"up": {"uv": [5, 11, 6, 15], "texture": "#flowerpot"},
				"down": {"uv": [10, 11, 11, 15], "texture": "#flowerpot"}
			}
		},
		{
			"name": "Cube",
			"from": [10, 1, 6],
			"to": [11, 5, 10],
			"faces": {
				"north": {"uv": [5, 11, 6, 15], "texture": "#flowerpot"},
				"east": {"uv": [6, 11, 10, 15], "texture": "#flowerpot"},
				"south": {"uv": [10, 11, 11, 15], "texture": "#flowerpot"},
				"west": {"uv": [6, 11, 10, 15], "texture": "#flowerpot"},
				"up": {"uv": [5, 11, 6, 15], "texture": "#flowerpot"},
				"down": {"uv": [10, 11, 11, 15], "texture": "#flowerpot"}
			}
		},
		{
			"name": "Cube",
			"from": [6, 0, 6],
			"to": [10, 4, 10],
			"faces": {
				"north": {"uv": [6, 2, 10, 6], "texture": "#flowerpot"},
				"east": {"uv": [6, 7, 10, 11], "texture": "#flowerpot"},
				"south": {"uv": [6, 2, 10, 6], "texture": "#flowerpot"},
				"west": {"uv": [6, 7, 10, 11], "texture": "#flowerpot"},
				"up": {"uv": [6, 6, 10, 10], "texture": "#dirt"},
				"down": {"uv": [6, 11, 10, 15], "texture": "#flowerpot", "cullface": "down"}
			}
		},
		{
			"name": "Cube",
			"from": [5, 5, 4],
			"to": [11, 6, 5],
			"faces": {
				"north": {"uv": [5, 5, 11, 6], "texture": "#flowerpot"},
				"east": {"uv": [5, 5, 6, 6], "texture": "#flowerpot"},
				"south": {"uv": [5, 5, 11, 6], "texture": "#flowerpot"},
				"west": {"uv": [10, 5, 11, 6], "texture": "#flowerpot"},
				"up": {"uv": [5, 10, 11, 11], "texture": "#flowerpot"},
				"down": {"uv": [5, 5, 11, 6], "texture": "#flowerpot"}
			}
		},
		{
			"name": "Cube",
			"from": [5, 5, 11],
			"to": [11, 6, 12],
			"faces": {
				"north": {"uv": [5, 5, 11, 6], "texture": "#flowerpot"},
				"east": {"uv": [5, 5, 6, 6], "texture": "#flowerpot"},
				"south": {"uv": [5, 5, 11, 6], "texture": "#flowerpot"},
				"west": {"uv": [10, 5, 11, 6], "texture": "#flowerpot"},
				"up": {"uv": [5, 10, 11, 11], "texture": "#flowerpot"},
				"down": {"uv": [5, 5, 11, 6], "texture": "#flowerpot"}
			}
		},
		{
			"name": "Cube",
			"from": [4, 5, 5],
			"to": [5, 6, 11],
			"faces": {
				"north": {"uv": [5, 5, 6, 6], "texture": "#flowerpot"},
				"east": {"uv": [5, 5, 11, 6], "texture": "#flowerpot"},
				"south": {"uv": [5, 5, 6, 6], "texture": "#flowerpot"},
				"west": {"uv": [5, 5, 11, 6], "texture": "#flowerpot"},
				"up": {"uv": [5, 10, 6, 16], "texture": "#flowerpot"},
				"down": {"uv": [5, 5, 6, 11], "texture": "#flowerpot"}
			}
		},
		{
			"name": "Cube",
			"from": [11, 5, 5],
			"to": [12, 6, 11],
			"faces": {
				"north": {"uv": [5, 5, 6, 6], "texture": "#flowerpot"},
				"east": {"uv": [5, 5, 11, 6], "texture": "#flowerpot"},
				"south": {"uv": [5, 5, 6, 6], "texture": "#flowerpot"},
				"west": {"uv": [5, 5, 11, 6], "texture": "#flowerpot"},
				"up": {"uv": [5, 10, 6, 16], "texture": "#flowerpot"},
				"down": {"uv": [5, 5, 6, 11], "texture": "#flowerpot"}
			}
		},
		{
			"name": "Cube",
			"from": [5, 3, 5],
			"to": [6, 6, 6],
			"faces": {
				"north": {"uv": [7, 12, 8, 15], "texture": "#flowerpot"},
				"east": {"uv": [10, 6, 11, 9], "texture": "#flowerpot"},
				"south": {"uv": [5, 6, 6, 9], "texture": "#flowerpot"},
				"west": {"uv": [8, 12, 9, 15], "texture": "#flowerpot"},
				"up": {"uv": [5, 5, 6, 6], "texture": "#flowerpot"},
				"down": {"uv": [5, 5, 6, 6], "texture": "#flowerpot"}
			}
		},
		{
			"name": "Cube",
			"from": [10, 3, 5],
			"to": [11, 6, 6],
			"faces": {
				"north": {"uv": [7, 12, 8, 15], "texture": "#flowerpot"},
				"east": {"uv": [10, 6, 11, 9], "texture": "#flowerpot"},
				"south": {"uv": [5, 6, 6, 9], "texture": "#flowerpot"},
				"west": {"uv": [8, 12, 9, 15], "texture": "#flowerpot"},
				"up": {"uv": [5, 5, 6, 6], "texture": "#flowerpot"},
				"down": {"uv": [5, 5, 6, 6], "texture": "#flowerpot"}
			}
		},
		{
			"name": "Cube",
			"from": [10, 3, 10],
			"to": [11, 6, 11],
			"faces": {
				"north": {"uv": [7, 12, 8, 15], "texture": "#flowerpot"},
				"east": {"uv": [6, 12, 7, 15], "texture": "#flowerpot"},
				"south": {"uv": [6, 9, 7, 12], "texture": "#flowerpot"},
				"west": {"uv": [8, 12, 9, 15], "texture": "#flowerpot"},
				"up": {"uv": [5, 5, 6, 6], "texture": "#flowerpot"},
				"down": {"uv": [5, 5, 6, 6], "texture": "#flowerpot"}
			}
		},
		{
			"name": "Cube",
			"from": [5, 3, 10],
			"to": [6, 6, 11],
			"faces": {
				"north": {"uv": [10, 11, 11, 14], "texture": "#flowerpot"},
				"east": {"uv": [10, 6, 11, 9], "texture": "#flowerpot"},
				"south": {"uv": [8, 12, 9, 15], "texture": "#flowerpot"},
				"west": {"uv": [8, 12, 9, 15], "texture": "#flowerpot"},
				"up": {"uv": [5, 5, 6, 6], "texture": "#flowerpot"},
				"down": {"uv": [5, 5, 6, 6], "texture": "#flowerpot"}
			}
		},
		{
			"name": "Cube",
			"from": [4, 4, 6],
			"to": [5, 5, 10],
			"faces": {
				"north": {"uv": [5, 11, 6, 12], "texture": "#flowerpot"},
				"south": {"uv": [10, 12, 11, 11], "texture": "#flowerpot"},
				"west": {"uv": [6, 11, 10, 12], "texture": "#flowerpot"},
				"down": {"uv": [5, 6, 6, 10], "texture": "#flowerpot"}
			}
		},
		{
			"name": "Cube",
			"from": [11, 4, 6],
			"to": [12, 5, 10],
			"faces": {
				"north": {"uv": [5, 11, 6, 12], "texture": "#flowerpot"},
				"east": {"uv": [6, 11, 10, 12], "texture": "#flowerpot"},
				"south": {"uv": [10, 12, 11, 11], "texture": "#flowerpot"},
				"down": {"uv": [5, 6, 6, 10], "texture": "#flowerpot"}
			}
		},
		{
			"name": "Cube",
			"from": [6, 4, 4],
			"to": [10, 5, 5],
			"faces": {
				"north": {"uv": [6, 11, 10, 12], "texture": "#flowerpot"},
				"east": {"uv": [5, 11, 6, 12], "texture": "#flowerpot"},
				"west": {"uv": [10, 11, 11, 12], "texture": "#flowerpot"},
				"down": {"uv": [6, 11, 10, 12], "texture": "#flowerpot"}
			}
		},
		{
			"name": "Cube",
			"from": [6, 4, 11],
			"to": [10, 5, 12],
			"faces": {
				"east": {"uv": [5, 11, 6, 12], "texture": "#flowerpot"},
				"south": {"uv": [6, 11, 10, 12], "texture": "#flowerpot"},
				"west": {"uv": [10, 11, 11, 12], "texture": "#flowerpot"},
				"down": {"uv": [6, 11, 10, 12], "texture": "#flowerpot"}
			}
		},
		{
			"name": "Fern",
			"from": [2.6, 4, 8],
			"to": [13.4, 16, 8],
			"rotation": {"angle": 45, "axis": "y", "origin": [8, 8, 8], "rescale": true},
			"faces": {
				"north": {"uv": [0, 0, 16, 16], "texture": "#fern", "tintindex": 0},
				"south": {"uv": [0, 0, 16, 16], "texture": "#fern", "tintindex": 0}
			}
		},
		{
			"name": "Fern",
			"from": [8, 4, 2.6],
			"to": [8, 16, 13.4],
			"rotation": {"angle": 45, "axis": "y", "origin": [8, 8, 8], "rescale": true},
			"faces": {
				"east": {"uv": [0, 0, 16, 16], "texture": "#fern", "tintindex": 0},
				"west": {"uv": [0, 0, 16, 16], "texture": "#fern", "tintindex": 0}
			}
		}
	],
	"display": {
		"thirdperson_righthand": {
			"rotation": [75, 315, 0],
			"translation": [0, 2.5, 0],
			"scale": [0.375, 0.375, 0.375]
		},
		"firstperson_righthand": {
			"rotation": [0, 315, 0],
			"translation": [0, 2.5, 0],
			"scale": [0.4, 0.4, 0.4]
		},
		"ground": {
			"translation": [0, 3, 0],
			"scale": [0.25, 0.25, 0.25]
		},
		"gui": {
			"rotation": [30, 45, 0],
			"scale": [0.625, 0.625, 0.625]
		},
		"head": {
			"rotation": [0, 180, 0]
		},
		"fixed": {
			"rotation": [0, 180, 0]
		}
	}
}