{
	"credit": "Originally made by playtrix using MrCrayfish's Modeleditor, later remastered & de-botched by TheWaschtlPlays using Blockbench",
	"textures": {
		"0": "block/oak_planks",
		"2": "block/cauldron_side",
		"gold_block": "block/gold_block",
		"redstone_block": "custom_textures/redstone_dark",
		"iron_block": "block/iron_block",
		"particle": "block/powered_rail"
	},
	"elements": [
		{
			"name": "wooden Thing1",
			"from": [0, 0, 1],
			"to": [16, 1, 3],
			"faces": {
				"north": {"uv": [0, 0, 16, 1], "texture": "#0"},
				"east": {"uv": [0, 0, 2, 1], "texture": "#0", "cullface": "east"},
				"south": {"uv": [0, 0, 16, 1], "texture": "#0"},
				"west": {"uv": [0, 0, 2, 1], "texture": "#0", "cullface": "west"},
				"up": {"uv": [0, 0, 16, 2], "texture": "#0"},
				"down": {"uv": [0, 0, 16, 2], "texture": "#0", "cullface": "down"}
			}
		},
		{
			"name": "wooden Thing4",
			"from": [0, 0, 13],
			"to": [16, 1, 15],
			"faces": {
				"north": {"uv": [0, 0, 16, 1], "texture": "#0"},
				"east": {"uv": [0, 0, 2, 1], "texture": "#0", "cullface": "east"},
				"south": {"uv": [0, 0, 16, 1], "texture": "#0"},
				"west": {"uv": [0, 0, 2, 1], "texture": "#0", "cullface": "west"},
				"up": {"uv": [0, 0, 16, 2], "texture": "#0"},
				"down": {"uv": [0, 0, 16, 2], "texture": "#0", "cullface": "down"}
			}
		},
		{
			"name": "wooden Thing3",
			"from": [0, 0, 9],
			"to": [16, 1, 11],
			"faces": {
				"north": {"uv": [0, 0, 16, 1], "texture": "#0"},
				"east": {"uv": [0, 0, 2, 1], "texture": "#0", "cullface": "east"},
				"south": {"uv": [0, 0, 16, 1], "texture": "#0"},
				"west": {"uv": [0, 0, 2, 1], "texture": "#0", "cullface": "west"},
				"up": {"uv": [0, 0, 16, 2], "texture": "#0"},
				"down": {"uv": [0, 0, 16, 2], "texture": "#0", "cullface": "down"}
			}
		},
		{
			"name": "wooden Thing2",
			"from": [0, 0, 5],
			"to": [16, 1, 7],
			"faces": {
				"north": {"uv": [0, 0, 16, 1], "texture": "#0"},
				"east": {"uv": [0, 0, 2, 1], "texture": "#0", "cullface": "east"},
				"south": {"uv": [0, 0, 16, 1], "texture": "#0"},
				"west": {"uv": [0, 0, 2, 1], "texture": "#0", "cullface": "west"},
				"up": {"uv": [0, 0, 16, 2], "texture": "#0"},
				"down": {"uv": [0, 0, 16, 2], "texture": "#0", "cullface": "down"}
			}
		},
		{
			"name": "Rail1",
			"from": [1.5, 1, 0],
			"to": [3.5, 2, 16],
			"faces": {
				"north": {"uv": [0, 4, 2, 5], "texture": "#iron_block", "cullface": "north"},
				"east": {"uv": [3, 0, 4, 16], "rotation": 90, "texture": "#iron_block"},
				"south": {"uv": [14, 6, 16, 7], "texture": "#iron_block", "cullface": "south"},
				"west": {"uv": [2, 0, 3, 16], "rotation": 90, "texture": "#iron_block"},
				"up": {"uv": [14, 0, 16, 16], "texture": "#iron_block"},
				"down": {"uv": [14, 0, 16, 16], "texture": "#iron_block"}
			}
		},
		{
			"name": "Rail2",
			"from": [12.5, 1, 0],
			"to": [14.5, 2, 16],
			"faces": {
				"north": {"uv": [14, 7, 16, 8], "texture": "#iron_block", "cullface": "north"},
				"east": {"uv": [0, 4, 16, 5], "texture": "#iron_block"},
				"south": {"uv": [0, 5, 2, 6], "texture": "#iron_block", "cullface": "south"},
				"west": {"uv": [0, 3, 16, 4], "texture": "#iron_block"},
				"up": {"uv": [0, 1, 2, 15], "texture": "#iron_block"},
				"down": {"uv": [0, 1, 2, 15], "texture": "#iron_block"}
			}
		},
		{
			"name": "Redstone1",
			"from": [3.751, 1, 0],
			"to": [4.251, 2, 16],
			"faces": {
				"north": {"uv": [4, 6, 4.5, 7], "texture": "#redstone_block", "cullface": "north"},
				"east": {"uv": [0, 13, 16, 14], "texture": "#redstone_block"},
				"south": {"uv": [3, 6, 3.5, 7], "texture": "#redstone_block", "cullface": "south"},
				"west": {"uv": [0, 5, 16, 6], "texture": "#redstone_block"},
				"up": {"uv": [9, 0, 9.5, 16], "texture": "#redstone_block"},
				"down": {"uv": [5, 0, 5.5, 16], "texture": "#redstone_block"}
			}
		},
		{
			"name": "Redstone2",
			"from": [11.749, 1, 0],
			"to": [12.249, 2, 16],
			"faces": {
				"north": {"uv": [7, 6, 7.5, 7], "texture": "#redstone_block", "cullface": "north"},
				"east": {"uv": [0, 6, 16, 7], "texture": "#redstone_block"},
				"south": {"uv": [1, 3, 1.5, 4], "texture": "#redstone_block", "cullface": "south"},
				"west": {"uv": [0, 2, 16, 3], "texture": "#redstone_block"},
				"up": {"uv": [11, 0, 11.5, 16], "texture": "#redstone_block"},
				"down": {"uv": [9, 0, 9.5, 16], "texture": "#redstone_block"}
			}
		},
		{
			"name": "Gold1",
			"from": [0.749, 1, 0],
			"to": [1.249, 2, 16],
			"faces": {
				"north": {"uv": [3, 6, 3.5, 7], "texture": "#gold_block", "cullface": "north"},
				"east": {"uv": [0, 2, 16, 3], "texture": "#gold_block"},
				"south": {"uv": [2, 4, 2.5, 5], "texture": "#gold_block", "cullface": "south"},
				"west": {"uv": [0, 3, 16, 4], "texture": "#gold_block"},
				"up": {"uv": [3, 0, 3.5, 16], "texture": "#gold_block"},
				"down": {"uv": [6, 0, 6.5, 16], "texture": "#gold_block"}
			}
		},
		{
			"name": "Gold2",
			"from": [14.751, 1, 0],
			"to": [15.251, 2, 16],
			"faces": {
				"north": {"uv": [2, 5, 2.5, 6], "texture": "#gold_block", "cullface": "north"},
				"east": {"uv": [0, 4, 16, 5], "texture": "#gold_block"},
				"south": {"uv": [2, 6, 2.5, 7], "texture": "#gold_block", "cullface": "south"},
				"west": {"uv": [0, 2, 16, 3], "texture": "#gold_block"},
				"up": {"uv": [6, 0, 6.5, 16], "texture": "#gold_block"},
				"down": {"uv": [3, 0, 3.5, 16], "texture": "#gold_block"}
			}
		},
		{
			"name": "Holder",
			"from": [11.5, 0.25, 1.5],
			"to": [15.5, 1.25, 2.5],
			"faces": {
				"north": {"uv": [4, 1, 12, 3], "texture": "#2"},
				"east": {"uv": [7, 3, 9, 5], "texture": "#2"},
				"south": {"uv": [3, 1, 11, 3], "texture": "#2"},
				"west": {"uv": [6, 3, 8, 5], "texture": "#2"},
				"up": {"uv": [4, 0, 12, 2], "texture": "#2"}
			}
		},
		{
			"name": "Holder",
			"from": [0.5, 0.25, 5.5],
			"to": [4.5, 1.25, 6.5],
			"faces": {
				"north": {"uv": [4, 1, 12, 3], "texture": "#2"},
				"east": {"uv": [7, 3, 9, 5], "texture": "#2"},
				"south": {"uv": [3, 1, 11, 3], "texture": "#2"},
				"west": {"uv": [6, 3, 8, 5], "texture": "#2"},
				"up": {"uv": [4, 0, 12, 2], "texture": "#2"}
			}
		},
		{
			"name": "Holder",
			"from": [0.5, 0.25, 1.5],
			"to": [4.5, 1.25, 2.5],
			"faces": {
				"north": {"uv": [4, 1, 12, 3], "texture": "#2"},
				"east": {"uv": [7, 3, 9, 5], "texture": "#2"},
				"south": {"uv": [3, 1, 11, 3], "texture": "#2"},
				"west": {"uv": [6, 3, 8, 5], "texture": "#2"},
				"up": {"uv": [4, 0, 12, 2], "texture": "#2"}
			}
		},
		{
			"name": "Holder",
			"from": [0.5, 0.25, 9.5],
			"to": [4.5, 1.25, 10.5],
			"faces": {
				"north": {"uv": [4, 1, 12, 3], "texture": "#2"},
				"east": {"uv": [7, 3, 9, 5], "texture": "#2"},
				"south": {"uv": [3, 1, 11, 3], "texture": "#2"},
				"west": {"uv": [6, 3, 8, 5], "texture": "#2"},
				"up": {"uv": [4, 0, 12, 2], "texture": "#2"}
			}
		},
		{
			"name": "Holder",
			"from": [0.5, 0.25, 13.5],
			"to": [4.5, 1.25, 14.5],
			"faces": {
				"north": {"uv": [4, 1, 12, 3], "texture": "#2"},
				"east": {"uv": [7, 3, 9, 5], "texture": "#2"},
				"south": {"uv": [3, 1, 11, 3], "texture": "#2"},
				"west": {"uv": [6, 3, 8, 5], "texture": "#2"},
				"up": {"uv": [4, 0, 12, 2], "texture": "#2"}
			}
		},
		{
			"name": "Holder",
			"from": [11.5, 0.25, 13.5],
			"to": [15.5, 1.25, 14.5],
			"faces": {
				"north": {"uv": [4, 1, 12, 3], "texture": "#2"},
				"east": {"uv": [7, 3, 9, 5], "texture": "#2"},
				"south": {"uv": [3, 1, 11, 3], "texture": "#2"},
				"west": {"uv": [6, 3, 8, 5], "texture": "#2"},
				"up": {"uv": [4, 0, 12, 2], "texture": "#2"}
			}
		},
		{
			"name": "Holder",
			"from": [11.5, 0.25, 9.5],
			"to": [15.5, 1.25, 10.5],
			"faces": {
				"north": {"uv": [4, 1, 12, 3], "texture": "#2"},
				"east": {"uv": [7, 3, 9, 5], "texture": "#2"},
				"south": {"uv": [3, 1, 11, 3], "texture": "#2"},
				"west": {"uv": [6, 3, 8, 5], "texture": "#2"},
				"up": {"uv": [4, 0, 12, 2], "texture": "#2"}
			}
		},
		{
			"name": "Holder",
			"from": [11.5, 0.25, 5.5],
			"to": [15.5, 1.25, 6.5],
			"faces": {
				"north": {"uv": [4, 1, 12, 3], "texture": "#2"},
				"east": {"uv": [7, 3, 9, 5], "texture": "#2"},
				"south": {"uv": [3, 1, 11, 3], "texture": "#2"},
				"west": {"uv": [6, 3, 8, 5], "texture": "#2"},
				"up": {"uv": [4, 0, 12, 2], "texture": "#2"}
			}
		}
	],
	"display": {
		"thirdperson_righthand": {
			"rotation": [75, 315, 0],
			"translation": [0, 2.5, 0],
			"scale": [0.375, 0.375, 0.375]
		},
		"firstperson_righthand": {
			"rotation": [0, 315, 0],
			"translation": [0, 2.5, 0],
			"scale": [0.4, 0.4, 0.4]
		},
		"ground": {
			"translation": [0, 3, 0],
			"scale": [0.25, 0.25, 0.25]
		},
		"gui": {
			"rotation": [30, 45, 0],
			"scale": [0.625, 0.625, 0.625]
		},
		"head": {
			"rotation": [0, 180, 0]
		},
		"fixed": {
			"rotation": [0, 180, 0]
		}
	},
	"groups": [
		{
			"name": "Wood",
			"origin": [8, 8, 8],
			"children": [0, 1, 2, 3]
		},
		{
			"name": "Rail",
			"origin": [8, 8, 8],
			"children": [4, 5, 6, 7, 8, 9]
		},
		{
			"name": "Holder",
			"origin": [8, 8, 8],
			"children": [10, 11, 12, 13, 14, 15, 16, 17]
		}
	]
}