{
	"credit": "Made by TheWaschtlPlays using Blockbench",
	"textures": {
		"top": "block/respawn_anchor_top_off",
		"bottom": "block/respawn_anchor_bottom",
		"particle": "block/respawn_anchor_side4",
		"side": "block/respawn_anchor_side4"
	},
	"elements": [
		{
			"name": "Base",
			"from": [0, 0, 0],
			"to": [16, 9, 16],
			"faces": {
				"north": {"uv": [0, 7, 16, 16], "texture": "#side", "cullface": "north"},
				"east": {"uv": [0, 7, 16, 16], "texture": "#side", "cullface": "east"},
				"south": {"uv": [0, 7, 16, 16], "texture": "#side", "cullface": "south"},
				"west": {"uv": [0, 7, 16, 16], "texture": "#side", "cullface": "west"},
				"up": {"uv": [7, 7, 8, 8], "texture": "#side"},
				"down": {"uv": [0, 0, 16, 16], "texture": "#bottom", "cullface": "down"}
			}
		},
		{
			"name": "Inner black",
			"from": [0.5, 9, 0.5],
			"to": [15.5, 15, 15.5],
			"rotation": {"angle": 0, "axis": "y", "origin": [8.5, 17, 8.5]},
			"faces": {
				"north": {"uv": [15, 6, 16, 7], "texture": "#side", "cullface": "north"},
				"east": {"uv": [15, 6, 16, 7], "texture": "#side", "cullface": "east"},
				"south": {"uv": [15, 6, 16, 7], "texture": "#side", "cullface": "south"},
				"west": {"uv": [15, 6, 16, 7], "texture": "#side", "cullface": "west"},
				"up": {"uv": [2, 2, 14, 14], "texture": "#top", "cullface": "up"}
			}
		},
		{
			"from": [0, 9, 0],
			"to": [1, 10, 7],
			"rotation": {"angle": 0, "axis": "y", "origin": [8, 17, 8]},
			"faces": {
				"north": {"uv": [15, 6, 16, 7], "texture": "#side", "cullface": "north"},
				"south": {"uv": [6, 6, 7, 7], "texture": "#side", "cullface": "west"},
				"west": {"uv": [0, 6, 7, 7], "texture": "#side", "cullface": "west"},
				"up": {"uv": [6, 6, 7, 7], "texture": "#side", "cullface": "west"}
			}
		},
		{
			"from": [0, 9, 9],
			"to": [1, 10, 15],
			"faces": {
				"north": {"uv": [9, 6, 10, 7], "texture": "#side", "cullface": "west"},
				"west": {"uv": [9, 6, 15, 7], "texture": "#side", "cullface": "west"},
				"up": {"uv": [9, 6, 10, 7], "rotation": 270, "texture": "#side", "cullface": "west"}
			}
		},
		{
			"from": [0, 9, 15],
			"to": [7, 10, 16],
			"rotation": {"angle": 0, "axis": "y", "origin": [8, 17, 8]},
			"faces": {
				"east": {"uv": [6, 6, 7, 7], "texture": "#side", "cullface": "south"},
				"south": {"uv": [0, 6, 7, 7], "texture": "#side", "cullface": "south"},
				"west": {"uv": [15, 6, 16, 7], "texture": "#side", "cullface": "west"},
				"up": {"uv": [6, 6, 7, 7], "rotation": 270, "texture": "#side", "cullface": "south"}
			}
		},
		{
			"from": [9, 9, 15],
			"to": [15, 10, 16],
			"faces": {
				"south": {"uv": [9, 6, 15, 7], "texture": "#side", "cullface": "south"},
				"west": {"uv": [9, 6, 10, 7], "texture": "#side", "cullface": "south"},
				"up": {"uv": [9, 6, 10, 7], "rotation": 180, "texture": "#side", "cullface": "south"}
			}
		},
		{
			"from": [15, 9, 9],
			"to": [16, 10, 16],
			"rotation": {"angle": 0, "axis": "y", "origin": [8, 17, 8]},
			"faces": {
				"north": {"uv": [6, 6, 7, 7], "texture": "#side", "cullface": "east"},
				"east": {"uv": [0, 6, 7, 7], "texture": "#side", "cullface": "east"},
				"south": {"uv": [15, 6, 16, 7], "texture": "#side", "cullface": "south"},
				"up": {"uv": [6, 6, 7, 7], "rotation": 180, "texture": "#side", "cullface": "east"}
			}
		},
		{
			"from": [15, 9, 1],
			"to": [16, 10, 7],
			"faces": {
				"east": {"uv": [9, 6, 15, 7], "texture": "#side", "cullface": "east"},
				"south": {"uv": [9, 6, 10, 7], "texture": "#side", "cullface": "east"},
				"up": {"uv": [9, 6, 10, 7], "rotation": 90, "texture": "#side", "cullface": "east"}
			}
		},
		{
			"from": [9, 9, 0],
			"to": [16, 10, 1],
			"rotation": {"angle": 0, "axis": "y", "origin": [8, 17, 8]},
			"faces": {
				"north": {"uv": [0, 6, 7, 7], "texture": "#side", "cullface": "north"},
				"east": {"uv": [15, 6, 16, 7], "texture": "#side", "cullface": "east"},
				"west": {"uv": [6, 6, 7, 7], "texture": "#side", "cullface": "north"},
				"up": {"uv": [9, 6, 10, 7], "rotation": 90, "texture": "#side", "cullface": "north"}
			}
		},
		{
			"from": [1, 9, 0],
			"to": [7, 10, 1],
			"faces": {
				"north": {"uv": [9, 6, 15, 7], "texture": "#side", "cullface": "north"},
				"east": {"uv": [9, 6, 10, 7], "texture": "#side", "cullface": "north"},
				"up": {"uv": [9, 6, 10, 7], "texture": "#side", "cullface": "north"}
			}
		},
		{
			"from": [0, 10, 15],
			"to": [6, 13, 16],
			"faces": {
				"east": {"uv": [5, 3, 6, 6], "texture": "#side", "cullface": "south"},
				"south": {"uv": [0, 3, 6, 6], "texture": "#side", "cullface": "south"},
				"west": {"uv": [15, 3, 16, 6], "texture": "#side", "cullface": "west"}
			}
		},
		{
			"from": [0, 10, 0],
			"to": [1, 13, 6],
			"faces": {
				"north": {"uv": [15, 3, 16, 6], "texture": "#side", "cullface": "north"},
				"south": {"uv": [5, 3, 6, 6], "texture": "#side", "cullface": "west"},
				"west": {"uv": [0, 3, 6, 6], "texture": "#side", "cullface": "west"}
			}
		},
		{
			"from": [15, 10, 10],
			"to": [16, 13, 16],
			"faces": {
				"north": {"uv": [5, 3, 6, 6], "texture": "#side", "cullface": "east"},
				"east": {"uv": [0, 3, 6, 6], "texture": "#side", "cullface": "east"},
				"south": {"uv": [15, 3, 16, 6], "texture": "#side", "cullface": "south"}
			}
		},
		{
			"from": [10, 10, 0],
			"to": [16, 13, 1],
			"faces": {
				"north": {"uv": [0, 3, 6, 6], "texture": "#side", "cullface": "north"},
				"east": {"uv": [15, 3, 16, 6], "texture": "#side", "cullface": "east"},
				"west": {"uv": [5, 3, 6, 6], "texture": "#side", "cullface": "north"}
			}
		},
		{
			"from": [1, 10, 0],
			"to": [6, 13, 1],
			"faces": {
				"north": {"uv": [10, 3, 15, 6], "texture": "#side", "cullface": "north"},
				"east": {"uv": [10, 3, 11, 6], "texture": "#side", "cullface": "north"}
			}
		},
		{
			"from": [0, 10, 10],
			"to": [1, 13, 15],
			"faces": {
				"north": {"uv": [10, 3, 11, 6], "texture": "#side", "cullface": "west"},
				"west": {"uv": [10, 3, 15, 6], "texture": "#side", "cullface": "west"}
			}
		},
		{
			"from": [10, 10, 15],
			"to": [15, 13, 16],
			"faces": {
				"south": {"uv": [10, 3, 15, 6], "texture": "#side", "cullface": "south"},
				"west": {"uv": [10, 3, 11, 6], "texture": "#side", "cullface": "south"}
			}
		},
		{
			"from": [15, 10, 1],
			"to": [16, 13, 6],
			"faces": {
				"east": {"uv": [10, 3, 15, 6], "texture": "#side", "cullface": "east"},
				"south": {"uv": [10, 3, 11, 6], "texture": "#side", "cullface": "east"}
			}
		},
		{
			"from": [2, 14.5, 2],
			"to": [13, 15.5, 3],
			"rotation": {"angle": 0, "axis": "y", "origin": [8, 8.5, 8]},
			"faces": {
				"south": {"uv": [2, 2, 13, 2.5], "texture": "#top", "cullface": "up"},
				"up": {"uv": [2, 2, 13, 3], "texture": "#top", "cullface": "up"}
			}
		},
		{
			"from": [13, 14.5, 2],
			"to": [14, 15.5, 13],
			"rotation": {"angle": 0, "axis": "y", "origin": [8, 8.5, 8]},
			"faces": {
				"west": {"uv": [2, 2, 13, 2.5], "texture": "#top", "cullface": "up"},
				"up": {"uv": [2, 2, 13, 3], "rotation": 90, "texture": "#top", "cullface": "up"}
			}
		},
		{
			"from": [3, 14.5, 13],
			"to": [14, 15.5, 14],
			"rotation": {"angle": 0, "axis": "y", "origin": [8, 8.5, 8]},
			"faces": {
				"north": {"uv": [2, 2, 13, 2.5], "texture": "#top", "cullface": "up"},
				"up": {"uv": [2, 2, 13, 3], "rotation": 180, "texture": "#top", "cullface": "up"}
			}
		},
		{
			"from": [2, 14.5, 3],
			"to": [3, 15.5, 14],
			"rotation": {"angle": 0, "axis": "y", "origin": [8, 8.5, 8]},
			"faces": {
				"east": {"uv": [2, 2, 13, 2.5], "texture": "#top", "cullface": "up"},
				"up": {"uv": [2, 2, 13, 3], "rotation": 270, "texture": "#top", "cullface": "up"}
			}
		},
		{
			"from": [0, 13, 0],
			"to": [14, 16, 2],
			"faces": {
				"north": {"uv": [2, 0, 16, 3], "texture": "#side", "cullface": "north"},
				"south": {"uv": [0, 1, 14, 4], "texture": "#top", "cullface": "up"},
				"west": {"uv": [0, 0, 2, 3], "texture": "#side", "cullface": "west"},
				"up": {"uv": [0, 0, 14, 2], "texture": "#top", "cullface": "up"},
				"down": {"uv": [7, 1, 8, 2], "texture": "#side", "cullface": "north"}
			}
		},
		{
			"from": [0, 13, 2],
			"to": [2, 16, 16],
			"faces": {
				"east": {"uv": [1, 2, 2, 16], "rotation": 90, "texture": "#top", "cullface": "up"},
				"south": {"uv": [0, 0, 2, 3], "texture": "#side", "cullface": "south"},
				"west": {"uv": [2, 0, 16, 3], "texture": "#side", "cullface": "west"},
				"up": {"uv": [0, 2, 2, 16], "texture": "#top", "cullface": "up"},
				"down": {"uv": [7, 1, 8, 2], "rotation": 90, "texture": "#side", "cullface": "west"}
			}
		},
		{
			"from": [2, 13, 14],
			"to": [16, 16, 16],
			"faces": {
				"north": {"uv": [2, 14, 16, 15], "rotation": 180, "texture": "#top", "cullface": "up"},
				"east": {"uv": [0, 0, 2, 3], "texture": "#side", "cullface": "east"},
				"south": {"uv": [2, 0, 16, 3], "texture": "#side", "cullface": "south"},
				"up": {"uv": [2, 14, 16, 16], "texture": "#top", "cullface": "up"},
				"down": {"uv": [7, 1, 8, 2], "rotation": 180, "texture": "#side", "cullface": "south"}
			}
		},
		{
			"from": [14, 13, 0],
			"to": [16, 16, 14],
			"faces": {
				"north": {"uv": [0, 0, 2, 3], "texture": "#side", "cullface": "north"},
				"east": {"uv": [2, 0, 16, 3], "texture": "#side", "cullface": "east"},
				"west": {"uv": [15, 0, 14, 14], "rotation": 270, "texture": "#top", "cullface": "up"},
				"up": {"uv": [14, 0, 16, 14], "texture": "#top", "cullface": "up"},
				"down": {"uv": [7, 1, 8, 2], "rotation": 270, "texture": "#side", "cullface": "east"}
			}
		},
		{
			"from": [0, 12, 6],
			"to": [0.5, 13, 7],
			"faces": {
				"south": {"uv": [6, 3, 6.5, 4], "texture": "#side", "cullface": "west"},
				"west": {"uv": [6, 3, 7, 4], "texture": "#side", "cullface": "west"},
				"down": {"uv": [6, 3, 6.5, 4], "texture": "#side", "cullface": "west"}
			}
		},
		{
			"from": [6, 12, 15.5],
			"to": [7, 13, 16],
			"faces": {
				"east": {"uv": [6, 3, 6.5, 4], "texture": "#side", "cullface": "south"},
				"south": {"uv": [6, 3, 7, 4], "texture": "#side", "cullface": "south"},
				"down": {"uv": [6, 3, 6.5, 4], "rotation": 90, "texture": "#side", "cullface": "south"}
			}
		},
		{
			"from": [15.5, 12, 9],
			"to": [16, 13, 10],
			"faces": {
				"north": {"uv": [6, 3, 6.5, 4], "texture": "#side", "cullface": "east"},
				"east": {"uv": [6, 3, 7, 4], "texture": "#side", "cullface": "east"},
				"down": {"uv": [6, 3, 6.5, 4], "rotation": 180, "texture": "#side", "cullface": "east"}
			}
		},
		{
			"from": [9, 12, 0],
			"to": [10, 13, 0.5],
			"faces": {
				"north": {"uv": [6, 3, 7, 4], "texture": "#side", "cullface": "north"},
				"west": {"uv": [6, 3, 6.5, 4], "texture": "#side", "cullface": "north"},
				"down": {"uv": [6, 3, 6.5, 4], "rotation": 270, "texture": "#side", "cullface": "north"}
			}
		},
		{
			"from": [0, 12, 9],
			"to": [0.5, 13, 10],
			"faces": {
				"north": {"uv": [9, 3, 9.5, 4], "texture": "#side", "cullface": "west"},
				"west": {"uv": [9, 3, 10, 4], "texture": "#side", "cullface": "west"},
				"down": {"uv": [9, 3, 9.5, 4], "texture": "#side", "cullface": "west"}
			}
		},
		{
			"from": [9, 12, 15.5],
			"to": [10, 13, 16],
			"faces": {
				"south": {"uv": [9, 3, 10, 4], "texture": "#side", "cullface": "south"},
				"west": {"uv": [9, 3, 9.5, 4], "texture": "#side", "cullface": "south"},
				"down": {"uv": [9, 3, 9.5, 4], "rotation": 90, "texture": "#side", "cullface": "south"}
			}
		},
		{
			"from": [15.5, 12, 6],
			"to": [16, 13, 7],
			"faces": {
				"east": {"uv": [9, 3, 10, 4], "texture": "#side", "cullface": "east"},
				"south": {"uv": [9, 3, 9.5, 4], "texture": "#side", "cullface": "east"},
				"down": {"uv": [9, 3, 9.5, 4], "rotation": 180, "texture": "#side", "cullface": "east"}
			}
		},
		{
			"from": [6, 12, 0],
			"to": [7, 13, 0.5],
			"faces": {
				"north": {"uv": [9, 3, 10, 4], "texture": "#side", "cullface": "north"},
				"east": {"uv": [9, 3, 9.5, 4], "texture": "#side", "cullface": "north"},
				"down": {"uv": [9, 3, 9.5, 4], "rotation": 270, "texture": "#side", "cullface": "north"}
			}
		}
	],
	"display": {
		"thirdperson_righthand": {
			"rotation": [75, 45, 0],
			"translation": [0, 2.5, 0],
			"scale": [0.375, 0.375, 0.375]
		},
		"thirdperson_lefthand": {
			"rotation": [75, 45, 0],
			"translation": [0, 2.5, 0],
			"scale": [0.375, 0.375, 0.375]
		},
		"firstperson_righthand": {
			"rotation": [0, 45, 0],
			"scale": [0.4, 0.4, 0.4]
		},
		"firstperson_lefthand": {
			"rotation": [0, 45, 0],
			"scale": [0.4, 0.4, 0.4]
		},
		"ground": {
			"translation": [0, 3, 0],
			"scale": [0.25, 0.25, 0.25]
		},
		"gui": {
			"rotation": [30, -135, 0],
			"scale": [0.625, 0.625, 0.625]
		},
		"fixed": {
			"scale": [0.5, 0.5, 0.5]
		}
	},
	"groups": [0, 1,
		{
			"name": "lil Side pieces",
			"origin": [8, 8, 8],
			"children": [2, 3, 4, 5, 6, 7, 8, 9, 10]
		},
		{
			"name": "Big Side pieces",
			"origin": [8, 8, 8],
			"children": [11, 12, 13, 14, 15, 16, 17]
		},
		{
			"name": "Top ring",
			"origin": [8, 8, 8],
			"children": [
				{
					"name": "Top ring inner",
					"origin": [8, 8.5, 8],
					"children": [18, 19, 20, 21]
				}, 22, 23, 24, 25]
		},
		{
			"name": "Corner side pieces",
			"origin": [8, 8, 8],
			"children": [26, 27, 28, 29, 30, 31, 32, 33]
		}
	]
}