{
	"credit": "Originally made by playtrix using MrCrayfish's Modeleditor, later remastered & de-botched by TheWaschtlPlays using Blockbench",
	"textures": {
		"stonecutter_bottom": "block/stonecutter_bottom",
		"saw_template": "custom_textures/stonecutter_saw",
		"particle": "block/stonecutter_side",
		"stonecutter_side": "block/stonecutter_side",
		"cobblestone": "block/cobblestone"
	},
	"elements": [
		{
			"name": "sawtooth",
			"from": [14, 7, 7.625],
			"to": [15, 8, 8.375],
			"faces": {
				"north": {"uv": [1, 8, 2, 9], "texture": "#saw_template"},
				"east": {"uv": [1, 8, 1.75, 9], "texture": "#saw_template"},
				"south": {"uv": [1, 8, 2, 9], "texture": "#saw_template"},
				"west": {"uv": [1, 8, 1.75, 9], "texture": "#saw_template"},
				"up": {"uv": [1, 8, 2, 8.75], "texture": "#saw_template"},
				"down": {"uv": [1, 8, 2, 8.75], "texture": "#saw_template"}
			}
		},
		{
			"name": "sawtooth",
			"from": [1, 8, 7.625],
			"to": [2, 9, 8.375],
			"faces": {
				"north": {"uv": [14, 7, 15, 8], "texture": "#saw_template"},
				"east": {"uv": [14, 7, 14.75, 8], "texture": "#saw_template"},
				"south": {"uv": [14, 7, 15, 8], "texture": "#saw_template"},
				"west": {"uv": [14, 7, 14.75, 8], "texture": "#saw_template"},
				"up": {"uv": [14, 7, 15, 7.75], "texture": "#saw_template"},
				"down": {"uv": [14, 7, 15, 7.75], "texture": "#saw_template"}
			}
		},
		{
			"name": "sawtooth",
			"from": [1, 9, 7.625],
			"to": [2, 10, 8.375],
			"faces": {
				"north": {"uv": [14, 6, 15, 7], "texture": "#saw_template"},
				"east": {"uv": [14, 6, 14.75, 7], "texture": "#saw_template"},
				"south": {"uv": [14, 6, 15, 7], "texture": "#saw_template"},
				"west": {"uv": [14, 6, 14.75, 7], "texture": "#saw_template"},
				"up": {"uv": [14, 6, 15, 6.75], "texture": "#saw_template"},
				"down": {"uv": [14, 6, 15, 6.75], "texture": "#saw_template"}
			}
		},
		{
			"name": "sawtooth",
			"from": [1, 10, 7.625],
			"to": [2, 11, 8.375],
			"faces": {
				"north": {"uv": [14, 5, 15, 6], "texture": "#saw_template"},
				"east": {"uv": [14, 5, 14.75, 6], "texture": "#saw_template"},
				"south": {"uv": [14, 5, 15, 6], "texture": "#saw_template"},
				"west": {"uv": [14, 5, 14.75, 6], "texture": "#saw_template"},
				"up": {"uv": [14, 5, 15, 5.75], "texture": "#saw_template"},
				"down": {"uv": [14, 5, 15, 5.75], "texture": "#saw_template"}
			}
		},
		{
			"name": "sawtooth",
			"from": [2, 11, 7.625],
			"to": [3, 12, 8.375],
			"faces": {
				"north": {"uv": [13, 4, 14, 5], "texture": "#saw_template"},
				"east": {"uv": [13, 4, 13.75, 5], "texture": "#saw_template"},
				"south": {"uv": [13, 4, 14, 5], "texture": "#saw_template"},
				"west": {"uv": [13, 4, 13.75, 5], "texture": "#saw_template"},
				"up": {"uv": [13, 4, 14, 4.75], "texture": "#saw_template"},
				"down": {"uv": [13, 4, 14, 4.75], "texture": "#saw_template"}
			}
		},
		{
			"name": "sawtooth",
			"from": [2, 12, 7.625],
			"to": [3, 13, 8.375],
			"faces": {
				"north": {"uv": [13, 3, 14, 4], "texture": "#saw_template"},
				"east": {"uv": [13, 3, 13.75, 4], "texture": "#saw_template"},
				"south": {"uv": [13, 3, 14, 4], "texture": "#saw_template"},
				"west": {"uv": [13, 3, 13.75, 4], "texture": "#saw_template"},
				"up": {"uv": [13, 3, 14, 3.75], "texture": "#saw_template"},
				"down": {"uv": [13, 3, 14, 3.75], "texture": "#saw_template"}
			}
		},
		{
			"name": "sawtooth",
			"from": [3, 13, 7.625],
			"to": [4, 14, 8.375],
			"faces": {
				"north": {"uv": [12, 2, 13, 3], "texture": "#saw_template"},
				"east": {"uv": [12, 2, 12.75, 3], "texture": "#saw_template"},
				"south": {"uv": [12, 2, 13, 3], "texture": "#saw_template"},
				"west": {"uv": [12, 2, 12.75, 3], "texture": "#saw_template"},
				"up": {"uv": [12, 2, 13, 2.75], "texture": "#saw_template"},
				"down": {"uv": [12, 2, 13, 2.75], "texture": "#saw_template"}
			}
		},
		{
			"name": "sawtooth",
			"from": [4, 13, 7.625],
			"to": [5, 14, 8.375],
			"faces": {
				"north": {"uv": [11, 2, 12, 3], "texture": "#saw_template"},
				"east": {"uv": [11, 2, 11.75, 3], "texture": "#saw_template"},
				"south": {"uv": [11, 2, 12, 3], "texture": "#saw_template"},
				"west": {"uv": [11, 2, 11.75, 3], "texture": "#saw_template"},
				"up": {"uv": [11, 2, 12, 2.75], "texture": "#saw_template"},
				"down": {"uv": [11, 2, 12, 2.75], "texture": "#saw_template"}
			}
		},
		{
			"name": "sawtooth",
			"from": [5, 14, 7.625],
			"to": [6, 15, 8.375],
			"faces": {
				"north": {"uv": [10, 1, 11, 2], "texture": "#saw_template"},
				"east": {"uv": [10, 1, 10.75, 2], "texture": "#saw_template"},
				"south": {"uv": [10, 1, 11, 2], "texture": "#saw_template"},
				"west": {"uv": [10, 1, 10.75, 2], "texture": "#saw_template"},
				"up": {"uv": [10, 1, 11, 1.75], "texture": "#saw_template"},
				"down": {"uv": [10, 1, 11, 1.75], "texture": "#saw_template"}
			}
		},
		{
			"name": "sawtooth",
			"from": [6, 14, 7.625],
			"to": [7, 15, 8.375],
			"faces": {
				"north": {"uv": [9, 1, 10, 2], "texture": "#saw_template"},
				"east": {"uv": [9, 1, 9.75, 2], "texture": "#saw_template"},
				"south": {"uv": [9, 1, 10, 2], "texture": "#saw_template"},
				"west": {"uv": [9, 1, 9.75, 2], "texture": "#saw_template"},
				"up": {"uv": [9, 1, 10, 1.75], "texture": "#saw_template"},
				"down": {"uv": [9, 1, 10, 1.75], "texture": "#saw_template"}
			}
		},
		{
			"name": "sawtooth",
			"from": [7, 14, 7.625],
			"to": [8, 15, 8.375],
			"faces": {
				"north": {"uv": [8, 1, 9, 2], "texture": "#saw_template"},
				"east": {"uv": [8, 1, 8.75, 2], "texture": "#saw_template"},
				"south": {"uv": [8, 1, 9, 2], "texture": "#saw_template"},
				"west": {"uv": [8, 1, 8.75, 2], "texture": "#saw_template"},
				"up": {"uv": [8, 1, 9, 1.75], "texture": "#saw_template"},
				"down": {"uv": [8, 1, 9, 1.75], "texture": "#saw_template"}
			}
		},
		{
			"name": "sawtooth",
			"from": [8, 14, 7.625],
			"to": [9, 15, 8.375],
			"faces": {
				"north": {"uv": [7, 1, 8, 2], "texture": "#saw_template"},
				"east": {"uv": [7, 1, 7.75, 2], "texture": "#saw_template"},
				"south": {"uv": [7, 1, 8, 2], "texture": "#saw_template"},
				"west": {"uv": [7, 1, 7.75, 2], "texture": "#saw_template"},
				"up": {"uv": [7, 1, 8, 1.75], "texture": "#saw_template"},
				"down": {"uv": [7, 1, 8, 1.75], "texture": "#saw_template"}
			}
		},
		{
			"name": "sawtooth",
			"from": [9, 14, 7.625],
			"to": [10, 15, 8.375],
			"faces": {
				"north": {"uv": [6, 1, 7, 2], "texture": "#saw_template"},
				"east": {"uv": [6, 1, 6.75, 2], "texture": "#saw_template"},
				"south": {"uv": [6, 1, 7, 2], "texture": "#saw_template"},
				"west": {"uv": [6, 1, 6.75, 2], "texture": "#saw_template"},
				"up": {"uv": [6, 1, 7, 1.75], "texture": "#saw_template"},
				"down": {"uv": [6, 1, 7, 1.75], "texture": "#saw_template"}
			}
		},
		{
			"name": "sawtooth",
			"from": [10, 14, 7.625],
			"to": [11, 15, 8.375],
			"faces": {
				"north": {"uv": [5, 1, 6, 2], "texture": "#saw_template"},
				"east": {"uv": [5, 1, 5.75, 2], "texture": "#saw_template"},
				"south": {"uv": [5, 1, 6, 2], "texture": "#saw_template"},
				"west": {"uv": [5, 1, 5.75, 2], "texture": "#saw_template"},
				"up": {"uv": [5, 1, 6, 1.75], "texture": "#saw_template"},
				"down": {"uv": [5, 1, 6, 1.75], "texture": "#saw_template"}
			}
		},
		{
			"name": "sawtooth",
			"from": [11, 13, 7.625],
			"to": [12, 14, 8.375],
			"faces": {
				"north": {"uv": [4, 2, 5, 3], "texture": "#saw_template"},
				"east": {"uv": [4, 2, 4.75, 3], "texture": "#saw_template"},
				"south": {"uv": [4, 2, 5, 3], "texture": "#saw_template"},
				"west": {"uv": [4, 2, 4.75, 3], "texture": "#saw_template"},
				"up": {"uv": [4, 2, 5, 2.75], "texture": "#saw_template"},
				"down": {"uv": [4, 2, 5, 2.75], "texture": "#saw_template"}
			}
		},
		{
			"name": "sawtooth",
			"from": [12, 13, 7.625],
			"to": [13, 14, 8.375],
			"faces": {
				"north": {"uv": [3, 2, 4, 3], "texture": "#saw_template"},
				"east": {"uv": [3, 2, 3.75, 3], "texture": "#saw_template"},
				"south": {"uv": [3, 2, 4, 3], "texture": "#saw_template"},
				"west": {"uv": [3, 2, 3.75, 3], "texture": "#saw_template"},
				"up": {"uv": [3, 2, 4, 2.75], "texture": "#saw_template"},
				"down": {"uv": [3, 2, 4, 2.75], "texture": "#saw_template"}
			}
		},
		{
			"name": "sawtooth",
			"from": [13, 12, 7.625],
			"to": [14, 13, 8.375],
			"faces": {
				"north": {"uv": [2, 3, 3, 4], "texture": "#saw_template"},
				"east": {"uv": [2, 3, 2.75, 4], "texture": "#saw_template"},
				"south": {"uv": [2, 3, 3, 4], "texture": "#saw_template"},
				"west": {"uv": [2, 3, 2.75, 4], "texture": "#saw_template"},
				"up": {"uv": [2, 3, 3, 3.75], "texture": "#saw_template"},
				"down": {"uv": [2, 3, 3, 3.75], "texture": "#saw_template"}
			}
		},
		{
			"name": "sawtooth",
			"from": [13, 11, 7.625],
			"to": [14, 12, 8.375],
			"faces": {
				"north": {"uv": [2, 4, 3, 5], "texture": "#saw_template"},
				"east": {"uv": [2, 4, 2.75, 5], "texture": "#saw_template"},
				"south": {"uv": [2, 4, 3, 5], "texture": "#saw_template"},
				"west": {"uv": [2, 4, 2.75, 5], "texture": "#saw_template"},
				"up": {"uv": [2, 4, 3, 4.75], "texture": "#saw_template"},
				"down": {"uv": [2, 4, 3, 4.75], "texture": "#saw_template"}
			}
		},
		{
			"name": "sawtooth",
			"from": [14, 10, 7.625],
			"to": [15, 11, 8.375],
			"faces": {
				"north": {"uv": [1, 5, 2, 6], "texture": "#saw_template"},
				"east": {"uv": [1, 5, 1.75, 6], "texture": "#saw_template"},
				"south": {"uv": [1, 5, 2, 6], "texture": "#saw_template"},
				"west": {"uv": [1, 5, 1.75, 6], "texture": "#saw_template"},
				"up": {"uv": [1, 5, 2, 5.75], "texture": "#saw_template"},
				"down": {"uv": [1, 5, 2, 5.75], "texture": "#saw_template"}
			}
		},
		{
			"name": "sawtooth",
			"from": [14, 9, 7.625],
			"to": [15, 10, 8.375],
			"faces": {
				"north": {"uv": [1, 6, 2, 7], "texture": "#saw_template"},
				"east": {"uv": [1, 6, 1.75, 7], "texture": "#saw_template"},
				"south": {"uv": [1, 6, 2, 7], "texture": "#saw_template"},
				"west": {"uv": [1, 6, 1.75, 7], "texture": "#saw_template"},
				"up": {"uv": [1, 6, 2, 6.75], "texture": "#saw_template"},
				"down": {"uv": [1, 6, 2, 6.75], "texture": "#saw_template"}
			}
		},
		{
			"name": "sawtooth",
			"from": [14, 8, 7.625],
			"to": [15, 9, 8.375],
			"faces": {
				"north": {"uv": [1, 7, 2, 8], "texture": "#saw_template"},
				"east": {"uv": [1, 7, 1.75, 8], "texture": "#saw_template"},
				"south": {"uv": [1, 7, 2, 8], "texture": "#saw_template"},
				"west": {"uv": [1, 7, 1.75, 8], "texture": "#saw_template"},
				"up": {"uv": [1, 7, 2, 7.75], "texture": "#saw_template"},
				"down": {"uv": [1, 7, 2, 7.75], "texture": "#saw_template"}
			}
		},
		{
			"name": "saw",
			"from": [13, 6, 7.625],
			"to": [14, 11, 8.375],
			"faces": {
				"north": {"uv": [2, 5, 3, 10], "texture": "#saw_template"},
				"east": {"uv": [2, 5, 2.75, 11], "texture": "#saw_template"},
				"south": {"uv": [3, 5, 2, 10], "texture": "#saw_template"},
				"west": {"uv": [2, 5, 2.75, 11], "texture": "#saw_template"},
				"up": {"uv": [2, 5, 3, 5.75], "texture": "#saw_template"},
				"down": {"uv": [2, 10, 3, 10.75], "texture": "#saw_template"}
			}
		},
		{
			"name": "saw",
			"from": [5, 6, 7.625],
			"to": [11, 14, 8.375],
			"faces": {
				"north": {"uv": [5, 2, 11, 10], "texture": "#saw_template"},
				"east": {"uv": [5, 2, 5.75, 14], "texture": "#saw_template"},
				"south": {"uv": [11, 2, 5, 10], "texture": "#saw_template"},
				"west": {"uv": [10, 2, 10.75, 14], "texture": "#saw_template"},
				"up": {"uv": [11, 2, 5, 2.75], "texture": "#saw_template"},
				"down": {"uv": [5, 2, 11, 2.75], "texture": "#saw_template"}
			}
		},
		{
			"name": "saw",
			"from": [3, 6, 7.625],
			"to": [5, 13, 8.375],
			"faces": {
				"north": {"uv": [11, 3, 13, 10], "texture": "#saw_template"},
				"east": {"uv": [3, 3, 3.75, 13], "texture": "#saw_template"},
				"south": {"uv": [13, 3, 11, 10], "texture": "#saw_template"},
				"west": {"uv": [12, 3, 12.75, 13], "texture": "#saw_template"},
				"up": {"uv": [11, 3, 13, 3.75], "texture": "#saw_template"},
				"down": {"uv": [11, 12, 13, 12.75], "texture": "#saw_template"}
			}
		},
		{
			"name": "saw",
			"from": [11, 6, 7.625],
			"to": [13, 13, 8.375],
			"faces": {
				"north": {"uv": [3, 3, 5, 10], "texture": "#saw_template"},
				"east": {"uv": [3, 3, 3.75, 13], "texture": "#saw_template"},
				"south": {"uv": [5, 3, 3, 10], "texture": "#saw_template"},
				"west": {"uv": [12, 3, 12.75, 13], "texture": "#saw_template"},
				"up": {"uv": [5, 3, 3, 3.75], "texture": "#saw_template"},
				"down": {"uv": [3, 12, 5, 12.75], "texture": "#saw_template"}
			}
		},
		{
			"name": "saw",
			"from": [2, 6, 7.625],
			"to": [3, 11, 8.375],
			"faces": {
				"north": {"uv": [13, 5, 14, 10], "texture": "#saw_template"},
				"east": {"uv": [13, 5, 13.75, 11], "texture": "#saw_template"},
				"south": {"uv": [14, 5, 13, 10], "texture": "#saw_template"},
				"west": {"uv": [13, 6, 13.75, 12], "texture": "#saw_template"},
				"up": {"uv": [13, 5, 14, 5.75], "texture": "#saw_template"},
				"down": {"uv": [13, 10, 14, 10.75], "texture": "#saw_template"}
			}
		},
		{
			"name": "frame1",
			"from": [0, -0.01, 0],
			"to": [3, 8.99, 3],
			"faces": {
				"north": {"uv": [0, 7, 3, 16], "texture": "#stonecutter_side", "cullface": "north"},
				"east": {"uv": [0, 7, 3, 16], "texture": "#stonecutter_side", "cullface": "north"},
				"south": {"uv": [0, 7, 3, 16], "texture": "#stonecutter_side", "cullface": "west"},
				"west": {"uv": [0, 7, 3, 16], "texture": "#stonecutter_side", "cullface": "west"},
				"up": {"uv": [0, 8, 3, 11], "texture": "#stonecutter_side"},
				"down": {"uv": [0, 8, 3, 11], "texture": "#stonecutter_side", "cullface": "down"}
			}
		},
		{
			"name": "frame2",
			"from": [13, -0.01, 0],
			"to": [16, 8.99, 3],
			"faces": {
				"north": {"uv": [0, 7, 3, 16], "texture": "#stonecutter_side", "cullface": "north"},
				"east": {"uv": [0, 7, 3, 16], "texture": "#stonecutter_side", "cullface": "east"},
				"south": {"uv": [0, 7, 3, 16], "texture": "#stonecutter_side", "cullface": "east"},
				"west": {"uv": [0, 7, 3, 16], "texture": "#stonecutter_side", "cullface": "north"},
				"up": {"uv": [0, 8, 3, 11], "texture": "#stonecutter_side"},
				"down": {"uv": [0, 8, 3, 11], "texture": "#stonecutter_side", "cullface": "down"}
			}
		},
		{
			"name": "frame3",
			"from": [13, -0.01, 13],
			"to": [16, 8.99, 16],
			"faces": {
				"north": {"uv": [0, 7, 3, 16], "texture": "#stonecutter_side", "cullface": "east"},
				"east": {"uv": [0, 7, 3, 16], "texture": "#stonecutter_side", "cullface": "east"},
				"south": {"uv": [0, 7, 3, 16], "texture": "#stonecutter_side", "cullface": "south"},
				"west": {"uv": [0, 7, 3, 16], "texture": "#stonecutter_side", "cullface": "south"},
				"up": {"uv": [0, 8, 3, 11], "texture": "#stonecutter_side"},
				"down": {"uv": [0, 8, 3, 11], "texture": "#stonecutter_side", "cullface": "down"}
			}
		},
		{
			"name": "frame4",
			"from": [0, -0.01, 13],
			"to": [3, 8.99, 16],
			"faces": {
				"north": {"uv": [0, 7, 3, 16], "texture": "#stonecutter_side", "cullface": "west"},
				"east": {"uv": [0, 7, 3, 16], "texture": "#stonecutter_side", "cullface": "south"},
				"south": {"uv": [0, 7, 3, 16], "texture": "#stonecutter_side", "cullface": "south"},
				"west": {"uv": [0, 7, 3, 16], "texture": "#stonecutter_side", "cullface": "west"},
				"up": {"uv": [0, 8, 3, 11], "texture": "#stonecutter_side"},
				"down": {"uv": [0, 8, 3, 11], "texture": "#stonecutter_side", "cullface": "down"}
			}
		},
		{
			"name": "frame5",
			"from": [3, 6, 0],
			"to": [13, 8, 1],
			"faces": {
				"north": {"uv": [3, 9, 13, 11], "texture": "#stonecutter_side", "cullface": "north"},
				"south": {"uv": [3, 9, 13, 11], "texture": "#stonecutter_side"},
				"up": {"uv": [3, 9, 13, 10], "texture": "#stonecutter_side"},
				"down": {"uv": [3, 9, 13, 10], "texture": "#stonecutter_side", "cullface": "north"}
			}
		},
		{
			"name": "frame6",
			"from": [3, 6, 15],
			"to": [13, 8, 16],
			"faces": {
				"north": {"uv": [3, 9, 13, 11], "texture": "#stonecutter_side"},
				"south": {"uv": [3, 9, 13, 11], "texture": "#stonecutter_side", "cullface": "south"},
				"up": {"uv": [3, 9, 13, 10], "texture": "#stonecutter_side"},
				"down": {"uv": [3, 9, 13, 10], "texture": "#stonecutter_side", "cullface": "south"}
			}
		},
		{
			"name": "frame7",
			"from": [0, 6, 3],
			"to": [1, 8, 13],
			"faces": {
				"east": {"uv": [3, 9, 13, 11], "texture": "#stonecutter_side"},
				"west": {"uv": [3, 9, 13, 11], "texture": "#stonecutter_side", "cullface": "west"},
				"up": {"uv": [3, 9, 13, 10], "rotation": 90, "texture": "#stonecutter_side"},
				"down": {"uv": [3, 9, 13, 10], "rotation": 90, "texture": "#stonecutter_side", "cullface": "west"}
			}
		},
		{
			"name": "frame8",
			"from": [15, 6, 3],
			"to": [16, 8, 13],
			"faces": {
				"east": {"uv": [3, 9, 13, 11], "texture": "#stonecutter_side", "cullface": "east"},
				"west": {"uv": [3, 9, 13, 11], "texture": "#stonecutter_side"},
				"up": {"uv": [3, 9, 13, 10], "rotation": 90, "texture": "#stonecutter_side"},
				"down": {"uv": [3, 9, 13, 10], "rotation": 90, "texture": "#stonecutter_side", "cullface": "east"}
			}
		},
		{
			"name": "frame9",
			"from": [15, 0, 3],
			"to": [16, 1, 13],
			"faces": {
				"east": {"uv": [3, 9, 13, 10], "texture": "#stonecutter_side", "cullface": "east"},
				"west": {"uv": [3, 9, 13, 10], "texture": "#stonecutter_side", "cullface": "down"},
				"up": {"uv": [3, 9, 13, 10], "rotation": 90, "texture": "#stonecutter_side", "cullface": "east"},
				"down": {"uv": [3, 9, 13, 10], "rotation": 90, "texture": "#stonecutter_side", "cullface": "down"}
			}
		},
		{
			"name": "frame10",
			"from": [0, 0, 3],
			"to": [1, 1, 13],
			"faces": {
				"east": {"uv": [3, 9, 13, 10], "texture": "#stonecutter_side", "cullface": "down"},
				"west": {"uv": [3, 9, 13, 10], "texture": "#stonecutter_side", "cullface": "west"},
				"up": {"uv": [3, 9, 13, 10], "rotation": 90, "texture": "#stonecutter_side", "cullface": "west"},
				"down": {"uv": [3, 9, 13, 10], "rotation": 90, "texture": "#stonecutter_side", "cullface": "down"}
			}
		},
		{
			"name": "frame11",
			"from": [3, 0, 15],
			"to": [13, 1, 16],
			"faces": {
				"north": {"uv": [3, 9, 13, 10], "texture": "#stonecutter_side", "cullface": "down"},
				"south": {"uv": [3, 9, 13, 10], "texture": "#stonecutter_side", "cullface": "south"},
				"up": {"uv": [3, 9, 13, 10], "texture": "#stonecutter_side", "cullface": "south"},
				"down": {"uv": [3, 9, 13, 10], "texture": "#stonecutter_side", "cullface": "down"}
			}
		},
		{
			"name": "frame12",
			"from": [3, 0, 0],
			"to": [13, 1, 1],
			"faces": {
				"north": {"uv": [3, 9, 13, 10], "texture": "#stonecutter_side", "cullface": "north"},
				"south": {"uv": [3, 9, 13, 10], "texture": "#stonecutter_side", "cullface": "down"},
				"up": {"uv": [3, 9, 13, 10], "texture": "#stonecutter_side", "cullface": "north"},
				"down": {"uv": [3, 9, 13, 10], "texture": "#stonecutter_side", "cullface": "down"}
			}
		},
		{
			"name": "body",
			"from": [1, 6, 1],
			"to": [15, 8, 7.5],
			"faces": {
				"south": {"uv": [1, 0, 15, 2], "texture": "#stonecutter_bottom"},
				"up": {"uv": [1, 9, 15, 15.5], "texture": "#stonecutter_bottom"}
			}
		},
		{
			"name": "body2",
			"from": [1, 6, 8.5],
			"to": [15, 8, 15],
			"faces": {
				"north": {"uv": [1, 0, 15, 2], "texture": "#stonecutter_bottom"},
				"up": {"uv": [1, 0.5, 15, 7], "texture": "#stonecutter_bottom"}
			}
		},
		{
			"name": "body3",
			"from": [1, 6, 7.5],
			"to": [1.25, 8, 8.5],
			"faces": {
				"east": {"uv": [9, 8, 10, 10], "texture": "#stonecutter_bottom"},
				"up": {"uv": [0, 7.5, 0.25, 8.5], "texture": "#stonecutter_bottom"}
			}
		},
		{
			"name": "body4",
			"from": [14.75, 6, 7.5],
			"to": [15, 8, 8.5],
			"faces": {
				"west": {"uv": [8, 8, 9, 10], "texture": "#stonecutter_bottom"},
				"up": {"uv": [15, 7.5, 15.25, 8.5], "texture": "#stonecutter_bottom"}
			}
		},
		{
			"name": "body5",
			"from": [0.5, 0.5, 0.5],
			"to": [15.5, 6.5, 15.5],
			"faces": {
				"north": {"uv": [1, 1, 15, 7], "texture": "#stonecutter_bottom", "cullface": "north"},
				"east": {"uv": [1, 1, 15, 7], "texture": "#stonecutter_bottom", "cullface": "east"},
				"south": {"uv": [1, 1, 15, 7], "texture": "#stonecutter_bottom", "cullface": "south"},
				"west": {"uv": [1, 1, 15, 7], "texture": "#stonecutter_bottom", "cullface": "west"},
				"up": {"uv": [1, 1, 15, 15], "texture": "#stonecutter_bottom"},
				"down": {"uv": [1, 1, 15, 15], "texture": "#stonecutter_bottom", "cullface": "down"}
			}
		},
		{
			"name": "Cube",
			"from": [4, 8, 4],
			"to": [5, 8.5, 5],
			"faces": {
				"north": {"uv": [4, 5, 5, 5.5], "texture": "#cobblestone"},
				"east": {"uv": [6, 4, 7, 4.5], "texture": "#cobblestone"},
				"south": {"uv": [5, 6, 6, 6.5], "texture": "#cobblestone"},
				"west": {"uv": [4, 8, 5, 8.5], "texture": "#cobblestone"},
				"up": {"uv": [6, 5, 7, 6], "texture": "#cobblestone"}
			}
		},
		{
			"name": "Cube",
			"from": [6, 8, 3.5],
			"to": [7.5, 8.5, 4.5],
			"rotation": {"angle": -22.5, "axis": "y", "origin": [8, 8, 8]},
			"faces": {
				"north": {"uv": [4, 5, 5.5, 5.5], "texture": "#cobblestone"},
				"east": {"uv": [6, 4, 7, 4.5], "texture": "#cobblestone"},
				"south": {"uv": [5, 6, 6.5, 6.5], "texture": "#cobblestone"},
				"west": {"uv": [4, 8, 5, 8.5], "texture": "#cobblestone"},
				"up": {"uv": [6, 5, 7.5, 6], "texture": "#cobblestone"}
			}
		},
		{
			"name": "Cube",
			"from": [6, 8, 11],
			"to": [7, 8.5, 13],
			"faces": {
				"north": {"uv": [4, 5, 5, 5.5], "texture": "#cobblestone"},
				"east": {"uv": [4, 5, 6, 5.5], "texture": "#cobblestone"},
				"south": {"uv": [5, 5, 6, 5.5], "texture": "#cobblestone"},
				"west": {"uv": [5, 8, 7, 8.5], "texture": "#cobblestone"},
				"up": {"uv": [6, 5, 7, 7], "texture": "#cobblestone"}
			}
		},
		{
			"name": "Cube",
			"from": [5, 8, 11],
			"to": [6, 8.25, 13],
			"rotation": {"angle": 22.5, "axis": "y", "origin": [8, 8, 8]},
			"faces": {
				"north": {"uv": [8, 8, 9, 8.25], "texture": "#cobblestone"},
				"east": {"uv": [7, 8, 9, 8.5], "texture": "#cobblestone"},
				"south": {"uv": [8, 8, 9, 8.25], "texture": "#cobblestone"},
				"west": {"uv": [8, 10, 10, 10.5], "texture": "#cobblestone"},
				"up": {"uv": [10, 7, 11, 9], "texture": "#cobblestone"}
			}
		},
		{
			"name": "Cube",
			"from": [10, 8, 9],
			"to": [12, 9, 10],
			"faces": {
				"north": {"uv": [5, 6, 7, 7], "texture": "#cobblestone"},
				"east": {"uv": [5, 8, 6, 9], "texture": "#cobblestone"},
				"south": {"uv": [5, 6, 7, 7], "texture": "#cobblestone"},
				"west": {"uv": [8, 6, 9, 7], "texture": "#cobblestone"},
				"up": {"uv": [2, 3, 4, 4], "texture": "#cobblestone"}
			}
		}
	],
	"display": {
		"thirdperson_righthand": {
			"rotation": [75, 315, 0],
			"translation": [0, 2.5, 0],
			"scale": [0.375, 0.375, 0.375]
		},
		"firstperson_righthand": {
			"rotation": [0, 315, 0],
			"translation": [0, 2.5, 0],
			"scale": [0.4, 0.4, 0.4]
		},
		"ground": {
			"translation": [0, 3, 0],
			"scale": [0.25, 0.25, 0.25]
		},
		"gui": {
			"rotation": [30, 45, 0],
			"scale": [0.625, 0.625, 0.625]
		},
		"head": {
			"rotation": [0, 180, 0]
		},
		"fixed": {
			"rotation": [0, 180, 0]
		}
	},
	"groups": [
		{
			"name": "Saw",
			"origin": [8, 8, 8],
			"children": [
				{
					"name": "Sawtooth",
					"origin": [8, 8, 8],
					"children": [0, 1, 2, 3, 4, 5, 6, 7, 8, 9, 10, 11, 12, 13, 14, 15, 16, 17, 18, 19, 20]
				}, 21, 22, 23, 24, 25]
		},
		{
			"name": "Frame",
			"origin": [8, 8, 8],
			"children": [26, 27, 28, 29, 30, 31, 32, 33, 34, 35, 36, 37]
		},
		{
			"name": "Body",
			"origin": [8, 8, 8],
			"children": [38, 39, 40, 41, 42]
		},
		{
			"name": "Bits",
			"origin": [8, 8, 8],
			"children": [43, 44, 45, 46, 47]
		}
	]
}