{
	"credit": "Made by TheWaschtlPlays using Blockbench",
	"textures": {
		"particle": "block/warped_trapdoor",
		"texture": "block/warped_trapdoor"
	},
	"elements": [
		{
			"name": "Frame",
			"from": [0, 0, 13],
			"to": [3, 16, 16],
			"rotation": {"angle": 0, "axis": "x", "origin": [8, 8, 21]},
			"faces": {
				"north": {"uv": [0, 0, 3, 16], "rotation": 180, "texture": "#texture"},
				"east": {"uv": [13, 0, 16, 16], "rotation": 180, "texture": "#texture"},
				"south": {"uv": [0, 16, 3, 0], "texture": "#texture", "cullface": "south"},
				"west": {"uv": [0, 0, 16, 3], "rotation": 90, "texture": "#texture", "cullface": "west"},
				"up": {"uv": [13, 0, 16, 3], "rotation": 180, "texture": "#texture", "cullface": "up"},
				"down": {"uv": [0, 0, 3, 3], "texture": "#texture", "cullface": "down"}
			}
		},
		{
			"name": "Frame",
			"from": [13, 0, 13],
			"to": [16, 16, 16],
			"rotation": {"angle": 0, "axis": "x", "origin": [8, 8, 21]},
			"faces": {
				"north": {"uv": [13, 0, 16, 16], "rotation": 180, "texture": "#texture"},
				"east": {"uv": [0, 0, 16, 3], "rotation": 270, "texture": "#texture", "cullface": "east"},
				"south": {"uv": [13, 16, 16, 0], "texture": "#texture", "cullface": "south"},
				"west": {"uv": [0, 0, 3, 16], "rotation": 180, "texture": "#texture"},
				"up": {"uv": [0, 0, 3, 3], "rotation": 180, "texture": "#texture", "cullface": "up"},
				"down": {"uv": [13, 0, 16, 3], "texture": "#texture", "cullface": "down"}
			}
		},
		{
			"name": "Frame",
			"from": [3, 0, 13],
			"to": [13, 3, 16],
			"rotation": {"angle": 0, "axis": "x", "origin": [8, 8, 21]},
			"faces": {
				"north": {"uv": [3, 0, 13, 3], "rotation": 180, "texture": "#texture"},
				"south": {"uv": [3, 3, 13, 0], "texture": "#texture", "cullface": "south"},
				"up": {"uv": [3, 0, 13, 3], "rotation": 180, "texture": "#texture"},
				"down": {"uv": [3, 0, 13, 3], "texture": "#texture", "cullface": "down"}
			}
		},
		{
			"name": "Frame",
			"from": [3, 13, 13],
			"to": [13, 16, 16],
			"rotation": {"angle": 0, "axis": "x", "origin": [8, 8, 21]},
			"faces": {
				"north": {"uv": [3, 13, 13, 16], "rotation": 180, "texture": "#texture"},
				"south": {"uv": [3, 16, 13, 13], "texture": "#texture", "cullface": "south"},
				"up": {"uv": [3, 0, 13, 3], "rotation": 180, "texture": "#texture", "cullface": "up"},
				"down": {"uv": [3, 13, 13, 16], "rotation": 180, "texture": "#texture"}
			}
		},
		{
			"name": "West",
			"from": [3, 6, 13.5],
			"to": [4, 8, 16],
			"rotation": {"angle": 0, "axis": "x", "origin": [8, 8, 21]},
			"faces": {
				"north": {"uv": [3, 6, 4, 8], "rotation": 180, "texture": "#texture"},
				"east": {"uv": [1, 9, 3, 11.5], "rotation": 270, "texture": "#texture"},
				"south": {"uv": [3, 6, 4, 8], "texture": "#texture", "cullface": "south"},
				"up": {"uv": [3, 6, 4, 8], "rotation": 180, "texture": "#texture"},
				"down": {"uv": [3, 6, 4, 8], "texture": "#texture"}
			}
		},
		{
			"name": "East",
			"from": [12, 5, 13],
			"to": [13, 10, 16],
			"rotation": {"angle": 0, "axis": "x", "origin": [8, 8, 21]},
			"faces": {
				"north": {"uv": [12, 5, 13, 10], "rotation": 180, "texture": "#texture"},
				"south": {"uv": [12, 5, 13, 10], "rotation": 180, "texture": "#texture", "cullface": "south"},
				"west": {"uv": [12, 5, 15, 10], "rotation": 180, "texture": "#texture"},
				"up": {"uv": [12, 7, 13, 10], "texture": "#texture"},
				"down": {"uv": [12, 5, 13, 8], "texture": "#texture"}
			}
		},
		{
			"name": "Root1",
			"from": [4, 12, 14],
			"to": [7, 13, 16],
			"rotation": {"angle": 0, "axis": "x", "origin": [8, 8, 21]},
			"faces": {
				"north": {"uv": [4, 12, 7, 13], "rotation": 180, "texture": "#texture"},
				"east": {"uv": [4, 12, 5, 14], "rotation": 270, "texture": "#texture"},
				"south": {"uv": [4, 12, 7, 13], "texture": "#texture", "cullface": "south"},
				"west": {"uv": [5, 11, 6, 13], "rotation": 90, "texture": "#texture"},
				"down": {"uv": [6, 12, 7, 13], "rotation": 90, "texture": "#texture"}
			}
		},
		{
			"name": "Root1",
			"from": [4, 9, 14],
			"to": [6, 12, 16],
			"rotation": {"angle": 0, "axis": "x", "origin": [8, 8, 21]},
			"faces": {
				"north": {"uv": [4, 9, 6, 12], "rotation": 180, "texture": "#texture"},
				"east": {"uv": [4, 10, 6, 13], "texture": "#texture"},
				"south": {"uv": [4, 12, 6, 9], "texture": "#texture", "cullface": "south"},
				"west": {"uv": [4, 9, 6, 12], "rotation": 180, "texture": "#texture"},
				"down": {"uv": [4, 9, 6, 11], "texture": "#texture"}
			}
		},
		{
			"name": "Root1",
			"from": [5, 8, 13.5],
			"to": [7, 10, 15.5],
			"rotation": {"angle": 0, "axis": "x", "origin": [8, 8, 21]},
			"faces": {
				"north": {"uv": [5, 8, 7, 10], "rotation": 180, "texture": "#texture"},
				"east": {"uv": [5, 8, 7, 10], "rotation": 90, "texture": "#texture"},
				"south": {"uv": [5, 10, 7, 8], "texture": "#texture", "cullface": "south"},
				"west": {"uv": [5, 8, 7, 10], "rotation": 180, "texture": "#texture"},
				"up": {"uv": [4, 10, 6, 12], "rotation": 90, "texture": "#texture"},
				"down": {"uv": [5, 8, 7, 10], "texture": "#texture"}
			}
		},
		{
			"name": "Root1",
			"from": [6, 4, 13.25],
			"to": [7, 8, 15.25],
			"rotation": {"angle": 0, "axis": "x", "origin": [8, 8, 21]},
			"faces": {
				"north": {"uv": [6, 4, 7, 8], "rotation": 180, "texture": "#texture"},
				"east": {"uv": [4, 9, 6, 13], "texture": "#texture"},
				"south": {"uv": [6, 8, 7, 4], "texture": "#texture", "cullface": "south"},
				"west": {"uv": [5, 4, 7, 8], "texture": "#texture"},
				"up": {"uv": [10, 7, 11, 9], "rotation": 180, "texture": "#texture"},
				"down": {"uv": [6, 4, 7, 6], "texture": "#texture"}
			}
		},
		{
			"name": "Root1",
			"from": [5, 3, 13.25],
			"to": [6, 6, 15.25],
			"rotation": {"angle": 0, "axis": "x", "origin": [8, 8, 21]},
			"faces": {
				"north": {"uv": [5, 3, 6, 6], "rotation": 180, "texture": "#texture"},
				"east": {"uv": [4, 9, 6, 12], "texture": "#texture"},
				"south": {"uv": [5, 6, 6, 3], "texture": "#texture", "cullface": "south"},
				"west": {"uv": [4, 2, 6, 5], "rotation": 180, "texture": "#texture"},
				"up": {"uv": [4, 3, 5, 5], "texture": "#texture"}
			}
		},
		{
			"name": "Root1",
			"from": [4, 3, 13],
			"to": [5, 5, 15],
			"rotation": {"angle": 0, "axis": "x", "origin": [8, 8, 21]},
			"faces": {
				"north": {"uv": [4, 3, 5, 5], "rotation": 180, "texture": "#texture"},
				"east": {"uv": [4, 3, 6, 5], "rotation": 90, "texture": "#texture"},
				"south": {"uv": [4, 5, 5, 3], "texture": "#texture", "cullface": "south"},
				"west": {"uv": [4, 3, 6, 5], "rotation": 180, "texture": "#texture"},
				"up": {"uv": [4, 4, 5, 5], "rotation": 180, "texture": "#texture"}
			}
		},
		{
			"name": "Root1",
			"from": [4, 3, 15],
			"to": [5, 4, 15.5],
			"rotation": {"angle": 0, "axis": "x", "origin": [8, 8, 21]},
			"faces": {
				"east": {"uv": [4, 3, 5, 4], "rotation": 270, "texture": "#texture"},
				"south": {"uv": [4, 3, 5, 4], "texture": "#texture", "cullface": "south"},
				"west": {"uv": [4, 3, 5, 4], "rotation": 90, "texture": "#texture"},
				"up": {"uv": [4, 3, 5, 4], "rotation": 180, "texture": "#texture"}
			}
		},
		{
			"name": "Root2",
			"from": [9, 10, 13],
			"to": [10, 13, 15],
			"rotation": {"angle": 0, "axis": "x", "origin": [8, 8, 21]},
			"faces": {
				"north": {"uv": [9, 10, 10, 13], "rotation": 180, "texture": "#texture"},
				"east": {"uv": [9, 10, 11, 12], "rotation": 270, "texture": "#texture"},
				"south": {"uv": [9, 10, 10, 13], "texture": "#texture", "cullface": "south"},
				"west": {"uv": [9, 10, 10, 13], "rotation": 180, "texture": "#texture"},
				"down": {"uv": [10, 10, 11, 12], "texture": "#texture"}
			}
		},
		{
			"name": "Root2",
			"from": [11, 12, 13],
			"to": [12, 13, 14.5],
			"rotation": {"angle": 0, "axis": "x", "origin": [8, 8, 21]},
			"faces": {
				"north": {"uv": [11, 12, 12, 13], "rotation": 180, "texture": "#texture"},
				"east": {"uv": [11, 12, 12, 13], "rotation": 270, "texture": "#texture"},
				"south": {"uv": [11, 12, 12, 13], "texture": "#texture", "cullface": "south"},
				"west": {"uv": [4, 2, 5, 3], "rotation": 90, "texture": "#texture"},
				"down": {"uv": [10, 3, 11, 4], "texture": "#texture"}
			}
		},
		{
			"name": "Root2",
			"from": [10, 7, 13.25],
			"to": [11, 12, 15.25],
			"rotation": {"angle": 0, "axis": "x", "origin": [8, 8, 21]},
			"faces": {
				"north": {"uv": [10, 7, 11, 12], "rotation": 180, "texture": "#texture"},
				"east": {"uv": [4, 9, 6, 14], "texture": "#texture"},
				"south": {"uv": [10, 12, 11, 7], "texture": "#texture", "cullface": "south"},
				"west": {"uv": [4, 9, 6, 14], "rotation": 180, "texture": "#texture"},
				"up": {"uv": [10, 10, 11, 12], "rotation": 180, "texture": "#texture"},
				"down": {"uv": [0, 0, 1, 2], "texture": "#missing"}
			}
		},
		{
			"name": "Root2",
			"from": [10, 5, 13.5],
			"to": [11, 7, 15.5],
			"rotation": {"angle": 0, "axis": "x", "origin": [8, 8, 21]},
			"faces": {
				"north": {"uv": [10, 5, 11, 7], "rotation": 180, "texture": "#texture"},
				"east": {"uv": [5, 8, 7, 10], "rotation": 270, "texture": "#texture"},
				"south": {"uv": [10, 7, 11, 5], "texture": "#texture", "cullface": "south"},
				"west": {"uv": [5, 4, 7, 6], "rotation": 180, "texture": "#texture"},
				"up": {"uv": [5, 4, 6, 6], "rotation": 180, "texture": "#texture"},
				"down": {"uv": [10, 5, 11, 7], "texture": "#texture"}
			}
		},
		{
			"name": "Root2",
			"from": [9, 3, 14],
			"to": [10, 7, 16],
			"rotation": {"angle": 0, "axis": "x", "origin": [8, 8, 21]},
			"faces": {
				"north": {"uv": [9, 3, 10, 7], "rotation": 180, "texture": "#texture"},
				"east": {"uv": [9, 3, 10, 7], "texture": "#texture"},
				"south": {"uv": [9, 7, 10, 3], "texture": "#texture", "cullface": "south"},
				"west": {"uv": [4, 9, 6, 13], "rotation": 180, "texture": "#texture"},
				"up": {"uv": [5, 4, 6, 6], "texture": "#texture"}
			}
		},
		{
			"name": "Root2",
			"from": [8, 3, 14],
			"to": [9, 4, 16],
			"rotation": {"angle": 0, "axis": "x", "origin": [8, 8, 21]},
			"faces": {
				"north": {"uv": [8, 3, 9, 4], "rotation": 180, "texture": "#texture"},
				"south": {"uv": [8, 3, 9, 4], "texture": "#texture", "cullface": "south"},
				"west": {"uv": [10, 2, 11, 4], "rotation": 90, "texture": "#texture"},
				"up": {"uv": [10, 2, 11, 4], "rotation": 180, "texture": "#texture"}
			}
		},
		{
			"name": "Root2",
			"from": [10, 3, 14],
			"to": [11, 4, 16],
			"rotation": {"angle": 0, "axis": "x", "origin": [8, 8, 21]},
			"faces": {
				"north": {"uv": [10, 3, 11, 4], "rotation": 180, "texture": "#texture"},
				"east": {"uv": [8, 2, 9, 4], "rotation": 270, "texture": "#texture"},
				"south": {"uv": [10, 3, 11, 4], "texture": "#texture", "cullface": "south"},
				"up": {"uv": [8, 2, 9, 4], "rotation": 180, "texture": "#texture"}
			}
		}
	],
	"groups": [0, 1, 2, 3, 4, 5,
		{
			"name": "Root1",
			"origin": [11, 9, 17],
			"children": [6, 7, 8, 9, 10, 11, 12]
		},
		{
			"name": "Root2",
			"origin": [18, 8.5, 17],
			"children": [13, 14, 15, 16, 17, 18, 19]
		}
	]
}