{
	"credit": "Made by TheWaschtlPlays using Blockbench",
	"textures": {
		"1": "custom_textures/torches/torch_wood",
		"3": "custom_textures/lantern_empty",
		"4": "custom_textures/netherite_block",
		"particle": "custom_textures/torches/torch_fire"
	},
	"elements": [
		{
			"name": "fire",
			"from": [-0.25, 11.25, 6.75],
			"to": [2.25, 13.75, 9.25],
			"shade": false,
			"rotation": {"angle": -22.5, "axis": "z", "origin": [0, 3.5, 8]},
			"faces": {
				"north": {"uv": [3, 0, 0, 3], "texture": "#torch_fire"},
				"east": {"uv": [3, 0, 0, 3], "texture": "#torch_fire"},
				"south": {"uv": [3, 0, 0, 3], "texture": "#torch_fire"},
				"west": {"uv": [3, 0, 0, 3], "texture": "#torch_fire"},
				"up": {"uv": [3, 0, 0, 3], "rotation": 180, "texture": "#torch_fire"},
				"down": {"uv": [2, 2, 1, 3], "texture": "#torch_fire"}
			}
		},
		{
			"name": "stem",
			"from": [0, 4.5, 7],
			"to": [2, 12.5, 9],
			"rotation": {"angle": -22.5, "axis": "z", "origin": [0, 3.5, 8]},
			"faces": {
				"north": {"uv": [7, 8, 9, 16], "texture": "#1"},
				"east": {"uv": [6, 8, 8, 16], "texture": "#1"},
				"south": {"uv": [5, 8, 7, 16], "texture": "#1"},
				"west": {"uv": [8, 8, 10, 16], "texture": "#1"},
				"down": {"uv": [6, 14, 8, 16], "texture": "#1"}
			}
		},
		{
			"name": "pipe",
			"from": [0, 5.5, 7.75],
			"to": [1, 6, 8.25],
			"faces": {
				"north": {"uv": [10.5, 1.5, 11.5, 2], "texture": "#4"},
				"south": {"uv": [10.5, 1.5, 11.5, 2], "texture": "#4"},
				"up": {"uv": [10.5, 1.5, 11.5, 2], "texture": "#4"},
				"down": {"uv": [10.5, 1.5, 11.5, 2], "texture": "#4"}
			}
		},
		{
			"name": "pipe",
			"from": [0, 9, 7.75],
			"to": [2.25, 9.5, 8.25],
			"faces": {
				"north": {"uv": [9.5, 1.5, 11.75, 2], "rotation": 180, "texture": "#4"},
				"south": {"uv": [9.5, 1.5, 11.75, 2], "texture": "#4"},
				"up": {"uv": [9.5, 1.5, 11.75, 2], "texture": "#4"},
				"down": {"uv": [9.5, 1.5, 11.75, 2], "texture": "#4"}
			}
		},
		{
			"name": "plate",
			"from": [0, 5.25, 6.5],
			"to": [0.25, 6.25, 9.5],
			"faces": {
				"north": {"uv": [4.25, 13, 4.5, 14], "texture": "#3"},
				"east": {"uv": [1.5, 13, 4.5, 14], "texture": "#3"},
				"south": {"uv": [1.5, 13, 1.75, 14], "texture": "#3"},
				"up": {"uv": [1.5, 13, 4.5, 13.25], "rotation": 90, "texture": "#3"},
				"down": {"uv": [1.5, 13, 4.5, 13.25], "rotation": 90, "texture": "#3"}
			}
		},
		{
			"name": "plate",
			"from": [0, 8.75, 6.5],
			"to": [0.25, 9.75, 9.5],
			"faces": {
				"north": {"uv": [4.25, 13, 4.5, 14], "texture": "#3"},
				"east": {"uv": [1.5, 13, 4.5, 14], "texture": "#3"},
				"south": {"uv": [1.5, 13, 1.75, 14], "texture": "#3"},
				"up": {"uv": [1.5, 13, 4.5, 13.25], "rotation": 90, "texture": "#3"},
				"down": {"uv": [1.5, 13, 4.5, 13.25], "rotation": 90, "texture": "#3"}
			}
		},
		{
			"name": "ring",
			"from": [-0.25, 5.35, 6.75],
			"to": [2.25, 6.35, 9.25],
			"rotation": {"angle": -22.5, "axis": "z", "origin": [0, 3.5, 8]},
			"faces": {
				"north": {"uv": [0.75, 14, 5.25, 15], "texture": "#3"},
				"east": {"uv": [0.75, 14, 5.25, 15], "texture": "#3"},
				"south": {"uv": [0.75, 14, 5.25, 15], "texture": "#3"},
				"west": {"uv": [0.75, 14, 5.25, 15], "texture": "#3"},
				"up": {"uv": [0.75, 9.75, 5.25, 14.25], "texture": "#3"},
				"down": {"uv": [0.75, 9.75, 5.25, 14.25], "texture": "#3"}
			}
		},
		{
			"name": "ring",
			"from": [-0.25, 9.15, 6.75],
			"to": [2.25, 10.15, 9.25],
			"rotation": {"angle": -22.5, "axis": "z", "origin": [0, 3.5, 8]},
			"faces": {
				"north": {"uv": [0.75, 14, 5.25, 15], "texture": "#3"},
				"east": {"uv": [0.75, 14, 5.25, 15], "texture": "#3"},
				"south": {"uv": [0.75, 14, 5.25, 15], "texture": "#3"},
				"west": {"uv": [0.75, 14, 5.25, 15], "texture": "#3"},
				"up": {"uv": [0.75, 9.75, 5.25, 14.25], "texture": "#3"},
				"down": {"uv": [0.75, 9.75, 5.25, 14.25], "texture": "#3"}
			}
		}
	],
	"groups": [
		0,
		1,
		{
			"name": "mount",
			"origin": [0, 3.5, 8],
			"color": 0,
			"children": [2, 3, 4, 5, 6, 7]
		}
	]
}