{
	"credit": "Made by TheWaschtlPlays using Blockbench",
	"textures": {
		"1": "custom_textures/torches/torch_wood",
		"particle": "torch_fire"
	},
	"elements": [
		{
			"from": [7, 0, 7],
			"to": [9, 8, 9],
			"faces": {
				"north": {"uv": [0, 8, 2, 16], "texture": "#1"},
				"east": {"uv": [3, 8, 5, 16], "texture": "#1"},
				"south": {"uv": [2, 8, 4, 16], "texture": "#1"},
				"west": {"uv": [1, 8, 3, 16], "texture": "#1"},
				"down": {"uv": [1, 14, 3, 16], "texture": "#1", "cullface": "down"}
			}
		},
		{
			"name": "fire",
			"from": [6.75, 7.75, 6.75],
			"to": [9.25, 10.25, 9.25],
			"shade": false,
			"rotation": {"angle": 0, "axis": "z", "origin": [0, 3.5, 8]},
			"faces": {
				"north": {"uv": [3, 0, 0, 3], "texture": "#torch_fire"},
				"east": {"uv": [3, 0, 0, 3], "texture": "#torch_fire"},
				"south": {"uv": [3, 0, 0, 3], "texture": "#torch_fire"},
				"west": {"uv": [3, 0, 0, 3], "texture": "#torch_fire"},
				"up": {"uv": [3, 0, 0, 3], "rotation": 180, "texture": "#torch_fire"},
				"down": {"uv": [2, 2, 1, 3], "texture": "#torch_fire"}
			}
		}
	]
}