{
	"credit": "Made by playtrix with Blockbench",
	"textures": {
		"0": "blocks/bookshelf",
		"particle": "blocks/bookshelf"
	},
	"elements": [
		{
			"from": [14, 9, 0.75],
			"to": [15, 13, 1],
			"faces": {
				"north": {"uv": [3, 11, 4, 15], "texture": "#0", "cullface": "north"},
				"east": {"uv": [3, 11, 3.25, 15], "texture": "#0", "cullface": "north"},
				"west": {"uv": [3, 11, 3.25, 15], "texture": "#0", "cullface": "north"},
				"up": {"uv": [3, 11, 4, 11.25], "texture": "#0", "cullface": "north"}
			}
		} 
	],
	"groups": [
		{
			"name": "bottom",
			"origin": [8, 8, 8],
			"children": [
				{
					"name": "33",
					"origin": [8, 8, 8],
					"children": [0, 1]
				}
			]
		}
	]
}