{
	"credit": "Made by TheWaschtlPlays using Blockbench",
	"textures": {
		"4": "block/oak_planks",
		"5": "block/anvil",
		"8": "block/yellow_wool",
		"9": "block/iron_block",
		"10": "block/terracotta"
	},
	"elements": [
		{
			"name": "shell",
			"from": [5.25, 15.9, 9.75],
			"to": [8.25, 16.9, 10.75],
			"rotation": {"angle": 22.5, "axis": "y", "origin": [8.25, 8, 8.75]},
			"faces": {
				"north": {"uv": [0, 0, 3, 1], "texture": "#8", "cullface": "up"},
				"east": {"uv": [0, 0, 1, 1], "texture": "#8", "cullface": "up"},
				"south": {"uv": [0, 0, 3, 1], "texture": "#8", "cullface": "up"},
				"up": {"uv": [4, 0, 5, 3], "rotation": 270, "texture": "#8", "cullface": "up"}
			}
		},
		{
			"name": "wood",
			"from": [8.1, 15.95, 9.8],
			"to": [8.35, 16.85, 10.7],
			"rotation": {"angle": 22.5, "axis": "y", "origin": [8.25, 8, 8.75]},
			"faces": {
				"north": {"uv": [4, 0, 4.25, 0.9], "texture": "#4", "cullface": "up"},
				"east": {"uv": [4, 0, 4.5, 0.5], "texture": "#4", "cullface": "up"},
				"south": {"uv": [4, 0, 4.25, 0.9], "texture": "#4", "cullface": "up"},
				"up": {"uv": [3, 0, 3.9, 0.25], "texture": "#4", "cullface": "up"},
				"down": {"uv": [4, 0, 4.25, 0.9], "texture": "#4", "cullface": "up"}
			}
		},
		{
			"name": "wood",
			"from": [8.2, 16, 9.85],
			"to": [8.45, 16.8, 10.65],
			"rotation": {"angle": 22.5, "axis": "y", "origin": [8.25, 8, 8.75]},
			"faces": {
				"north": {"uv": [4, 0, 4.25, 0.8], "texture": "#4", "cullface": "up"},
				"east": {"uv": [4, 0, 4.5, 0.5], "texture": "#4", "cullface": "up"},
				"south": {"uv": [4, 0, 4.25, 0.8], "texture": "#4", "cullface": "up"},
				"up": {"uv": [3, 0, 3.25, 0.8], "texture": "#4", "cullface": "up"},
				"down": {"uv": [4, 0, 4.8, 0.25], "texture": "#4", "cullface": "up"}
			}
		},
		{
			"name": "wood",
			"from": [8.3, 16.05, 9.9],
			"to": [8.55, 16.75, 10.6],
			"rotation": {"angle": 22.5, "axis": "y", "origin": [8.25, 8, 8.75]},
			"faces": {
				"north": {"uv": [4, 0, 4.25, 0.7], "texture": "#4", "cullface": "up"},
				"east": {"uv": [4, 0, 4.5, 0.5], "texture": "#4", "cullface": "up"},
				"south": {"uv": [4, 0, 4.25, 0.7], "texture": "#4", "cullface": "up"},
				"up": {"uv": [3, 0, 3.25, 0.7], "texture": "#4", "cullface": "up"},
				"down": {"uv": [4, 0, 4.25, 0.7], "texture": "#4", "cullface": "up"}
			}
		},
		{
			"name": "wood",
			"from": [8.4, 16.1, 9.95],
			"to": [8.65, 16.7, 10.55],
			"rotation": {"angle": 22.5, "axis": "y", "origin": [8.25, 8, 8.75]},
			"faces": {
				"north": {"uv": [4, 0, 4.25, 0.6], "texture": "#4", "cullface": "up"},
				"east": {"uv": [4, 0, 4.5, 0.5], "texture": "#4", "cullface": "up"},
				"south": {"uv": [4, 0, 4.25, 0.6], "texture": "#4", "cullface": "up"},
				"up": {"uv": [3, 0, 3.25, 0.6], "texture": "#4", "cullface": "up"},
				"down": {"uv": [4, 0, 4.25, 0.6], "texture": "#4", "cullface": "up"}
			}
		},
		{
			"name": "wood",
			"from": [8.5, 16.15, 10],
			"to": [8.75, 16.65, 10.5],
			"rotation": {"angle": 22.5, "axis": "y", "origin": [8.25, 8, 8.75]},
			"faces": {
				"north": {"uv": [4, 0, 4.25, 0.5], "texture": "#4", "cullface": "up"},
				"east": {"uv": [4, 0, 4.5, 0.5], "texture": "#4", "cullface": "up"},
				"south": {"uv": [4, 0, 4.25, 0.5], "texture": "#4", "cullface": "up"},
				"up": {"uv": [3, 0, 3.25, 0.5], "texture": "#4", "cullface": "up"},
				"down": {"uv": [4, 0, 4.25, 0.5], "texture": "#4", "cullface": "up"}
			}
		},
		{
			"name": "wood",
			"from": [8.6, 16.2, 10.05],
			"to": [8.85, 16.6, 10.45],
			"rotation": {"angle": 22.5, "axis": "y", "origin": [8.25, 8, 8.75]},
			"faces": {
				"north": {"uv": [4, 0, 4.25, 0.4], "texture": "#4", "cullface": "up"},
				"east": {"uv": [4, 0, 4.5, 0.5], "texture": "#4", "cullface": "up"},
				"south": {"uv": [4, 0, 4.25, 0.4], "texture": "#4", "cullface": "up"},
				"up": {"uv": [3, 0, 3.25, 0.4], "texture": "#4", "cullface": "up"},
				"down": {"uv": [4, 0, 4.25, 0.4], "texture": "#4", "cullface": "up"}
			}
		},
		{
			"name": "tip",
			"from": [8.8, 16.25, 10.1],
			"to": [9.05, 16.55, 10.4],
			"rotation": {"angle": 22.5, "axis": "y", "origin": [8.25, 8, 8.75]},
			"faces": {
				"north": {"uv": [4, 0, 4.5, 0.5], "texture": "#5", "cullface": "up"},
				"east": {"uv": [4, 0, 4.5, 0.5], "texture": "#5", "cullface": "up"},
				"south": {"uv": [4, 0, 4.5, 0.5], "texture": "#5", "cullface": "up"},
				"up": {"uv": [4, 0, 4.5, 0.5], "rotation": 270, "texture": "#5", "cullface": "up"},
				"down": {"uv": [4, 0, 4.5, 0.5], "rotation": 90, "texture": "#5", "cullface": "up"}
			}
		},
		{
			"name": "witre",
			"from": [4.75, 15.9, 9.75],
			"to": [5.25, 16.9, 10.75],
			"rotation": {"angle": 22.5, "axis": "y", "origin": [8.25, 8, 8.75]},
			"faces": {
				"north": {"uv": [3, 1, 4, 1.5], "texture": "#9", "cullface": "up"},
				"south": {"uv": [3, 1, 4, 1.5], "texture": "#9", "cullface": "up"},
				"up": {"uv": [3, 1, 4, 1.5], "rotation": 270, "texture": "#9", "cullface": "up"}
			}
		},
		{
			"name": "eraser",
			"from": [4.25, 15.9, 9.75],
			"to": [4.75, 16.9, 10.75],
			"rotation": {"angle": 22.5, "axis": "y", "origin": [8.25, 8, 8.75]},
			"faces": {
				"north": {"uv": [3, 1, 4, 1.5], "texture": "#10", "cullface": "up"},
				"south": {"uv": [3, 1, 4, 1.5], "texture": "#10", "cullface": "up"},
				"west": {"uv": [3, 1, 4, 1.5], "texture": "#10", "cullface": "up"},
				"up": {"uv": [3, 1, 4, 1.5], "rotation": 270, "texture": "#10", "cullface": "up"}
			}
		}
	],
	"display": {
		"thirdperson_righthand": {
			"rotation": [75, 315, 0],
			"translation": [0, 2.5, 0],
			"scale": [0.375, 0.375, 0.375]
		},
		"thirdperson_lefthand": {
			"rotation": [75, 315, 0],
			"translation": [0, 2.5, 0],
			"scale": [0.375, 0.375, 0.375]
		},
		"firstperson_righthand": {
			"rotation": [0, 315, 0],
			"scale": [0.4, 0.4, 0.4]
		},
		"firstperson_lefthand": {
			"rotation": [0, 315, 0],
			"scale": [0.4, 0.4, 0.4]
		},
		"ground": {
			"translation": [0, 3, 0],
			"scale": [0.25, 0.25, 0.25]
		},
		"gui": {
			"rotation": [30, 45, 0],
			"scale": [0.625, 0.625, 0.625]
		},
		"head": {
			"rotation": [0, 180, 0],
			"translation": [0, -0.1, 0]
		},
		"fixed": {
			"rotation": [0, 180, 0],
			"scale": [0.5, 0.5, 0.5]
		}
	},
	"groups": [
		{
			"name": "Pencil",
			"origin": [8, 8, 8],
			"children": [0, 1, 2, 3, 4, 5, 6, 7, 8, 9]
		}
	]
}