{
	"credit": "Made by playtrix with Blockbench",
	"textures": {
		"0": "blocks/bookshelf",
		"particle": "blocks/bookshelf"
	},
	"elements": [
		{
			"from": [7, 9, 0.2],
			"to": [8, 11, 1],
			"faces": {
				"north": {"uv": [7, 5, 8, 7], "texture": "#0", "cullface": "north"},
				"east": {"uv": [7, 5, 7.8, 7], "texture": "#0", "cullface": "north"},
				"west": {"uv": [7, 5, 7.8, 7], "texture": "#0", "cullface": "north"},
				"up": {"uv": [7, 5, 8, 5.8], "texture": "#0", "cullface": "north"}
			}
		} 
	],
	"groups": [
		{
			"name": "top",
			"origin": [8, 8, 8],
			"children": [
				{
					"name": "77",
					"origin": [8, 8, 8],
					"children": [0, 1]
				}
			]
		}
	]
}