{
	"multipart":[
				{ "apply": [
							{ "model": "block/ores/emerald_ore/1_1", "weight":	89	 },
							{ "model": "block/ores/emerald_ore/1_2", "weight":	85	 },
							{ "model": "block/_placeholder", "weight":	89	 }
							]
				},
				{ "apply": [
							{ "model": "block/ores/emerald_ore/2_1", "weight":	87	 },
							{ "model": "block/ores/emerald_ore/2_2", "weight":	82	 },
							{ "model": "block/_placeholder", "weight":	89	 }
							]
				},
				{ "apply": [
							{ "model": "block/ores/emerald_ore/3_1", "weight":	87	 },
							{ "model": "block/ores/emerald_ore/3_2", "weight":	85	 },
							{ "model": "block/_placeholder", "weight":	88	 }
							]
				},
				{ "apply": [
							{ "model": "block/ores/emerald_ore/4_1", "weight":	85	 },
							{ "model": "block/ores/emerald_ore/4_2", "weight":	82	 },
							{ "model": "block/_placeholder", "weight":	81	 }
							]
				},
				{ "apply": [
							{ "model": "block/ores/emerald_ore/5_1", "weight":	86	 },
							{ "model": "block/ores/emerald_ore/5_2", "weight":	81	 },
							{ "model": "block/_placeholder", "weight":	84	 }
							]
				},
				{ "apply": [
							{ "model": "block/ores/emerald_ore/6_1", "weight":	81	 },
							{ "model": "block/_placeholder", "weight":	87	 }
							]
				},
				{ "apply": [
							{ "model": "block/ores/emerald_ore/7_1", "weight":	87	 },
							{ "model": "block/ores/emerald_ore/7_2", "weight":	83	 },
							{ "model": "block/_placeholder", "weight":	87	 }
							]
				},
				{ "apply": [
							{ "model": "block/ores/emerald_ore/8_1", "weight":	83	 },
							{ "model": "block/ores/emerald_ore/8_2", "weight":	88	 },
							{ "model": "block/_placeholder", "weight":	82	 }
							]
				},
				{ "apply": [
							{ "model": "block/ores/emerald_ore/9_1", "weight":	82	 },
							{ "model": "block/ores/emerald_ore/9_2", "weight":	84	 },
							{ "model": "block/_placeholder", "weight":	88	 }
							]
				},
				{ "apply": [
							{ "model": "block/ores/emerald_ore/10_1", "weight":	84	 },
							{ "model": "block/ores/emerald_ore/10_2", "weight":	86	 },
							{ "model": "block/_placeholder", "weight":	81	 }
							]
				},






				{ "apply": [
							{ "model": "block/ores/emerald_ore/1_1", "y": 90 , "weight":	85	 },
							{ "model": "block/ores/emerald_ore/1_2", "y": 90 , "weight":	83	 },
							{ "model": "block/_placeholder", "weight":	89	 }
							]
				},
				{ "apply": [
							{ "model": "block/ores/emerald_ore/2_1", "y": 90 , "weight":	87	 },
							{ "model": "block/ores/emerald_ore/2_2", "y": 90 , "weight":	84	 },
							{ "model": "block/_placeholder", "weight":	84	 }
							]
				},
				{ "apply": [
							{ "model": "block/ores/emerald_ore/3_1", "y": 90 , "weight":	87	 },
							{ "model": "block/ores/emerald_ore/3_2", "y": 90 , "weight":	86	 },
							{ "model": "block/_placeholder", "weight":	84	 }
							]
				},
				{ "apply": [
							{ "model": "block/ores/emerald_ore/4_1", "y": 90 , "weight":	88	 },
							{ "model": "block/ores/emerald_ore/4_2", "y": 90 , "weight":	83	 },
							{ "model": "block/_placeholder", "weight":	80	 }
							]
				},
				{ "apply": [
							{ "model": "block/ores/emerald_ore/5_1", "y": 90 , "weight":	85	 },
							{ "model": "block/ores/emerald_ore/5_2", "y": 90 , "weight":	88	 },
							{ "model": "block/_placeholder", "weight":	86	 }
							]
				},
				{ "apply": [
							{ "model": "block/ores/emerald_ore/6_1", "y": 90 , "weight":	84	 },
							{ "model": "block/_placeholder", "weight":	82	 }
							]
				},
				{ "apply": [
							{ "model": "block/ores/emerald_ore/7_1", "y": 90 , "weight":	87	 },
							{ "model": "block/ores/emerald_ore/7_2", "y": 90 , "weight":	87	 },
							{ "model": "block/_placeholder", "weight":	82	 }
							]
				},
				{ "apply": [
							{ "model": "block/ores/emerald_ore/8_1", "y": 90 , "weight":	88	 },
							{ "model": "block/ores/emerald_ore/8_2", "y": 90 , "weight":	83	 },
							{ "model": "block/_placeholder", "weight":	82	 }
							]
				},
				{ "apply": [
							{ "model": "block/ores/emerald_ore/9_1", "y": 90 , "weight":	84	 },
							{ "model": "block/ores/emerald_ore/9_2", "y": 90 , "weight":	87	 },
							{ "model": "block/_placeholder", "weight":	85	 }
							]
				},
				{ "apply": [
							{ "model": "block/ores/emerald_ore/10_1", "y": 90 , "weight":	83	 },
							{ "model": "block/ores/emerald_ore/10_2", "y": 90 , "weight":	82	 },
							{ "model": "block/_placeholder", "weight":	86	 }
							]
				},
				
				
				
				
				{ "apply": [
							{ "model": "block/ores/emerald_ore/1_1", "y": 180 , "weight":	82	 },
							{ "model": "block/ores/emerald_ore/1_2", "y": 180 , "weight":	87	 },
							{ "model": "block/_placeholder", "weight":	87	 }
							]
				},
				{ "apply": [
							{ "model": "block/ores/emerald_ore/2_1", "y": 180 , "weight":	82	 },
							{ "model": "block/ores/emerald_ore/2_2", "y": 180 , "weight":	86	 },
							{ "model": "block/_placeholder", "weight":	82	 }
							]
				},
				{ "apply": [
							{ "model": "block/ores/emerald_ore/3_1", "y": 180 , "weight":	82	 },
							{ "model": "block/ores/emerald_ore/3_2", "y": 180 , "weight":	86	 },
							{ "model": "block/_placeholder", "weight":	88	 }
							]
				},
				{ "apply": [
							{ "model": "block/ores/emerald_ore/4_1", "y": 180 , "weight":	85	 },
							{ "model": "block/ores/emerald_ore/4_2", "y": 180 , "weight":	82	 },
							{ "model": "block/_placeholder", "weight":	87	 }
							]
				},
				{ "apply": [
							{ "model": "block/ores/emerald_ore/5_1", "y": 180 , "weight":	83	 },
							{ "model": "block/ores/emerald_ore/5_2", "y": 180 , "weight":	86	 },
							{ "model": "block/_placeholder", "weight":	82	 }
							]
				},
				{ "apply": [
							{ "model": "block/ores/emerald_ore/6_1", "y": 180 , "weight":	86	 },
							{ "model": "block/_placeholder", "weight":	81	 }
							]
				},
				{ "apply": [
							{ "model": "block/ores/emerald_ore/7_1", "y": 180 , "weight":	80	 },
							{ "model": "block/ores/emerald_ore/7_2", "y": 180 , "weight":	82	 },
							{ "model": "block/_placeholder", "weight":	84	 }
							]
				},
				{ "apply": [
							{ "model": "block/ores/emerald_ore/8_1", "y": 180 , "weight":	82	 },
							{ "model": "block/ores/emerald_ore/8_2", "y": 180 , "weight":	86	 },
							{ "model": "block/_placeholder", "weight":	84	 }
							]
				},
				{ "apply": [
							{ "model": "block/ores/emerald_ore/9_1", "y": 180 , "weight":	82	 },
							{ "model": "block/ores/emerald_ore/9_2", "y": 180 , "weight":	82	 },
							{ "model": "block/_placeholder", "weight":	88	 }
							]
				},
				{ "apply": [
							{ "model": "block/ores/emerald_ore/10_1", "y": 180 , "weight":	87	 },
							{ "model": "block/ores/emerald_ore/10_2", "y": 180 , "weight":	83	 },
							{ "model": "block/_placeholder", "weight":	85	 }
							]
				},
				
				
				
				
				{ "apply": [
							{ "model": "block/ores/emerald_ore/1_1", "y": 270 , "weight":	82	 },
							{ "model": "block/ores/emerald_ore/1_2", "y": 270 , "weight":	85	 },
							{ "model": "block/_placeholder", "weight":	82	 }
							]
				},
				{ "apply": [
							{ "model": "block/ores/emerald_ore/2_1", "y": 270 , "weight":	82	 },
							{ "model": "block/ores/emerald_ore/2_2", "y": 270 , "weight":	85	 },
							{ "model": "block/_placeholder", "weight":	87	 }
							]
				},
				{ "apply": [
							{ "model": "block/ores/emerald_ore/3_1", "y": 270 , "weight":	83	 },
							{ "model": "block/ores/emerald_ore/3_2", "y": 270 , "weight":	86	 },
							{ "model": "block/_placeholder", "weight":	80	 }
							]
				},
				{ "apply": [
							{ "model": "block/ores/emerald_ore/4_1", "y": 270 , "weight":	82	 },
							{ "model": "block/ores/emerald_ore/4_2", "y": 270 , "weight":	86	 },
							{ "model": "block/_placeholder", "weight":	88	 }
							]
				},
				{ "apply": [
							{ "model": "block/ores/emerald_ore/5_1", "y": 270 , "weight":	82	 },
							{ "model": "block/ores/emerald_ore/5_2", "y": 270 , "weight":	86	 },
							{ "model": "block/_placeholder", "weight":	86	 }
							]
				},
				{ "apply": [
							{ "model": "block/ores/emerald_ore/6_1", "y": 270 , "weight":	85	 },
							{ "model": "block/_placeholder", "weight":	84	 }
							]
				},
				{ "apply": [
							{ "model": "block/ores/emerald_ore/7_1", "y": 270 , "weight":	82	 },
							{ "model": "block/ores/emerald_ore/7_2", "y": 270 , "weight":	85	 },
							{ "model": "block/_placeholder", "weight":	83	 }
							]
				},
				{ "apply": [
							{ "model": "block/ores/emerald_ore/8_1", "y": 270 , "weight":	83	 },
							{ "model": "block/ores/emerald_ore/8_2", "y": 270 , "weight":	83	 },
							{ "model": "block/_placeholder", "weight":	88	 }
							]
				},
				{ "apply": [
							{ "model": "block/ores/emerald_ore/9_1", "y": 270 , "weight":	83	 },
							{ "model": "block/ores/emerald_ore/9_2", "y": 270 , "weight":	86	 },
							{ "model": "block/_placeholder", "weight":	82	 }
							]
				},
				{ "apply": [
							{ "model": "block/ores/emerald_ore/10_1", "y": 270 , "weight":	82	 },
							{ "model": "block/ores/emerald_ore/10_2", "y": 270 , "weight":	85	 },
							{ "model": "block/_placeholder", "weight":	88	 }
							]
				},
				
				
				
				
				{ "apply": [
							{ "model": "block/ores/emerald_ore/1_1", "x": 90 , "weight":	86	 },
							{ "model": "block/ores/emerald_ore/1_2", "x": 90 , "weight":	83	 },
							{ "model": "block/_placeholder", "weight":	89	 }
							]
				},
				{ "apply": [
							{ "model": "block/ores/emerald_ore/2_1", "x": 90 , "weight":	84	 },
							{ "model": "block/ores/emerald_ore/2_2", "x": 90 , "weight":	82	 },
							{ "model": "block/_placeholder", "weight":	81	 }
							]
				},
				{ "apply": [
							{ "model": "block/ores/emerald_ore/3_1", "x": 90 , "weight":	87	 },
							{ "model": "block/ores/emerald_ore/3_2", "x": 90 , "weight":	83	 },
							{ "model": "block/_placeholder", "weight":	80	 }
							]
				},
				{ "apply": [
							{ "model": "block/ores/emerald_ore/4_1", "x": 90 , "weight":	82	 },
							{ "model": "block/ores/emerald_ore/4_2", "x": 90 , "weight":	85	 },
							{ "model": "block/_placeholder", "weight":	82	 }
							]
				},
				{ "apply": [
							{ "model": "block/ores/emerald_ore/5_1", "x": 90 , "weight":	86	 },
							{ "model": "block/ores/emerald_ore/5_2", "x": 90 , "weight":	82	 },
							{ "model": "block/_placeholder", "weight":	89	 }
							]
				},
				{ "apply": [
							{ "model": "block/ores/emerald_ore/6_1", "x": 90 , "weight":	86	 },
							{ "model": "block/_placeholder", "weight":	88	 }
							]
				},
				{ "apply": [
							{ "model": "block/ores/emerald_ore/7_1", "x": 90 , "weight":	87	 },
							{ "model": "block/ores/emerald_ore/7_2", "x": 90 , "weight":	83	 },
							{ "model": "block/_placeholder", "weight":	88	 }
							]
				},
				{ "apply": [
							{ "model": "block/ores/emerald_ore/8_1", "x": 90 , "weight":	82	 },
							{ "model": "block/ores/emerald_ore/8_2", "x": 90 , "weight":	88	 },
							{ "model": "block/_placeholder", "weight":	89	 }
							]
				},
				{ "apply": [
							{ "model": "block/ores/emerald_ore/9_1", "x": 90 , "weight":	81	 },
							{ "model": "block/ores/emerald_ore/9_2", "x": 90 , "weight":	83	 },
							{ "model": "block/_placeholder", "weight":	83	 }
							]
				},
				{ "apply": [
							{ "model": "block/ores/emerald_ore/10_1", "x": 90 , "weight":	81	 },
							{ "model": "block/ores/emerald_ore/10_2", "x": 90 , "weight":	89	 },
							{ "model": "block/_placeholder", "weight":	83	 }
							]
				},
				
				
				
				
				{ "apply": [
							{ "model": "block/ores/emerald_ore/1_1", "x": 270 , "weight":	82	 },
							{ "model": "block/ores/emerald_ore/1_2", "x": 270 , "weight":	88	 },
							{ "model": "block/_placeholder", "weight":	89	 }
							]
				},
				{ "apply": [
							{ "model": "block/ores/emerald_ore/2_1", "x": 270 , "weight":	82	 },
							{ "model": "block/ores/emerald_ore/2_2", "x": 270 , "weight":	83	 },
							{ "model": "block/_placeholder", "weight":	82	 }
							]
				},
				{ "apply": [
							{ "model": "block/ores/emerald_ore/3_1", "x": 270 , "weight":	88	 },
							{ "model": "block/ores/emerald_ore/3_2", "x": 270 , "weight":	83	 },
							{ "model": "block/_placeholder", "weight":	83	 }
							]
				},
				{ "apply": [
							{ "model": "block/ores/emerald_ore/4_1", "x": 270 , "weight":	81	 },
							{ "model": "block/ores/emerald_ore/4_2", "x": 270 , "weight":	87	 },
							{ "model": "block/_placeholder", "weight":	89	 }
							]
				},
				{ "apply": [
							{ "model": "block/ores/emerald_ore/5_1", "x": 270 , "weight":	85	 },
							{ "model": "block/ores/emerald_ore/5_2", "x": 270 , "weight":	87	 },
							{ "model": "block/_placeholder", "weight":	80	 }
							]
				},
				{ "apply": [
							{ "model": "block/ores/emerald_ore/6_1", "x": 270 , "weight":	82	 },
							{ "model": "block/_placeholder", "weight":	85	 }
							]
				},
				{ "apply": [
							{ "model": "block/ores/emerald_ore/7_1", "x": 270 , "weight":	81	 },
							{ "model": "block/ores/emerald_ore/7_2", "x": 270 , "weight":	88	 },
							{ "model": "block/_placeholder", "weight":	88	 }
							]
				},
				{ "apply": [
							{ "model": "block/ores/emerald_ore/8_1", "x": 270 , "weight":	83	 },
							{ "model": "block/ores/emerald_ore/8_2", "x": 270 , "weight":	88	 },
							{ "model": "block/_placeholder", "weight":	82	 }
							]
				},
				{ "apply": [
							{ "model": "block/ores/emerald_ore/9_1", "x": 270 , "weight":	81	 },
							{ "model": "block/ores/emerald_ore/9_2", "x": 270 , "weight":	81	 },
							{ "model": "block/_placeholder", "weight":	86	 }
							]
				},
				{ "apply": [
							{ "model": "block/ores/emerald_ore/10_1", "x": 270 , "weight":	82	 },
							{ "model": "block/ores/emerald_ore/10_2", "x": 270 , "weight":	86	 },
							{ "model": "block/_placeholder", "weight":	81	 }
							]
				},
				{ "apply": { "model": "block/ores/emerald_ore/emerald_ore_blank"}}
		
	]
}