{
	"multipart": [
		{	"when": { "facing": "north" },
			"apply": { "model": "block/furnace"}
		},

		{	"when": { "facing": "east" },
			"apply": { "model": "block/furnace", "y": 90}
		},
		
		{	"when": { "facing": "south" },
			"apply": { "model": "block/furnace", "y": 180}
		},
		
		{	"when": { "facing": "west" },
			"apply": { "model": "block/furnace", "y": 270}
		},
		
		
		{	"when": { "facing": "north", "lit": "true" },
			"apply": { "model": "block/furnace_on"}
		},

		{	"when": { "facing": "east", "lit": "true" },
			"apply": { "model": "block/furnace_on", "y": 90}
		},
		
		{	"when": { "facing": "south", "lit": "true" },
			"apply": { "model": "block/furnace_on", "y": 180}
		},
		
		{	"when": { "facing": "west", "lit": "true" },
			"apply": { "model": "block/furnace_on", "y": 270}
		}
	]
}