{
	"multipart":[
				{ "apply": [
							{ "model": "block/crops/grass/grass/3_2", "y": 0 , "weight":	95	 },
							{ "model": "block/crops/grass/grass/3_3", "y": 0 , "weight":	93	 },
							{ "model": "block/_placeholder", "y": 0 , "weight":	93	 }
							]
				},
				{ "apply": [
							{ "model": "block/crops/grass/grass/4_2", "y": 0 , "weight":	92	 },
							{ "model": "block/crops/grass/grass/4_3", "y": 0 , "weight":	99	 },
							{ "model": "block/_placeholder", "y": 0 , "weight":	93	 }
							]
				},
				{ "apply": [
							{ "model": "block/crops/grass/grass/5_1", "y": 0 , "weight":	96	 },
							{ "model": "block/crops/grass/grass/5_2", "y": 0 , "weight":	91	 },
							{ "model": "block/crops/grass/grass/5_3", "y": 0 , "weight":	98	 }
							]
				},
				{ "apply": [
							{ "model": "block/crops/grass/grass/6_1", "y": 0 , "weight":	95	 },
							{ "model": "block/crops/grass/grass/6_2", "y": 0 , "weight":	91	 },
							{ "model": "block/crops/grass/grass/6_3", "y": 0 , "weight":	98	 }
							]
				}
	]
}