{
	"multipart":[
				{ "apply": [
							{ "model": "block/ores/gold_ore/nether_gold/1_1", "weight":	99	 },
							{ "model": "block/ores/gold_ore/nether_gold/1_2", "weight":	95	 }
							]
				},
				{ "apply": [
							{ "model": "block/ores/gold_ore/nether_gold/2_1", "weight":	97	 },
							{ "model": "block/ores/gold_ore/nether_gold/2_2", "weight":	92	 },
							{ "model": "block/_placeholder", "weight":	89	 }
							]
				},
				{ "apply": [
							{ "model": "block/ores/gold_ore/nether_gold/3_1", "weight":	77	 },
							{ "model": "block/ores/gold_ore/nether_gold/3_2", "weight":	75	 },
							{ "model": "block/_placeholder", "weight":	88	 }
							]
				},
				{ "apply": [
							{ "model": "block/ores/gold_ore/nether_gold/4_1", "weight":	85	 },
							{ "model": "block/ores/gold_ore/nether_gold/4_2", "weight":	82	 },
							{ "model": "block/_placeholder", "weight":	81	 }
							]
				},
				{ "apply": [
							{ "model": "block/ores/gold_ore/nether_gold/5_1", "weight":	96	 },
							{ "model": "block/ores/gold_ore/nether_gold/5_2", "weight":	91	 },
							{ "model": "block/_placeholder", "weight":	84	 }
							]
				},
				{ "apply": [
							{ "model": "block/ores/gold_ore/nether_gold/6_1", "weight":	95	 },
							{ "model": "block/ores/gold_ore/nether_gold/6_2", "weight":	91	 }
							]
				},
				{ "apply": [
							{ "model": "block/ores/gold_ore/nether_gold/7_1", "weight":	97	 },
							{ "model": "block/ores/gold_ore/nether_gold/7_2", "weight":	93	 },
							{ "model": "block/_placeholder", "weight":	87	 }
							]
				},
				{ "apply": [
							{ "model": "block/ores/gold_ore/nether_gold/8_1", "weight":	98	 },
							{ "model": "block/ores/gold_ore/nether_gold/8_2", "weight":	98	 }
							]
				},
				
				
				
				
				{ "apply": [
							{ "model": "block/ores/gold_ore/nether_gold/1_1", "y": 90 , "weight":	95	 },
							{ "model": "block/ores/gold_ore/nether_gold/1_2", "y": 90 , "weight":	93	 }
							]
				},
				{ "apply": [
							{ "model": "block/ores/gold_ore/nether_gold/2_1", "y": 90 , "weight":	97	 },
							{ "model": "block/ores/gold_ore/nether_gold/2_2", "y": 90 , "weight":	94	 },
							{ "model": "block/_placeholder", "weight":	84	 }
							]
				},
				{ "apply": [
							{ "model": "block/ores/gold_ore/nether_gold/3_1", "y": 90 , "weight":	77	 },
							{ "model": "block/ores/gold_ore/nether_gold/3_2", "y": 90 , "weight":	76	 },
							{ "model": "block/_placeholder", "weight":	84	 }
							]
				},
				{ "apply": [
							{ "model": "block/ores/gold_ore/nether_gold/4_1", "y": 90 , "weight":	88	 },
							{ "model": "block/ores/gold_ore/nether_gold/4_2", "y": 90 , "weight":	88	 },
							{ "model": "block/_placeholder", "weight":	80	 }
							]
				},
				{ "apply": [
							{ "model": "block/ores/gold_ore/nether_gold/5_1", "y": 90 , "weight":	95	 },
							{ "model": "block/ores/gold_ore/nether_gold/5_2", "y": 90 , "weight":	98	 },
							{ "model": "block/_placeholder", "weight":	86	 }
							]
				},
				{ "apply": [
							{ "model": "block/ores/gold_ore/nether_gold/6_1", "y": 90 , "weight":	99	 },
							{ "model": "block/ores/gold_ore/nether_gold/6_2", "y": 90 , "weight":	94	 }
							]
				},
				{ "apply": [
							{ "model": "block/ores/gold_ore/nether_gold/7_1", "y": 90 , "weight":	97	 },
							{ "model": "block/ores/gold_ore/nether_gold/7_2", "y": 90 , "weight":	97	 },
							{ "model": "block/_placeholder", "weight":	82	 }
							]
				},
				{ "apply": [
							{ "model": "block/ores/gold_ore/nether_gold/8_1", "y": 90 , "weight":	98	 },
							{ "model": "block/ores/gold_ore/nether_gold/8_2", "y": 90 , "weight":	93	 }
							]
				},
				
				
				
				{ "apply": [
							{ "model": "block/ores/gold_ore/nether_gold/1_1", "y": 180 , "weight":	92	 },
							{ "model": "block/ores/gold_ore/nether_gold/1_2", "y": 180 , "weight":	97	 }
							]
				},
				{ "apply": [
							{ "model": "block/ores/gold_ore/nether_gold/2_1", "y": 180 , "weight":	92	 },
							{ "model": "block/ores/gold_ore/nether_gold/2_2", "y": 180 , "weight":	96	 },
							{ "model": "block/_placeholder", "weight":	82	 }
							]
				},
				{ "apply": [
							{ "model": "block/ores/gold_ore/nether_gold/3_1", "y": 180 , "weight":	72	 },
							{ "model": "block/ores/gold_ore/nether_gold/3_2", "y": 180 , "weight":	76	 },
							{ "model": "block/_placeholder", "weight":	88	 }
							]
				},
				{ "apply": [
							{ "model": "block/ores/gold_ore/nether_gold/4_1", "y": 180 , "weight":	85	 },
							{ "model": "block/ores/gold_ore/nether_gold/4_2", "y": 180 , "weight":	82	 },
							{ "model": "block/_placeholder", "weight":	87	 }
							]
				},
				{ "apply": [
							{ "model": "block/ores/gold_ore/nether_gold/5_1", "y": 180 , "weight":	93	 },
							{ "model": "block/ores/gold_ore/nether_gold/5_2", "y": 180 , "weight":	96	 },
							{ "model": "block/_placeholder", "weight":	82	 }
							]
				},
				{ "apply": [
							{ "model": "block/ores/gold_ore/nether_gold/6_1", "y": 180 , "weight":	92	 },
							{ "model": "block/ores/gold_ore/nether_gold/6_2", "y": 180 , "weight":	96	 }
							]
				},
				{ "apply": [
							{ "model": "block/ores/gold_ore/nether_gold/7_1", "y": 180 , "weight":	90	 },
							{ "model": "block/ores/gold_ore/nether_gold/7_2", "y": 180 , "weight":	92	 },
							{ "model": "block/_placeholder", "weight":	84	 }
							]
				},
				{ "apply": [
							{ "model": "block/ores/gold_ore/nether_gold/8_1", "y": 180 , "weight":	98	 },
							{ "model": "block/ores/gold_ore/nether_gold/8_2", "y": 180 , "weight":	96	 }
							]
				},
				
				
				{ "apply": [
							{ "model": "block/ores/gold_ore/nether_gold/1_1", "y": 270 , "weight":	92	 },
							{ "model": "block/ores/gold_ore/nether_gold/1_2", "y": 270 , "weight":	95	 }
							]
				},
				{ "apply": [
							{ "model": "block/ores/gold_ore/nether_gold/2_1", "y": 270 , "weight":	92	 },
							{ "model": "block/ores/gold_ore/nether_gold/2_2", "y": 270 , "weight":	95	 },
							{ "model": "block/_placeholder", "weight":	87	 }
							]
				},
				{ "apply": [
							{ "model": "block/ores/gold_ore/nether_gold/3_1", "y": 270 , "weight":	73	 },
							{ "model": "block/ores/gold_ore/nether_gold/3_2", "y": 270 , "weight":	76	 },
							{ "model": "block/_placeholder", "weight":	80	 }
							]
				},
				{ "apply": [
							{ "model": "block/ores/gold_ore/nether_gold/4_1", "y": 270 , "weight":	82	 },
							{ "model": "block/ores/gold_ore/nether_gold/4_2", "y": 270 , "weight":	86	 },
							{ "model": "block/_placeholder", "weight":	88	 }
							]
				},
				{ "apply": [
							{ "model": "block/ores/gold_ore/nether_gold/5_1", "y": 270 , "weight":	92	 },
							{ "model": "block/ores/gold_ore/nether_gold/5_2", "y": 270 , "weight":	96	 },
							{ "model": "block/_placeholder", "weight":	86	 }
							]
				},
				{ "apply": [
							{ "model": "block/ores/gold_ore/nether_gold/6_1", "y": 270 , "weight":	99	 },
							{ "model": "block/ores/gold_ore/nether_gold/6_2", "y": 270 , "weight":	95	 }
							]
				},
				{ "apply": [
							{ "model": "block/ores/gold_ore/nether_gold/7_1", "y": 270 , "weight":	92	 },
							{ "model": "block/ores/gold_ore/nether_gold/7_2", "y": 270 , "weight":	95	 },
							{ "model": "block/_placeholder", "weight":	83	 }
							]
				},
				{ "apply": [
							{ "model": "block/ores/gold_ore/nether_gold/8_1", "y": 270 , "weight":	98	 },
							{ "model": "block/ores/gold_ore/nether_gold/8_2", "y": 270 , "weight":	93	 }
							]
				},
				
				
				{ "apply": [
							{ "model": "block/ores/gold_ore/nether_gold/1_1", "x": 90 , "weight":	96	 },
							{ "model": "block/ores/gold_ore/nether_gold/1_2", "x": 90 , "weight":	93	 }
							]
				},
				{ "apply": [
							{ "model": "block/ores/gold_ore/nether_gold/2_1", "x": 90 , "weight":	94	 },
							{ "model": "block/ores/gold_ore/nether_gold/2_2", "x": 90 , "weight":	92	 },
							{ "model": "block/_placeholder", "weight":	81	 }
							]
				},
				{ "apply": [
							{ "model": "block/ores/gold_ore/nether_gold/3_1", "x": 90 , "weight":	77	 },
							{ "model": "block/ores/gold_ore/nether_gold/3_2", "x": 90 , "weight":	73	 },
							{ "model": "block/_placeholder", "weight":	80	 }
							]
				},
				{ "apply": [
							{ "model": "block/ores/gold_ore/nether_gold/4_1", "x": 90 , "weight":	82	 },
							{ "model": "block/ores/gold_ore/nether_gold/4_2", "x": 90 , "weight":	85	 },
							{ "model": "block/_placeholder", "weight":	82	 }
							]
				},
				{ "apply": [
							{ "model": "block/ores/gold_ore/nether_gold/5_1", "x": 90 , "weight":	96	 },
							{ "model": "block/ores/gold_ore/nether_gold/5_2", "x": 90 , "weight":	92	 },
							{ "model": "block/_placeholder", "weight":	89	 }
							]
				},
				{ "apply": [
							{ "model": "block/ores/gold_ore/nether_gold/6_1", "x": 90 , "weight":	91	 },
							{ "model": "block/ores/gold_ore/nether_gold/6_2", "x": 90 , "weight":	96	 }
							]
				},
				{ "apply": [
							{ "model": "block/ores/gold_ore/nether_gold/7_1", "x": 90 , "weight":	97	 },
							{ "model": "block/ores/gold_ore/nether_gold/7_2", "x": 90 , "weight":	93	 },
							{ "model": "block/_placeholder", "weight":	88	 }
							]
				},
				{ "apply": [
							{ "model": "block/ores/gold_ore/nether_gold/8_1", "x": 90 , "weight":	98	 },
							{ "model": "block/ores/gold_ore/nether_gold/8_2", "x": 90 , "weight":	98	 }
							]
				},
				
				
				
				{ "apply": [
							{ "model": "block/ores/gold_ore/nether_gold/1_1", "x": 270 , "weight":	92	 },
							{ "model": "block/ores/gold_ore/nether_gold/1_2", "x": 270 , "weight":	98	 }
							]
				},
				{ "apply": [
							{ "model": "block/ores/gold_ore/nether_gold/2_1", "x": 270 , "weight":	92	 },
							{ "model": "block/ores/gold_ore/nether_gold/2_2", "x": 270 , "weight":	93	 },
							{ "model": "block/_placeholder", "weight":	82	 }
							]
				},
				{ "apply": [
							{ "model": "block/ores/gold_ore/nether_gold/3_1", "x": 270 , "weight":	78	 },
							{ "model": "block/ores/gold_ore/nether_gold/3_2", "x": 270 , "weight":	73	 },
							{ "model": "block/_placeholder", "weight":	83	 }
							]
				},
				{ "apply": [
							{ "model": "block/ores/gold_ore/nether_gold/4_1", "x": 270 , "weight":	81	 },
							{ "model": "block/ores/gold_ore/nether_gold/4_2", "x": 270 , "weight":	87	 },
							{ "model": "block/_placeholder", "weight":	89	 }
							]
				},
				{ "apply": [
							{ "model": "block/ores/gold_ore/nether_gold/5_1", "x": 270 , "weight":	95	 },
							{ "model": "block/ores/gold_ore/nether_gold/5_2", "x": 270 , "weight":	97	 },
							{ "model": "block/_placeholder", "weight":	80	 }
							]
				},
				{ "apply": [
							{ "model": "block/ores/gold_ore/nether_gold/6_1", "x": 270 , "weight":	96	 },
							{ "model": "block/ores/gold_ore/nether_gold/6_2", "x": 270 , "weight":	92	 }
							]
				},
				{ "apply": [
							{ "model": "block/ores/gold_ore/nether_gold/7_1", "x": 270 , "weight":	91	 },
							{ "model": "block/ores/gold_ore/nether_gold/7_2", "x": 270 , "weight":	98	 },
							{ "model": "block/_placeholder", "weight":	88	 }
							]
				},
				{ "apply": [
							{ "model": "block/ores/gold_ore/nether_gold/8_1", "x": 270 , "weight":	98	 },
							{ "model": "block/ores/gold_ore/nether_gold/8_2", "x": 270 , "weight":	98	 }
							]
				},
				{ "apply": { "model": "block/netherrack"}}
		
	]
}