{
	"variants": {
		"": [
		{	"model": "minecraft:block/leaves/oak/0", "weight": 99 },
		{	"model": "minecraft:block/leaves/oak/0", "y": 90, "weight": 98 },
		{	"model": "minecraft:block/leaves/oak/0", "y": 180, "weight": 95 },
		{	"model": "minecraft:block/leaves/oak/0", "y": 270, "weight": 97 },
		                                           
		{	"model": "minecraft:block/leaves/oak/1"	, "weight": 95 },
		{	"model": "minecraft:block/leaves/oak/1", "y": 90, "weight": 96 },
		{	"model": "minecraft:block/leaves/oak/1", "y": 180, "weight": 95 },
		{	"model": "minecraft:block/leaves/oak/1", "y": 270, "weight": 99 },
		                                           
		{	"model": "minecraft:block/leaves/oak/2"	, "weight": 92 },
		{	"model": "minecraft:block/leaves/oak/2", "y": 90, "weight": 99 },
		{	"model": "minecraft:block/leaves/oak/2", "y": 180, "weight": 94 },
		{	"model": "minecraft:block/leaves/oak/2", "y": 270, "weight": 97 },
		                                           
		{	"model": "minecraft:block/leaves/oak/3"	, "weight": 98 },
		{	"model": "minecraft:block/leaves/oak/3", "y": 90, "weight": 93 },
		{	"model": "minecraft:block/leaves/oak/3", "y": 180, "weight": 96 },
		{	"model": "minecraft:block/leaves/oak/3", "y": 270, "weight": 98 },
		                                           
		{	"model": "minecraft:block/leaves/oak/4"	, "weight": 96 },
		{	"model": "minecraft:block/leaves/oak/4", "y": 90, "weight": 98 },
		{	"model": "minecraft:block/leaves/oak/4", "y": 180, "weight": 94 },
		{	"model": "minecraft:block/leaves/oak/4", "y": 270, "weight": 96 }
		]
	}
}