{
	"multipart":[
				{ "apply": [
							{ "model": "block/ores/redstone_ore/1_1", "weight":	99	 },
							{ "model": "block/ores/redstone_ore/1_2", "weight":	95	 },
							{ "model": "block/_placeholder", "weight":	99	 }
							]
				},
				{ "apply": [
							{ "model": "block/ores/redstone_ore/2_1", "weight":	97	 },
							{ "model": "block/ores/redstone_ore/2_2", "weight":	92	 },
							{ "model": "block/_placeholder", "weight":	99	 }
							]
				},
				{ "apply": [
							{ "model": "block/ores/redstone_ore/3_1", "weight":	97	 },
							{ "model": "block/ores/redstone_ore/3_2", "weight":	95	 }
							]
				},
				{ "apply": [
							{ "model": "block/ores/redstone_ore/4_1", "weight":	95	 },
							{ "model": "block/ores/redstone_ore/4_2", "weight":	92	 },
							{ "model": "block/_placeholder", "weight":	91	 }
							]
				},
				{ "apply": [
							{ "model": "block/ores/redstone_ore/5_1", "weight":	96	 },
							{ "model": "block/ores/redstone_ore/5_2", "weight":	91	 },
							{ "model": "block/_placeholder", "weight":	94	 }
							]
				},
				{ "apply": [
							{ "model": "block/ores/redstone_ore/6_1", "weight":	95	 },
							{ "model": "block/ores/redstone_ore/6_2", "weight":	91	 },
							{ "model": "block/ores/redstone_ore/6_3", "weight":	91	 }
							]
				},






				{ "apply": [
							{ "model": "block/ores/redstone_ore/1_1", "y": 90 , "weight":	95	 },
							{ "model": "block/ores/redstone_ore/1_2", "y": 90 , "weight":	93	 },
							{ "model": "block/_placeholder", "weight":	99	 }
							]
				},
				{ "apply": [
							{ "model": "block/ores/redstone_ore/2_1", "y": 90 , "weight":	97	 },
							{ "model": "block/ores/redstone_ore/2_2", "y": 90 , "weight":	94	 },
							{ "model": "block/_placeholder", "weight":	99	 }
							]
				},
				{ "apply": [
							{ "model": "block/ores/redstone_ore/3_1", "y": 90 , "weight":	97	 },
							{ "model": "block/ores/redstone_ore/3_2", "y": 90 , "weight":	96	 }
							]
				},
				{ "apply": [
							{ "model": "block/ores/redstone_ore/4_1", "y": 90 , "weight":	98	 },
							{ "model": "block/ores/redstone_ore/4_2", "y": 90 , "weight":	93	 },
							{ "model": "block/_placeholder", "weight":	90	 }
							]
				},
				{ "apply": [
							{ "model": "block/ores/redstone_ore/5_1", "y": 90 , "weight":	95	 },
							{ "model": "block/ores/redstone_ore/5_2", "y": 90 , "weight":	98	 },
							{ "model": "block/_placeholder", "weight":	96	 }
							]
				},
				{ "apply": [
							{ "model": "block/ores/redstone_ore/6_1", "y": 90 , "weight":	99	 },
							{ "model": "block/ores/redstone_ore/6_2", "y": 90 , "weight":	94	 },
							{ "model": "block/ores/redstone_ore/6_3", "y": 90 , "weight":	91	 }
							]
				},
				
				
				
				
				{ "apply": [
							{ "model": "block/ores/redstone_ore/1_1", "y": 180 , "weight":	92	 },
							{ "model": "block/ores/redstone_ore/1_2", "y": 180 , "weight":	97	 },
							{ "model": "block/_placeholder", "weight":	97	 }
							]
				},
				{ "apply": [
							{ "model": "block/ores/redstone_ore/2_1", "y": 180 , "weight":	92	 },
							{ "model": "block/ores/redstone_ore/2_2", "y": 180 , "weight":	96	 },
							{ "model": "block/_placeholder", "weight":	99	 }
							]
				},
				{ "apply": [
							{ "model": "block/ores/redstone_ore/3_1", "y": 180 , "weight":	92	 },
							{ "model": "block/ores/redstone_ore/3_2", "y": 180 , "weight":	96	 }
							]
				},
				{ "apply": [
							{ "model": "block/ores/redstone_ore/4_1", "y": 180 , "weight":	95	 },
							{ "model": "block/ores/redstone_ore/4_2", "y": 180 , "weight":	92	 },
							{ "model": "block/_placeholder", "weight":	97	 }
							]
				},
				{ "apply": [
							{ "model": "block/ores/redstone_ore/5_1", "y": 180 , "weight":	93	 },
							{ "model": "block/ores/redstone_ore/5_2", "y": 180 , "weight":	96	 },
							{ "model": "block/_placeholder", "weight":	92	 }
							]
				},
				{ "apply": [
							{ "model": "block/ores/redstone_ore/6_1", "y": 180 , "weight":	92	 },
							{ "model": "block/ores/redstone_ore/6_2", "y": 180 , "weight":	96	 },
							{ "model": "block/ores/redstone_ore/6_3", "y": 180 , "weight":	91	 }
							]
				},
				
				
				
				
				{ "apply": [
							{ "model": "block/ores/redstone_ore/1_1", "y": 270 , "weight":	92	 },
							{ "model": "block/ores/redstone_ore/1_2", "y": 270 , "weight":	95	 },
							{ "model": "block/_placeholder", "weight":	92	 }
							]
				},
				{ "apply": [
							{ "model": "block/ores/redstone_ore/2_1", "y": 270 , "weight":	92	 },
							{ "model": "block/ores/redstone_ore/2_2", "y": 270 , "weight":	95	 },
							{ "model": "block/_placeholder", "weight":	99	 }
							]
				},
				{ "apply": [
							{ "model": "block/ores/redstone_ore/3_1", "y": 270 , "weight":	93	 },
							{ "model": "block/ores/redstone_ore/3_2", "y": 270 , "weight":	96	 }
							]
				},
				{ "apply": [
							{ "model": "block/ores/redstone_ore/4_1", "y": 270 , "weight":	92	 },
							{ "model": "block/ores/redstone_ore/4_2", "y": 270 , "weight":	96	 },
							{ "model": "block/_placeholder", "weight":	98	 }
							]
				},
				{ "apply": [
							{ "model": "block/ores/redstone_ore/5_1", "y": 270 , "weight":	92	 },
							{ "model": "block/ores/redstone_ore/5_2", "y": 270 , "weight":	96	 },
							{ "model": "block/_placeholder", "weight":	96	 }
							]
				},
				{ "apply": [
							{ "model": "block/ores/redstone_ore/6_1", "y": 270 , "weight":	99	 },
							{ "model": "block/ores/redstone_ore/6_2", "y": 270 , "weight":	95	 },
							{ "model": "block/ores/redstone_ore/6_3", "y": 270 , "weight":	91	 }
							]
				},
				
				
				
				
				{ "apply": [
							{ "model": "block/ores/redstone_ore/1_1", "x": 90 , "weight":	96	 },
							{ "model": "block/ores/redstone_ore/1_2", "x": 90 , "weight":	93	 },
							{ "model": "block/_placeholder", "weight":	99	 }
							]
				},
				{ "apply": [
							{ "model": "block/ores/redstone_ore/2_1", "x": 90 , "weight":	94	 },
							{ "model": "block/ores/redstone_ore/2_2", "x": 90 , "weight":	92	 },
							{ "model": "block/_placeholder", "weight":	99	 }
							]
				},
				{ "apply": [
							{ "model": "block/ores/redstone_ore/3_1", "x": 90 , "weight":	97	 },
							{ "model": "block/ores/redstone_ore/3_2", "x": 90 , "weight":	93	 }
							]
				},
				{ "apply": [
							{ "model": "block/ores/redstone_ore/4_1", "x": 90 , "weight":	92	 },
							{ "model": "block/ores/redstone_ore/4_2", "x": 90 , "weight":	95	 },
							{ "model": "block/_placeholder", "weight":	92	 }
							]
				},
				{ "apply": [
							{ "model": "block/ores/redstone_ore/5_1", "x": 90 , "weight":	96	 },
							{ "model": "block/ores/redstone_ore/5_2", "x": 90 , "weight":	92	 },
							{ "model": "block/_placeholder", "weight":	99	 }
							]
				},
				{ "apply": [
							{ "model": "block/ores/redstone_ore/6_1", "x": 90 , "weight":	91	 },
							{ "model": "block/ores/redstone_ore/6_2", "x": 90 , "weight":	96	 },
							{ "model": "block/ores/redstone_ore/6_3", "x": 90 , "weight":	91	 }
							]
				},
				
				
				
				
				{ "apply": [
							{ "model": "block/ores/redstone_ore/1_1", "x": 270 , "weight":	92	 },
							{ "model": "block/ores/redstone_ore/1_2", "x": 270 , "weight":	98	 },
							{ "model": "block/_placeholder", "weight":	99	 }
							]
				},
				{ "apply": [
							{ "model": "block/ores/redstone_ore/2_1", "x": 270 , "weight":	92	 },
							{ "model": "block/ores/redstone_ore/2_2", "x": 270 , "weight":	93	 },
							{ "model": "block/_placeholder", "weight":	99	 }
							]
				},
				{ "apply": [
							{ "model": "block/ores/redstone_ore/3_1", "x": 270 , "weight":	98	 },
							{ "model": "block/ores/redstone_ore/3_2", "x": 270 , "weight":	93	 }
							]
				},
				{ "apply": [
							{ "model": "block/ores/redstone_ore/4_1", "x": 270 , "weight":	91	 },
							{ "model": "block/ores/redstone_ore/4_2", "x": 270 , "weight":	97	 },
							{ "model": "block/_placeholder", "weight":	99	 }
							]
				},
				{ "apply": [
							{ "model": "block/ores/redstone_ore/5_1", "x": 270 , "weight":	95	 },
							{ "model": "block/ores/redstone_ore/5_2", "x": 270 , "weight":	97	 },
							{ "model": "block/_placeholder", "weight":	90	 }
							]
				},
				{ "apply": [
							{ "model": "block/ores/redstone_ore/6_1", "x": 270 , "weight":	96	 },
							{ "model": "block/ores/redstone_ore/6_2", "x": 270 , "weight":	92	 },
							{ "model": "block/ores/redstone_ore/6_3", "x": 270 , "weight":	91	 }
							]
				},
				{ "apply": { "model": "block/ores/redstone_ore/redstone_ore_blank"}}
		
	]
}