{
  "variants": {
    "delay=1,facing=east,locked=false,powered=false": {
      "model": "minecraft:block/redstone/repeater/off/1",
      "y": 270
    },
    "delay=1,facing=east,locked=false,powered=true": {
      "model": "minecraft:block/redstone/repeater/on/1",
      "y": 270
    },
    "delay=1,facing=east,locked=true,powered=false": {
      "model": "minecraft:block/redstone/repeater/locked/off_1",
      "y": 270
    },
    "delay=1,facing=east,locked=true,powered=true": {
      "model": "minecraft:block/redstone/repeater/locked/on_1",
      "y": 270
    },
	
	
    "delay=1,facing=north,locked=false,powered=false": {
      "model": "minecraft:block/redstone/repeater/off/1",
      "y": 180
    },
    "delay=1,facing=north,locked=false,powered=true": {
      "model": "minecraft:block/redstone/repeater/on/1",
      "y": 180
    },
    "delay=1,facing=north,locked=true,powered=false": {
      "model": "minecraft:block/redstone/repeater/locked/off_1",
      "y": 180
    },
    "delay=1,facing=north,locked=true,powered=true": {
      "model": "minecraft:block/redstone/repeater/locked/on_1",
      "y": 180
    },
	
	
    "delay=1,facing=south,locked=false,powered=false": {
      "model": "minecraft:block/redstone/repeater/off/1"
    },
    "delay=1,facing=south,locked=false,powered=true": {
      "model": "minecraft:block/redstone/repeater/on/1"
    },
    "delay=1,facing=south,locked=true,powered=false": {
      "model": "minecraft:block/redstone/repeater/locked/off_1"
    },
    "delay=1,facing=south,locked=true,powered=true": {
      "model": "minecraft:block/redstone/repeater/locked/on_1"
    },
	
	
    "delay=1,facing=west,locked=false,powered=false": {
      "model": "minecraft:block/redstone/repeater/off/1",
      "y": 90
    },
    "delay=1,facing=west,locked=false,powered=true": {
      "model": "minecraft:block/redstone/repeater/on/1",
      "y": 90
    },
    "delay=1,facing=west,locked=true,powered=false": {
      "model": "minecraft:block/redstone/repeater/locked/off_1",
      "y": 90
    },
    "delay=1,facing=west,locked=true,powered=true": {
      "model": "minecraft:block/redstone/repeater/locked/on_1",
      "y": 90
    },
	
	
    "delay=2,facing=east,locked=false,powered=false": {
      "model": "minecraft:block/redstone/repeater/off/2",
      "y": 270
    },
    "delay=2,facing=east,locked=false,powered=true": {
      "model": "minecraft:block/redstone/repeater/on/2",
      "y": 270
    },
    "delay=2,facing=east,locked=true,powered=false": {
      "model": "minecraft:block/redstone/repeater/locked/off_2",
      "y": 270
    },
    "delay=2,facing=east,locked=true,powered=true": {
      "model": "minecraft:block/redstone/repeater/locked/on_2",
      "y": 270
    },
	
	
    "delay=2,facing=north,locked=false,powered=false": {
      "model": "minecraft:block/redstone/repeater/off/2",
      "y": 180
    },
    "delay=2,facing=north,locked=false,powered=true": {
      "model": "minecraft:block/redstone/repeater/on/2",
      "y": 180
    },
    "delay=2,facing=north,locked=true,powered=false": {
      "model": "minecraft:block/redstone/repeater/locked/off_2",
      "y": 180
    },
    "delay=2,facing=north,locked=true,powered=true": {
      "model": "minecraft:block/redstone/repeater/locked/on_2",
      "y": 180
    },
	
	
    "delay=2,facing=south,locked=false,powered=false": {
      "model": "minecraft:block/redstone/repeater/off/2"
    },
    "delay=2,facing=south,locked=false,powered=true": {
      "model": "minecraft:block/redstone/repeater/on/2"
    },
    "delay=2,facing=south,locked=true,powered=false": {
      "model": "minecraft:block/redstone/repeater/locked/off_2"
    },
    "delay=2,facing=south,locked=true,powered=true": {
      "model": "minecraft:block/redstone/repeater/locked/on_2"
    },
	
	
    "delay=2,facing=west,locked=false,powered=false": {
      "model": "minecraft:block/redstone/repeater/off/2",
      "y": 90
    },
    "delay=2,facing=west,locked=false,powered=true": {
      "model": "minecraft:block/redstone/repeater/on/2",
      "y": 90
    },
    "delay=2,facing=west,locked=true,powered=false": {
      "model": "minecraft:block/redstone/repeater/locked/off_2",
      "y": 90
    },
    "delay=2,facing=west,locked=true,powered=true": {
      "model": "minecraft:block/redstone/repeater/locked/on_2",
      "y": 90
    },
	
	
    "delay=3,facing=east,locked=false,powered=false": {
      "model": "minecraft:block/redstone/repeater/off/3",
      "y": 270
    },
    "delay=3,facing=east,locked=false,powered=true": {
      "model": "minecraft:block/redstone/repeater/on/3",
      "y": 270
    },
    "delay=3,facing=east,locked=true,powered=false": {
      "model": "minecraft:block/redstone/repeater/locked/off_3",
      "y": 270
    },
    "delay=3,facing=east,locked=true,powered=true": {
      "model": "minecraft:block/redstone/repeater/locked/on_3",
      "y": 270
    },
	
	
    "delay=3,facing=north,locked=false,powered=false": {
      "model": "minecraft:block/redstone/repeater/off/3",
      "y": 180
    },
    "delay=3,facing=north,locked=false,powered=true": {
      "model": "minecraft:block/redstone/repeater/on/3",
      "y": 180
    },
    "delay=3,facing=north,locked=true,powered=false": {
      "model": "minecraft:block/redstone/repeater/locked/off_3",
      "y": 180
    },
    "delay=3,facing=north,locked=true,powered=true": {
      "model": "minecraft:block/redstone/repeater/locked/on_3",
      "y": 180
    },
	
	
    "delay=3,facing=south,locked=false,powered=false": {
      "model": "minecraft:block/redstone/repeater/off/3"
    },
    "delay=3,facing=south,locked=false,powered=true": {
      "model": "minecraft:block/redstone/repeater/on/3"
    },
    "delay=3,facing=south,locked=true,powered=false": {
      "model": "minecraft:block/redstone/repeater/locked/off_3"
    },
    "delay=3,facing=south,locked=true,powered=true": {
      "model": "minecraft:block/redstone/repeater/locked/on_3"
    },
	
	
    "delay=3,facing=west,locked=false,powered=false": {
      "model": "minecraft:block/redstone/repeater/off/3",
      "y": 90
    },
    "delay=3,facing=west,locked=false,powered=true": {
      "model": "minecraft:block/redstone/repeater/on/3",
      "y": 90
    },
    "delay=3,facing=west,locked=true,powered=false": {
      "model": "minecraft:block/redstone/repeater/locked/off_3",
      "y": 90
    },
    "delay=3,facing=west,locked=true,powered=true": {
      "model": "minecraft:block/redstone/repeater/locked/on_3",
      "y": 90
    },
	
	
    "delay=4,facing=east,locked=false,powered=false": {
      "model": "minecraft:block/redstone/repeater/off/4",
      "y": 270
    },
    "delay=4,facing=east,locked=false,powered=true": {
      "model": "minecraft:block/redstone/repeater/on/4",
      "y": 270
    },
    "delay=4,facing=east,locked=true,powered=false": {
      "model": "minecraft:block/redstone/repeater/locked/off_4",
      "y": 270
    },
    "delay=4,facing=east,locked=true,powered=true": {
      "model": "minecraft:block/redstone/repeater/locked/on_4",
      "y": 270
    },
	
	
    "delay=4,facing=north,locked=false,powered=false": {
      "model": "minecraft:block/redstone/repeater/off/4",
      "y": 180
    },
    "delay=4,facing=north,locked=false,powered=true": {
      "model": "minecraft:block/redstone/repeater/on/4",
      "y": 180
    },
    "delay=4,facing=north,locked=true,powered=false": {
      "model": "minecraft:block/redstone/repeater/locked/off_4",
      "y": 180
    },
    "delay=4,facing=north,locked=true,powered=true": {
      "model": "minecraft:block/redstone/repeater/locked/on_4",
      "y": 180
    },
	
	
    "delay=4,facing=south,locked=false,powered=false": {
      "model": "minecraft:block/redstone/repeater/off/4"
    },
    "delay=4,facing=south,locked=false,powered=true": {
      "model": "minecraft:block/redstone/repeater/on/4"
    },
    "delay=4,facing=south,locked=true,powered=false": {
      "model": "minecraft:block/redstone/repeater/locked/off_4"
    },
    "delay=4,facing=south,locked=true,powered=true": {
      "model": "minecraft:block/redstone/repeater/locked/on_4"
    },
	
	
    "delay=4,facing=west,locked=false,powered=false": {
      "model": "minecraft:block/redstone/repeater/off/4",
      "y": 90
    },
    "delay=4,facing=west,locked=false,powered=true": {
      "model": "minecraft:block/redstone/repeater/on/4",
      "y": 90
    },
    "delay=4,facing=west,locked=true,powered=false": {
      "model": "minecraft:block/redstone/repeater/locked/off_4",
      "y": 90
    },
    "delay=4,facing=west,locked=true,powered=true": {
      "model": "minecraft:block/redstone/repeater/locked/on_4",
      "y": 90
    }
  }
}