{
	"variants":{
			"normal":[
				{ "model": "mushrooms/red/0_0", "y": 0	},
				{ "model": "mushrooms/red/0_1", "y": 0	},
				{ "model": "mushrooms/red/1_0", "y": 0	},
				{ "model": "mushrooms/red/1_0", "y": 90	},
				{ "model": "mushrooms/red/1_0", "y": 180},
				{ "model": "mushrooms/red/1_0", "y": 270},
				{ "model": "mushrooms/red/1_1", "y": 0	},
				{ "model": "mushrooms/red/1_1", "y": 90	},
				{ "model": "mushrooms/red/1_1", "y": 180},
				{ "model": "mushrooms/red/1_1", "y": 270},
				{ "model": "mushrooms/red/2_0_0", "y": 0},
				{ "model": "mushrooms/red/2_0_0", "y": 90	},
				{ "model": "mushrooms/red/2_0_0", "y": 180	},
				{ "model": "mushrooms/red/2_0_0", "y": 270	},
				{ "model": "mushrooms/red/2_0_1", "y": 0	},
				{ "model": "mushrooms/red/2_0_1", "y": 90	},
				{ "model": "mushrooms/red/2_0_1", "y": 180	},
				{ "model": "mushrooms/red/2_0_1", "y": 270	}
			]
	}
}