{
	"credit": "Originally made by playtrix using MrCrayfish's Modeleditor, later remastered & de-botched by TheWaschtlPlays using Blockbench",
	"textures": {
		"1": "block/cauldron_side",
		"2": "block/oak_planks",
		"4": "custom_textures/activator_rail_ext",
		"particle": "custom_textures/activator_rail_ext",
		"redstone_dark": "custom_textures/redstone_dark",
		"iron_block": "block/iron_block"
	},
	"elements": [
		{
			"name": "Wood",
			"from": [0, 0, 2.5],
			"to": [16, 1, 4.5],
			"rotation": {"angle": -45, "axis": "x", "origin": [8, 1, 0]},
			"faces": {
				"north": {"uv": [0, 0, 16, 1], "texture": "#2"},
				"east": {"uv": [0, 0, 2, 1], "texture": "#2", "cullface": "east"},
				"south": {"uv": [0, 0, 16, 1], "texture": "#2"},
				"west": {"uv": [0, 0, 2, 1], "texture": "#2", "cullface": "west"},
				"up": {"uv": [0, 0, 16, 2], "texture": "#2"},
				"down": {"uv": [0, 0, 16, 2], "texture": "#2"}
			}
		},
		{
			"name": "Wood",
			"from": [0, 0, 6.5],
			"to": [16, 1, 8.5],
			"rotation": {"angle": -45, "axis": "x", "origin": [8, 1, 0]},
			"faces": {
				"north": {"uv": [0, 0, 16, 1], "texture": "#2"},
				"east": {"uv": [0, 0, 2, 1], "texture": "#2", "cullface": "east"},
				"south": {"uv": [0, 0, 16, 1], "texture": "#2"},
				"west": {"uv": [0, 0, 2, 1], "texture": "#2", "cullface": "west"},
				"up": {"uv": [0, 0, 16, 2], "texture": "#2"},
				"down": {"uv": [0, 0, 16, 2], "texture": "#2"}
			}
		},
		{
			"name": "Wood",
			"from": [0, 0, 10.5],
			"to": [16, 1, 12.5],
			"rotation": {"angle": -45, "axis": "x", "origin": [8, 1, 0]},
			"faces": {
				"north": {"uv": [0, 0, 16, 1], "texture": "#2"},
				"east": {"uv": [0, 0, 2, 1], "texture": "#2", "cullface": "east"},
				"south": {"uv": [0, 0, 16, 1], "texture": "#2"},
				"west": {"uv": [0, 0, 2, 1], "texture": "#2", "cullface": "west"},
				"up": {"uv": [0, 0, 16, 2], "texture": "#2"},
				"down": {"uv": [0, 0, 16, 2], "texture": "#2"}
			}
		},
		{
			"name": "Wood",
			"from": [0, 0, 14.5],
			"to": [16, 1, 16.5],
			"rotation": {"angle": -45, "axis": "x", "origin": [8, 1, 0]},
			"faces": {
				"north": {"uv": [0, 0, 16, 1], "texture": "#2"},
				"east": {"uv": [0, 0, 2, 1], "texture": "#2", "cullface": "east"},
				"south": {"uv": [0, 0, 16, 1], "texture": "#2"},
				"west": {"uv": [0, 0, 2, 1], "texture": "#2", "cullface": "west"},
				"up": {"uv": [0, 0, 16, 2], "texture": "#2"},
				"down": {"uv": [0, 0, 16, 2], "texture": "#2"}
			}
		},
		{
			"name": "Wood",
			"from": [0, 0, 18.5],
			"to": [16, 1, 20.5],
			"rotation": {"angle": -45, "axis": "x", "origin": [8, 1, 0]},
			"faces": {
				"north": {"uv": [0, 0, 16, 1], "texture": "#2"},
				"east": {"uv": [0, 0, 2, 1], "texture": "#2", "cullface": "east"},
				"south": {"uv": [0, 0, 16, 1], "texture": "#2"},
				"west": {"uv": [0, 0, 2, 1], "texture": "#2", "cullface": "west"},
				"up": {"uv": [0, 0, 16, 2], "texture": "#2"},
				"down": {"uv": [0, 0, 16, 2], "texture": "#2"}
			}
		},
		{
			"name": "Rail1",
			"from": [1.501, 1, -1],
			"to": [3.501, 2, 23],
			"rotation": {"angle": -45, "axis": "x", "origin": [7, 1, 0]},
			"faces": {
				"north": {"uv": [0, 4, 2, 5], "texture": "#iron_block"},
				"east": {"uv": [0, 5, 16, 6], "texture": "#iron_block"},
				"south": {"uv": [14, 5, 16, 6], "texture": "#iron_block"},
				"west": {"uv": [0, 0, 16, 1], "texture": "#iron_block"},
				"up": {"uv": [0, 0, 2, 16], "texture": "#iron_block"},
				"down": {"uv": [0, 0, 2, 16], "texture": "#iron_block"}
			}
		},
		{
			"name": "Rail2",
			"from": [12.499, 1, -1],
			"to": [14.499, 2, 23],
			"rotation": {"angle": -45, "axis": "x", "origin": [7, 1, 0]},
			"faces": {
				"north": {"uv": [3, 4, 5, 5], "texture": "#iron_block"},
				"east": {"uv": [0, 5, 16, 6], "texture": "#iron_block"},
				"south": {"uv": [0, 6, 2, 7], "texture": "#iron_block"},
				"west": {"uv": [0, 0, 16, 1], "texture": "#iron_block"},
				"up": {"uv": [0, 0, 2, 16], "texture": "#iron_block"},
				"down": {"uv": [0, 0, 2, 16], "texture": "#iron_block"}
			}
		},
		{
			"name": "Radstone1",
			"from": [3.752, 1, -1],
			"to": [4.252, 2, 23],
			"rotation": {"angle": -45, "axis": "x", "origin": [7, 1, 0]},
			"faces": {
				"north": {"uv": [1, 2, 1.5, 3], "texture": "#redstone_dark"},
				"east": {"uv": [0, 5, 16, 6], "texture": "#redstone_dark"},
				"south": {"uv": [1, 2, 1.5, 3], "texture": "#redstone_dark"},
				"west": {"uv": [0, 0, 16, 1], "texture": "#redstone_dark"},
				"up": {"uv": [0, 0, 2, 16], "texture": "#redstone_dark"},
				"down": {"uv": [0, 0, 2, 16], "texture": "#redstone_dark"}
			}
		},
		{
			"name": "Redstone2",
			"from": [11.748, 1, -1],
			"to": [12.248, 2, 23],
			"rotation": {"angle": -45, "axis": "x", "origin": [7, 1, 0]},
			"faces": {
				"north": {"uv": [0, 0, 0.5, 1], "texture": "#redstone_dark"},
				"east": {"uv": [0, 5, 16, 6], "texture": "#redstone_dark"},
				"south": {"uv": [0, 0, 0.5, 1], "texture": "#redstone_dark"},
				"west": {"uv": [0, 0, 16, 1], "texture": "#redstone_dark"},
				"up": {"uv": [0, 0, 2, 16], "texture": "#redstone_dark"},
				"down": {"uv": [0, 0, 2, 16], "texture": "#redstone_dark"}
			}
		},
		{
			"name": "RailTop1",
			"from": [1.502, 17, 15.55],
			"to": [3.502, 18, 16],
			"faces": {
				"north": {"uv": [0, 8, 2, 9], "texture": "#iron_block"},
				"east": {"uv": [0, 4, 0.4, 5], "texture": "#iron_block"},
				"south": {"uv": [14, 6, 16, 7], "texture": "#iron_block"},
				"west": {"uv": [5, 6, 5.45, 7], "texture": "#iron_block"},
				"up": {"uv": [14, 6, 16, 6.4], "texture": "#iron_block"},
				"down": {"uv": [14, 4, 16, 4.4], "texture": "#iron_block"}
			}
		},
		{
			"name": "RailTop2",
			"from": [12.498, 17, 15.55],
			"to": [14.498, 18, 16],
			"faces": {
				"north": {"uv": [0, 7, 2, 8], "texture": "#iron_block"},
				"east": {"uv": [1, 6, 1.4, 7], "texture": "#iron_block"},
				"south": {"uv": [0, 7, 2, 8], "texture": "#iron_block"},
				"west": {"uv": [2, 5, 2.4, 6], "texture": "#iron_block"},
				"up": {"uv": [0, 4, 2, 4.45], "texture": "#iron_block"},
				"down": {"uv": [0, 5, 2, 5.45], "texture": "#iron_block"}
			}
		},
		{
			"name": "RedstoneTop1",
			"from": [3.75, 17, 15.55],
			"to": [4.25, 18, 16],
			"faces": {
				"north": {"uv": [5, 4, 5.5, 5], "texture": "#redstone_dark"},
				"east": {"uv": [2, 4, 2.45, 5], "texture": "#redstone_dark"},
				"south": {"uv": [4, 3, 4.5, 4], "texture": "#redstone_dark"},
				"west": {"uv": [2, 3, 2.45, 5], "texture": "#redstone_dark"},
				"up": {"uv": [3, 4, 3.5, 4.45], "texture": "#redstone_dark"},
				"down": {"uv": [4, 5, 4.5, 5.45], "texture": "#redstone_dark"}
			}
		},
		{
			"name": "RedstoneTop2",
			"from": [11.75, 17, 15.55],
			"to": [12.25, 18, 16],
			"faces": {
				"north": {"uv": [3, 4, 3.5, 5], "texture": "#redstone_dark"},
				"east": {"uv": [2, 2, 2.45, 3], "texture": "#redstone_dark"},
				"south": {"uv": [3, 4, 3.5, 5], "texture": "#redstone_dark"},
				"west": {"uv": [1, 3, 1.45, 4], "texture": "#redstone_dark"},
				"up": {"uv": [3, 3, 3.5, 3.45], "texture": "#redstone_dark"},
				"down": {"uv": [3, 4, 3.5, 4.45], "texture": "#redstone_dark"}
			}
		},
		{
			"name": "Nail",
			"from": [0.8, 0.4, 3.4],
			"to": [1.05, 1.4, 3.65],
			"rotation": {"angle": -45, "axis": "x", "origin": [8, 1, 0]},
			"faces": {
				"north": {"uv": [5, 0, 9.25, 16], "texture": "#iron_block"},
				"east": {"uv": [3, 0, 7.25, 16], "texture": "#iron_block"},
				"south": {"uv": [7, 0, 11.25, 16], "texture": "#iron_block"},
				"west": {"uv": [3, 0, 7.25, 16], "texture": "#iron_block"},
				"up": {"uv": [4, 3, 8.25, 7.25], "texture": "#iron_block"},
				"down": {"uv": [5, 3, 9.25, 7.25], "texture": "#iron_block"}
			}
		},
		{
			"name": "Nail",
			"from": [0.8, 0.4, 7.4],
			"to": [1.05, 1.4, 7.65],
			"rotation": {"angle": -45, "axis": "x", "origin": [8, 1, 0]},
			"faces": {
				"north": {"uv": [5, 0, 9.25, 16], "texture": "#iron_block"},
				"east": {"uv": [3, 0, 7.25, 16], "texture": "#iron_block"},
				"south": {"uv": [7, 0, 11.25, 16], "texture": "#iron_block"},
				"west": {"uv": [3, 0, 7.25, 16], "texture": "#iron_block"},
				"up": {"uv": [4, 3, 8.25, 7.25], "texture": "#iron_block"},
				"down": {"uv": [5, 3, 9.25, 7.25], "texture": "#iron_block"}
			}
		},
		{
			"name": "Nail",
			"from": [0.8, 0.4, 11.4],
			"to": [1.05, 1.4, 11.65],
			"rotation": {"angle": -45, "axis": "x", "origin": [8, 1, 0]},
			"faces": {
				"north": {"uv": [5, 0, 9.25, 16], "texture": "#iron_block"},
				"east": {"uv": [3, 0, 7.25, 16], "texture": "#iron_block"},
				"south": {"uv": [7, 0, 11.25, 16], "texture": "#iron_block"},
				"west": {"uv": [3, 0, 7.25, 16], "texture": "#iron_block"},
				"up": {"uv": [4, 3, 8.25, 7.25], "texture": "#iron_block"},
				"down": {"uv": [5, 3, 9.25, 7.25], "texture": "#iron_block"}
			}
		},
		{
			"name": "Nail",
			"from": [0.8, 0.4, 15.4],
			"to": [1.05, 1.4, 15.65],
			"rotation": {"angle": -45, "axis": "x", "origin": [8, 1, 0]},
			"faces": {
				"north": {"uv": [5, 0, 9.25, 16], "texture": "#iron_block"},
				"east": {"uv": [3, 0, 7.25, 16], "texture": "#iron_block"},
				"south": {"uv": [7, 0, 11.25, 16], "texture": "#iron_block"},
				"west": {"uv": [3, 0, 7.25, 16], "texture": "#iron_block"},
				"up": {"uv": [4, 3, 8.25, 7.25], "texture": "#iron_block"},
				"down": {"uv": [5, 3, 9.25, 7.25], "texture": "#iron_block"}
			}
		},
		{
			"name": "Nail",
			"from": [0.8, 0.4, 19.4],
			"to": [1.05, 1.4, 19.65],
			"rotation": {"angle": -45, "axis": "x", "origin": [8, 1, 0]},
			"faces": {
				"north": {"uv": [5, 0, 9.25, 16], "texture": "#iron_block"},
				"east": {"uv": [3, 0, 7.25, 16], "texture": "#iron_block"},
				"south": {"uv": [7, 0, 11.25, 16], "texture": "#iron_block"},
				"west": {"uv": [3, 0, 7.25, 16], "texture": "#iron_block"},
				"up": {"uv": [4, 3, 8.25, 7.25], "texture": "#iron_block"},
				"down": {"uv": [5, 3, 9.25, 7.25], "texture": "#iron_block"}
			}
		},
		{
			"name": "Nail",
			"from": [15, 0.4, 19.4],
			"to": [15.25, 1.4, 19.65],
			"rotation": {"angle": -45, "axis": "x", "origin": [8, 1, 0]},
			"faces": {
				"north": {"uv": [5, 0, 9.25, 16], "texture": "#iron_block"},
				"east": {"uv": [3, 0, 7.25, 16], "texture": "#iron_block"},
				"south": {"uv": [7, 0, 11.25, 16], "texture": "#iron_block"},
				"west": {"uv": [3, 0, 7.25, 16], "texture": "#iron_block"},
				"up": {"uv": [4, 3, 8.25, 7.25], "texture": "#iron_block"},
				"down": {"uv": [5, 3, 9.25, 7.25], "texture": "#iron_block"}
			}
		},
		{
			"name": "Nail",
			"from": [15, 0.4, 15.4],
			"to": [15.25, 1.4, 15.65],
			"rotation": {"angle": -45, "axis": "x", "origin": [8, 1, 0]},
			"faces": {
				"north": {"uv": [5, 0, 9.25, 16], "texture": "#iron_block"},
				"east": {"uv": [3, 0, 7.25, 16], "texture": "#iron_block"},
				"south": {"uv": [7, 0, 11.25, 16], "texture": "#iron_block"},
				"west": {"uv": [3, 0, 7.25, 16], "texture": "#iron_block"},
				"up": {"uv": [4, 3, 8.25, 7.25], "texture": "#iron_block"},
				"down": {"uv": [5, 3, 9.25, 7.25], "texture": "#iron_block"}
			}
		},
		{
			"name": "Nail",
			"from": [15, 0.4, 11.4],
			"to": [15.25, 1.4, 11.65],
			"rotation": {"angle": -45, "axis": "x", "origin": [8, 1, 0]},
			"faces": {
				"north": {"uv": [5, 0, 9.25, 16], "texture": "#iron_block"},
				"east": {"uv": [3, 0, 7.25, 16], "texture": "#iron_block"},
				"south": {"uv": [7, 0, 11.25, 16], "texture": "#iron_block"},
				"west": {"uv": [3, 0, 7.25, 16], "texture": "#iron_block"},
				"up": {"uv": [4, 3, 8.25, 7.25], "texture": "#iron_block"},
				"down": {"uv": [5, 3, 9.25, 7.25], "texture": "#iron_block"}
			}
		},
		{
			"name": "Nail",
			"from": [15, 0.4, 7.4],
			"to": [15.25, 1.4, 7.65],
			"rotation": {"angle": -45, "axis": "x", "origin": [8, 1, 0]},
			"faces": {
				"north": {"uv": [5, 0, 9.25, 16], "texture": "#iron_block"},
				"east": {"uv": [3, 0, 7.25, 16], "texture": "#iron_block"},
				"south": {"uv": [7, 0, 11.25, 16], "texture": "#iron_block"},
				"west": {"uv": [3, 0, 7.25, 16], "texture": "#iron_block"},
				"up": {"uv": [4, 3, 8.25, 7.25], "texture": "#iron_block"},
				"down": {"uv": [5, 3, 9.25, 7.25], "texture": "#iron_block"}
			}
		},
		{
			"name": "Nail",
			"from": [15, 0.4, 3.4],
			"to": [15.25, 1.4, 3.65],
			"rotation": {"angle": -45, "axis": "x", "origin": [8, 1, 0]},
			"faces": {
				"north": {"uv": [5, 0, 9.25, 16], "texture": "#iron_block"},
				"east": {"uv": [3, 0, 7.25, 16], "texture": "#iron_block"},
				"south": {"uv": [7, 0, 11.25, 16], "texture": "#iron_block"},
				"west": {"uv": [3, 0, 7.25, 16], "texture": "#iron_block"},
				"up": {"uv": [4, 3, 8.25, 7.25], "texture": "#iron_block"},
				"down": {"uv": [5, 3, 9.25, 7.25], "texture": "#iron_block"}
			}
		},
		{
			"name": "Holder",
			"from": [11.5, 0.25, 3],
			"to": [15.5, 1.25, 4],
			"rotation": {"angle": -45, "axis": "x", "origin": [8, 1, 0]},
			"faces": {
				"north": {"uv": [0, 0, 4, 1], "texture": "#1"},
				"east": {"uv": [0, 0, 1, 1], "texture": "#1"},
				"south": {"uv": [0, 0, 4, 1], "texture": "#1"},
				"west": {"uv": [0, 0, 1, 1], "texture": "#1"},
				"up": {"uv": [4, 4, 12, 6], "texture": "#1"},
				"down": {"uv": [0, 0, 4, 1], "texture": "#1"}
			}
		},
		{
			"name": "Holder",
			"from": [0.5, 0.25, 3],
			"to": [4.5, 1.25, 4],
			"rotation": {"angle": -45, "axis": "x", "origin": [8, 1, 0]},
			"faces": {
				"north": {"uv": [0, 0, 4, 1], "texture": "#1"},
				"east": {"uv": [0, 0, 1, 1], "texture": "#1"},
				"south": {"uv": [0, 0, 4, 1], "texture": "#1"},
				"west": {"uv": [0, 0, 1, 1], "texture": "#1"},
				"up": {"uv": [4, 4, 12, 6], "texture": "#1"},
				"down": {"uv": [0, 0, 4, 1], "texture": "#1"}
			}
		},
		{
			"name": "Holder",
			"from": [0.5, 0.25, 7],
			"to": [4.5, 1.25, 8],
			"rotation": {"angle": -45, "axis": "x", "origin": [8, 1, 0]},
			"faces": {
				"north": {"uv": [0, 0, 4, 1], "texture": "#1"},
				"east": {"uv": [0, 0, 1, 1], "texture": "#1"},
				"south": {"uv": [0, 0, 4, 1], "texture": "#1"},
				"west": {"uv": [0, 0, 1, 1], "texture": "#1"},
				"up": {"uv": [4, 4, 12, 6], "texture": "#1"},
				"down": {"uv": [0, 0, 4, 1], "texture": "#1"}
			}
		},
		{
			"name": "Holder",
			"from": [0.5, 0.25, 11],
			"to": [4.5, 1.25, 12],
			"rotation": {"angle": -45, "axis": "x", "origin": [8, 1, 0]},
			"faces": {
				"north": {"uv": [0, 0, 4, 1], "texture": "#1"},
				"east": {"uv": [0, 0, 1, 1], "texture": "#1"},
				"south": {"uv": [0, 0, 4, 1], "texture": "#1"},
				"west": {"uv": [0, 0, 1, 1], "texture": "#1"},
				"up": {"uv": [4, 4, 12, 6], "texture": "#1"},
				"down": {"uv": [0, 0, 4, 1], "texture": "#1"}
			}
		},
		{
			"name": "Holder",
			"from": [0.5, 0.25, 15],
			"to": [4.5, 1.25, 16],
			"rotation": {"angle": -45, "axis": "x", "origin": [8, 1, 0]},
			"faces": {
				"north": {"uv": [0, 0, 4, 1], "texture": "#1"},
				"east": {"uv": [0, 0, 1, 1], "texture": "#1"},
				"south": {"uv": [0, 0, 4, 1], "texture": "#1"},
				"west": {"uv": [0, 0, 1, 1], "texture": "#1"},
				"up": {"uv": [4, 4, 12, 6], "texture": "#1"},
				"down": {"uv": [0, 0, 4, 1], "texture": "#1"}
			}
		},
		{
			"name": "Holder",
			"from": [0.5, 0.25, 19],
			"to": [4.5, 1.25, 20],
			"rotation": {"angle": -45, "axis": "x", "origin": [8, 1, 0]},
			"faces": {
				"north": {"uv": [0, 0, 4, 1], "texture": "#1"},
				"east": {"uv": [0, 0, 1, 1], "texture": "#1"},
				"south": {"uv": [0, 0, 4, 1], "texture": "#1"},
				"west": {"uv": [0, 0, 1, 1], "texture": "#1"},
				"up": {"uv": [4, 4, 12, 6], "texture": "#1"},
				"down": {"uv": [0, 0, 4, 1], "texture": "#1"}
			}
		},
		{
			"name": "Holder",
			"from": [11.5, 0.25, 19],
			"to": [15.5, 1.25, 20],
			"rotation": {"angle": -45, "axis": "x", "origin": [8, 1, 0]},
			"faces": {
				"north": {"uv": [0, 0, 4, 1], "texture": "#1"},
				"east": {"uv": [0, 0, 1, 1], "texture": "#1"},
				"south": {"uv": [0, 0, 4, 1], "texture": "#1"},
				"west": {"uv": [0, 0, 1, 1], "texture": "#1"},
				"up": {"uv": [4, 4, 12, 6], "texture": "#1"},
				"down": {"uv": [0, 0, 4, 1], "texture": "#1"}
			}
		},
		{
			"name": "Holder",
			"from": [11.5, 0.25, 15],
			"to": [15.5, 1.25, 16],
			"rotation": {"angle": -45, "axis": "x", "origin": [8, 1, 0]},
			"faces": {
				"north": {"uv": [0, 0, 4, 1], "texture": "#1"},
				"east": {"uv": [0, 0, 1, 1], "texture": "#1"},
				"south": {"uv": [0, 0, 4, 1], "texture": "#1"},
				"west": {"uv": [0, 0, 1, 1], "texture": "#1"},
				"up": {"uv": [4, 4, 12, 6], "texture": "#1"},
				"down": {"uv": [0, 0, 4, 1], "texture": "#1"}
			}
		},
		{
			"name": "Holder",
			"from": [11.5, 0.25, 11],
			"to": [15.5, 1.25, 12],
			"rotation": {"angle": -45, "axis": "x", "origin": [8, 1, 0]},
			"faces": {
				"north": {"uv": [0, 0, 4, 1], "texture": "#1"},
				"east": {"uv": [0, 0, 1, 1], "texture": "#1"},
				"south": {"uv": [0, 0, 4, 1], "texture": "#1"},
				"west": {"uv": [0, 0, 1, 1], "texture": "#1"},
				"up": {"uv": [4, 4, 12, 6], "texture": "#1"},
				"down": {"uv": [0, 0, 4, 1], "texture": "#1"}
			}
		},
		{
			"name": "Holder",
			"from": [11.5, 0.25, 7],
			"to": [15.5, 1.25, 8],
			"rotation": {"angle": -45, "axis": "x", "origin": [8, 1, 0]},
			"faces": {
				"north": {"uv": [0, 0, 4, 1], "texture": "#1"},
				"east": {"uv": [0, 0, 1, 1], "texture": "#1"},
				"south": {"uv": [0, 0, 4, 1], "texture": "#1"},
				"west": {"uv": [0, 0, 1, 1], "texture": "#1"},
				"up": {"uv": [4, 4, 12, 6], "texture": "#1"},
				"down": {"uv": [0, 0, 4, 1], "texture": "#1"}
			}
		},
		{
			"name": "Activator",
			"from": [7, -3.57843, 7.57107],
			"to": [9, 19.92157, 8.07107],
			"rotation": {"angle": 45, "axis": "x", "origin": [8, 8, 8]},
			"faces": {
				"north": {"uv": [7, 0, 9, 16], "texture": "#4"},
				"east": {"uv": [7, 0, 7.5, 16], "texture": "#4"},
				"south": {"uv": [7, 0, 9, 16], "rotation": 180, "texture": "#4"},
				"west": {"uv": [8, 0, 8.5, 16], "texture": "#4"},
				"up": {"uv": [7, 0, 9, 0.5], "rotation": 180, "texture": "#4"},
				"down": {"uv": [7, 15, 9, 15.5], "rotation": 180, "texture": "#4"}
			}
		}
	],
	"display": {
		"thirdperson_righthand": {
			"rotation": [75, 315, 0],
			"translation": [0, 2.5, 0],
			"scale": [0.375, 0.375, 0.375]
		},
		"firstperson_righthand": {
			"rotation": [0, 315, 0],
			"translation": [0, 2.5, 0],
			"scale": [0.4, 0.4, 0.4]
		},
		"ground": {
			"translation": [0, 3, 0],
			"scale": [0.25, 0.25, 0.25]
		},
		"gui": {
			"rotation": [30, 45, 0],
			"scale": [0.625, 0.625, 0.625]
		},
		"head": {
			"rotation": [0, 180, 0]
		},
		"fixed": {
			"rotation": [0, 180, 0]
		}
	},
	"groups": [
		{
			"name": "Wood",
			"origin": [8, 1, 0],
			"children": [0, 1, 2, 3, 4]
		},
		{
			"name": "Rail",
			"origin": [7, 1, 0],
			"children": [5, 6, 7, 8, 9, 10, 11, 12]
		},
		{
			"name": "Nail",
			"origin": [8, 1, 0],
			"children": [13, 14, 15, 16, 17, 18, 19, 20, 21, 22]
		},
		{
			"name": "Holder",
			"origin": [8, 1, 0],
			"children": [23, 24, 25, 26, 27, 28, 29, 30, 31, 32]
		}, 33]
}