{
	"credit": "Made by TheWaschtlPlays using Blockbench",
	"textures": {
		"top": "block/bee_nest_top",
		"particle": "block/bee_nest_front",
		"front": "block/bee_nest_front",
		"side": "block/bee_nest_side"
	},
	"elements": [
		{
			"from": [0, 0, 1],
			"to": [16, 16, 16],
			"faces": {
				"north": {"uv": [0, 0, 16, 16], "texture": "#front", "cullface": "north"},
				"east": {"uv": [0, 0, 15, 16], "texture": "#side", "cullface": "east"},
				"south": {"uv": [0, 0, 16, 16], "texture": "#side", "cullface": "south"},
				"west": {"uv": [1, 0, 16, 16], "texture": "#side", "cullface": "west"},
				"up": {"uv": [0, 1, 16, 16], "texture": "#top", "cullface": "up"},
				"down": {"uv": [0, 0, 16, 15], "texture": "#top", "cullface": "down"}
			}
		},
		{
			"from": [0, 0, 0],
			"to": [11, 9, 1],
			"faces": {
				"north": {"uv": [5, 7, 16, 16], "texture": "#front", "cullface": "north"},
				"east": {"uv": [5, 7, 6, 16], "texture": "#front", "cullface": "north"},
				"west": {"uv": [0, 7, 1, 16], "texture": "#side", "cullface": "west"},
				"up": {"uv": [5, 7, 16, 8], "rotation": 180, "texture": "#front", "cullface": "north"},
				"down": {"uv": [0, 15, 11, 16], "texture": "#top", "cullface": "down"}
			}
		},
		{
			"from": [0, 12, 0],
			"to": [16, 16, 1],
			"faces": {
				"north": {"uv": [0, 0, 16, 4], "texture": "#front", "cullface": "north"},
				"east": {"uv": [15, 0, 16, 4], "texture": "#side", "cullface": "east"},
				"west": {"uv": [0, 0, 1, 4], "texture": "#side", "cullface": "west"},
				"up": {"uv": [0, 0, 16, 1], "texture": "#top", "cullface": "up"},
				"down": {"uv": [0, 4, 16, 5], "rotation": 180, "texture": "#front", "cullface": "north"}
			}
		},
		{
			"from": [5, 9, 0],
			"to": [16, 12, 1],
			"faces": {
				"north": {"uv": [0, 4, 11, 7], "texture": "#front", "cullface": "north"},
				"east": {"uv": [15, 4, 16, 7], "texture": "#side", "cullface": "east"},
				"west": {"uv": [11, 4, 12, 7], "texture": "#front", "cullface": "north"}
			}
		},
		{
			"from": [11, 4, 0],
			"to": [16, 9, 1],
			"faces": {
				"north": {"uv": [0, 7, 5, 12], "texture": "#front", "cullface": "north"},
				"east": {"uv": [15, 7, 16, 12], "texture": "#side", "cullface": "east"},
				"down": {"uv": [2, 12, 7, 13], "texture": "#front", "cullface": "north"}
			}
		},
		{
			"from": [14, 1, 0],
			"to": [16, 4, 1],
			"faces": {
				"north": {"uv": [0, 12, 2, 15], "texture": "#front", "cullface": "north"},
				"east": {"uv": [15, 12, 16, 15], "texture": "#side", "cullface": "east"},
				"west": {"uv": [1, 12, 2, 15], "texture": "#front", "cullface": "north"}
			}
		},
		{
			"from": [11, 0, 0],
			"to": [16, 1, 1],
			"faces": {
				"north": {"uv": [0, 15, 5, 16], "texture": "#front", "cullface": "north"},
				"east": {"uv": [15, 15, 16, 16], "texture": "#side", "cullface": "east"},
				"up": {"uv": [0, 15, 5, 16], "rotation": 180, "texture": "#front", "cullface": "north"},
				"down": {"uv": [11, 15, 16, 16], "texture": "#top", "cullface": "down"}
			}
		},
		{
			"from": [0, 9, 0],
			"to": [2, 12, 1],
			"faces": {
				"north": {"uv": [14, 4, 16, 7], "texture": "#front", "cullface": "north"},
				"east": {"uv": [14, 4, 15, 7], "texture": "#front", "cullface": "north"},
				"west": {"uv": [0, 4, 1, 7], "texture": "#side", "cullface": "west"}
			}
		},
		{
			"from": [13.01, 1, 0.26],
			"to": [14, 1.99, 1],
			"faces": {
				"north": {"uv": [2, 14, 3, 15], "texture": "#front", "cullface": "north"},
				"west": {"uv": [2, 14, 3, 15], "texture": "#front", "cullface": "north"},
				"up": {"uv": [2, 14, 3, 15], "texture": "#front", "cullface": "north"}
			}
		},
		{
			"from": [2, 11, 0.5],
			"to": [3, 12, 1],
			"faces": {
				"north": {"uv": [13, 4, 14, 5], "texture": "#front", "cullface": "north"},
				"east": {"uv": [13, 4, 14, 5], "texture": "#front", "cullface": "north"},
				"down": {"uv": [13, 4, 14, 5], "texture": "#front", "cullface": "north"}
			}
		}
	],
	"display": {
		"thirdperson_righthand": {
			"rotation": [75, 45, 0],
			"translation": [0, 2.5, 0],
			"scale": [0.375, 0.375, 0.375]
		},
		"thirdperson_lefthand": {
			"rotation": [75, 45, 0],
			"translation": [0, 2.5, 0],
			"scale": [0.375, 0.375, 0.375]
		},
		"firstperson_righthand": {
			"rotation": [0, 135, 0],
			"scale": [0.4, 0.4, 0.4]
		},
		"firstperson_lefthand": {
			"rotation": [0, 135, 0],
			"scale": [0.4, 0.4, 0.4]
		},
		"ground": {
			"scale": [0.25, 0.25, 0.25]
		},
		"gui": {
			"rotation": [30, -135, 0],
			"scale": [0.625, 0.625, 0.625]
		},
		"fixed": {
			"scale": [0.5, 0.5, 0.5]
		}
	}
}