{
	"credit": "Made by TheWaschtlPlays using Blockbench",
	"textures": {
		"1": "block/beehive_side",
		"2": "block/beehive_end",
		"3": "custom_textures/beehive_frame",
		"particle": "block/beehive_front",
		"front": "block/beehive_front"
	},
	"elements": [
		{
			"name": "Cube",
			"from": [1, 1, 2],
			"to": [15, 12, 15],
			"faces": {
				"north": {"uv": [6, 10, 10, 11], "texture": "#front", "cullface": "north"},
				"east": {"uv": [1, 4, 14, 15], "texture": "#1", "cullface": "east"},
				"south": {"uv": [1, 4, 15, 15], "texture": "#1", "cullface": "south"},
				"west": {"uv": [2, 4, 15, 15], "texture": "#1", "cullface": "west"}
			}
		},
		{
			"name": "Top",
			"from": [0, 12, 0],
			"to": [16, 16, 16],
			"faces": {
				"north": {"uv": [0, 0, 16, 4], "texture": "#1", "cullface": "north"},
				"east": {"uv": [0, 0, 16, 4], "texture": "#1", "cullface": "east"},
				"south": {"uv": [0, 0, 16, 4], "texture": "#1", "cullface": "south"},
				"west": {"uv": [0, 0, 16, 4], "texture": "#1", "cullface": "west"},
				"up": {"uv": [0, 0, 16, 16], "texture": "#2", "cullface": "up"},
				"down": {"uv": [0, 0, 16, 16], "texture": "#3"}
			}
		},
		{
			"name": "Bottom",
			"from": [0, 0, 0],
			"to": [16, 1, 16],
			"faces": {
				"north": {"uv": [0, 15, 16, 16], "texture": "#1", "cullface": "north"},
				"east": {"uv": [0, 15, 16, 16], "texture": "#1", "cullface": "east"},
				"south": {"uv": [0, 15, 16, 16], "texture": "#1", "cullface": "south"},
				"west": {"uv": [0, 15, 16, 16], "texture": "#1", "cullface": "west"},
				"up": {"uv": [0, 0, 16, 16], "texture": "#3"},
				"down": {"uv": [0, 0, 16, 16], "texture": "#2", "cullface": "down"}
			}
		},
		{
			"name": "Front",
			"from": [1, 1, 1],
			"to": [15, 5, 2],
			"faces": {
				"north": {"uv": [1, 11, 15, 15], "texture": "#front", "cullface": "north"},
				"east": {"uv": [14, 11, 15, 15], "texture": "#1", "cullface": "east"},
				"west": {"uv": [1, 11, 2, 15], "texture": "#1", "cullface": "west"},
				"up": {"uv": [6, 10, 10, 11], "texture": "#front", "cullface": "north"}
			}
		},
		{
			"name": "Front",
			"from": [1, 5, 1],
			"to": [6, 6, 2],
			"faces": {
				"north": {"uv": [10, 10, 15, 11], "texture": "#front", "cullface": "north"},
				"east": {"uv": [9, 10, 10, 11], "texture": "#front", "cullface": "north"},
				"west": {"uv": [1, 10, 2, 11], "texture": "#1", "cullface": "west"}
			}
		},
		{
			"name": "Front",
			"from": [10, 5, 1],
			"to": [15, 6, 2],
			"faces": {
				"north": {"uv": [1, 10, 6, 11], "texture": "#front", "cullface": "north"},
				"east": {"uv": [14, 10, 15, 11], "texture": "#1", "cullface": "east"},
				"west": {"uv": [6, 10, 7, 11], "texture": "#front", "cullface": "north"}
			}
		},
		{
			"name": "Front",
			"from": [1, 6, 1],
			"to": [15, 12, 2],
			"faces": {
				"north": {"uv": [1, 4, 15, 10], "texture": "#front", "cullface": "north"},
				"east": {"uv": [14, 4, 15, 10], "texture": "#1", "cullface": "east"},
				"west": {"uv": [1, 4, 2, 10], "texture": "#1", "cullface": "west"},
				"down": {"uv": [6, 10, 10, 11], "texture": "#front", "cullface": "north"}
			}
		},
		{
			"name": "Pillar",
			"from": [15, 1, 15],
			"to": [16, 12, 16],
			"faces": {
				"north": {"uv": [0, 4, 1, 15], "texture": "#1", "cullface": "east"},
				"east": {"uv": [0, 4, 1, 15], "texture": "#1", "cullface": "east"},
				"south": {"uv": [15, 4, 16, 15], "texture": "#1", "cullface": "south"},
				"west": {"uv": [0, 4, 1, 15], "texture": "#1", "cullface": "south"}
			}
		},
		{
			"name": "Pillar",
			"from": [0, 1, 0],
			"to": [1, 12, 1],
			"faces": {
				"north": {"uv": [15, 4, 16, 15], "texture": "#1", "cullface": "north"},
				"east": {"uv": [0, 4, 1, 15], "texture": "#1", "cullface": "north"},
				"south": {"uv": [0, 4, 1, 15], "texture": "#1", "cullface": "west"},
				"west": {"uv": [0, 4, 1, 15], "texture": "#1", "cullface": "west"}
			}
		},
		{
			"name": "Pillar",
			"from": [15, 1, 0],
			"to": [16, 12, 1],
			"faces": {
				"north": {"uv": [0, 4, 1, 15], "texture": "#1", "cullface": "north"},
				"east": {"uv": [15, 4, 16, 15], "texture": "#1", "cullface": "east"},
				"south": {"uv": [0, 4, 1, 15], "texture": "#1", "cullface": "east"},
				"west": {"uv": [0, 4, 1, 15], "texture": "#1", "cullface": "north"}
			}
		},
		{
			"name": "Pillar",
			"from": [0, 1, 15],
			"to": [1, 12, 16],
			"faces": {
				"north": {"uv": [0, 4, 1, 15], "texture": "#1", "cullface": "west"},
				"east": {"uv": [0, 4, 1, 15], "texture": "#1", "cullface": "south"},
				"south": {"uv": [0, 4, 1, 15], "texture": "#1", "cullface": "south"},
				"west": {"uv": [15, 4, 16, 15], "texture": "#1", "cullface": "west"}
			}
		},
		{
			"name": "Nail",
			"from": [14, 8, 0.5],
			"to": [15, 9, 1],
			"faces": {
				"north": {"uv": [14, 7, 15, 8], "texture": "#front", "cullface": "north"},
				"west": {"uv": [1, 7, 2, 8], "texture": "#front", "cullface": "north"},
				"up": {"uv": [14, 7, 15, 8], "texture": "#front", "cullface": "north"},
				"down": {"uv": [14, 7, 15, 8], "texture": "#front", "cullface": "north"}
			}
		},
		{
			"name": "Nail",
			"from": [1, 8, 0.5],
			"to": [2, 9, 1],
			"faces": {
				"north": {"uv": [14, 7, 15, 8], "texture": "#front", "cullface": "north"},
				"east": {"uv": [14, 7, 15, 8], "texture": "#front", "cullface": "north"},
				"up": {"uv": [14, 7, 15, 8], "texture": "#front", "cullface": "north"},
				"down": {"uv": [14, 7, 15, 8], "texture": "#front", "cullface": "north"}
			}
		},
		{
			"name": "Nail",
			"from": [1, 2, 0.5],
			"to": [2, 3, 1],
			"faces": {
				"north": {"uv": [14, 7, 15, 8], "texture": "#front", "cullface": "north"},
				"east": {"uv": [14, 7, 15, 8], "texture": "#front", "cullface": "north"},
				"up": {"uv": [14, 7, 15, 8], "texture": "#front", "cullface": "north"},
				"down": {"uv": [14, 7, 15, 8], "texture": "#front", "cullface": "north"}
			}
		},
		{
			"name": "Nail",
			"from": [14, 2, 0.5],
			"to": [15, 3, 1],
			"faces": {
				"north": {"uv": [14, 7, 15, 8], "texture": "#front", "cullface": "north"},
				"west": {"uv": [1, 13, 2, 14], "texture": "#front", "cullface": "north"},
				"up": {"uv": [14, 7, 15, 8], "texture": "#front", "cullface": "north"},
				"down": {"uv": [14, 7, 15, 8], "texture": "#front", "cullface": "north"}
			}
		},
		{
			"name": "Nail",
			"from": [0.5, 6, 1],
			"to": [1, 7, 2],
			"faces": {
				"south": {"uv": [1, 9, 2, 10], "texture": "#1", "cullface": "west"},
				"west": {"uv": [1, 9, 2, 10], "texture": "#1", "cullface": "west"},
				"up": {"uv": [1, 9, 2, 10], "texture": "#1", "cullface": "west"},
				"down": {"uv": [1, 9, 2, 10], "texture": "#1", "cullface": "west"}
			}
		},
		{
			"name": "Nail",
			"from": [0.5, 6, 14],
			"to": [1, 7, 15],
			"faces": {
				"north": {"uv": [1, 9, 2, 10], "texture": "#1", "cullface": "west"},
				"west": {"uv": [1, 9, 2, 10], "texture": "#1", "cullface": "west"},
				"up": {"uv": [1, 9, 2, 10], "texture": "#1", "cullface": "west"},
				"down": {"uv": [1, 9, 2, 10], "texture": "#1", "cullface": "west"}
			}
		},
		{
			"name": "Nail",
			"from": [0.5, 2, 14],
			"to": [1, 3, 15],
			"faces": {
				"north": {"uv": [1, 9, 2, 10], "texture": "#1", "cullface": "west"},
				"west": {"uv": [1, 9, 2, 10], "texture": "#1", "cullface": "west"},
				"up": {"uv": [1, 9, 2, 10], "texture": "#1", "cullface": "west"},
				"down": {"uv": [1, 9, 2, 10], "texture": "#1", "cullface": "west"}
			}
		},
		{
			"name": "Nail",
			"from": [0.5, 2, 1],
			"to": [1, 3, 2],
			"faces": {
				"south": {"uv": [1, 9, 2, 10], "texture": "#1", "cullface": "west"},
				"west": {"uv": [1, 9, 2, 10], "texture": "#1", "cullface": "west"},
				"up": {"uv": [1, 9, 2, 10], "texture": "#1", "cullface": "west"},
				"down": {"uv": [1, 9, 2, 10], "texture": "#1", "cullface": "west"}
			}
		},
		{
			"name": "Nail",
			"from": [15, 6, 1],
			"to": [15.5, 7, 2],
			"faces": {
				"east": {"uv": [1, 9, 2, 10], "texture": "#1", "cullface": "east"},
				"south": {"uv": [1, 9, 2, 10], "texture": "#1", "cullface": "east"},
				"up": {"uv": [1, 9, 2, 10], "rotation": 180, "texture": "#1", "cullface": "east"},
				"down": {"uv": [1, 9, 2, 10], "rotation": 180, "texture": "#1", "cullface": "east"}
			}
		},
		{
			"name": "Nail",
			"from": [15, 2, 1],
			"to": [15.5, 3, 2],
			"faces": {
				"east": {"uv": [1, 9, 2, 10], "texture": "#1", "cullface": "east"},
				"south": {"uv": [1, 9, 2, 10], "texture": "#1", "cullface": "east"},
				"up": {"uv": [1, 9, 2, 10], "rotation": 180, "texture": "#1", "cullface": "east"},
				"down": {"uv": [1, 9, 2, 10], "rotation": 180, "texture": "#1", "cullface": "east"}
			}
		},
		{
			"name": "Nail",
			"from": [15, 2, 14],
			"to": [15.5, 3, 15],
			"faces": {
				"north": {"uv": [1, 9, 2, 10], "texture": "#1", "cullface": "east"},
				"east": {"uv": [1, 9, 2, 10], "texture": "#1", "cullface": "east"},
				"up": {"uv": [1, 9, 2, 10], "rotation": 180, "texture": "#1", "cullface": "east"},
				"down": {"uv": [1, 9, 2, 10], "rotation": 180, "texture": "#1", "cullface": "east"}
			}
		},
		{
			"name": "Nail",
			"from": [15, 6, 14],
			"to": [15.5, 7, 15],
			"faces": {
				"north": {"uv": [1, 9, 2, 10], "texture": "#1", "cullface": "east"},
				"east": {"uv": [1, 9, 2, 10], "texture": "#1", "cullface": "east"},
				"up": {"uv": [1, 9, 2, 10], "rotation": 180, "texture": "#1", "cullface": "east"},
				"down": {"uv": [1, 9, 2, 10], "rotation": 180, "texture": "#1", "cullface": "east"}
			}
		},
		{
			"name": "Nail",
			"from": [14, 6, 15],
			"to": [15, 7, 15.5],
			"faces": {
				"south": {"uv": [1, 9, 2, 10], "texture": "#1", "cullface": "south"},
				"west": {"uv": [1, 9, 2, 10], "texture": "#1", "cullface": "south"},
				"up": {"uv": [1, 9, 2, 10], "rotation": 270, "texture": "#1", "cullface": "south"},
				"down": {"uv": [1, 9, 2, 10], "rotation": 90, "texture": "#1", "cullface": "south"}
			}
		},
		{
			"name": "Nail",
			"from": [14, 2, 15],
			"to": [15, 3, 15.5],
			"faces": {
				"south": {"uv": [1, 9, 2, 10], "texture": "#1", "cullface": "south"},
				"west": {"uv": [1, 9, 2, 10], "texture": "#1", "cullface": "south"},
				"up": {"uv": [1, 9, 2, 10], "rotation": 270, "texture": "#1", "cullface": "south"},
				"down": {"uv": [1, 9, 2, 10], "rotation": 90, "texture": "#1", "cullface": "south"}
			}
		},
		{
			"name": "Nail",
			"from": [1, 2, 15],
			"to": [2, 3, 15.5],
			"faces": {
				"east": {"uv": [1, 9, 2, 10], "texture": "#1", "cullface": "south"},
				"south": {"uv": [1, 9, 2, 10], "texture": "#1", "cullface": "south"},
				"up": {"uv": [1, 9, 2, 10], "rotation": 270, "texture": "#1", "cullface": "south"},
				"down": {"uv": [1, 9, 2, 10], "rotation": 90, "texture": "#1", "cullface": "south"}
			}
		},
		{
			"name": "Nail",
			"from": [1, 6, 15],
			"to": [2, 7, 15.5],
			"faces": {
				"east": {"uv": [1, 9, 2, 10], "texture": "#1", "cullface": "south"},
				"south": {"uv": [1, 9, 2, 10], "texture": "#1", "cullface": "south"},
				"up": {"uv": [1, 9, 2, 10], "rotation": 270, "texture": "#1", "cullface": "south"},
				"down": {"uv": [1, 9, 2, 10], "rotation": 90, "texture": "#1", "cullface": "south"}
			}
		}
	],
	"display": {
		"thirdperson_righthand": {
			"rotation": [75, 45, 0],
			"translation": [0, 2.5, 0],
			"scale": [0.375, 0.375, 0.375]
		},
		"thirdperson_lefthand": {
			"rotation": [75, 45, 0],
			"translation": [0, 2.5, 0],
			"scale": [0.375, 0.375, 0.375]
		},
		"firstperson_righthand": {
			"rotation": [0, 135, 0],
			"scale": [0.4, 0.4, 0.4]
		},
		"firstperson_lefthand": {
			"rotation": [0, 135, 0],
			"scale": [0.4, 0.4, 0.4]
		},
		"ground": {
			"scale": [0.25, 0.25, 0.25]
		},
		"gui": {
			"rotation": [30, -135, 0],
			"scale": [0.625, 0.625, 0.625]
		},
		"fixed": {
			"scale": [0.5, 0.5, 0.5]
		}
	},
	"groups": [0, 1, 2,
		{
			"name": "Front",
			"origin": [8, 8, 8],
			"children": [3, 4, 5, 6]
		},
		{
			"name": "Pillars",
			"origin": [8, 8, 8],
			"children": [7, 8, 9, 10]
		},
		{
			"name": "Nails N",
			"origin": [8, 8, 8],
			"children": [11, 12, 13, 14]
		},
		{
			"name": "Nails W",
			"origin": [8, 8, 8],
			"children": [15, 16, 17, 18]
		},
		{
			"name": "Nails E",
			"origin": [8, 8, 8],
			"children": [19, 20, 21, 22]
		},
		{
			"name": "Nails S",
			"origin": [8, 8, 8],
			"children": [23, 24, 25, 26]
		}
	]
}