{
	"credit": "Made by TheWaschtlPlays using Blockbench",
	"ambientocclusion": false,
	"textures": {
		"particle": "block/birch_trapdoor",
		"texture": "block/birch_trapdoor"
	},
	"elements": [
		{
			"from": [13, 0, 13],
			"to": [16, 16, 16],
			"rotation": {"angle": 0, "axis": "x", "origin": [8, 0, 16]},
			"faces": {
				"north": {"uv": [16, 0, 13, 16], "texture": "#texture"},
				"east": {"uv": [0, 0, 16, 3], "rotation": 270, "texture": "#texture", "cullface": "east"},
				"south": {"uv": [16, 0, 13, 16], "rotation": 180, "texture": "#texture", "cullface": "south"},
				"west": {"uv": [0, 2, 16, 3], "rotation": 90, "texture": "#texture"},
				"up": {"uv": [0, 0, 3, 3], "rotation": 180, "texture": "#texture", "cullface": "up"},
				"down": {"uv": [13, 0, 16, 3], "texture": "#texture", "cullface": "down"}
			}
		},
		{
			"from": [0.00004, 0, 13],
			"to": [3.00004, 16, 16],
			"rotation": {"angle": 0, "axis": "x", "origin": [8, 0, 16]},
			"faces": {
				"north": {"uv": [3, 0, 0, 16], "texture": "#texture"},
				"east": {"uv": [2, 0, 3, 16], "texture": "#texture"},
				"south": {"uv": [3, 0, 0, 16], "rotation": 180, "texture": "#texture", "cullface": "south"},
				"west": {"uv": [0, 0, 16, 3], "rotation": 90, "texture": "#texture", "cullface": "west"},
				"up": {"uv": [13, 0, 16, 3], "rotation": 180, "texture": "#texture", "cullface": "up"},
				"down": {"uv": [0, 0, 3, 3], "texture": "#texture", "cullface": "down"}
			}
		},
		{
			"from": [3, 12.99996, 13],
			"to": [13, 15.99996, 16],
			"rotation": {"angle": 0, "axis": "x", "origin": [8, 0, 16]},
			"faces": {
				"north": {"uv": [13, 16, 3, 13], "texture": "#texture"},
				"south": {"uv": [13, 13, 3, 16], "rotation": 180, "texture": "#texture", "cullface": "south"},
				"up": {"uv": [3, 0, 13, 3], "rotation": 180, "texture": "#texture", "cullface": "up"},
				"down": {"uv": [3, 13, 13, 14], "texture": "#texture"}
			}
		},
		{
			"from": [3, 0, 13],
			"to": [13, 3, 16],
			"rotation": {"angle": 0, "axis": "x", "origin": [8, 0, 16]},
			"faces": {
				"north": {"uv": [13, 0, 3, 3], "texture": "#texture"},
				"south": {"uv": [3, 0, 13, 3], "rotation": 180, "texture": "#texture", "cullface": "south"},
				"up": {"uv": [4, 2, 12, 3], "rotation": 180, "texture": "#texture"},
				"down": {"uv": [3, 0, 13, 3], "texture": "#texture", "cullface": "down"}
			}
		},
		{
			"from": [5, 11.99997, 13],
			"to": [11, 12.99997, 16],
			"rotation": {"angle": 0, "axis": "x", "origin": [8, 0, 16]},
			"faces": {
				"north": {"uv": [5, 12, 11, 13], "texture": "#texture"},
				"east": {"uv": [8, 12, 11, 13], "texture": "#texture"},
				"south": {"uv": [11, 12, 5, 13], "rotation": 180, "texture": "#texture", "cullface": "south"},
				"west": {"uv": [8, 12, 11, 13], "rotation": 180, "texture": "#texture"},
				"down": {"uv": [5, 12, 11, 13], "texture": "#texture"}
			}
		},
		{
			"from": [3, 3, 13.50001],
			"to": [13, 13, 15.50001],
			"rotation": {"angle": 0, "axis": "x", "origin": [8, 0, 16]},
			"faces": {
				"north": {"uv": [3, 13, 13, 3], "texture": "#texture"},
				"south": {"uv": [3, 3, 13, 13], "rotation": 180, "texture": "#texture", "cullface": "south"}
			}
		},
		{
			"from": [6, 14, 12.75],
			"to": [10, 15, 16.25],
			"rotation": {"angle": 0, "axis": "x", "origin": [8, 0, 16]},
			"faces": {
				"north": {"uv": [6, 14, 10, 15], "texture": "#texture"},
				"east": {"uv": [6, 14, 10, 15], "rotation": 270, "texture": "#texture"},
				"south": {"uv": [6, 14, 10, 15], "rotation": 180, "texture": "#texture", "cullface": "south"},
				"west": {"uv": [6, 14, 10, 15], "rotation": 90, "texture": "#texture"},
				"up": {"uv": [6, 14, 10, 15], "rotation": 180, "texture": "#texture"},
				"down": {"uv": [6, 14, 10, 15], "texture": "#texture"}
			}
		}
	]
}