{
	"credit": "Made by TheWaschtlPlays using Blockbench",
	"ambientocclusion": false,
	"parent": "minecraft:block/door_bottom",
	"textures": {
		"bottom": "custom_textures/doors/crimson/crimson_door_bottom"
	},
	"elements": [
		{
			"from": [0.25, 0, 0],
			"to": [2.75, 5, 16],
			"rotation": {"angle": 0, "axis": "y", "origin": [8.25, 8, 8]},
			"faces": {
				"north": {"uv": [15.75, 11, 13.25, 16], "texture": "#bottom", "cullface": "north"},
				"east": {"uv": [0, 11, 16, 16], "texture": "#bottom"},
				"south": {"uv": [2.75, 11, 0.25, 16], "texture": "#bottom", "cullface": "south"},
				"west": {"uv": [16, 11, 0, 16], "texture": "#bottom"},
				"up": {"uv": [16, 10, 0, 11], "rotation": 90, "texture": "#bottom"},
				"down": {"uv": [16, 13.25, 0, 15.75], "rotation": 270, "texture": "#bottom", "cullface": "down"}
			}
		},
		{
			"from": [0.25, 12, 0],
			"to": [2.75, 16, 16],
			"rotation": {"angle": 0, "axis": "y", "origin": [8.25, 19, 8]},
			"faces": {
				"north": {"uv": [15.75, 0, 13.25, 4], "texture": "#bottom", "cullface": "north"},
				"east": {"uv": [0, 0, 16, 4], "texture": "#bottom"},
				"south": {"uv": [2.75, 0, 0.25, 4], "texture": "#bottom", "cullface": "south"},
				"west": {"uv": [16, 0, 0, 4], "texture": "#bottom"},
				"down": {"uv": [16, 13.25, 0, 15.75], "rotation": 270, "texture": "#bottom"}
			}
		},
		{
			"from": [0, 6, 0],
			"to": [3, 11, 16],
			"rotation": {"angle": 0, "axis": "y", "origin": [8, 14, 8]},
			"faces": {
				"north": {"uv": [16, 5, 13, 10], "texture": "#bottom", "cullface": "north"},
				"east": {"uv": [1, 5, 16, 10], "texture": "#bottom"},
				"south": {"uv": [3, 5, 0, 10], "texture": "#bottom", "cullface": "south"},
				"west": {"uv": [16, 5, 0, 10], "texture": "#bottom", "cullface": "west"},
				"up": {"uv": [16, 5, 0, 6], "rotation": 90, "texture": "#bottom"},
				"down": {"uv": [16, 9, 0, 10], "rotation": 270, "texture": "#bottom"}
			}
		},
		{
			"name": "HingeDWN",
			"from": [-0.25, 3.75, 15],
			"to": [3.25, 6.25, 16.25],
			"rotation": {"angle": 0, "axis": "y", "origin": [8, 12, 8]},
			"faces": {
				"north": {"uv": [1, 10, 0, 12], "texture": "#bottom"},
				"east": {"uv": [1, 10, 0, 12], "texture": "#bottom"},
				"south": {"uv": [1, 10, 0, 12], "texture": "#bottom"},
				"west": {"uv": [1, 10, 0, 12], "texture": "#bottom"},
				"up": {"uv": [0, 11, 1, 10], "texture": "#bottom"},
				"down": {"uv": [0, 12, 1, 11], "texture": "#bottom"}
			}
		},
		{
			"name": "HingeUP",
			"from": [-0.25, 14.75, 15],
			"to": [3.25, 17.25, 16.25],
			"rotation": {"angle": 0, "axis": "y", "origin": [8, 23, 8]},
			"faces": {
				"north": {"uv": [1, 10, 0, 12], "texture": "#bottom"},
				"east": {"uv": [1, 10, 0, 12], "texture": "#bottom"},
				"south": {"uv": [1, 10, 0, 12], "texture": "#bottom"},
				"west": {"uv": [1, 10, 0, 12], "texture": "#bottom"},
				"up": {"uv": [0, 11, 1, 10], "texture": "#bottom"},
				"down": {"uv": [0, 12, 1, 11], "texture": "#bottom"}
			}
		},
		{
			"from": [-0.25, 15, 2],
			"to": [3.25, 16, 5],
			"rotation": {"angle": 0, "axis": "y", "origin": [7.5, 23, -3]},
			"faces": {
				"north": {"uv": [14, 0, 11, 1], "texture": "#bottom"},
				"east": {"uv": [14, 0, 11, 1], "texture": "#bottom"},
				"south": {"uv": [14, 0, 11, 1], "texture": "#bottom"},
				"west": {"uv": [14, 0, 11, 1], "texture": "#bottom", "cullface": "west"},
				"up": {"uv": [11, 1, 14, 0], "texture": "#bottom"},
				"down": {"uv": [11, 1, 14, 0], "texture": "#bottom"}
			}
		},
		{
			"from": [0.5, 5, 0],
			"to": [2.5, 12, 16],
			"rotation": {"angle": 0, "axis": "y", "origin": [8.5, 13, 8]},
			"faces": {
				"north": {"uv": [15.5, 4, 13.5, 11], "texture": "#bottom", "cullface": "north"},
				"east": {"uv": [0, 4, 16, 11], "texture": "#bottom"},
				"south": {"uv": [2.5, 4, 0.5, 11], "texture": "#bottom", "cullface": "south"},
				"west": {"uv": [16, 4, 0, 11], "texture": "#bottom"}
			}
		}
	]
}