{
	"credit": "Made by TheWaschtlPlays using Blockbench",
	"ambientocclusion": false,
	"textures": {
		"particle": "block/dark_oak_trapdoor",
		"texture": "block/dark_oak_trapdoor"
	},
	"elements": [
		{
			"name": "inner",
			"from": [2, 0.5, 2],
			"to": [14, 2.5, 14],
			"rotation": {"angle": 0, "axis": "y", "origin": [8, 7.5, 8]},
			"faces": {
				"up": {"uv": [2, 2, 14, 14], "texture": "#texture"},
				"down": {"uv": [2, 2, 14, 14], "texture": "#texture", "cullface": "down"}
			}
		},
		{
			"name": "west",
			"from": [0, 0, 0],
			"to": [2, 3, 16],
			"faces": {
				"north": {"uv": [14, 16, 16, 13], "texture": "#texture", "cullface": "north"},
				"east": {"uv": [1, 0, 2, 16], "rotation": 90, "texture": "#texture"},
				"south": {"uv": [0, 16, 2, 13], "texture": "#texture", "cullface": "south"},
				"west": {"uv": [0, 16, 16, 13], "texture": "#texture", "cullface": "west"},
				"up": {"uv": [0, 0, 2, 16], "texture": "#texture"},
				"down": {"uv": [0, 0, 2, 16], "texture": "#texture", "cullface": "down"}
			}
		},
		{
			"name": "east",
			"from": [14, 0, 0],
			"to": [16, 3, 16],
			"rotation": {"angle": 0, "axis": "y", "origin": [22, 8, 8]},
			"faces": {
				"north": {"uv": [0, 16, 2, 13], "texture": "#texture", "cullface": "north"},
				"east": {"uv": [0, 16, 16, 13], "texture": "#texture", "cullface": "east"},
				"south": {"uv": [14, 16, 16, 13], "texture": "#texture", "cullface": "south"},
				"west": {"uv": [14, 0, 15, 16], "rotation": 270, "texture": "#texture"},
				"up": {"uv": [14, 0, 16, 16], "texture": "#texture"},
				"down": {"uv": [14, 0, 16, 16], "texture": "#texture", "cullface": "down"}
			}
		},
		{
			"name": "cross",
			"from": [6, 0, 2],
			"to": [10, 3, 14],
			"rotation": {"angle": 0, "axis": "y", "origin": [14, 8, 8]},
			"faces": {
				"east": {"uv": [9, 2, 10, 14], "rotation": 90, "texture": "#texture"},
				"west": {"uv": [6, 2, 7, 14], "rotation": 270, "texture": "#texture"},
				"up": {"uv": [6, 2, 10, 14], "texture": "#texture"},
				"down": {"uv": [6, 2, 10, 14], "texture": "#texture", "cullface": "down"}
			}
		},
		{
			"name": "cross",
			"from": [2, 0, 6],
			"to": [14, 3, 10],
			"rotation": {"angle": 0, "axis": "y", "origin": [10, 10, 16]},
			"faces": {
				"north": {"uv": [2, 1, 14, 7], "rotation": 180, "texture": "#texture"},
				"south": {"uv": [2, 9, 14, 15], "texture": "#texture"},
				"up": {"uv": [2, 6, 14, 10], "texture": "#texture"},
				"down": {"uv": [2, 6, 14, 10], "texture": "#texture", "cullface": "down"}
			}
		},
		{
			"name": "north",
			"from": [2, 0, 0],
			"to": [14, 3, 2],
			"rotation": {"angle": 0, "axis": "y", "origin": [10, 10, 8]},
			"faces": {
				"north": {"uv": [2, 16, 14, 13], "texture": "#texture", "cullface": "north"},
				"south": {"uv": [2, 1, 14, 7], "texture": "#texture"},
				"up": {"uv": [2, 0, 14, 2], "texture": "#texture"},
				"down": {"uv": [2, 14, 14, 16], "texture": "#texture", "cullface": "down"}
			}
		},
		{
			"name": "south",
			"from": [2, 0, 14],
			"to": [14, 3, 16],
			"rotation": {"angle": 0, "axis": "y", "origin": [10, 10, 22]},
			"faces": {
				"north": {"uv": [2, 9, 14, 15], "rotation": 180, "texture": "#texture"},
				"south": {"uv": [2, 16, 14, 13], "texture": "#texture", "cullface": "south"},
				"up": {"uv": [2, 14, 14, 16], "texture": "#texture"},
				"down": {"uv": [2, 0, 14, 2], "texture": "#texture", "cullface": "down"}
			}
		}
	],
	"display": {
		"thirdperson_righthand": {
			"rotation": [75, 45, 0],
			"translation": [0, 2.5, 2],
			"scale": [0.375, 0.375, 0.375]
		},
		"thirdperson_lefthand": {
			"rotation": [75, 45, 0],
			"translation": [0, 2.5, 2],
			"scale": [0.375, 0.375, 0.375]
		},
		"firstperson_righthand": {
			"rotation": [0, 45, 0],
			"translation": [0, 4.2, 0],
			"scale": [0.4, 0.4, 0.4]
		},
		"firstperson_lefthand": {
			"rotation": [0, 45, 0],
			"translation": [0, 4.2, 0],
			"scale": [0.4, 0.4, 0.4]
		},
		"ground": {
			"translation": [0, 3, 0],
			"scale": [0.25, 0.25, 0.25]
		},
		"gui": {
			"rotation": [30, 45, 0],
			"scale": [0.625, 0.625, 0.625]
		},
		"head": {
			"rotation": [0, 180, 0]
		},
		"fixed": {
			"rotation": [0, 180, 0]
		}
	}
}