{
	"credit": "Originally made by playtrix using MrCrayfish's Modeleditor, later remastered & de-botched by TheWaschtlPlays using Blockbench",
	"textures": {
		"0": "block/oak_planks",
		"2": "block/cauldron_side",
		"redstone_dark": "custom_textures/redstone_dark",
		"iron_block": "block/iron_block",
		"particle": "block/detector_rail"
	},
	"elements": [
		{
			"name": "wooden Thing1",
			"from": [0, 0, 1],
			"to": [16, 1, 3],
			"faces": {
				"north": {"uv": [0, 0, 16, 1], "texture": "#0"},
				"east": {"uv": [0, 0, 2, 1], "texture": "#0", "cullface": "east"},
				"south": {"uv": [0, 0, 16, 1], "texture": "#0"},
				"west": {"uv": [0, 0, 2, 1], "texture": "#0", "cullface": "west"},
				"up": {"uv": [0, 0, 16, 2], "texture": "#0"},
				"down": {"uv": [0, 0, 16, 2], "texture": "#0", "cullface": "down"}
			}
		},
		{
			"name": "wooden Thing2",
			"from": [0, 0, 5],
			"to": [16, 1, 7],
			"faces": {
				"north": {"uv": [0, 0, 16, 1], "texture": "#0"},
				"east": {"uv": [0, 0, 2, 1], "texture": "#0", "cullface": "east"},
				"south": {"uv": [0, 0, 16, 1], "texture": "#0"},
				"west": {"uv": [0, 0, 2, 1], "texture": "#0", "cullface": "west"},
				"up": {"uv": [0, 0, 16, 2], "texture": "#0"},
				"down": {"uv": [0, 0, 16, 2], "texture": "#0", "cullface": "down"}
			}
		},
		{
			"name": "wooden Thing3",
			"from": [0, 0, 9],
			"to": [16, 1, 11],
			"faces": {
				"north": {"uv": [0, 0, 16, 1], "texture": "#0"},
				"east": {"uv": [0, 0, 2, 1], "texture": "#0", "cullface": "east"},
				"south": {"uv": [0, 0, 16, 1], "texture": "#0"},
				"west": {"uv": [0, 0, 2, 1], "texture": "#0", "cullface": "west"},
				"up": {"uv": [0, 0, 16, 2], "texture": "#0"},
				"down": {"uv": [0, 0, 16, 2], "texture": "#0", "cullface": "down"}
			}
		},
		{
			"name": "wooden Thing4",
			"from": [0, 0, 13],
			"to": [16, 1, 15],
			"faces": {
				"north": {"uv": [0, 0, 16, 1], "texture": "#0"},
				"east": {"uv": [0, 0, 2, 1], "texture": "#0", "cullface": "east"},
				"south": {"uv": [0, 0, 16, 1], "texture": "#0"},
				"west": {"uv": [0, 0, 2, 1], "texture": "#0", "cullface": "west"},
				"up": {"uv": [0, 0, 16, 2], "texture": "#0"},
				"down": {"uv": [0, 0, 16, 2], "texture": "#0", "cullface": "down"}
			}
		},
		{
			"name": "Nail",
			"from": [0.85, 0.4, 5.85],
			"to": [1.1, 1.4, 6.1],
			"faces": {
				"north": {"uv": [6, 0, 10.25, 16], "texture": "#iron_block"},
				"east": {"uv": [3, 0, 7.25, 16], "texture": "#iron_block"},
				"south": {"uv": [6, 0, 10.25, 16], "texture": "#iron_block"},
				"west": {"uv": [2, 0, 6.25, 16], "texture": "#iron_block"},
				"up": {"uv": [2, 5, 6.25, 9.25], "texture": "#iron_block"}
			}
		},
		{
			"name": "Nail",
			"from": [0.85, 0.4, 9.85],
			"to": [1.1, 1.4, 10.1],
			"faces": {
				"north": {"uv": [6, 0, 10.25, 16], "texture": "#iron_block"},
				"east": {"uv": [3, 0, 7.25, 16], "texture": "#iron_block"},
				"south": {"uv": [6, 0, 10.25, 16], "texture": "#iron_block"},
				"west": {"uv": [2, 0, 6.25, 16], "texture": "#iron_block"},
				"up": {"uv": [2, 5, 6.25, 9.25], "texture": "#iron_block"}
			}
		},
		{
			"name": "Nail",
			"from": [0.85, 0.4, 13.85],
			"to": [1.1, 1.4, 14.1],
			"faces": {
				"north": {"uv": [6, 0, 10.25, 16], "texture": "#iron_block"},
				"east": {"uv": [3, 0, 7.25, 16], "texture": "#iron_block"},
				"south": {"uv": [6, 0, 10.25, 16], "texture": "#iron_block"},
				"west": {"uv": [2, 0, 6.25, 16], "texture": "#iron_block"},
				"up": {"uv": [2, 5, 6.25, 9.25], "texture": "#iron_block"}
			}
		},
		{
			"name": "Nail",
			"from": [3.85, 0.4, 13.85],
			"to": [4.1, 1.4, 14.1],
			"faces": {
				"north": {"uv": [6, 0, 10.25, 16], "texture": "#iron_block"},
				"east": {"uv": [3, 0, 7.25, 16], "texture": "#iron_block"},
				"south": {"uv": [6, 0, 10.25, 16], "texture": "#iron_block"},
				"west": {"uv": [2, 0, 6.25, 16], "texture": "#iron_block"},
				"up": {"uv": [2, 5, 6.25, 9.25], "texture": "#iron_block"}
			}
		},
		{
			"name": "Nail",
			"from": [3.85, 0.4, 9.85],
			"to": [4.1, 1.4, 10.1],
			"faces": {
				"north": {"uv": [6, 0, 10.25, 16], "texture": "#iron_block"},
				"east": {"uv": [3, 0, 7.25, 16], "texture": "#iron_block"},
				"south": {"uv": [6, 0, 10.25, 16], "texture": "#iron_block"},
				"west": {"uv": [2, 0, 6.25, 16], "texture": "#iron_block"},
				"up": {"uv": [2, 5, 6.25, 9.25], "texture": "#iron_block"}
			}
		},
		{
			"name": "Nail",
			"from": [3.85, 0.4, 5.85],
			"to": [4.1, 1.4, 6.1],
			"faces": {
				"north": {"uv": [6, 0, 10.25, 16], "texture": "#iron_block"},
				"east": {"uv": [3, 0, 7.25, 16], "texture": "#iron_block"},
				"south": {"uv": [6, 0, 10.25, 16], "texture": "#iron_block"},
				"west": {"uv": [2, 0, 6.25, 16], "texture": "#iron_block"},
				"up": {"uv": [2, 5, 6.25, 9.25], "texture": "#iron_block"}
			}
		},
		{
			"name": "Nail",
			"from": [3.85, 0.4, 1.85],
			"to": [4.1, 1.4, 2.1],
			"faces": {
				"north": {"uv": [6, 0, 10.25, 16], "texture": "#iron_block"},
				"east": {"uv": [3, 0, 7.25, 16], "texture": "#iron_block"},
				"south": {"uv": [6, 0, 10.25, 16], "texture": "#iron_block"},
				"west": {"uv": [2, 0, 6.25, 16], "texture": "#iron_block"},
				"up": {"uv": [2, 5, 6.25, 9.25], "texture": "#iron_block"}
			}
		},
		{
			"name": "Nail",
			"from": [11.85, 0.4, 1.85],
			"to": [12.1, 1.4, 2.1],
			"faces": {
				"north": {"uv": [6, 0, 10.25, 16], "texture": "#iron_block"},
				"east": {"uv": [3, 0, 7.25, 16], "texture": "#iron_block"},
				"south": {"uv": [6, 0, 10.25, 16], "texture": "#iron_block"},
				"west": {"uv": [2, 0, 6.25, 16], "texture": "#iron_block"},
				"up": {"uv": [2, 5, 6.25, 9.25], "texture": "#iron_block"}
			}
		},
		{
			"name": "Nail",
			"from": [11.85, 0.4, 5.85],
			"to": [12.1, 1.4, 6.1],
			"faces": {
				"north": {"uv": [6, 0, 10.25, 16], "texture": "#iron_block"},
				"east": {"uv": [3, 0, 7.25, 16], "texture": "#iron_block"},
				"south": {"uv": [6, 0, 10.25, 16], "texture": "#iron_block"},
				"west": {"uv": [2, 0, 6.25, 16], "texture": "#iron_block"},
				"up": {"uv": [2, 5, 6.25, 9.25], "texture": "#iron_block"}
			}
		},
		{
			"name": "Nail",
			"from": [11.85, 0.4, 9.85],
			"to": [12.1, 1.4, 10.1],
			"faces": {
				"north": {"uv": [6, 0, 10.25, 16], "texture": "#iron_block"},
				"east": {"uv": [3, 0, 7.25, 16], "texture": "#iron_block"},
				"south": {"uv": [6, 0, 10.25, 16], "texture": "#iron_block"},
				"west": {"uv": [2, 0, 6.25, 16], "texture": "#iron_block"},
				"up": {"uv": [2, 5, 6.25, 9.25], "texture": "#iron_block"}
			}
		},
		{
			"name": "Nail",
			"from": [11.85, 0.4, 13.85],
			"to": [12.1, 1.4, 14.1],
			"faces": {
				"north": {"uv": [6, 0, 10.25, 16], "texture": "#iron_block"},
				"east": {"uv": [3, 0, 7.25, 16], "texture": "#iron_block"},
				"south": {"uv": [6, 0, 10.25, 16], "texture": "#iron_block"},
				"west": {"uv": [2, 0, 6.25, 16], "texture": "#iron_block"},
				"up": {"uv": [2, 5, 6.25, 9.25], "texture": "#iron_block"}
			}
		},
		{
			"name": "Nail",
			"from": [14.85, 0.4, 13.85],
			"to": [15.1, 1.4, 14.1],
			"faces": {
				"north": {"uv": [6, 0, 10.25, 16], "texture": "#iron_block"},
				"east": {"uv": [3, 0, 7.25, 16], "texture": "#iron_block"},
				"south": {"uv": [6, 0, 10.25, 16], "texture": "#iron_block"},
				"west": {"uv": [2, 0, 6.25, 16], "texture": "#iron_block"},
				"up": {"uv": [2, 5, 6.25, 9.25], "texture": "#iron_block"}
			}
		},
		{
			"name": "Nail",
			"from": [14.85, 0.4, 9.85],
			"to": [15.1, 1.4, 10.1],
			"faces": {
				"north": {"uv": [6, 0, 10.25, 16], "texture": "#iron_block"},
				"east": {"uv": [3, 0, 7.25, 16], "texture": "#iron_block"},
				"south": {"uv": [6, 0, 10.25, 16], "texture": "#iron_block"},
				"west": {"uv": [2, 0, 6.25, 16], "texture": "#iron_block"},
				"up": {"uv": [2, 5, 6.25, 9.25], "texture": "#iron_block"}
			}
		},
		{
			"name": "Nail",
			"from": [14.85, 0.4, 5.85],
			"to": [15.1, 1.4, 6.1],
			"faces": {
				"north": {"uv": [6, 0, 10.25, 16], "texture": "#iron_block"},
				"east": {"uv": [3, 0, 7.25, 16], "texture": "#iron_block"},
				"south": {"uv": [6, 0, 10.25, 16], "texture": "#iron_block"},
				"west": {"uv": [2, 0, 6.25, 16], "texture": "#iron_block"},
				"up": {"uv": [2, 5, 6.25, 9.25], "texture": "#iron_block"}
			}
		},
		{
			"name": "Nail",
			"from": [14.85, 0.4, 1.85],
			"to": [15.1, 1.4, 2.1],
			"faces": {
				"north": {"uv": [6, 0, 10.25, 16], "texture": "#iron_block"},
				"east": {"uv": [3, 0, 7.25, 16], "texture": "#iron_block"},
				"south": {"uv": [6, 0, 10.25, 16], "texture": "#iron_block"},
				"west": {"uv": [2, 0, 6.25, 16], "texture": "#iron_block"},
				"up": {"uv": [2, 5, 6.25, 9.25], "texture": "#iron_block"}
			}
		},
		{
			"name": "Nail",
			"from": [0.85, 0.4, 1.85],
			"to": [1.1, 1.4, 2.1],
			"faces": {
				"north": {"uv": [6, 0, 10.25, 16], "texture": "#iron_block"},
				"east": {"uv": [3, 0, 7.25, 16], "texture": "#iron_block"},
				"south": {"uv": [6, 0, 10.25, 16], "texture": "#iron_block"},
				"west": {"uv": [2, 0, 6.25, 16], "texture": "#iron_block"},
				"up": {"uv": [2, 5, 6.25, 9.25], "texture": "#iron_block"}
			}
		},
		{
			"name": "Holder",
			"from": [0.5, 0.25, 1.5],
			"to": [4.5, 1.25, 2.5],
			"faces": {
				"north": {"uv": [4, 1, 12, 3], "texture": "#2"},
				"east": {"uv": [7, 3, 9, 5], "texture": "#2"},
				"south": {"uv": [3, 1, 11, 3], "texture": "#2"},
				"west": {"uv": [6, 3, 8, 5], "texture": "#2"},
				"up": {"uv": [4, 0, 12, 2], "texture": "#2"}
			}
		},
		{
			"name": "Holder",
			"from": [0.5, 0.25, 9.5],
			"to": [4.5, 1.25, 10.5],
			"faces": {
				"north": {"uv": [4, 1, 12, 3], "texture": "#2"},
				"east": {"uv": [7, 3, 9, 5], "texture": "#2"},
				"south": {"uv": [3, 1, 11, 3], "texture": "#2"},
				"west": {"uv": [6, 3, 8, 5], "texture": "#2"},
				"up": {"uv": [4, 0, 12, 2], "texture": "#2"}
			}
		},
		{
			"name": "Holder",
			"from": [0.5, 0.25, 13.5],
			"to": [4.5, 1.25, 14.5],
			"faces": {
				"north": {"uv": [4, 1, 12, 3], "texture": "#2"},
				"east": {"uv": [7, 3, 9, 5], "texture": "#2"},
				"south": {"uv": [3, 1, 11, 3], "texture": "#2"},
				"west": {"uv": [6, 3, 8, 5], "texture": "#2"},
				"up": {"uv": [4, 0, 12, 2], "texture": "#2"}
			}
		},
		{
			"name": "Holder",
			"from": [11.5, 0.25, 13.5],
			"to": [15.5, 1.25, 14.5],
			"faces": {
				"north": {"uv": [4, 1, 12, 3], "texture": "#2"},
				"east": {"uv": [7, 3, 9, 5], "texture": "#2"},
				"south": {"uv": [3, 1, 11, 3], "texture": "#2"},
				"west": {"uv": [6, 3, 8, 5], "texture": "#2"},
				"up": {"uv": [4, 0, 12, 2], "texture": "#2"}
			}
		},
		{
			"name": "Holder",
			"from": [11.5, 0.25, 9.5],
			"to": [15.5, 1.25, 10.5],
			"faces": {
				"north": {"uv": [4, 1, 12, 3], "texture": "#2"},
				"east": {"uv": [7, 3, 9, 5], "texture": "#2"},
				"south": {"uv": [3, 1, 11, 3], "texture": "#2"},
				"west": {"uv": [6, 3, 8, 5], "texture": "#2"},
				"up": {"uv": [4, 0, 12, 2], "texture": "#2"}
			}
		},
		{
			"name": "Holder",
			"from": [11.5, 0.25, 5.5],
			"to": [15.5, 1.25, 6.5],
			"faces": {
				"north": {"uv": [4, 1, 12, 3], "texture": "#2"},
				"east": {"uv": [7, 3, 9, 5], "texture": "#2"},
				"south": {"uv": [3, 1, 11, 3], "texture": "#2"},
				"west": {"uv": [6, 3, 8, 5], "texture": "#2"},
				"up": {"uv": [4, 0, 12, 2], "texture": "#2"}
			}
		},
		{
			"name": "Holder",
			"from": [11.5, 0.25, 1.5],
			"to": [15.5, 1.25, 2.5],
			"faces": {
				"north": {"uv": [4, 1, 12, 3], "texture": "#2"},
				"east": {"uv": [7, 3, 9, 5], "texture": "#2"},
				"south": {"uv": [3, 1, 11, 3], "texture": "#2"},
				"west": {"uv": [6, 3, 8, 5], "texture": "#2"},
				"up": {"uv": [4, 0, 12, 2], "texture": "#2"}
			}
		},
		{
			"name": "Holder",
			"from": [0.5, 0.25, 5.5],
			"to": [4.5, 1.25, 6.5],
			"faces": {
				"north": {"uv": [4, 1, 12, 3], "texture": "#2"},
				"east": {"uv": [7, 3, 9, 5], "texture": "#2"},
				"south": {"uv": [3, 1, 11, 3], "texture": "#2"},
				"west": {"uv": [6, 3, 8, 5], "texture": "#2"},
				"up": {"uv": [4, 0, 12, 2], "texture": "#2"}
			}
		},
		{
			"name": "Rail1",
			"from": [1.5, 1, 0],
			"to": [3.5, 2, 16],
			"faces": {
				"north": {"uv": [0, 5, 2, 6], "texture": "#iron_block", "cullface": "north"},
				"east": {"uv": [0, 0, 16, 1], "texture": "#iron_block"},
				"south": {"uv": [14, 8, 16, 9], "texture": "#iron_block", "cullface": "south"},
				"west": {"uv": [1, 4, 15, 5], "texture": "#iron_block"},
				"up": {"uv": [14, 1, 16, 15], "texture": "#iron_block"},
				"down": {"uv": [14, 1, 16, 15], "texture": "#iron_block"}
			}
		},
		{
			"name": "Rail2",
			"from": [12.5, 1, 0],
			"to": [14.5, 2, 16],
			"faces": {
				"north": {"uv": [14, 6, 16, 7], "texture": "#iron_block", "cullface": "north"},
				"east": {"uv": [1, 2, 15, 3], "texture": "#iron_block"},
				"south": {"uv": [0, 5, 2, 6], "texture": "#iron_block", "cullface": "south"},
				"west": {"uv": [0, 0, 16, 1], "texture": "#iron_block"},
				"up": {"uv": [0, 1, 2, 15], "texture": "#iron_block"},
				"down": {"uv": [0, 1, 2, 15], "texture": "#iron_block"}
			}
		},
		{
			"name": "Detector",
			"from": [5.25, 0.5, 5.25],
			"to": [10.75, 1.5, 10.75],
			"faces": {
				"north": {"uv": [3, 3, 8.5, 4], "texture": "#redstone_dark"},
				"east": {"uv": [5, 5, 10.5, 6], "texture": "#redstone_dark"},
				"south": {"uv": [3, 2, 8.5, 3], "texture": "#redstone_dark"},
				"west": {"uv": [5, 5, 10.5, 6], "texture": "#redstone_dark"},
				"up": {"uv": [4, 4, 9.5, 9.5], "texture": "#redstone_dark"},
				"down": {"uv": [5, 4, 10.5, 9.5], "texture": "#redstone_dark"}
			}
		},
		{
			"name": "Detector",
			"from": [6, 0.76, 6],
			"to": [10, 2.01, 10],
			"faces": {
				"north": {"uv": [6, 4, 10, 6.25], "texture": "#iron_block"},
				"east": {"uv": [5, 4, 9, 6.25], "texture": "#iron_block"},
				"south": {"uv": [4, 5, 8, 7.25], "texture": "#iron_block"},
				"west": {"uv": [7, 5, 11, 7.25], "texture": "#iron_block"},
				"up": {"uv": [6, 7, 10, 11], "texture": "#iron_block"},
				"down": {"uv": [4, 5, 8, 9], "texture": "#iron_block"}
			}
		}
	],
	"display": {
		"thirdperson_righthand": {
			"rotation": [75, 315, 0],
			"translation": [0, 2.5, 0],
			"scale": [0.375, 0.375, 0.375]
		},
		"firstperson_righthand": {
			"rotation": [0, 315, 0],
			"translation": [0, 2.5, 0],
			"scale": [0.4, 0.4, 0.4]
		},
		"ground": {
			"translation": [0, 3, 0],
			"scale": [0.25, 0.25, 0.25]
		},
		"gui": {
			"rotation": [30, 45, 0],
			"scale": [0.625, 0.625, 0.625]
		},
		"head": {
			"rotation": [0, 180, 0]
		},
		"fixed": {
			"rotation": [0, 180, 0]
		}
	},
	"groups": [
		{
			"name": "Wood",
			"origin": [8, 8, 8],
			"children": [0, 1, 2, 3]
		},
		{
			"name": "Nail",
			"origin": [8, 8, 8],
			"children": [4, 5, 6, 7, 8, 9, 10, 11, 12, 13, 14, 15, 16, 17, 18, 19]
		},
		{
			"name": "Holder",
			"origin": [8, 8, 8],
			"children": [20, 21, 22, 23, 24, 25, 26, 27]
		},
		{
			"name": "Rail",
			"origin": [8, 8, 8],
			"children": [28, 29]
		},
		{
			"name": "Detector",
			"origin": [8, 8, 8],
			"children": [30, 31]
		}
	]
}