{
	"credit": "Made by TheWaschtlPlays using Blockbench",
	"textures": {
		"end_portal_frame_bottom": "custom_textures/end_portal_frame_bottom",
		"side": "block/end_portal_frame_side",
		"particle": "block/end_portal_frame_top",
		"top": "block/end_portal_frame_top"
	},
	"elements": [
		{
			"name": "Element",
			"from": [1, 1, 1],
			"to": [15, 10, 15],
			"faces": {
				"north": {"uv": [1, 6, 15, 15], "texture": "#side", "cullface": "north"},
				"east": {"uv": [1, 6, 15, 15], "texture": "#side", "cullface": "east"},
				"south": {"uv": [1, 6, 15, 15], "texture": "#side", "cullface": "south"},
				"west": {"uv": [1, 6, 15, 15], "texture": "#side", "cullface": "west"},
				"up": {"uv": [1, 1, 15, 15], "texture": "#top"},
				"down": {"uv": [1, 1, 15, 15], "texture": "#end_portal_frame_bottom", "cullface": "down"}
			}
		},
		{
			"name": "Side",
			"from": [0, 1, 0],
			"to": [1, 12, 1],
			"faces": {
				"north": {"uv": [15, 4, 16, 15], "texture": "#side", "cullface": "north"},
				"east": {"uv": [15, 4, 16, 15], "texture": "#side", "cullface": "north"},
				"south": {"uv": [0, 4, 1, 15], "texture": "#side", "cullface": "west"},
				"west": {"uv": [0, 4, 1, 15], "texture": "#side", "cullface": "west"}
			}
		},
		{
			"name": "Bottom",
			"from": [0, 0, 0],
			"to": [15, 1, 1],
			"faces": {
				"north": {"uv": [1, 15, 16, 16], "texture": "#side", "cullface": "north"},
				"south": {"uv": [1, 0, 16, 1], "texture": "#end_portal_frame_bottom", "cullface": "down"},
				"west": {"uv": [0, 15, 1, 16], "texture": "#side", "cullface": "west"},
				"up": {"uv": [0, 0, 15, 1], "texture": "#end_portal_frame_bottom", "cullface": "north"},
				"down": {"uv": [1, 0, 16, 1], "texture": "#end_portal_frame_bottom", "cullface": "down"}
			}
		},
		{
			"name": "Side",
			"from": [15, 1, 0],
			"to": [16, 12, 1],
			"faces": {
				"north": {"uv": [0, 4, 1, 15], "texture": "#side", "cullface": "north"},
				"east": {"uv": [15, 4, 16, 15], "texture": "#side", "cullface": "east"},
				"south": {"uv": [15, 4, 16, 15], "texture": "#side", "cullface": "east"},
				"west": {"uv": [0, 4, 1, 15], "texture": "#side", "cullface": "north"}
			}
		},
		{
			"name": "Bottom",
			"from": [15, 0, 0],
			"to": [16, 1, 15],
			"faces": {
				"north": {"uv": [0, 15, 1, 16], "texture": "#side", "cullface": "north"},
				"east": {"uv": [1, 15, 16, 16], "texture": "#side", "cullface": "east"},
				"west": {"uv": [1, 0, 16, 1], "texture": "#end_portal_frame_bottom", "cullface": "down"},
				"up": {"uv": [0, 1, 1, 16], "texture": "#end_portal_frame_bottom", "cullface": "east"},
				"down": {"uv": [0, 0, 1, 15], "texture": "#end_portal_frame_bottom", "cullface": "down"}
			}
		},
		{
			"name": "Top",
			"from": [0, 12, 0],
			"to": [15, 13, 1],
			"faces": {
				"north": {"uv": [1, 3, 16, 4], "texture": "#side", "cullface": "north"},
				"south": {"uv": [0, 0, 15, 1], "texture": "#top"},
				"west": {"uv": [0, 3, 1, 4], "texture": "#side", "cullface": "west"},
				"up": {"uv": [0, 0, 15, 1], "texture": "#top"},
				"down": {"uv": [1, 0, 16, 1], "texture": "#top", "cullface": "north"}
			}
		},
		{
			"name": "Top",
			"from": [15, 12, 0],
			"to": [16, 13, 15],
			"faces": {
				"north": {"uv": [1, 3, 2, 4], "texture": "#side", "cullface": "north"},
				"east": {"uv": [0, 3, 15, 4], "texture": "#side", "cullface": "east"},
				"west": {"uv": [0, 3, 15, 4], "texture": "#side"},
				"up": {"uv": [0, 0, 1, 15], "texture": "#top"},
				"down": {"uv": [0, 0, 1, 15], "texture": "#top", "cullface": "east"}
			}
		},
		{
			"name": "Top",
			"from": [0, 12, 1],
			"to": [1, 13, 16],
			"faces": {
				"east": {"uv": [0, 3, 15, 4], "texture": "#side"},
				"south": {"uv": [0, 0, 1, 1], "texture": "#top", "cullface": "south"},
				"west": {"uv": [0, 3, 15, 4], "texture": "#side", "cullface": "west"},
				"up": {"uv": [0, 0, 1, 15], "texture": "#top"},
				"down": {"uv": [0, 0, 1, 15], "texture": "#top", "cullface": "west"}
			}
		},
		{
			"name": "Bottom",
			"from": [0, 0, 1],
			"to": [1, 1, 16],
			"faces": {
				"east": {"uv": [0, 0, 15, 1], "texture": "#end_portal_frame_bottom", "cullface": "down"},
				"south": {"uv": [0, 15, 1, 16], "texture": "#side", "cullface": "south"},
				"west": {"uv": [1, 15, 16, 16], "texture": "#side", "cullface": "west"},
				"up": {"uv": [15, 0, 16, 15], "texture": "#end_portal_frame_bottom", "cullface": "west"},
				"down": {"uv": [15, 1, 16, 16], "texture": "#end_portal_frame_bottom", "cullface": "down"}
			}
		},
		{
			"name": "Side",
			"from": [0, 1, 15],
			"to": [1, 12, 16],
			"faces": {
				"north": {"uv": [15, 4, 16, 15], "texture": "#side", "cullface": "west"},
				"east": {"uv": [0, 4, 1, 15], "texture": "#side", "cullface": "south"},
				"south": {"uv": [0, 4, 1, 15], "texture": "#side", "cullface": "south"},
				"west": {"uv": [15, 4, 16, 15], "texture": "#side", "cullface": "west"}
			}
		},
		{
			"name": "Top",
			"from": [1, 12, 15],
			"to": [16, 13, 16],
			"faces": {
				"north": {"uv": [1, 3, 16, 4], "texture": "#side"},
				"east": {"uv": [0, 3, 1, 4], "texture": "#side", "cullface": "east"},
				"south": {"uv": [0, 0, 15, 1], "texture": "#top", "cullface": "south"},
				"up": {"uv": [0, 0, 15, 1], "texture": "#top"},
				"down": {"uv": [1, 0, 16, 1], "texture": "#top", "cullface": "south"}
			}
		},
		{
			"name": "Side",
			"from": [15, 1, 15],
			"to": [16, 12, 16],
			"faces": {
				"north": {"uv": [0, 4, 1, 15], "texture": "#side", "cullface": "east"},
				"east": {"uv": [0, 4, 1, 15], "texture": "#side", "cullface": "east"},
				"south": {"uv": [15, 4, 16, 15], "texture": "#side", "cullface": "south"},
				"west": {"uv": [0, 4, 1, 15], "texture": "#side", "cullface": "south"}
			}
		},
		{
			"name": "Bottom",
			"from": [1, 0, 15],
			"to": [16, 1, 16],
			"faces": {
				"north": {"uv": [1, 0, 16, 1], "texture": "#end_portal_frame_bottom", "cullface": "down"},
				"east": {"uv": [0, 15, 1, 16], "texture": "#side", "cullface": "east"},
				"south": {"uv": [1, 15, 16, 16], "texture": "#side", "cullface": "south"},
				"up": {"uv": [1, 15, 16, 16], "texture": "#end_portal_frame_bottom", "cullface": "south"},
				"down": {"uv": [0, 15, 15, 16], "texture": "#end_portal_frame_bottom", "cullface": "down"}
			}
		},
		{
			"name": "Bottom Inner",
			"from": [2, 0.25, 1],
			"to": [5, 1, 2],
			"faces": {
				"east": {"uv": [11, 1, 12, 1.75], "texture": "#end_portal_frame_bottom", "cullface": "down"},
				"south": {"uv": [11, 1, 14, 1.75], "texture": "#end_portal_frame_bottom", "cullface": "down"},
				"west": {"uv": [13, 1, 14, 1.75], "texture": "#end_portal_frame_bottom", "cullface": "down"},
				"down": {"uv": [11, 1, 14, 2], "texture": "#end_portal_frame_bottom", "cullface": "down"}
			}
		},
		{
			"name": "Bottom Inner",
			"from": [11, 0.25, 1],
			"to": [14, 1, 2],
			"faces": {
				"east": {"uv": [11, 1, 12, 1.75], "texture": "#end_portal_frame_bottom", "cullface": "down"},
				"south": {"uv": [11, 1, 14, 1.75], "texture": "#end_portal_frame_bottom", "cullface": "down"},
				"west": {"uv": [13, 1, 14, 1.75], "texture": "#end_portal_frame_bottom", "cullface": "down"},
				"down": {"uv": [11, 1, 14, 2], "texture": "#end_portal_frame_bottom", "cullface": "down"}
			}
		},
		{
			"name": "Bottom Inner",
			"from": [11, 0.25, 14],
			"to": [14, 1, 15],
			"faces": {
				"north": {"uv": [11, 1, 14, 1.75], "texture": "#end_portal_frame_bottom", "cullface": "down"},
				"east": {"uv": [11, 1, 12, 1.75], "texture": "#end_portal_frame_bottom", "cullface": "down"},
				"west": {"uv": [13, 1, 14, 1.75], "texture": "#end_portal_frame_bottom", "cullface": "down"},
				"down": {"uv": [11, 1, 14, 2], "texture": "#end_portal_frame_bottom", "cullface": "down"}
			}
		},
		{
			"name": "Bottom Inner",
			"from": [2, 0.25, 14],
			"to": [5, 1, 15],
			"faces": {
				"north": {"uv": [11, 1, 14, 1.75], "texture": "#end_portal_frame_bottom", "cullface": "down"},
				"east": {"uv": [11, 1, 12, 1.75], "texture": "#end_portal_frame_bottom", "cullface": "down"},
				"west": {"uv": [13, 1, 14, 1.75], "texture": "#end_portal_frame_bottom", "cullface": "down"},
				"down": {"uv": [11, 1, 14, 2], "texture": "#end_portal_frame_bottom", "cullface": "down"}
			}
		},
		{
			"name": "Bottom Inner",
			"from": [1, 0.25, 11],
			"to": [2, 1, 14],
			"faces": {
				"north": {"uv": [11, 1, 12, 1.75], "texture": "#end_portal_frame_bottom", "cullface": "down"},
				"east": {"uv": [11, 1, 14, 1.75], "texture": "#end_portal_frame_bottom", "cullface": "down"},
				"south": {"uv": [11, 1, 12, 1.75], "texture": "#end_portal_frame_bottom", "cullface": "down"},
				"down": {"uv": [14, 11, 15, 14], "texture": "#end_portal_frame_bottom", "cullface": "down"}
			}
		},
		{
			"name": "Bottom Inner",
			"from": [1, 0.25, 2],
			"to": [2, 1, 5],
			"faces": {
				"north": {"uv": [11, 1, 12, 1.75], "texture": "#end_portal_frame_bottom", "cullface": "down"},
				"east": {"uv": [11, 1, 14, 1.75], "texture": "#end_portal_frame_bottom", "cullface": "down"},
				"south": {"uv": [11, 1, 12, 1.75], "texture": "#end_portal_frame_bottom", "cullface": "down"},
				"down": {"uv": [14, 11, 15, 14], "texture": "#end_portal_frame_bottom", "cullface": "down"}
			}
		},
		{
			"name": "Bottom Inner",
			"from": [14, 0.25, 2],
			"to": [15, 1, 5],
			"faces": {
				"north": {"uv": [11, 1, 12, 1.75], "texture": "#end_portal_frame_bottom", "cullface": "down"},
				"south": {"uv": [11, 1, 12, 1.75], "texture": "#end_portal_frame_bottom", "cullface": "down"},
				"west": {"uv": [2, 1, 5, 1.75], "texture": "#end_portal_frame_bottom", "cullface": "down"},
				"down": {"uv": [14, 11, 15, 14], "texture": "#end_portal_frame_bottom", "cullface": "down"}
			}
		},
		{
			"name": "Bottom Inner",
			"from": [14, 0.25, 11],
			"to": [15, 1, 14],
			"faces": {
				"north": {"uv": [11, 1, 12, 1.75], "texture": "#end_portal_frame_bottom", "cullface": "down"},
				"south": {"uv": [11, 1, 12, 1.75], "texture": "#end_portal_frame_bottom", "cullface": "down"},
				"west": {"uv": [2, 1, 5, 1.75], "texture": "#end_portal_frame_bottom", "cullface": "down"},
				"down": {"uv": [14, 11, 15, 14], "texture": "#end_portal_frame_bottom", "cullface": "down"}
			}
		},
		{
			"name": "Bottom Inner",
			"from": [13, 0.25, 13],
			"to": [14, 1, 14],
			"faces": {
				"north": {"uv": [11, 1, 12, 1.75], "texture": "#end_portal_frame_bottom", "cullface": "down"},
				"west": {"uv": [2, 1, 3, 1.75], "texture": "#end_portal_frame_bottom", "cullface": "down"},
				"down": {"uv": [14, 11, 15, 12], "texture": "#end_portal_frame_bottom", "cullface": "down"}
			}
		},
		{
			"name": "Bottom Inner",
			"from": [13, 0.25, 2],
			"to": [14, 1, 3],
			"faces": {
				"south": {"uv": [11, 1, 12, 1.75], "texture": "#end_portal_frame_bottom", "cullface": "down"},
				"west": {"uv": [2, 1, 3, 1.75], "texture": "#end_portal_frame_bottom", "cullface": "down"},
				"down": {"uv": [14, 11, 15, 12], "texture": "#end_portal_frame_bottom", "cullface": "down"}
			}
		},
		{
			"name": "Bottom Inner",
			"from": [2, 0.25, 2],
			"to": [3, 1, 3],
			"faces": {
				"east": {"uv": [11, 1, 12, 1.75], "texture": "#end_portal_frame_bottom", "cullface": "down"},
				"south": {"uv": [11, 1, 12, 1.75], "texture": "#end_portal_frame_bottom", "cullface": "down"},
				"down": {"uv": [14, 11, 15, 12], "texture": "#end_portal_frame_bottom", "cullface": "down"}
			}
		},
		{
			"name": "Bottom Inner",
			"from": [2, 0.25, 13],
			"to": [3, 1, 14],
			"faces": {
				"north": {"uv": [11, 1, 12, 1.75], "texture": "#end_portal_frame_bottom", "cullface": "down"},
				"east": {"uv": [11, 1, 12, 1.75], "texture": "#end_portal_frame_bottom", "cullface": "down"},
				"down": {"uv": [14, 11, 15, 12], "texture": "#end_portal_frame_bottom", "cullface": "down"}
			}
		},
		{
			"name": "West Inner",
			"from": [0.25, 2, 1],
			"to": [1, 4, 2],
			"faces": {
				"south": {"uv": [1, 12, 1.75, 14], "texture": "#side", "cullface": "west"},
				"west": {"uv": [1, 12, 2, 14], "texture": "#side", "cullface": "west"},
				"up": {"uv": [1, 12, 1.75, 13], "texture": "#side", "cullface": "west"},
				"down": {"uv": [1, 13, 1.75, 14], "texture": "#side", "cullface": "west"}
			}
		},
		{
			"name": "West Inner",
			"from": [0.25, 1, 2],
			"to": [1, 2, 4],
			"faces": {
				"north": {"uv": [1, 12, 1.75, 13], "texture": "#side", "cullface": "west"},
				"south": {"uv": [1, 12, 1.75, 13], "texture": "#side", "cullface": "west"},
				"west": {"uv": [2, 14, 4, 15], "texture": "#side", "cullface": "west"},
				"up": {"uv": [1, 12, 1.75, 14], "texture": "#side", "cullface": "west"}
			}
		},
		{
			"name": "West Inner",
			"from": [0.25, 2, 2],
			"to": [1, 3, 3],
			"faces": {
				"south": {"uv": [2, 13, 2.75, 14], "texture": "#side", "cullface": "west"},
				"west": {"uv": [2, 13, 3, 14], "texture": "#side", "cullface": "west"},
				"up": {"uv": [2, 13, 2.75, 14], "texture": "#side", "cullface": "west"}
			}
		},
		{
			"name": "West Inner",
			"from": [0.25, 2, 13],
			"to": [1, 3, 14],
			"faces": {
				"north": {"uv": [13, 13, 13.75, 14], "texture": "#side", "cullface": "west"},
				"west": {"uv": [13, 13, 14, 14], "texture": "#side", "cullface": "west"},
				"up": {"uv": [13, 13, 13.75, 14], "texture": "#side", "cullface": "west"}
			}
		},
		{
			"name": "West Inner",
			"from": [0.25, 1, 12],
			"to": [1, 2, 14],
			"faces": {
				"north": {"uv": [12, 14, 12.75, 15], "texture": "#side", "cullface": "west"},
				"south": {"uv": [13, 14, 13.75, 15], "texture": "#side", "cullface": "west"},
				"west": {"uv": [12, 14, 14, 15], "texture": "#side", "cullface": "west"},
				"up": {"uv": [14, 12, 14.75, 14], "texture": "#side", "cullface": "west"}
			}
		},
		{
			"name": "West Inner",
			"from": [0.25, 2, 14],
			"to": [1, 4, 15],
			"faces": {
				"north": {"uv": [1, 12, 1.75, 14], "texture": "#side", "cullface": "west"},
				"west": {"uv": [1, 12, 2, 14], "texture": "#side", "cullface": "west"},
				"up": {"uv": [1, 12, 1.75, 13], "texture": "#side", "cullface": "west"},
				"down": {"uv": [1, 13, 1.75, 14], "texture": "#side", "cullface": "west"}
			}
		},
		{
			"name": "West Clip",
			"from": [0.25, 6, 2],
			"to": [1, 8, 14],
			"faces": {
				"north": {"uv": [2, 8, 2.75, 10], "texture": "#side", "cullface": "west"},
				"south": {"uv": [13, 8, 13.75, 10], "texture": "#side", "cullface": "west"},
				"west": {"uv": [2, 8, 14, 10], "texture": "#side", "cullface": "west"},
				"up": {"uv": [2, 8, 14, 9], "rotation": 90, "texture": "#side", "cullface": "west"},
				"down": {"uv": [2, 9, 14, 10], "rotation": 90, "texture": "#side", "cullface": "west"}
			}
		},
		{
			"name": "West Clip",
			"from": [0.25, 7, 1],
			"to": [1, 11, 2],
			"faces": {
				"south": {"uv": [1, 5, 1.75, 9], "texture": "#side", "cullface": "west"},
				"west": {"uv": [1, 5, 2, 9], "texture": "#side", "cullface": "west"},
				"up": {"uv": [1, 5, 2, 6], "rotation": 90, "texture": "#side", "cullface": "west"},
				"down": {"uv": [1, 8, 2, 9], "rotation": 90, "texture": "#side", "cullface": "west"}
			}
		},
		{
			"name": "West Clip",
			"from": [0.25, 7, 14],
			"to": [1, 11, 15],
			"faces": {
				"north": {"uv": [1, 5, 1.75, 9], "texture": "#side", "cullface": "west"},
				"west": {"uv": [1, 5, 2, 9], "texture": "#side", "cullface": "west"},
				"up": {"uv": [1, 5, 2, 6], "rotation": 90, "texture": "#side", "cullface": "west"},
				"down": {"uv": [1, 8, 2, 9], "rotation": 90, "texture": "#side", "cullface": "west"}
			}
		},
		{
			"name": "West Clip",
			"from": [0.25, 8, 13],
			"to": [1, 9, 14],
			"faces": {
				"north": {"uv": [13, 7, 13.75, 8], "texture": "#side", "cullface": "west"},
				"west": {"uv": [13, 7, 14, 8], "texture": "#side", "cullface": "west"},
				"up": {"uv": [13, 7, 14, 8], "rotation": 90, "texture": "#side", "cullface": "west"}
			}
		},
		{
			"name": "West Clip",
			"from": [0.25, 8, 2],
			"to": [1, 9, 3],
			"faces": {
				"south": {"uv": [2, 7, 2.75, 8], "texture": "#side", "cullface": "west"},
				"west": {"uv": [2, 7, 3, 8], "texture": "#side", "cullface": "west"},
				"up": {"uv": [2, 7, 3, 8], "rotation": 90, "texture": "#side", "cullface": "west"}
			}
		},
		{
			"name": "West Clip",
			"from": [0.25, 10, 2],
			"to": [1, 11, 3],
			"faces": {
				"south": {"uv": [2, 5, 2.75, 6], "texture": "#side", "cullface": "west"},
				"west": {"uv": [2, 5, 3, 6], "texture": "#side", "cullface": "west"},
				"down": {"uv": [2, 5, 3, 6], "rotation": 90, "texture": "#side", "cullface": "west"}
			}
		},
		{
			"name": "West Clip",
			"from": [0.25, 10, 13],
			"to": [1, 11, 14],
			"faces": {
				"north": {"uv": [13, 5, 13.75, 6], "texture": "#side", "cullface": "west"},
				"west": {"uv": [2, 5, 3, 6], "texture": "#side", "cullface": "west"},
				"down": {"uv": [2, 5, 3, 6], "rotation": 90, "texture": "#side", "cullface": "west"}
			}
		},
		{
			"name": "West Clip",
			"from": [0.25, 11, 2],
			"to": [1, 12, 14],
			"faces": {
				"north": {"uv": [2, 4, 2.75, 5], "texture": "#side", "cullface": "west"},
				"south": {"uv": [13, 4, 13.75, 5], "texture": "#side", "cullface": "west"},
				"west": {"uv": [2, 4, 14, 5], "texture": "#side", "cullface": "west"},
				"down": {"uv": [8, 4, 9, 5], "rotation": 90, "texture": "#side", "cullface": "west"}
			}
		},
		{
			"name": "North Inner",
			"from": [1, 2, 0.25],
			"to": [2, 4, 1],
			"faces": {
				"north": {"uv": [14, 12, 15, 14], "texture": "#side", "cullface": "north"},
				"east": {"uv": [14, 12, 14.75, 14], "texture": "#side", "cullface": "north"},
				"up": {"uv": [14, 12, 15, 12.75], "texture": "#side", "cullface": "north"},
				"down": {"uv": [14, 13, 15, 13.75], "texture": "#side", "cullface": "north"}
			}
		},
		{
			"name": "North Inner",
			"from": [14, 2, 0.25],
			"to": [15, 4, 1],
			"faces": {
				"north": {"uv": [14, 12, 15, 14], "texture": "#side", "cullface": "north"},
				"west": {"uv": [14, 12, 14.75, 14], "texture": "#side", "cullface": "north"},
				"up": {"uv": [14, 12, 15, 12.75], "texture": "#side", "cullface": "north"},
				"down": {"uv": [14, 13, 15, 13.75], "texture": "#side", "cullface": "north"}
			}
		},
		{
			"name": "North Inner",
			"from": [12, 1, 0.25],
			"to": [14, 2, 1],
			"faces": {
				"north": {"uv": [2, 14, 4, 15], "texture": "#side", "cullface": "north"},
				"east": {"uv": [3, 14, 3.75, 15], "texture": "#side", "cullface": "north"},
				"west": {"uv": [3, 14, 3.75, 15], "texture": "#side", "cullface": "north"},
				"up": {"uv": [2, 14, 4, 14.75], "texture": "#side", "cullface": "north"}
			}
		},
		{
			"name": "North Inner",
			"from": [2, 1, 0.25],
			"to": [4, 2, 1],
			"faces": {
				"north": {"uv": [2, 14, 4, 15], "texture": "#side", "cullface": "north"},
				"east": {"uv": [3, 14, 3.75, 15], "texture": "#side", "cullface": "north"},
				"west": {"uv": [3, 14, 3.75, 15], "texture": "#side", "cullface": "north"},
				"up": {"uv": [2, 14, 4, 14.75], "texture": "#side", "cullface": "north"}
			}
		},
		{
			"name": "North Inner",
			"from": [2, 2, 0.25],
			"to": [3, 3, 1],
			"faces": {
				"north": {"uv": [13, 13, 14, 14], "texture": "#side", "cullface": "north"},
				"east": {"uv": [13, 13, 13.75, 14], "texture": "#side", "cullface": "north"},
				"up": {"uv": [13, 13, 14, 13.75], "texture": "#side", "cullface": "north"}
			}
		},
		{
			"name": "North Inner",
			"from": [13, 2, 0.25],
			"to": [14, 3, 1],
			"faces": {
				"north": {"uv": [13, 13, 14, 14], "texture": "#side", "cullface": "north"},
				"west": {"uv": [13, 13, 13.75, 14], "texture": "#side", "cullface": "north"},
				"up": {"uv": [13, 13, 14, 13.75], "texture": "#side", "cullface": "north"}
			}
		},
		{
			"name": "North Clip",
			"from": [2, 6, 0.25],
			"to": [14, 8, 1],
			"faces": {
				"north": {"uv": [2, 8, 14, 10], "texture": "#side", "cullface": "north"},
				"east": {"uv": [2, 8, 2.75, 10], "texture": "#side", "cullface": "north"},
				"west": {"uv": [13, 8, 13.75, 10], "texture": "#side", "cullface": "north"},
				"up": {"uv": [2, 8, 14, 8.75], "rotation": 180, "texture": "#side", "cullface": "north"},
				"down": {"uv": [2, 9, 14, 9.75], "texture": "#side", "cullface": "north"}
			}
		},
		{
			"name": "North Clip",
			"from": [1, 7, 0.25],
			"to": [2, 11, 1],
			"faces": {
				"north": {"uv": [14, 5, 15, 9], "texture": "#side", "cullface": "north"},
				"east": {"uv": [14, 5, 14.75, 9], "texture": "#side", "cullface": "north"},
				"up": {"uv": [14, 5, 15, 5.75], "texture": "#side", "cullface": "north"},
				"down": {"uv": [14, 8, 15, 8.75], "texture": "#side", "cullface": "north"}
			}
		},
		{
			"name": "North Clip",
			"from": [14, 7, 0.25],
			"to": [15, 11, 1],
			"faces": {
				"north": {"uv": [1, 5, 2, 9], "texture": "#side", "cullface": "north"},
				"west": {"uv": [1, 5, 1.75, 9], "texture": "#side", "cullface": "north"},
				"up": {"uv": [1, 5, 2, 5.75], "texture": "#side", "cullface": "north"},
				"down": {"uv": [1, 8, 2, 8.75], "texture": "#side", "cullface": "north"}
			}
		},
		{
			"name": "North Clip",
			"from": [2, 11, 0.25],
			"to": [14, 12, 1],
			"faces": {
				"north": {"uv": [2, 4, 14, 5], "texture": "#side", "cullface": "north"},
				"east": {"uv": [2, 4, 2.75, 5], "texture": "#side", "cullface": "north"},
				"west": {"uv": [13, 4, 13.75, 5], "texture": "#side", "cullface": "north"},
				"down": {"uv": [2, 4, 14, 4.75], "texture": "#side", "cullface": "north"}
			}
		},
		{
			"name": "North Clip",
			"from": [13, 8, 0.25],
			"to": [14, 9, 1],
			"faces": {
				"north": {"uv": [2, 7, 3, 8], "texture": "#side", "cullface": "north"},
				"west": {"uv": [2, 7, 2.75, 8], "texture": "#side", "cullface": "north"},
				"up": {"uv": [2, 7, 3, 7.75], "texture": "#side", "cullface": "north"}
			}
		},
		{
			"name": "North Clip",
			"from": [13, 10, 0.25],
			"to": [14, 11, 1],
			"faces": {
				"north": {"uv": [2, 7, 3, 8], "texture": "#side", "cullface": "north"},
				"west": {"uv": [2, 7, 2.75, 8], "texture": "#side", "cullface": "north"},
				"down": {"uv": [2, 7, 3, 7.75], "texture": "#side", "cullface": "north"}
			}
		},
		{
			"name": "North Clip",
			"from": [2, 10, 0.25],
			"to": [3, 11, 1],
			"faces": {
				"north": {"uv": [2, 7, 3, 8], "texture": "#side", "cullface": "north"},
				"east": {"uv": [2, 7, 2.75, 8], "texture": "#side", "cullface": "north"},
				"down": {"uv": [2, 7, 3, 7.75], "texture": "#side", "cullface": "north"}
			}
		},
		{
			"name": "North Clip",
			"from": [2, 8, 0.25],
			"to": [3, 9, 1],
			"faces": {
				"north": {"uv": [13, 7, 14, 8], "texture": "#side", "cullface": "north"},
				"east": {"uv": [13, 7, 13.75, 8], "texture": "#side", "cullface": "north"},
				"up": {"uv": [13, 7, 14, 7.75], "texture": "#side", "cullface": "north"}
			}
		},
		{
			"name": "East Inner",
			"from": [15, 1, 2],
			"to": [15.75, 2, 4],
			"faces": {
				"north": {"uv": [13, 14, 13.75, 15], "texture": "#side", "cullface": "east"},
				"east": {"uv": [12, 14, 14, 15], "texture": "#side", "cullface": "east"},
				"south": {"uv": [12, 14, 12.75, 15], "texture": "#side", "cullface": "east"},
				"up": {"uv": [14, 12, 14.75, 14], "texture": "#side", "cullface": "east"}
			}
		},
		{
			"name": "East Inner",
			"from": [15, 1, 12],
			"to": [15.75, 2, 14],
			"faces": {
				"north": {"uv": [13, 14, 13.75, 15], "texture": "#side", "cullface": "east"},
				"east": {"uv": [12, 14, 14, 15], "texture": "#side", "cullface": "east"},
				"south": {"uv": [12, 14, 12.75, 15], "texture": "#side", "cullface": "east"},
				"up": {"uv": [14, 12, 14.75, 14], "texture": "#side", "cullface": "east"}
			}
		},
		{
			"name": "East Inner",
			"from": [15, 2, 14],
			"to": [15.75, 4, 15],
			"faces": {
				"north": {"uv": [1, 12, 1.75, 14], "texture": "#side", "cullface": "east"},
				"east": {"uv": [1, 12, 2, 14], "texture": "#side", "cullface": "east"},
				"up": {"uv": [1, 12, 1.75, 13], "texture": "#side", "cullface": "east"},
				"down": {"uv": [1, 13, 1.75, 14], "texture": "#side", "cullface": "east"}
			}
		},
		{
			"name": "East Inner",
			"from": [15, 2, 1],
			"to": [15.75, 4, 2],
			"faces": {
				"east": {"uv": [1, 12, 2, 14], "texture": "#side", "cullface": "east"},
				"south": {"uv": [1, 12, 1.75, 14], "texture": "#side", "cullface": "east"},
				"up": {"uv": [1, 12, 1.75, 13], "texture": "#side", "cullface": "east"},
				"down": {"uv": [1, 13, 1.75, 14], "texture": "#side", "cullface": "east"}
			}
		},
		{
			"name": "East Inner",
			"from": [15, 2, 2],
			"to": [15.75, 3, 3],
			"faces": {
				"east": {"uv": [2, 13, 3, 14], "texture": "#side", "cullface": "east"},
				"south": {"uv": [2, 13, 2.75, 14], "texture": "#side", "cullface": "east"},
				"up": {"uv": [2, 13, 2.75, 14], "texture": "#side", "cullface": "east"}
			}
		},
		{
			"name": "East Inner",
			"from": [15, 2, 13],
			"to": [15.75, 3, 14],
			"faces": {
				"north": {"uv": [2, 13, 2.75, 14], "texture": "#side", "cullface": "east"},
				"east": {"uv": [2, 13, 3, 14], "texture": "#side", "cullface": "east"},
				"up": {"uv": [2, 13, 2.75, 14], "texture": "#side", "cullface": "east"}
			}
		},
		{
			"name": "East Clip",
			"from": [15, 6, 2],
			"to": [15.75, 8, 14],
			"faces": {
				"north": {"uv": [13, 8, 13.75, 10], "texture": "#side", "cullface": "east"},
				"east": {"uv": [2, 8, 14, 10], "texture": "#side", "cullface": "east"},
				"south": {"uv": [2, 8, 2.75, 10], "texture": "#side", "cullface": "east"},
				"up": {"uv": [2, 8, 14, 9], "rotation": 270, "texture": "#side", "cullface": "east"},
				"down": {"uv": [5, 9, 5.75, 10], "texture": "#side", "cullface": "east"}
			}
		},
		{
			"name": "East Clip",
			"from": [15, 7, 14],
			"to": [15.75, 11, 15],
			"faces": {
				"north": {"uv": [1, 5, 1.75, 9], "texture": "#side", "cullface": "east"},
				"east": {"uv": [1, 5, 2, 9], "texture": "#side", "cullface": "east"},
				"up": {"uv": [1, 5, 2, 6], "rotation": 270, "texture": "#side", "cullface": "east"},
				"down": {"uv": [1, 8, 1.75, 9], "texture": "#side", "cullface": "east"}
			}
		},
		{
			"name": "East Clip",
			"from": [15, 7, 1],
			"to": [15.75, 11, 2],
			"faces": {
				"east": {"uv": [14, 5, 15, 9], "texture": "#side", "cullface": "east"},
				"south": {"uv": [14, 5, 14.75, 9], "texture": "#side", "cullface": "east"},
				"up": {"uv": [14, 5, 15, 6], "rotation": 270, "texture": "#side", "cullface": "east"},
				"down": {"uv": [14, 8, 14.75, 9], "texture": "#side", "cullface": "east"}
			}
		},
		{
			"name": "East Clip",
			"from": [15, 11, 2],
			"to": [15.75, 12, 14],
			"faces": {
				"north": {"uv": [13, 4, 13.75, 5], "texture": "#side", "cullface": "east"},
				"east": {"uv": [2, 4, 14, 5], "texture": "#side", "cullface": "east"},
				"south": {"uv": [2, 4, 2.75, 5], "texture": "#side", "cullface": "east"},
				"down": {"uv": [6, 4, 6.75, 5], "texture": "#side", "cullface": "east"}
			}
		},
		{
			"name": "East Clip",
			"from": [15, 10, 2],
			"to": [15.75, 11, 3],
			"faces": {
				"east": {"uv": [13, 5, 14, 6], "texture": "#side", "cullface": "east"},
				"south": {"uv": [13, 5, 13.75, 6], "texture": "#side", "cullface": "east"},
				"down": {"uv": [13, 5, 13.75, 6], "texture": "#side", "cullface": "east"}
			}
		},
		{
			"name": "East Clip",
			"from": [15, 8, 2],
			"to": [15.75, 9, 3],
			"faces": {
				"east": {"uv": [13, 7, 14, 8], "texture": "#side", "cullface": "east"},
				"south": {"uv": [13, 7, 13.75, 8], "texture": "#side", "cullface": "east"},
				"up": {"uv": [13, 7, 14, 8], "rotation": 270, "texture": "#side", "cullface": "east"}
			}
		},
		{
			"name": "East Clip",
			"from": [15, 10, 13],
			"to": [15.75, 11, 14],
			"faces": {
				"north": {"uv": [13, 5, 13.75, 6], "texture": "#side", "cullface": "east"},
				"east": {"uv": [13, 5, 14, 6], "texture": "#side", "cullface": "east"},
				"down": {"uv": [13, 5, 13.75, 6], "texture": "#side", "cullface": "east"}
			}
		},
		{
			"name": "East Clip",
			"from": [15, 8, 13],
			"to": [15.75, 9, 14],
			"faces": {
				"north": {"uv": [2, 7, 2.75, 8], "texture": "#side", "cullface": "east"},
				"east": {"uv": [2, 7, 3, 8], "texture": "#side", "cullface": "east"},
				"up": {"uv": [2, 7, 3, 8], "rotation": 270, "texture": "#side", "cullface": "east"}
			}
		},
		{
			"name": "South Inner",
			"from": [2, 1, 15],
			"to": [4, 2, 15.75],
			"faces": {
				"east": {"uv": [3, 14, 3.75, 15], "texture": "#side", "cullface": "south"},
				"south": {"uv": [2, 14, 4, 15], "texture": "#side", "cullface": "south"},
				"west": {"uv": [2, 14, 2.75, 15], "texture": "#side", "cullface": "south"},
				"up": {"uv": [2, 14, 4, 14.75], "texture": "#side", "cullface": "south"}
			}
		},
		{
			"name": "South Inner",
			"from": [12, 1, 15],
			"to": [14, 2, 15.75],
			"faces": {
				"east": {"uv": [13, 14, 13.75, 15], "texture": "#side", "cullface": "south"},
				"south": {"uv": [12, 14, 14, 15], "texture": "#side", "cullface": "south"},
				"west": {"uv": [12, 14, 12.75, 15], "texture": "#side", "cullface": "south"},
				"up": {"uv": [12, 14, 14, 14.75], "texture": "#side", "cullface": "south"}
			}
		},
		{
			"name": "South Inner",
			"from": [14, 2, 15],
			"to": [15, 4, 15.75],
			"faces": {
				"south": {"uv": [14, 12, 15, 14], "texture": "#side", "cullface": "south"},
				"west": {"uv": [14, 12, 14.75, 14], "texture": "#side", "cullface": "south"},
				"up": {"uv": [14, 12, 15, 12.75], "texture": "#side", "cullface": "south"},
				"down": {"uv": [14, 13, 15, 13.75], "texture": "#side", "cullface": "south"}
			}
		},
		{
			"name": "South Inner",
			"from": [1, 2, 15],
			"to": [2, 4, 15.75],
			"faces": {
				"east": {"uv": [1, 12, 1.75, 14], "texture": "#side", "cullface": "south"},
				"south": {"uv": [14, 12, 15, 14], "texture": "#side", "cullface": "south"},
				"up": {"uv": [14, 12, 15, 12.75], "texture": "#side", "cullface": "south"},
				"down": {"uv": [14, 13, 15, 13.75], "texture": "#side", "cullface": "south"}
			}
		},
		{
			"name": "South Inner",
			"from": [2, 2, 15],
			"to": [3, 3, 15.75],
			"faces": {
				"east": {"uv": [2, 13, 2.75, 14], "texture": "#side", "cullface": "south"},
				"south": {"uv": [2, 13, 3, 14], "texture": "#side", "cullface": "south"},
				"up": {"uv": [2, 13, 3, 13.75], "texture": "#side", "cullface": "south"}
			}
		},
		{
			"name": "South Inner",
			"from": [13, 2, 15],
			"to": [14, 3, 15.75],
			"faces": {
				"south": {"uv": [2, 13, 3, 14], "texture": "#side", "cullface": "south"},
				"west": {"uv": [2, 13, 2.75, 14], "texture": "#side", "cullface": "south"},
				"up": {"uv": [2, 13, 3, 13.75], "texture": "#side", "cullface": "south"}
			}
		},
		{
			"name": "South Clip",
			"from": [2, 6, 15],
			"to": [14, 8, 15.75],
			"faces": {
				"east": {"uv": [13, 8, 13.75, 10], "texture": "#side", "cullface": "south"},
				"south": {"uv": [2, 8, 14, 10], "texture": "#side", "cullface": "south"},
				"west": {"uv": [2, 8, 2.75, 10], "texture": "#side", "cullface": "south"},
				"up": {"uv": [2, 8, 14, 8.75], "texture": "#side", "cullface": "south"},
				"down": {"uv": [2, 9, 14, 9.75], "texture": "#side", "cullface": "south"}
			}
		},
		{
			"name": "South Clip",
			"from": [1, 7, 15],
			"to": [2, 11, 15.75],
			"faces": {
				"east": {"uv": [1, 5, 1.75, 9], "texture": "#side", "cullface": "south"},
				"south": {"uv": [1, 5, 2, 9], "texture": "#side", "cullface": "south"},
				"up": {"uv": [1, 5, 2, 5.75], "texture": "#side", "cullface": "south"},
				"down": {"uv": [1, 8, 2, 8.75], "texture": "#side", "cullface": "south"}
			}
		},
		{
			"name": "South Clip",
			"from": [14, 7, 15],
			"to": [15, 11, 15.75],
			"faces": {
				"south": {"uv": [14, 5, 15, 9], "texture": "#side", "cullface": "south"},
				"west": {"uv": [14, 5, 14.75, 9], "texture": "#side", "cullface": "south"},
				"up": {"uv": [14, 5, 15, 5.75], "texture": "#side", "cullface": "south"},
				"down": {"uv": [14, 8, 15, 8.75], "texture": "#side", "cullface": "south"}
			}
		},
		{
			"name": "South Clip",
			"from": [2, 11, 15],
			"to": [14, 12, 15.75],
			"faces": {
				"east": {"uv": [13, 4, 13.75, 5], "texture": "#side", "cullface": "south"},
				"south": {"uv": [2, 4, 14, 5], "texture": "#side", "cullface": "south"},
				"west": {"uv": [14, 5, 14.75, 6], "texture": "#side", "cullface": "south"},
				"down": {"uv": [2, 4, 14, 4.75], "texture": "#side", "cullface": "south"}
			}
		},
		{
			"name": "South Clip",
			"from": [2, 10, 15],
			"to": [3, 11, 15.75],
			"faces": {
				"east": {"uv": [2, 5, 2.75, 6], "texture": "#side", "cullface": "south"},
				"south": {"uv": [2, 5, 3, 6], "texture": "#side", "cullface": "south"},
				"down": {"uv": [2, 5, 3, 5.75], "texture": "#side", "cullface": "south"}
			}
		},
		{
			"name": "South Clip",
			"from": [2, 8, 15],
			"to": [3, 9, 15.75],
			"faces": {
				"east": {"uv": [2, 7, 2.75, 8], "texture": "#side", "cullface": "south"},
				"south": {"uv": [2, 7, 3, 8], "texture": "#side", "cullface": "south"},
				"up": {"uv": [2, 7, 3, 7.75], "texture": "#side", "cullface": "south"}
			}
		},
		{
			"name": "South Clip",
			"from": [13, 10, 15],
			"to": [14, 11, 15.75],
			"faces": {
				"south": {"uv": [13, 5, 14, 6], "texture": "#side", "cullface": "south"},
				"west": {"uv": [13, 5, 13.75, 6], "texture": "#side", "cullface": "south"},
				"down": {"uv": [13, 5, 14, 5.75], "texture": "#side", "cullface": "south"}
			}
		},
		{
			"name": "South Clip",
			"from": [13, 8, 15],
			"to": [14, 9, 15.75],
			"faces": {
				"south": {"uv": [13, 7, 14, 8], "texture": "#side", "cullface": "south"},
				"west": {"uv": [13, 7, 13.75, 8], "texture": "#side", "cullface": "south"},
				"up": {"uv": [13, 7, 14, 7.75], "texture": "#side", "cullface": "south"}
			}
		},
		{
			"name": "Top Circle",
			"from": [3, 12, 6],
			"to": [4, 13, 10],
			"faces": {
				"north": {"uv": [3, 6, 4, 7], "texture": "#top"},
				"east": {"uv": [3, 6, 4, 10], "rotation": 90, "texture": "#top"},
				"south": {"uv": [3, 9, 4, 10], "texture": "#top"},
				"west": {"uv": [3, 6, 4, 10], "rotation": 270, "texture": "#top"},
				"up": {"uv": [3, 6, 4, 10], "texture": "#top"}
			}
		},
		{
			"name": "Top Frame",
			"from": [2, 12, 1],
			"to": [5, 12.75, 2],
			"faces": {
				"east": {"uv": [4, 1, 5, 1.75], "texture": "#top"},
				"south": {"uv": [2, 1, 5, 1.75], "texture": "#top"},
				"west": {"uv": [2, 1, 3, 1.75], "texture": "#top"},
				"up": {"uv": [2, 1, 5, 2], "texture": "#top"}
			}
		},
		{
			"name": "Top Frame",
			"from": [11, 12, 1],
			"to": [14, 12.75, 2],
			"faces": {
				"east": {"uv": [13, 1, 14, 1.75], "texture": "#top"},
				"south": {"uv": [11, 1, 14, 1.75], "texture": "#top"},
				"west": {"uv": [11, 1, 12, 1.75], "texture": "#top"},
				"up": {"uv": [11, 1, 14, 2], "texture": "#top"}
			}
		},
		{
			"name": "Top Frame",
			"from": [11, 12, 14],
			"to": [14, 12.75, 15],
			"faces": {
				"north": {"uv": [11, 14, 14, 14.75], "texture": "#top"},
				"east": {"uv": [13, 14, 14, 14.75], "texture": "#top"},
				"west": {"uv": [11, 14, 12, 14.75], "texture": "#top"},
				"up": {"uv": [11, 14, 14, 15], "texture": "#top"}
			}
		},
		{
			"name": "Top Frame",
			"from": [2, 12, 14],
			"to": [5, 12.75, 15],
			"faces": {
				"north": {"uv": [11, 14, 14, 14.75], "texture": "#top"},
				"east": {"uv": [13, 14, 14, 14.75], "texture": "#top"},
				"west": {"uv": [11, 14, 12, 14.75], "texture": "#top"},
				"up": {"uv": [11, 14, 14, 15], "texture": "#top"}
			}
		},
		{
			"name": "Top Frame",
			"from": [1, 12, 11],
			"to": [2, 12.75, 14],
			"faces": {
				"north": {"uv": [1, 11, 2, 11.75], "texture": "#top"},
				"east": {"uv": [1, 14, 2, 11], "rotation": 90, "texture": "#top"},
				"south": {"uv": [1, 13, 2, 13.75], "texture": "#top"},
				"up": {"uv": [1, 11, 2, 14], "texture": "#top"}
			}
		},
		{
			"name": "Top Frame",
			"from": [1, 12, 2],
			"to": [2, 12.75, 5],
			"faces": {
				"north": {"uv": [1, 2, 2, 2.75], "texture": "#top"},
				"east": {"uv": [1, 5, 2, 2], "rotation": 90, "texture": "#top"},
				"south": {"uv": [1, 4, 2, 4.75], "texture": "#top"},
				"up": {"uv": [1, 2, 2, 5], "texture": "#top"}
			}
		},
		{
			"name": "Top Frame",
			"from": [14, 12, 2],
			"to": [15, 12.75, 5],
			"faces": {
				"north": {"uv": [1, 2, 2, 2.75], "texture": "#top"},
				"south": {"uv": [1, 4, 2, 4.75], "texture": "#top"},
				"west": {"uv": [11, 14, 14, 14.75], "texture": "#top"},
				"up": {"uv": [1, 2, 2, 5], "texture": "#top"}
			}
		},
		{
			"name": "Top Frame",
			"from": [14, 12, 11],
			"to": [15, 12.75, 14],
			"faces": {
				"north": {"uv": [1, 2, 2, 2.75], "texture": "#top"},
				"south": {"uv": [1, 4, 2, 4.75], "texture": "#top"},
				"west": {"uv": [11, 14, 14, 14.75], "texture": "#top"},
				"up": {"uv": [14, 11, 15, 14], "texture": "#top"}
			}
		},
		{
			"name": "Top Frame",
			"from": [5, 12, 2],
			"to": [7, 12.75, 3],
			"faces": {
				"north": {"uv": [5, 2, 7, 2.75], "texture": "#top"},
				"east": {"uv": [6, 2, 7, 2.75], "texture": "#top"},
				"south": {"uv": [5, 2, 7, 2.75], "texture": "#top"},
				"west": {"uv": [5, 2, 6, 2.75], "texture": "#top"},
				"up": {"uv": [5, 2, 7, 3], "texture": "#top"}
			}
		},
		{
			"name": "Top Frame",
			"from": [9, 12, 2],
			"to": [11, 12.75, 3],
			"faces": {
				"north": {"uv": [9, 2, 11, 2.75], "texture": "#top"},
				"east": {"uv": [10, 2, 11, 2.75], "texture": "#top"},
				"south": {"uv": [9, 2, 11, 2.75], "texture": "#top"},
				"west": {"uv": [9, 2, 10, 2.75], "texture": "#top"},
				"up": {"uv": [9, 2, 11, 3], "texture": "#top"}
			}
		},
		{
			"name": "Top Frame",
			"from": [9, 12, 13],
			"to": [11, 12.75, 14],
			"faces": {
				"north": {"uv": [9, 13, 11, 13.75], "texture": "#top"},
				"east": {"uv": [10, 13, 11, 13.75], "texture": "#top"},
				"south": {"uv": [9, 13, 11, 13.75], "texture": "#top"},
				"west": {"uv": [9, 13, 10, 13.75], "texture": "#top"},
				"up": {"uv": [9, 13, 11, 14], "texture": "#top"}
			}
		},
		{
			"name": "Top Frame",
			"from": [5, 12, 13],
			"to": [7, 12.75, 14],
			"faces": {
				"north": {"uv": [5, 13, 7, 13.75], "texture": "#top"},
				"east": {"uv": [6, 13, 7, 13.75], "texture": "#top"},
				"south": {"uv": [5, 13, 7, 13.75], "texture": "#top"},
				"west": {"uv": [5, 13, 6, 13.75], "texture": "#top"},
				"up": {"uv": [5, 13, 7, 14], "texture": "#top"}
			}
		},
		{
			"name": "Top Circle",
			"from": [6, 12, 3],
			"to": [10, 13, 4],
			"faces": {
				"north": {"uv": [6, 3, 10, 4], "texture": "#top"},
				"east": {"uv": [9, 3, 10, 4], "texture": "#top"},
				"south": {"uv": [6, 3, 10, 4], "texture": "#top"},
				"west": {"uv": [6, 3, 7, 4], "texture": "#top"},
				"up": {"uv": [6, 3, 10, 4], "texture": "#top"}
			}
		},
		{
			"name": "Top Circle",
			"from": [6, 12, 12],
			"to": [10, 13, 13],
			"faces": {
				"north": {"uv": [6, 12, 10, 13], "texture": "#top"},
				"east": {"uv": [9, 12, 10, 13], "texture": "#top"},
				"south": {"uv": [6, 12, 10, 13], "texture": "#top"},
				"west": {"uv": [6, 12, 7, 13], "texture": "#top"},
				"up": {"uv": [6, 12, 10, 13], "texture": "#top"}
			}
		},
		{
			"name": "Top Circle",
			"from": [4, 12, 4],
			"to": [7, 13, 5],
			"faces": {
				"north": {"uv": [4, 4, 7, 5], "texture": "#top"},
				"east": {"uv": [6, 4, 7, 5], "texture": "#top"},
				"south": {"uv": [4, 4, 7, 5], "texture": "#top"},
				"west": {"uv": [4, 4, 5, 5], "texture": "#top"},
				"up": {"uv": [4, 4, 7, 5], "texture": "#top"}
			}
		},
		{
			"name": "Top Circle",
			"from": [9, 12, 4],
			"to": [12, 13, 5],
			"faces": {
				"north": {"uv": [9, 4, 12, 5], "texture": "#top"},
				"east": {"uv": [11, 4, 12, 5], "texture": "#top"},
				"south": {"uv": [9, 4, 12, 5], "texture": "#top"},
				"west": {"uv": [9, 4, 10, 5], "texture": "#top"},
				"up": {"uv": [9, 4, 12, 5], "texture": "#top"}
			}
		},
		{
			"name": "Top Circle",
			"from": [9, 12, 11],
			"to": [12, 13, 12],
			"faces": {
				"north": {"uv": [9, 11, 12, 12], "texture": "#top"},
				"east": {"uv": [11, 11, 12, 12], "texture": "#top"},
				"south": {"uv": [9, 11, 12, 12], "texture": "#top"},
				"west": {"uv": [9, 11, 10, 12], "texture": "#top"},
				"up": {"uv": [9, 11, 12, 12], "texture": "#top"}
			}
		},
		{
			"name": "Top Circle",
			"from": [4, 12, 11],
			"to": [7, 13, 12],
			"faces": {
				"north": {"uv": [4, 11, 7, 12], "texture": "#top"},
				"east": {"uv": [6, 11, 7, 12], "texture": "#top"},
				"south": {"uv": [4, 11, 7, 12], "texture": "#top"},
				"west": {"uv": [4, 11, 5, 12], "texture": "#top"},
				"up": {"uv": [4, 11, 7, 12], "texture": "#top"}
			}
		},
		{
			"name": "Top Circle",
			"from": [4, 12, 9],
			"to": [5, 13, 11],
			"faces": {
				"north": {"uv": [4, 9, 5, 10], "texture": "#top"},
				"east": {"uv": [4, 9, 5, 11], "rotation": 90, "texture": "#top"},
				"west": {"uv": [4, 9, 5, 11], "rotation": 270, "texture": "#top"},
				"up": {"uv": [4, 9, 5, 11], "texture": "#top"}
			}
		},
		{
			"name": "Top Circle",
			"from": [4, 12, 5],
			"to": [5, 13, 7],
			"faces": {
				"east": {"uv": [4, 5, 5, 7], "rotation": 90, "texture": "#top"},
				"south": {"uv": [4, 6, 5, 7], "texture": "#top"},
				"west": {"uv": [4, 5, 5, 7], "rotation": 270, "texture": "#top"},
				"up": {"uv": [4, 5, 5, 7], "texture": "#top"}
			}
		},
		{
			"name": "Top Circle",
			"from": [11, 12, 5],
			"to": [12, 13, 7],
			"faces": {
				"east": {"uv": [11, 5, 12, 7], "rotation": 90, "texture": "#top"},
				"south": {"uv": [11, 6, 12, 7], "texture": "#top"},
				"west": {"uv": [11, 5, 12, 7], "rotation": 270, "texture": "#top"},
				"up": {"uv": [11, 5, 12, 7], "texture": "#top"}
			}
		},
		{
			"name": "Top Circle",
			"from": [11, 12, 9],
			"to": [12, 13, 11],
			"faces": {
				"north": {"uv": [11, 9, 12, 10], "texture": "#top"},
				"east": {"uv": [11, 9, 12, 11], "rotation": 90, "texture": "#top"},
				"west": {"uv": [11, 9, 12, 11], "rotation": 270, "texture": "#top"},
				"up": {"uv": [11, 9, 12, 11], "texture": "#top"}
			}
		},
		{
			"name": "Top Circle",
			"from": [12, 12, 6],
			"to": [13, 13, 10],
			"faces": {
				"north": {"uv": [12, 6, 13, 7], "texture": "#top"},
				"east": {"uv": [12, 6, 13, 10], "rotation": 90, "texture": "#top"},
				"south": {"uv": [12, 9, 13, 10], "texture": "#top"},
				"west": {"uv": [12, 6, 13, 10], "rotation": 270, "texture": "#top"},
				"up": {"uv": [12, 6, 13, 10], "texture": "#top"}
			}
		},
		{
			"name": "Cube",
			"from": [1, 10, 1],
			"to": [15, 12, 5],
			"faces": {
				"north": {"uv": [1, 4, 15, 6], "texture": "#side", "cullface": "north"},
				"east": {"uv": [11, 4, 15, 6], "texture": "#side", "cullface": "east"},
				"south": {"uv": [1, 5, 15, 7], "texture": "#top"},
				"west": {"uv": [1, 4, 5, 6], "texture": "#side", "cullface": "west"},
				"up": {"uv": [1, 1, 15, 5], "texture": "#top"}
			}
		},
		{
			"name": "Cube",
			"from": [1, 10, 11],
			"to": [15, 12, 15],
			"faces": {
				"north": {"uv": [1, 5, 15, 7], "texture": "#top"},
				"east": {"uv": [1, 4, 5, 6], "texture": "#side", "cullface": "east"},
				"south": {"uv": [1, 4, 15, 6], "texture": "#side", "cullface": "south"},
				"west": {"uv": [11, 4, 15, 6], "texture": "#side", "cullface": "west"},
				"up": {"uv": [1, 11, 15, 15], "texture": "#top"}
			}
		},
		{
			"name": "Cube",
			"from": [1, 10, 5],
			"to": [5, 12, 11],
			"faces": {
				"east": {"uv": [5, 5, 11, 7], "texture": "#top"},
				"west": {"uv": [5, 4, 11, 6], "texture": "#side", "cullface": "west"},
				"up": {"uv": [1, 5, 5, 11], "texture": "#top"}
			}
		},
		{
			"name": "Cube",
			"from": [11, 10, 5],
			"to": [15, 12, 11],
			"faces": {
				"east": {"uv": [5, 4, 11, 6], "texture": "#side", "cullface": "east"},
				"west": {"uv": [5, 8, 11, 10], "texture": "#top"},
				"up": {"uv": [11, 5, 15, 11], "texture": "#top"}
			}
		},
		{
			"name": "Cube",
			"from": [5, 10, 5],
			"to": [11, 11, 6],
			"faces": {
				"south": {"uv": [5, 5, 11, 6], "texture": "#top"},
				"up": {"uv": [5, 5, 11, 6], "texture": "#top"}
			}
		},
		{
			"name": "Cube",
			"from": [5, 10, 10],
			"to": [11, 11, 11],
			"faces": {
				"north": {"uv": [5, 10, 11, 11], "texture": "#top"},
				"up": {"uv": [5, 10, 11, 11], "texture": "#top"}
			}
		},
		{
			"name": "Cube",
			"from": [5, 10, 6],
			"to": [6, 11, 10],
			"faces": {
				"east": {"uv": [6, 6, 10, 7], "texture": "#top"},
				"up": {"uv": [5, 6, 6, 10], "texture": "#top"}
			}
		},
		{
			"name": "Cube",
			"from": [10, 10, 6],
			"to": [11, 11, 10],
			"faces": {
				"west": {"uv": [7, 9, 11, 10], "texture": "#top"},
				"up": {"uv": [10, 6, 11, 10], "texture": "#top"}
			}
		},
		{
			"name": "Cube",
			"from": [9, 10, 6],
			"to": [10, 11, 7],
			"faces": {
				"south": {"uv": [9, 6, 10, 7], "texture": "#top"},
				"west": {"uv": [9, 6, 10, 7], "texture": "#top"},
				"up": {"uv": [9, 6, 10, 7], "texture": "#top"}
			}
		},
		{
			"name": "Cube",
			"from": [6, 10, 6],
			"to": [7, 11, 7],
			"faces": {
				"east": {"uv": [6, 6, 7, 7], "texture": "#top"},
				"south": {"uv": [6, 6, 7, 7], "texture": "#top"},
				"up": {"uv": [6, 6, 7, 7], "texture": "#top"}
			}
		},
		{
			"name": "Cube",
			"from": [6, 10, 9],
			"to": [7, 11, 10],
			"faces": {
				"north": {"uv": [6, 9, 7, 10], "texture": "#top"},
				"east": {"uv": [6, 9, 7, 10], "texture": "#top"},
				"up": {"uv": [6, 9, 7, 10], "texture": "#top"}
			}
		},
		{
			"name": "Cube",
			"from": [9, 10, 9],
			"to": [10, 11, 10],
			"faces": {
				"north": {"uv": [9, 9, 10, 10], "texture": "#top"},
				"west": {"uv": [9, 9, 10, 10], "texture": "#top"},
				"up": {"uv": [9, 9, 10, 10], "texture": "#top"}
			}
		},
		{
			"name": "Cube",
			"from": [10, 11, 10],
			"to": [11, 12, 11],
			"faces": {
				"north": {"uv": [10, 10, 11, 11], "texture": "#top"},
				"west": {"uv": [10, 10, 11, 11], "texture": "#top"},
				"up": {"uv": [10, 10, 11, 11], "texture": "#top"}
			}
		},
		{
			"name": "Cube",
			"from": [5, 11, 10],
			"to": [6, 12, 11],
			"faces": {
				"north": {"uv": [5, 10, 6, 11], "texture": "#top"},
				"east": {"uv": [5, 10, 6, 11], "texture": "#top"},
				"up": {"uv": [5, 10, 6, 11], "texture": "#top"}
			}
		},
		{
			"name": "Cube",
			"from": [5, 11, 5],
			"to": [6, 12, 6],
			"faces": {
				"east": {"uv": [5, 5, 6, 6], "texture": "#top"},
				"south": {"uv": [5, 5, 6, 6], "texture": "#top"},
				"up": {"uv": [5, 5, 6, 6], "texture": "#top"}
			}
		},
		{
			"name": "Cube",
			"from": [10, 11, 5],
			"to": [11, 12, 6],
			"faces": {
				"south": {"uv": [10, 5, 11, 6], "texture": "#top"},
				"west": {"uv": [10, 5, 11, 6], "texture": "#top"},
				"up": {"uv": [10, 5, 11, 6], "texture": "#top"}
			}
		}
	],
	"display": {
		"thirdperson_righthand": {
			"rotation": [75, 45, 0],
			"translation": [0, 2.5, 0],
			"scale": [0.375, 0.375, 0.375]
		},
		"thirdperson_lefthand": {
			"rotation": [75, 45, 0],
			"translation": [0, 2.5, 0],
			"scale": [0.375, 0.375, 0.375]
		},
		"firstperson_righthand": {
			"rotation": [0, 135, 0],
			"scale": [0.4, 0.4, 0.4]
		},
		"firstperson_lefthand": {
			"rotation": [0, 135, 0],
			"scale": [0.4, 0.4, 0.4]
		},
		"ground": {
			"scale": [0.25, 0.25, 0.25]
		},
		"gui": {
			"rotation": [30, -135, 0],
			"scale": [0.625, 0.625, 0.625]
		},
		"head": {
			"rotation": [0, 180, 0]
		},
		"fixed": {
			"scale": [0.5, 0.5, 0.5]
		}
	},
	"groups": [0,
		{
			"name": "Frame",
			"origin": [8, 8, 8],
			"children": [1, 2, 3, 4, 5, 6, 7, 8, 9, 10, 11, 12]
		},
		{
			"name": "Bottom",
			"origin": [8, 8, 8],
			"children": [13, 14, 15, 16, 17, 18, 19, 20, 21, 22, 23, 24]
		},
		{
			"name": "West",
			"origin": [8, 8, 8],
			"children": [25, 26, 27, 28, 29, 30, 31, 32, 33, 34, 35, 36, 37, 38]
		},
		{
			"name": "Norrth",
			"origin": [8, 8, 8],
			"children": [39, 40, 41, 42, 43, 44, 45, 46, 47, 48, 49, 50, 51, 52]
		},
		{
			"name": "East",
			"origin": [8, 8, 8],
			"children": [53, 54, 55, 56, 57, 58, 59, 60, 61, 62, 63, 64, 65, 66]
		},
		{
			"name": "South",
			"origin": [8, 8, 8],
			"children": [67, 68, 69, 70, 71, 72, 73, 74, 75, 76, 77, 78, 79, 80]
		},
		{
			"name": "Top",
			"origin": [8, 8, 8],
			"children": [81, 82, 83, 84, 85, 86, 87, 88, 89, 90, 91, 92, 93, 94, 95, 96, 97, 98, 99, 100, 101, 102, 103, 104]
		},
		{
			"name": "Top concave",
			"origin": [8, 8, 8],
			"children": [105, 106, 107, 108, 109, 110, 111, 112, 113, 114, 115, 116, 117, 118, 119, 120]
		}
	]
}