{
	"credit": "Made by TheWaschtlPlays using Blockbench",
	"textures": {
		"particle": "block/end_portal_frame_top",
		"end_portal_frame_eye": "block/end_portal_frame_eye"
	},
	"elements": [
		{
			"name": "Eye",
			"from": [7, 13, 4],
			"to": [9, 14, 5],
			"faces": {
				"north": {"uv": [7, 4, 9, 5], "texture": "#end_portal_frame_eye"},
				"east": {"uv": [8, 4, 9, 5], "texture": "#end_portal_frame_eye"},
				"west": {"uv": [7, 4, 8, 5], "texture": "#end_portal_frame_eye"},
				"up": {"uv": [7, 4, 9, 5], "texture": "#end_portal_frame_eye"}
			}
		},
		{
			"name": "Eye",
			"from": [7, 13, 11],
			"to": [9, 14, 12],
			"faces": {
				"east": {"uv": [8, 11, 9, 12], "texture": "#end_portal_frame_eye"},
				"south": {"uv": [7, 11, 9, 12], "texture": "#end_portal_frame_eye"},
				"west": {"uv": [7, 11, 8, 12], "texture": "#end_portal_frame_eye"},
				"up": {"uv": [7, 11, 9, 12], "texture": "#end_portal_frame_eye"}
			}
		},
		{
			"name": "Eye",
			"from": [4, 13, 7],
			"to": [5, 14, 9],
			"faces": {
				"north": {"uv": [4, 7, 5, 8], "texture": "#end_portal_frame_eye"},
				"south": {"uv": [4, 8, 5, 9], "texture": "#end_portal_frame_eye"},
				"west": {"uv": [4, 7, 5, 9], "rotation": 270, "texture": "#end_portal_frame_eye"},
				"up": {"uv": [4, 7, 5, 9], "texture": "#end_portal_frame_eye"}
			}
		},
		{
			"name": "Eye",
			"from": [11, 13, 7],
			"to": [12, 14, 9],
			"faces": {
				"north": {"uv": [11, 7, 12, 8], "texture": "#end_portal_frame_eye"},
				"east": {"uv": [11, 7, 12, 9], "rotation": 90, "texture": "#end_portal_frame_eye"},
				"south": {"uv": [11, 8, 12, 9], "texture": "#end_portal_frame_eye"},
				"up": {"uv": [11, 7, 12, 9], "texture": "#end_portal_frame_eye"}
			}
		},
		{
			"name": "Eye",
			"from": [5, 13, 5],
			"to": [6, 14, 6],
			"faces": {
				"north": {"uv": [5, 5, 6, 6], "texture": "#end_portal_frame_eye"},
				"west": {"uv": [5, 5, 6, 6], "texture": "#end_portal_frame_eye"},
				"up": {"uv": [5, 5, 6, 6], "texture": "#end_portal_frame_eye"}
			}
		},
		{
			"name": "Eye",
			"from": [5, 13, 10],
			"to": [6, 14, 11],
			"faces": {
				"south": {"uv": [5, 10, 6, 11], "texture": "#end_portal_frame_eye"},
				"west": {"uv": [5, 10, 6, 11], "texture": "#end_portal_frame_eye"},
				"up": {"uv": [5, 10, 6, 11], "texture": "#end_portal_frame_eye"}
			}
		},
		{
			"name": "Eye",
			"from": [10, 13, 10],
			"to": [11, 14, 11],
			"faces": {
				"east": {"uv": [10, 10, 11, 11], "texture": "#end_portal_frame_eye"},
				"south": {"uv": [10, 10, 11, 11], "texture": "#end_portal_frame_eye"},
				"up": {"uv": [10, 10, 11, 11], "texture": "#end_portal_frame_eye"}
			}
		},
		{
			"name": "Eye",
			"from": [10, 13, 5],
			"to": [11, 14, 6],
			"faces": {
				"north": {"uv": [10, 5, 11, 6], "texture": "#end_portal_frame_eye"},
				"east": {"uv": [10, 5, 11, 6], "texture": "#end_portal_frame_eye"},
				"up": {"uv": [10, 5, 11, 6], "texture": "#end_portal_frame_eye"}
			}
		},
		{
			"name": "Eye",
			"from": [6, 13, 5],
			"to": [10, 15, 11],
			"faces": {
				"north": {"uv": [6, 5, 10, 6], "rotation": 180, "texture": "#end_portal_frame_eye"},
				"east": {"uv": [9, 5, 10, 11], "rotation": 90, "texture": "#end_portal_frame_eye"},
				"south": {"uv": [6, 10, 10, 12], "texture": "#end_portal_frame_eye"},
				"west": {"uv": [7, 5, 6, 11], "rotation": 270, "texture": "#end_portal_frame_eye"},
				"up": {"uv": [6, 5, 10, 11], "texture": "#end_portal_frame_eye"}
			}
		},
		{
			"name": "Eye",
			"from": [5, 13, 6],
			"to": [6, 15, 10],
			"faces": {
				"north": {"uv": [5, 6, 6, 7], "rotation": 180, "texture": "#end_portal_frame_eye"},
				"south": {"uv": [5, 9, 6, 11], "texture": "#end_portal_frame_eye"},
				"west": {"uv": [6, 6, 5, 10], "rotation": 270, "texture": "#end_portal_frame_eye"},
				"up": {"uv": [5, 6, 6, 10], "texture": "#end_portal_frame_eye"}
			}
		},
		{
			"name": "Eye",
			"from": [10, 13, 6],
			"to": [11, 15, 10],
			"faces": {
				"north": {"uv": [10, 6, 11, 7], "rotation": 180, "texture": "#end_portal_frame_eye"},
				"east": {"uv": [10, 6, 11, 10], "rotation": 90, "texture": "#end_portal_frame_eye"},
				"south": {"uv": [10, 9, 11, 11], "texture": "#end_portal_frame_eye"},
				"up": {"uv": [10, 6, 11, 10], "texture": "#end_portal_frame_eye"}
			}
		},
		{
			"name": "Eye",
			"from": [7, 15, 6],
			"to": [9, 15.5, 10],
			"faces": {
				"north": {"uv": [7, 6, 9, 6.5], "rotation": 180, "texture": "#end_portal_frame_eye"},
				"east": {"uv": [8, 6, 9, 10], "rotation": 90, "texture": "#end_portal_frame_eye"},
				"south": {"uv": [7, 9, 9, 9.5], "texture": "#end_portal_frame_eye"},
				"west": {"uv": [7, 6, 8, 10], "rotation": 270, "texture": "#end_portal_frame_eye"},
				"up": {"uv": [7, 6, 9, 10], "texture": "#end_portal_frame_eye"}
			}
		},
		{
			"name": "Eye",
			"from": [9, 15, 7],
			"to": [10, 15.5, 9],
			"faces": {
				"north": {"uv": [9, 7, 10, 7.5], "rotation": 180, "texture": "#end_portal_frame_eye"},
				"east": {"uv": [9, 7, 10, 9], "rotation": 90, "texture": "#end_portal_frame_eye"},
				"south": {"uv": [9, 8, 10, 8.5], "texture": "#end_portal_frame_eye"},
				"up": {"uv": [9, 7, 10, 9], "texture": "#end_portal_frame_eye"}
			}
		},
		{
			"name": "Eye",
			"from": [6, 15, 7],
			"to": [7, 15.5, 9],
			"faces": {
				"north": {"uv": [6, 7, 7, 7.5], "rotation": 180, "texture": "#end_portal_frame_eye"},
				"south": {"uv": [6, 8, 7, 8.5], "texture": "#end_portal_frame_eye"},
				"west": {"uv": [6, 7, 7, 9], "rotation": 270, "texture": "#end_portal_frame_eye"},
				"up": {"uv": [6, 7, 7, 9], "texture": "#end_portal_frame_eye"}
			}
		}
	],
	"display": {
		"thirdperson_righthand": {
			"rotation": [75, 315, 0],
			"translation": [0, 2.5, 0],
			"scale": [0.375, 0.375, 0.375]
		},
		"firstperson_righthand": {
			"rotation": [0, 315, 0],
			"translation": [0, 2.5, 0],
			"scale": [0.4, 0.4, 0.4]
		},
		"ground": {
			"translation": [0, 3, 0],
			"scale": [0.25, 0.25, 0.25]
		},
		"gui": {
			"rotation": [30, 45, 0],
			"scale": [0.625, 0.625, 0.625]
		},
		"head": {
			"rotation": [0, 180, 0]
		},
		"fixed": {
			"rotation": [0, 180, 0]
		}
	},
	"groups": [
		{
			"name": "Eye",
			"origin": [8, 8, 8],
			"children": [0, 1, 2, 3, 4, 5, 6, 7, 8, 9, 10, 11, 12, 13]
		}
	]
}