{
	"credit": "Made by TheWaschtlPlays using Blockbench",
	"ambientocclusion": false,
	"textures": {
		"1": "custom_textures/doors/iron/iron_door_top_clean",
		"particle": "custom_textures/doors/iron/iron_door_top_clean",
		"bottom": "custom_textures/doors/iron/iron_door_bottom"
	},
	"elements": [
		{
			"from": [0, 0, 0],
			"to": [3, 16, 16],
			"faces": {
				"north": {"uv": [16, 0, 13, 16], "texture": "#bottom", "cullface": "north"},
				"east": {"uv": [0, 0, 16, 16], "texture": "#bottom"},
				"south": {"uv": [0, 0, 3, 16], "texture": "#bottom", "cullface": "south"},
				"west": {"uv": [16, 0, 0, 16], "texture": "#bottom", "cullface": "west"},
				"down": {"uv": [16, 13, 0, 16], "rotation": 90, "texture": "#bottom", "cullface": "down"}
			}
		},
		{
			"name": "HingeUP",
			"from": [-0.25, 14.75, 15],
			"to": [3.25, 17.25, 16.25],
			"rotation": {"angle": 0, "axis": "y", "origin": [7.75, 23, 8]},
			"faces": {
				"north": {"uv": [1, 6, 0, 4], "texture": "#1"},
				"east": {"uv": [1, 6, 0, 4], "texture": "#1"},
				"south": {"uv": [1, 6, 0, 4], "texture": "#1"},
				"west": {"uv": [1, 6, 0, 4], "texture": "#1"},
				"up": {"uv": [0, 6, 1, 5], "texture": "#1"},
				"down": {"uv": [0, 5, 1, 4], "texture": "#1"}
			}
		},
		{
			"name": "HingeDWN",
			"from": [-0.25, 3.75, 15],
			"to": [3.25, 6.25, 16.25],
			"rotation": {"angle": 0, "axis": "y", "origin": [7.75, 12, 8]},
			"faces": {
				"north": {"uv": [1, 6, 0, 4], "texture": "#1"},
				"east": {"uv": [1, 6, 0, 4], "texture": "#1"},
				"south": {"uv": [1, 6, 0, 4], "texture": "#1"},
				"west": {"uv": [1, 6, 0, 4], "texture": "#1"},
				"up": {"uv": [0, 6, 1, 5], "texture": "#1"},
				"down": {"uv": [0, 5, 1, 4], "texture": "#1"}
			}
		}
	]
}