{
	"credit": "Made by TheWaschtlPlays using Blockbench",
	"textures": {
		"particle": "block/jukebox_top",
		"top": "block/jukebox_top",
		"side": "block/jukebox_side"
	},
	"elements": [
		{
			"name": "Frame",
			"from": [0, 1, 0],
			"to": [1, 15, 1],
			"faces": {
				"north": {"uv": [15, 1, 16, 15], "texture": "#side", "cullface": "north"},
				"east": {"uv": [15, 1, 16, 15], "texture": "#side", "cullface": "north"},
				"south": {"uv": [15, 1, 16, 15], "texture": "#side", "cullface": "west"},
				"west": {"uv": [15, 1, 16, 15], "texture": "#side", "cullface": "west"}
			}
		},
		{
			"name": "Frame",
			"from": [15, 1, 0],
			"to": [16, 15, 1],
			"faces": {
				"north": {"uv": [15, 1, 16, 15], "texture": "#side", "cullface": "north"},
				"east": {"uv": [15, 1, 16, 15], "texture": "#side", "cullface": "east"},
				"south": {"uv": [15, 1, 16, 15], "texture": "#side", "cullface": "east"},
				"west": {"uv": [15, 1, 16, 15], "texture": "#side", "cullface": "north"}
			}
		},
		{
			"name": "Frame",
			"from": [15, 1, 15],
			"to": [16, 15, 16],
			"faces": {
				"north": {"uv": [15, 1, 16, 15], "texture": "#side", "cullface": "east"},
				"east": {"uv": [15, 1, 16, 15], "texture": "#side", "cullface": "east"},
				"south": {"uv": [15, 1, 16, 15], "texture": "#side", "cullface": "south"},
				"west": {"uv": [15, 1, 16, 15], "texture": "#side", "cullface": "south"}
			}
		},
		{
			"name": "Frame",
			"from": [0, 1, 15],
			"to": [1, 15, 16],
			"faces": {
				"north": {"uv": [15, 1, 16, 15], "texture": "#side", "cullface": "west"},
				"east": {"uv": [15, 1, 16, 15], "texture": "#side", "cullface": "south"},
				"south": {"uv": [15, 1, 16, 15], "texture": "#side", "cullface": "south"},
				"west": {"uv": [15, 1, 16, 15], "texture": "#side", "cullface": "west"}
			}
		},
		{
			"name": "Frame",
			"from": [0, 15, 0],
			"to": [15, 16, 1],
			"faces": {
				"north": {"uv": [0, 0, 15, 1], "texture": "#side", "cullface": "north"},
				"south": {"uv": [0, 0, 15, 1], "texture": "#side", "cullface": "up"},
				"west": {"uv": [0, 0, 1, 1], "texture": "#side", "cullface": "west"},
				"up": {"uv": [0, 0, 15, 1], "texture": "#side", "cullface": "up"},
				"down": {"uv": [0, 0, 15, 1], "texture": "#side", "cullface": "north"}
			}
		},
		{
			"name": "Frame",
			"from": [15, 15, 0],
			"to": [16, 16, 15],
			"faces": {
				"north": {"uv": [0, 0, 1, 1], "texture": "#side", "cullface": "north"},
				"east": {"uv": [0, 0, 15, 1], "texture": "#side", "cullface": "east"},
				"west": {"uv": [0, 0, 15, 1], "texture": "#side", "cullface": "up"},
				"up": {"uv": [0, 0, 15, 1], "rotation": 90, "texture": "#side", "cullface": "up"},
				"down": {"uv": [0, 0, 15, 1], "rotation": 270, "texture": "#side", "cullface": "east"}
			}
		},
		{
			"name": "Frame",
			"from": [15, 0, 0],
			"to": [16, 1, 15],
			"faces": {
				"north": {"uv": [0, 0, 1, 1], "texture": "#side", "cullface": "north"},
				"east": {"uv": [0, 0, 15, 1], "texture": "#side", "cullface": "east"},
				"west": {"uv": [0, 0, 15, 1], "texture": "#side", "cullface": "down"},
				"up": {"uv": [0, 0, 15, 1], "rotation": 90, "texture": "#side", "cullface": "east"},
				"down": {"uv": [0, 0, 15, 1], "rotation": 270, "texture": "#side", "cullface": "down"}
			}
		},
		{
			"name": "Frame",
			"from": [0, 15, 1],
			"to": [1, 16, 16],
			"faces": {
				"east": {"uv": [0, 0, 15, 1], "texture": "#side", "cullface": "up"},
				"south": {"uv": [0, 0, 1, 1], "texture": "#side", "cullface": "south"},
				"west": {"uv": [0, 0, 15, 1], "texture": "#side", "cullface": "west"},
				"up": {"uv": [0, 0, 15, 1], "rotation": 270, "texture": "#side", "cullface": "up"},
				"down": {"uv": [0, 0, 15, 1], "rotation": 90, "texture": "#side", "cullface": "west"}
			}
		},
		{
			"name": "Frame",
			"from": [0, 0, 1],
			"to": [1, 1, 16],
			"faces": {
				"east": {"uv": [0, 0, 15, 1], "texture": "#side", "cullface": "down"},
				"south": {"uv": [0, 0, 1, 1], "texture": "#side", "cullface": "south"},
				"west": {"uv": [0, 0, 15, 1], "texture": "#side", "cullface": "west"},
				"up": {"uv": [0, 0, 15, 1], "rotation": 270, "texture": "#side", "cullface": "west"},
				"down": {"uv": [0, 0, 15, 1], "rotation": 90, "texture": "#side", "cullface": "down"}
			}
		},
		{
			"name": "Frame",
			"from": [0, 0, 0],
			"to": [15, 1, 1],
			"faces": {
				"north": {"uv": [0, 0, 15, 1], "texture": "#side", "cullface": "north"},
				"south": {"uv": [0, 0, 15, 1], "texture": "#side", "cullface": "down"},
				"west": {"uv": [0, 0, 1, 1], "texture": "#side", "cullface": "west"},
				"up": {"uv": [0, 0, 15, 1], "texture": "#side", "cullface": "north"},
				"down": {"uv": [0, 0, 15, 1], "texture": "#side", "cullface": "down"}
			}
		},
		{
			"name": "Frame",
			"from": [1, 15, 15],
			"to": [16, 16, 16],
			"faces": {
				"north": {"uv": [0, 0, 15, 1], "texture": "#side", "cullface": "up"},
				"east": {"uv": [0, 0, 1, 1], "texture": "#side", "cullface": "east"},
				"south": {"uv": [0, 0, 15, 1], "texture": "#side", "cullface": "south"},
				"up": {"uv": [0, 0, 15, 1], "texture": "#side", "cullface": "up"},
				"down": {"uv": [0, 0, 15, 1], "texture": "#side", "cullface": "south"}
			}
		},
		{
			"name": "Frame",
			"from": [1, 0, 15],
			"to": [16, 1, 16],
			"faces": {
				"north": {"uv": [0, 0, 15, 1], "texture": "#side", "cullface": "down"},
				"east": {"uv": [0, 0, 1, 1], "texture": "#side", "cullface": "east"},
				"south": {"uv": [0, 0, 15, 1], "texture": "#side", "cullface": "south"},
				"up": {"uv": [0, 0, 15, 1], "texture": "#side", "cullface": "south"},
				"down": {"uv": [0, 0, 15, 1], "texture": "#side", "cullface": "down"}
			}
		},
		{
			"name": "Box",
			"from": [0.5, 1, 1],
			"to": [1, 15, 15],
			"faces": {
				"west": {"uv": [1, 1, 15, 15], "texture": "#side", "cullface": "west"}
			}
		},
		{
			"name": "Box",
			"from": [15, 1, 1],
			"to": [15.5, 15, 15],
			"faces": {
				"east": {"uv": [1, 1, 15, 15], "texture": "#side", "cullface": "east"}
			}
		},
		{
			"name": "Box",
			"from": [1, 1, 0.5],
			"to": [15, 15, 1],
			"faces": {
				"north": {"uv": [1, 1, 15, 15], "texture": "#side", "cullface": "north"}
			}
		},
		{
			"name": "Box",
			"from": [1, 1, 15],
			"to": [15, 15, 15.5],
			"faces": {
				"south": {"uv": [1, 1, 15, 15], "texture": "#side", "cullface": "south"}
			}
		},
		{
			"name": "Box",
			"from": [1, 0.5, 1],
			"to": [15, 13.5, 15],
			"faces": {
				"up": {"uv": [1, 1, 15, 15], "texture": "#top", "cullface": "up"},
				"down": {"uv": [1, 1, 15, 15], "texture": "#side", "cullface": "down"}
			}
		},
		{
			"name": "Box",
			"from": [1, 13.5, 1],
			"to": [7, 15.5, 15],
			"faces": {
				"east": {"uv": [7, 5, 9, 11], "rotation": 90, "texture": "#top", "cullface": "up"},
				"up": {"uv": [1, 1, 7, 15], "texture": "#top", "cullface": "up"}
			}
		},
		{
			"name": "Box",
			"from": [9, 13.5, 1],
			"to": [15, 15.5, 15],
			"faces": {
				"west": {"uv": [7, 5, 9, 11], "rotation": 90, "texture": "#top", "cullface": "up"},
				"up": {"uv": [9, 1, 15, 15], "texture": "#top", "cullface": "up"}
			}
		},
		{
			"name": "Box",
			"from": [7, 13.5, 1],
			"to": [9, 15.5, 3],
			"faces": {
				"south": {"uv": [7, 9, 9, 11], "texture": "#top", "cullface": "up"},
				"up": {"uv": [7, 1, 9, 3], "texture": "#top", "cullface": "up"}
			}
		},
		{
			"name": "Box",
			"from": [7, 13.5, 13],
			"to": [9, 15.5, 15],
			"faces": {
				"north": {"uv": [7, 9, 9, 11], "texture": "#top", "cullface": "up"},
				"up": {"uv": [7, 13, 9, 15], "texture": "#top", "cullface": "up"}
			}
		}
	],
	"display": {
		"thirdperson_righthand": {
			"rotation": [75, 45, 0],
			"translation": [0, 2.5, 0],
			"scale": [0.375, 0.375, 0.375]
		},
		"thirdperson_lefthand": {
			"rotation": [75, 45, 0],
			"translation": [0, 2.5, 0],
			"scale": [0.375, 0.375, 0.375]
		},
		"firstperson_righthand": {
			"rotation": [0, 135, 0],
			"scale": [0.4, 0.4, 0.4]
		},
		"firstperson_lefthand": {
			"rotation": [0, 135, 0],
			"scale": [0.4, 0.4, 0.4]
		},
		"ground": {
			"scale": [0.25, 0.25, 0.25]
		},
		"gui": {
			"rotation": [30, -135, 0],
			"scale": [0.625, 0.625, 0.625]
		},
		"fixed": {
			"scale": [0.5, 0.5, 0.5]
		}
	}
}