{
	"credit": "Made by TheWaschtlPlays using Blockbench",
	"ambientocclusion": false,
	"textures": {
		"particle": "block/jungle_trapdoor",
		"texture": "block/jungle_trapdoor"
	},
	"elements": [
		{
			"name": "Cube",
			"from": [0, 0, 13],
			"to": [16, 3, 16],
			"faces": {
				"north": {"uv": [0, 3, 16, 0], "texture": "#texture"},
				"east": {"uv": [0, 3, 3, 0], "texture": "#texture", "cullface": "east"},
				"south": {"uv": [0, 3, 16, 0], "texture": "#texture", "cullface": "south"},
				"west": {"uv": [13, 3, 16, 0], "texture": "#texture", "cullface": "west"},
				"up": {"uv": [16, 3, 0, 0], "texture": "#texture"},
				"down": {"uv": [0, 0, 16, 3], "texture": "#texture", "cullface": "down"}
			}
		},
		{
			"name": "Cube",
			"from": [0, 12, 13],
			"to": [16, 16, 16],
			"faces": {
				"north": {"uv": [0, 16, 16, 12], "texture": "#texture"},
				"east": {"uv": [0, 0, 3, 4], "texture": "#texture", "cullface": "east"},
				"south": {"uv": [0, 16, 16, 12], "texture": "#texture", "cullface": "south"},
				"west": {"uv": [13, 0, 16, 4], "texture": "#texture", "cullface": "west"},
				"up": {"uv": [0, 0, 16, 3], "texture": "#texture", "cullface": "up"},
				"down": {"uv": [0, 0, 16, 3], "texture": "#texture"}
			}
		},
		{
			"name": "Cube",
			"from": [4, 7, 13],
			"to": [12, 9, 16],
			"faces": {
				"north": {"uv": [4, 9, 12, 7], "texture": "#texture"},
				"south": {"uv": [4, 9, 12, 7], "texture": "#texture", "cullface": "south"},
				"up": {"uv": [4, 3, 12, 0], "texture": "#texture"},
				"down": {"uv": [4, 0, 12, 3], "texture": "#texture"}
			}
		},
		{
			"name": "Cube",
			"from": [12, 7, 13],
			"to": [16, 12, 16],
			"faces": {
				"north": {"uv": [0, 12, 4, 7], "texture": "#texture"},
				"east": {"uv": [16, 8, 13, 13], "texture": "#texture", "cullface": "east"},
				"south": {"uv": [12, 12, 16, 7], "texture": "#texture", "cullface": "south"},
				"west": {"uv": [3, 1, 0, 6], "texture": "#texture"},
				"down": {"uv": [1, 0, 5, 3], "texture": "#texture"}
			}
		},
		{
			"name": "Cube",
			"from": [0, 7, 13],
			"to": [4, 12, 16],
			"faces": {
				"north": {"uv": [12, 12, 16, 7], "texture": "#texture"},
				"east": {"uv": [0, 1, 3, 6], "texture": "#texture"},
				"south": {"uv": [0, 12, 4, 7], "texture": "#texture", "cullface": "south"},
				"west": {"uv": [13, 3, 16, 8], "texture": "#texture", "cullface": "west"},
				"down": {"uv": [0, 0, 4, 3], "texture": "#texture"}
			}
		},
		{
			"name": "Cube",
			"from": [0, 3, 13],
			"to": [3, 7, 16],
			"faces": {
				"north": {"uv": [3, 7, 0, 3], "texture": "#texture"},
				"east": {"uv": [0, 1, 3, 5], "texture": "#texture"},
				"south": {"uv": [0, 7, 3, 3], "texture": "#texture", "cullface": "south"},
				"west": {"uv": [13, 3, 16, 7], "texture": "#texture", "cullface": "west"}
			}
		},
		{
			"name": "Cube",
			"from": [13, 3, 13],
			"to": [16, 7, 16],
			"faces": {
				"north": {"uv": [0, 7, 3, 3], "texture": "#texture"},
				"east": {"uv": [0, 3, 3, 7], "texture": "#texture", "cullface": "east"},
				"south": {"uv": [13, 7, 16, 3], "texture": "#texture", "cullface": "south"},
				"west": {"uv": [13, 1, 16, 5], "texture": "#texture"}
			}
		},
		{
			"name": "Cube",
			"from": [3, 3, 13],
			"to": [4, 4, 16],
			"faces": {
				"north": {"uv": [3, 3, 4, 4], "texture": "#texture"},
				"east": {"uv": [0, 2, 3, 3], "texture": "#texture"},
				"south": {"uv": [3, 3, 4, 4], "texture": "#texture", "cullface": "south"},
				"up": {"uv": [1, 13, 2, 16], "texture": "#texture"}
			}
		},
		{
			"name": "Cube",
			"from": [12, 3, 13],
			"to": [13, 4, 16],
			"faces": {
				"north": {"uv": [12, 3, 13, 4], "texture": "#texture"},
				"south": {"uv": [12, 3, 13, 4], "texture": "#texture", "cullface": "south"},
				"west": {"uv": [13, 1, 16, 2], "texture": "#texture"},
				"up": {"uv": [1, 13, 2, 16], "texture": "#texture"}
			}
		},
		{
			"name": "Cube",
			"from": [11, 11, 13],
			"to": [12, 12, 16],
			"faces": {
				"north": {"uv": [11, 11, 12, 12], "texture": "#texture"},
				"south": {"uv": [11, 11, 12, 12], "texture": "#texture", "cullface": "south"},
				"west": {"uv": [13, 1, 16, 2], "texture": "#texture"},
				"down": {"uv": [1, 0, 2, 3], "texture": "#texture"}
			}
		},
		{
			"name": "Cube",
			"from": [4, 11, 13],
			"to": [5, 12, 16],
			"faces": {
				"north": {"uv": [4, 11, 5, 12], "texture": "#texture"},
				"east": {"uv": [0, 2, 3, 3], "texture": "#texture"},
				"south": {"uv": [4, 11, 5, 12], "texture": "#texture", "cullface": "south"},
				"down": {"uv": [1, 0, 2, 3], "texture": "#texture"}
			}
		},
		{
			"name": "Cube",
			"from": [6, 3, 13.5],
			"to": [7, 12, 15.5],
			"faces": {
				"north": {"uv": [6, 12, 7, 3], "texture": "#texture"},
				"east": {"uv": [1, 3, 3, 12], "texture": "#texture"},
				"south": {"uv": [9, 12, 10, 3], "texture": "#texture", "cullface": "south"},
				"west": {"uv": [1, 3, 3, 12], "texture": "#texture"}
			}
		},
		{
			"name": "Cube",
			"from": [9, 3, 13.5],
			"to": [10, 12, 15.5],
			"faces": {
				"north": {"uv": [9, 12, 10, 3], "texture": "#texture"},
				"east": {"uv": [1, 3, 3, 12], "texture": "#texture"},
				"south": {"uv": [6, 12, 7, 3], "texture": "#texture", "cullface": "south"},
				"west": {"uv": [1, 3, 3, 12], "texture": "#texture"}
			}
		},
		{
			"name": "Cube",
			"from": [5, 14, 12.75],
			"to": [6, 15, 13],
			"faces": {
				"north": {"uv": [10, 14, 11, 15], "texture": "#texture"},
				"east": {"uv": [10, 14, 10.25, 15], "texture": "#texture"},
				"west": {"uv": [10, 14, 10.25, 15], "texture": "#texture"},
				"up": {"uv": [10, 14, 11, 14.25], "texture": "#texture"},
				"down": {"uv": [10, 14, 11, 14.25], "texture": "#texture"}
			}
		},
		{
			"name": "Cube",
			"from": [10, 14, 12.75],
			"to": [11, 15, 13],
			"faces": {
				"north": {"uv": [5, 14, 6, 15], "texture": "#texture"},
				"east": {"uv": [6, 14, 6.25, 15], "texture": "#texture"},
				"west": {"uv": [6, 14, 6.25, 15], "texture": "#texture"},
				"up": {"uv": [5, 14, 6, 14.25], "texture": "#texture"},
				"down": {"uv": [5, 14, 6, 14.25], "texture": "#texture"}
			}
		},
		{
			"name": "Cube",
			"from": [6, 14, 12.5],
			"to": [10, 15, 12.75],
			"faces": {
				"north": {"uv": [6, 14, 10, 15], "texture": "#texture"},
				"east": {"uv": [6, 14, 6.25, 15], "texture": "#texture"},
				"south": {"uv": [6, 14, 10, 15], "texture": "#texture"},
				"west": {"uv": [9, 14, 9.25, 15], "texture": "#texture"},
				"up": {"uv": [10, 14, 6, 14.25], "texture": "#texture"},
				"down": {"uv": [10, 14, 6, 14.25], "texture": "#texture"}
			}
		},
		{
			"name": "Cube",
			"from": [6, 14, 16.25],
			"to": [10, 15, 16.5],
			"faces": {
				"north": {"uv": [6, 14, 10, 15], "texture": "#texture", "cullface": "south"},
				"east": {"uv": [6, 14, 6.25, 15], "texture": "#texture", "cullface": "south"},
				"south": {"uv": [6, 14, 10, 15], "texture": "#texture", "cullface": "south"},
				"west": {"uv": [9, 14, 9.25, 15], "texture": "#texture", "cullface": "south"},
				"up": {"uv": [6, 14, 10, 14.25], "texture": "#texture", "cullface": "south"},
				"down": {"uv": [6, 14, 10, 14.25], "texture": "#texture", "cullface": "south"}
			}
		},
		{
			"name": "Cube",
			"from": [5, 14, 16],
			"to": [6, 15, 16.25],
			"faces": {
				"east": {"uv": [10, 14, 10.25, 15], "texture": "#texture", "cullface": "south"},
				"south": {"uv": [10, 14, 11, 15], "texture": "#texture", "cullface": "south"},
				"west": {"uv": [10, 14, 10.25, 15], "texture": "#texture", "cullface": "south"},
				"up": {"uv": [10, 14, 11, 14.25], "texture": "#texture", "cullface": "south"},
				"down": {"uv": [10, 14, 11, 14.25], "texture": "#texture", "cullface": "south"}
			}
		},
		{
			"name": "Cube",
			"from": [10, 14, 16],
			"to": [11, 15, 16.25],
			"faces": {
				"east": {"uv": [10, 14, 10.25, 15], "texture": "#texture", "cullface": "south"},
				"south": {"uv": [10, 14, 11, 15], "texture": "#texture", "cullface": "south"},
				"west": {"uv": [10, 14, 10.25, 15], "texture": "#texture", "cullface": "south"},
				"up": {"uv": [10, 14, 11, 14.25], "texture": "#texture", "cullface": "south"},
				"down": {"uv": [10, 14, 11, 14.25], "texture": "#texture", "cullface": "south"}
			}
		}
	]
}