{
	"credit": "Made by TheWaschtlPlays using Blockbench",
	"textures": {
		"end": "block/lodestone_top",
		"particle": "block/lodestone_side",
		"side": "block/lodestone_side"
	},
	"elements": [
		{
			"name": "CornerBR",
			"from": [1, 1, 0],
			"to": [3, 3, 1],
			"faces": {
				"north": {"uv": [13, 13, 15, 15], "texture": "#side", "cullface": "north"},
				"east": {"uv": [13, 13, 14, 15], "texture": "#side", "cullface": "north"},
				"up": {"uv": [13, 13, 15, 14], "texture": "#side", "cullface": "north"}
			}
		},
		{
			"name": "CornerBL",
			"from": [13, 1, 0],
			"to": [15, 3, 1],
			"faces": {
				"north": {"uv": [1, 13, 3, 15], "texture": "#side", "cullface": "north"},
				"west": {"uv": [2, 13, 3, 15], "texture": "#side", "cullface": "north"},
				"up": {"uv": [1, 13, 3, 14], "texture": "#side", "cullface": "north"}
			}
		},
		{
			"name": "CornerTR",
			"from": [1, 13, 0],
			"to": [3, 15, 1],
			"faces": {
				"north": {"uv": [13, 1, 15, 3], "texture": "#side", "cullface": "north"},
				"east": {"uv": [13, 1, 14, 3], "texture": "#side", "cullface": "north"},
				"down": {"uv": [13, 2, 15, 3], "texture": "#side", "cullface": "north"}
			}
		},
		{
			"name": "CornerTL",
			"from": [13, 13, 0],
			"to": [15, 15, 1],
			"faces": {
				"north": {"uv": [1, 1, 3, 3], "texture": "#side", "cullface": "north"},
				"west": {"uv": [2, 1, 3, 3], "texture": "#side", "cullface": "north"},
				"down": {"uv": [1, 2, 3, 3], "texture": "#side", "cullface": "north"}
			}
		},
		{
			"name": "Layer1 Outer",
			"from": [1, 1, 0.5],
			"to": [3, 15, 1],
			"faces": {
				"north": {"uv": [13, 1, 15, 15], "texture": "#side", "cullface": "north"},
				"east": {"uv": [13, 1, 13.5, 15], "texture": "#side", "cullface": "north"}
			}
		},
		{
			"name": "Layer1 Outer",
			"from": [13, 1, 0.5],
			"to": [15, 15, 1],
			"faces": {
				"north": {"uv": [1, 1, 3, 15], "texture": "#side", "cullface": "north"},
				"west": {"uv": [2, 1, 2.5, 15], "texture": "#side", "cullface": "north"}
			}
		},
		{
			"name": "Layer1 Outer",
			"from": [3, 13, 0.5],
			"to": [13, 15, 1],
			"faces": {
				"north": {"uv": [3, 1, 13, 3], "texture": "#side", "cullface": "north"},
				"down": {"uv": [3, 2, 13, 2.5], "rotation": 180, "texture": "#side", "cullface": "north"}
			}
		},
		{
			"name": "Layer1 Outer",
			"from": [3, 1, 0.5],
			"to": [13, 3, 1],
			"faces": {
				"north": {"uv": [3, 13, 13, 15], "texture": "#side", "cullface": "north"},
				"up": {"uv": [3, 13, 13, 13.5], "texture": "#side", "cullface": "north"}
			}
		},
		{
			"name": "Layer1 Outer",
			"from": [10, 3, 0.5],
			"to": [13, 5, 1],
			"faces": {
				"north": {"uv": [3, 11, 6, 13], "texture": "#side", "cullface": "north"},
				"west": {"uv": [5, 11, 5.5, 13], "texture": "#side", "cullface": "north"},
				"up": {"uv": [3, 11, 6, 11.5], "texture": "#side", "cullface": "north"}
			}
		},
		{
			"name": "Layer1 Outer",
			"from": [3, 3, 0.5],
			"to": [6, 5, 1],
			"faces": {
				"north": {"uv": [10, 11, 13, 13], "texture": "#side", "cullface": "north"},
				"east": {"uv": [10, 11, 10.5, 13], "texture": "#side", "cullface": "north"},
				"up": {"uv": [10, 11, 13, 11.5], "texture": "#side", "cullface": "north"}
			}
		},
		{
			"name": "Layer1 Outer",
			"from": [3, 11, 0.5],
			"to": [6, 13, 1],
			"faces": {
				"north": {"uv": [10, 3, 13, 5], "texture": "#side", "cullface": "north"},
				"east": {"uv": [10, 3, 10.5, 5], "texture": "#side", "cullface": "north"},
				"down": {"uv": [10, 4, 13, 4.5], "texture": "#side", "cullface": "north"}
			}
		},
		{
			"name": "Layer1 Outer",
			"from": [10, 11, 0.5],
			"to": [13, 13, 1],
			"faces": {
				"north": {"uv": [3, 3, 6, 5], "texture": "#side", "cullface": "north"},
				"west": {"uv": [5, 3, 5.5, 5], "texture": "#side", "cullface": "north"},
				"down": {"uv": [3, 4, 6, 4.5], "rotation": 180, "texture": "#side", "cullface": "north"}
			}
		},
		{
			"name": "Layer1 Outer",
			"from": [11, 10, 0.5],
			"to": [13, 11, 1],
			"faces": {
				"north": {"uv": [3, 5, 5, 6], "texture": "#side", "cullface": "north"},
				"west": {"uv": [4, 5, 4.5, 6], "texture": "#side", "cullface": "north"},
				"down": {"uv": [3, 5, 5, 5.5], "rotation": 180, "texture": "#side", "cullface": "north"}
			}
		},
		{
			"name": "Layer1 Outer",
			"from": [3, 10, 0.5],
			"to": [5, 11, 1],
			"faces": {
				"north": {"uv": [11, 5, 13, 6], "texture": "#side", "cullface": "north"},
				"east": {"uv": [11, 5, 11.5, 6], "texture": "#side", "cullface": "north"},
				"down": {"uv": [11, 5, 13, 5.5], "texture": "#side", "cullface": "north"}
			}
		},
		{
			"name": "Layer1 Outer",
			"from": [3, 5, 0.5],
			"to": [5, 6, 1],
			"faces": {
				"north": {"uv": [11, 10, 13, 11], "texture": "#side", "cullface": "north"},
				"east": {"uv": [11, 10, 11.5, 11], "texture": "#side", "cullface": "north"},
				"up": {"uv": [11, 10, 13, 10.5], "texture": "#side", "cullface": "north"}
			}
		},
		{
			"name": "Layer1 Outer",
			"from": [11, 5, 0.5],
			"to": [13, 6, 1],
			"faces": {
				"north": {"uv": [3, 10, 5, 11], "texture": "#side", "cullface": "north"},
				"west": {"uv": [4, 10, 4.5, 11], "texture": "#side", "cullface": "north"},
				"up": {"uv": [3, 10, 5, 10.5], "texture": "#side", "cullface": "north"}
			}
		},
		{
			"name": "Layer1 Inner",
			"from": [7, 10, 0.5],
			"to": [9, 12, 1],
			"faces": {
				"north": {"uv": [7, 4, 9, 6], "texture": "#side", "cullface": "north"},
				"east": {"uv": [7, 4, 7.5, 6], "texture": "#side", "cullface": "north"},
				"west": {"uv": [8, 4, 8.5, 6], "texture": "#side", "cullface": "north"},
				"up": {"uv": [7, 4, 9, 4.5], "rotation": 180, "texture": "#side", "cullface": "north"},
				"down": {"uv": [7, 5, 9, 5.5], "rotation": 180, "texture": "#side", "cullface": "north"}
			}
		},
		{
			"name": "Layer1 Inner",
			"from": [7, 4, 0.5],
			"to": [9, 6, 1],
			"faces": {
				"north": {"uv": [7, 10, 9, 12], "texture": "#side", "cullface": "north"},
				"east": {"uv": [7, 10, 7.5, 12], "texture": "#side", "cullface": "north"},
				"west": {"uv": [8, 10, 8.5, 12], "texture": "#side", "cullface": "north"},
				"up": {"uv": [7, 10, 9, 10.5], "texture": "#side", "cullface": "north"},
				"down": {"uv": [7, 11, 9, 11.5], "texture": "#side", "cullface": "north"}
			}
		},
		{
			"name": "Layer1 Inner",
			"from": [9, 5, 0.5],
			"to": [10, 7, 1],
			"faces": {
				"north": {"uv": [6, 9, 7, 11], "texture": "#side", "cullface": "north"},
				"east": {"uv": [6, 9, 6.5, 11], "texture": "#side", "cullface": "north"},
				"west": {"uv": [6, 9, 6.5, 11], "texture": "#side", "cullface": "north"},
				"up": {"uv": [6, 9, 7, 9.5], "texture": "#side", "cullface": "north"},
				"down": {"uv": [6, 10, 7, 10.5], "texture": "#side", "cullface": "north"}
			}
		},
		{
			"name": "Layer1 Inner",
			"from": [6, 5, 0.5],
			"to": [7, 7, 1],
			"faces": {
				"north": {"uv": [9, 9, 10, 11], "texture": "#side", "cullface": "north"},
				"east": {"uv": [9, 9, 9.5, 11], "texture": "#side", "cullface": "north"},
				"west": {"uv": [9, 9, 9.5, 11], "texture": "#side", "cullface": "north"},
				"up": {"uv": [9, 9, 10, 9.5], "texture": "#side", "cullface": "north"},
				"down": {"uv": [9, 10, 10, 10.5], "texture": "#side", "cullface": "north"}
			}
		},
		{
			"name": "Layer1 Inner",
			"from": [10, 6, 0.5],
			"to": [11, 7, 1],
			"faces": {
				"north": {"uv": [5, 9, 6, 10], "texture": "#side", "cullface": "north"},
				"east": {"uv": [5, 9, 5.5, 10], "texture": "#side", "cullface": "north"},
				"down": {"uv": [5, 9, 6, 9.5], "texture": "#side", "cullface": "north"}
			}
		},
		{
			"name": "Layer1 Inner",
			"from": [5, 6, 0.5],
			"to": [6, 7, 1],
			"faces": {
				"north": {"uv": [10, 9, 11, 10], "texture": "#side", "cullface": "north"},
				"west": {"uv": [10, 9, 10.5, 10], "texture": "#side", "cullface": "north"},
				"down": {"uv": [10, 9, 11, 9.5], "texture": "#side", "cullface": "north"}
			}
		},
		{
			"name": "Layer1 Inner",
			"from": [10, 7, 0.5],
			"to": [12, 9, 1],
			"faces": {
				"north": {"uv": [4, 7, 6, 9], "texture": "#side", "cullface": "north"},
				"east": {"uv": [4, 7, 4.5, 9], "texture": "#side", "cullface": "north"},
				"west": {"uv": [5, 7, 5.5, 9], "texture": "#side", "cullface": "north"},
				"up": {"uv": [4, 7, 5, 7.5], "texture": "#side", "cullface": "north"},
				"down": {"uv": [4, 8, 6, 8.5], "texture": "#side", "cullface": "north"}
			}
		},
		{
			"name": "Layer1 Inner",
			"from": [4, 7, 0.5],
			"to": [6, 9, 1],
			"faces": {
				"north": {"uv": [10, 7, 12, 9], "texture": "#side", "cullface": "north"},
				"east": {"uv": [10, 7, 10.5, 9], "texture": "#side", "cullface": "north"},
				"west": {"uv": [11, 7, 11.5, 9], "texture": "#side", "cullface": "north"},
				"up": {"uv": [11, 7, 12, 7.5], "texture": "#side", "cullface": "north"},
				"down": {"uv": [11, 8, 12, 8.5], "texture": "#side", "cullface": "north"}
			}
		},
		{
			"name": "Layer1 Inner",
			"from": [10, 9, 0.5],
			"to": [11, 10, 1],
			"faces": {
				"north": {"uv": [5, 6, 6, 7], "texture": "#side", "cullface": "north"},
				"east": {"uv": [5, 6, 5.5, 7], "texture": "#side", "cullface": "north"},
				"up": {"uv": [5, 6, 6, 6.5], "texture": "#side", "cullface": "north"}
			}
		},
		{
			"name": "Layer1 Inner",
			"from": [5, 9, 0.5],
			"to": [6, 10, 1],
			"faces": {
				"north": {"uv": [10, 6, 11, 7], "texture": "#side", "cullface": "north"},
				"west": {"uv": [10, 6, 10.5, 7], "texture": "#side", "cullface": "north"},
				"up": {"uv": [10, 6, 11, 6.5], "texture": "#side", "cullface": "north"}
			}
		},
		{
			"name": "Layer1 Inner",
			"from": [9, 9, 0.5],
			"to": [10, 11, 1],
			"faces": {
				"north": {"uv": [6, 5, 7, 7], "texture": "#side", "cullface": "north"},
				"east": {"uv": [6, 5, 6.5, 7], "texture": "#side", "cullface": "north"},
				"west": {"uv": [6, 5, 6.5, 7], "texture": "#side", "cullface": "north"},
				"up": {"uv": [6, 5, 7, 5.5], "texture": "#side", "cullface": "north"},
				"down": {"uv": [6, 6, 7, 6.5], "texture": "#side", "cullface": "north"}
			}
		},
		{
			"name": "Layer1 Inner",
			"from": [6, 9, 0.5],
			"to": [7, 11, 1],
			"faces": {
				"north": {"uv": [9, 5, 10, 7], "texture": "#side", "cullface": "north"},
				"east": {"uv": [9, 5, 9.5, 7], "texture": "#side", "cullface": "north"},
				"west": {"uv": [9, 5, 9.5, 7], "texture": "#side", "cullface": "north"},
				"up": {"uv": [9, 5, 10, 5.5], "texture": "#side", "cullface": "north"},
				"down": {"uv": [9, 6, 10, 6.5], "texture": "#side", "cullface": "north"}
			}
		},
		{
			"name": "Layer2 BG",
			"from": [3, 3, 1],
			"to": [13, 13, 1],
			"faces": {
				"north": {"uv": [3, 3, 13, 13], "texture": "#side", "cullface": "north"}
			}
		},
		{
			"name": "CornerBR",
			"from": [13, 1, 15],
			"to": [15, 3, 16],
			"faces": {
				"south": {"uv": [13, 13, 15, 15], "texture": "#side", "cullface": "south"},
				"west": {"uv": [13, 13, 14, 15], "texture": "#side", "cullface": "south"},
				"up": {"uv": [13, 13, 15, 14], "rotation": 180, "texture": "#side", "cullface": "south"}
			}
		},
		{
			"name": "CornerBL",
			"from": [1, 1, 15],
			"to": [3, 3, 16],
			"faces": {
				"east": {"uv": [2, 13, 3, 15], "texture": "#side", "cullface": "south"},
				"south": {"uv": [1, 13, 3, 15], "texture": "#side", "cullface": "south"},
				"up": {"uv": [1, 13, 3, 14], "rotation": 180, "texture": "#side", "cullface": "south"}
			}
		},
		{
			"name": "CornerTR",
			"from": [13, 13, 15],
			"to": [15, 15, 16],
			"faces": {
				"south": {"uv": [13, 1, 15, 3], "texture": "#side", "cullface": "south"},
				"west": {"uv": [13, 1, 14, 3], "texture": "#side", "cullface": "south"},
				"down": {"uv": [13, 2, 15, 3], "rotation": 180, "texture": "#side", "cullface": "south"}
			}
		},
		{
			"name": "CornerTL",
			"from": [1, 13, 15],
			"to": [3, 15, 16],
			"faces": {
				"east": {"uv": [2, 1, 3, 3], "texture": "#side", "cullface": "south"},
				"south": {"uv": [1, 1, 3, 3], "texture": "#side", "cullface": "south"},
				"down": {"uv": [1, 2, 3, 3], "rotation": 180, "texture": "#side", "cullface": "south"}
			}
		},
		{
			"name": "Layer1 Outer",
			"from": [13, 1, 15],
			"to": [15, 15, 15.5],
			"faces": {
				"south": {"uv": [13, 1, 15, 15], "texture": "#side", "cullface": "south"},
				"west": {"uv": [13, 1, 13.5, 15], "texture": "#side", "cullface": "south"}
			}
		},
		{
			"name": "Layer1 Outer",
			"from": [1, 1, 15],
			"to": [3, 15, 15.5],
			"faces": {
				"east": {"uv": [2, 1, 2.5, 15], "texture": "#side", "cullface": "south"},
				"south": {"uv": [1, 1, 3, 15], "texture": "#side", "cullface": "south"}
			}
		},
		{
			"name": "Layer1 Outer",
			"from": [3, 13, 15],
			"to": [13, 15, 15.5],
			"faces": {
				"south": {"uv": [3, 1, 13, 3], "texture": "#side", "cullface": "south"},
				"down": {"uv": [3, 2, 13, 2.5], "texture": "#side", "cullface": "south"}
			}
		},
		{
			"name": "Layer1 Outer",
			"from": [3, 1, 15],
			"to": [13, 3, 15.5],
			"faces": {
				"south": {"uv": [3, 13, 13, 15], "texture": "#side", "cullface": "south"},
				"up": {"uv": [3, 13, 13, 13.5], "rotation": 180, "texture": "#side", "cullface": "south"}
			}
		},
		{
			"name": "Layer1 Outer",
			"from": [3, 3, 15],
			"to": [6, 5, 15.5],
			"faces": {
				"east": {"uv": [5, 11, 5.5, 13], "texture": "#side", "cullface": "south"},
				"south": {"uv": [3, 11, 6, 13], "texture": "#side", "cullface": "south"},
				"up": {"uv": [3, 11, 6, 11.5], "rotation": 180, "texture": "#side", "cullface": "south"}
			}
		},
		{
			"name": "Layer1 Outer",
			"from": [10, 3, 15],
			"to": [13, 5, 15.5],
			"faces": {
				"south": {"uv": [10, 11, 13, 13], "texture": "#side", "cullface": "south"},
				"west": {"uv": [10, 11, 10.5, 13], "texture": "#side", "cullface": "south"},
				"up": {"uv": [10, 11, 13, 11.5], "rotation": 180, "texture": "#side", "cullface": "south"}
			}
		},
		{
			"name": "Layer1 Outer",
			"from": [10, 11, 15],
			"to": [13, 13, 15.5],
			"faces": {
				"south": {"uv": [10, 3, 13, 5], "texture": "#side", "cullface": "south"},
				"west": {"uv": [10, 3, 10.5, 5], "texture": "#side", "cullface": "south"},
				"down": {"uv": [10, 4, 13, 4.5], "rotation": 180, "texture": "#side", "cullface": "south"}
			}
		},
		{
			"name": "Layer1 Outer",
			"from": [3, 11, 15],
			"to": [6, 13, 15.5],
			"faces": {
				"east": {"uv": [5, 3, 5.5, 5], "texture": "#side", "cullface": "south"},
				"south": {"uv": [3, 3, 6, 5], "texture": "#side", "cullface": "south"},
				"down": {"uv": [3, 4, 6, 4.5], "texture": "#side", "cullface": "south"}
			}
		},
		{
			"name": "Layer1 Outer",
			"from": [3, 10, 15],
			"to": [5, 11, 15.5],
			"faces": {
				"east": {"uv": [4, 5, 4.5, 6], "texture": "#side", "cullface": "south"},
				"south": {"uv": [3, 5, 5, 6], "texture": "#side", "cullface": "south"},
				"down": {"uv": [3, 5, 5, 5.5], "texture": "#side", "cullface": "south"}
			}
		},
		{
			"name": "Layer1 Outer",
			"from": [11, 10, 15],
			"to": [13, 11, 15.5],
			"faces": {
				"south": {"uv": [11, 5, 13, 6], "texture": "#side", "cullface": "south"},
				"west": {"uv": [11, 5, 11.5, 6], "texture": "#side", "cullface": "south"},
				"down": {"uv": [11, 5, 13, 5.5], "rotation": 180, "texture": "#side", "cullface": "south"}
			}
		},
		{
			"name": "Layer1 Outer",
			"from": [11, 5, 15],
			"to": [13, 6, 15.5],
			"faces": {
				"south": {"uv": [11, 10, 13, 11], "texture": "#side", "cullface": "south"},
				"west": {"uv": [11, 10, 11.5, 11], "texture": "#side", "cullface": "south"},
				"up": {"uv": [11, 10, 13, 10.5], "rotation": 180, "texture": "#side", "cullface": "south"}
			}
		},
		{
			"name": "Layer1 Outer",
			"from": [3, 5, 15],
			"to": [5, 6, 15.5],
			"faces": {
				"east": {"uv": [4, 10, 4.5, 11], "texture": "#side", "cullface": "south"},
				"south": {"uv": [3, 10, 5, 11], "texture": "#side", "cullface": "south"},
				"up": {"uv": [3, 10, 5, 10.5], "rotation": 180, "texture": "#side", "cullface": "south"}
			}
		},
		{
			"name": "Layer1 Inner",
			"from": [7, 10, 15],
			"to": [9, 12, 15.5],
			"faces": {
				"east": {"uv": [8, 4, 8.5, 6], "texture": "#side", "cullface": "south"},
				"south": {"uv": [7, 4, 9, 6], "texture": "#side", "cullface": "south"},
				"west": {"uv": [7, 4, 7.5, 6], "texture": "#side", "cullface": "south"},
				"up": {"uv": [7, 4, 9, 4.5], "texture": "#side", "cullface": "south"},
				"down": {"uv": [7, 5, 9, 5.5], "texture": "#side", "cullface": "south"}
			}
		},
		{
			"name": "Layer1 Inner",
			"from": [7, 4, 15],
			"to": [9, 6, 15.5],
			"faces": {
				"east": {"uv": [8, 10, 8.5, 12], "texture": "#side", "cullface": "south"},
				"south": {"uv": [7, 10, 9, 12], "texture": "#side", "cullface": "south"},
				"west": {"uv": [7, 10, 7.5, 12], "texture": "#side", "cullface": "south"},
				"up": {"uv": [7, 10, 9, 10.5], "rotation": 180, "texture": "#side", "cullface": "south"},
				"down": {"uv": [7, 11, 9, 11.5], "rotation": 180, "texture": "#side", "cullface": "south"}
			}
		},
		{
			"name": "Layer1 Inner",
			"from": [6, 5, 15],
			"to": [7, 7, 15.5],
			"faces": {
				"east": {"uv": [6, 9, 6.5, 11], "texture": "#side", "cullface": "south"},
				"south": {"uv": [6, 9, 7, 11], "texture": "#side", "cullface": "south"},
				"west": {"uv": [6, 9, 6.5, 11], "texture": "#side", "cullface": "south"},
				"up": {"uv": [6, 9, 7, 9.5], "rotation": 180, "texture": "#side", "cullface": "south"},
				"down": {"uv": [6, 10, 7, 10.5], "rotation": 180, "texture": "#side", "cullface": "south"}
			}
		},
		{
			"name": "Layer1 Inner",
			"from": [9, 5, 15],
			"to": [10, 7, 15.5],
			"faces": {
				"east": {"uv": [9, 9, 9.5, 11], "texture": "#side", "cullface": "south"},
				"south": {"uv": [9, 9, 10, 11], "texture": "#side", "cullface": "south"},
				"west": {"uv": [9, 9, 9.5, 11], "texture": "#side", "cullface": "south"},
				"up": {"uv": [9, 9, 10, 9.5], "rotation": 180, "texture": "#side", "cullface": "south"},
				"down": {"uv": [9, 10, 10, 10.5], "rotation": 180, "texture": "#side", "cullface": "south"}
			}
		},
		{
			"name": "Layer1 Inner",
			"from": [5, 6, 15],
			"to": [6, 7, 15.5],
			"faces": {
				"south": {"uv": [5, 9, 6, 10], "texture": "#side", "cullface": "south"},
				"west": {"uv": [5, 9, 5.5, 10], "texture": "#side", "cullface": "south"},
				"down": {"uv": [5, 9, 6, 9.5], "rotation": 180, "texture": "#side", "cullface": "south"}
			}
		},
		{
			"name": "Layer1 Inner",
			"from": [10, 6, 15],
			"to": [11, 7, 15.5],
			"faces": {
				"east": {"uv": [10, 9, 10.5, 10], "texture": "#side", "cullface": "south"},
				"south": {"uv": [10, 9, 11, 10], "texture": "#side", "cullface": "south"},
				"down": {"uv": [10, 9, 11, 9.5], "rotation": 180, "texture": "#side", "cullface": "south"}
			}
		},
		{
			"name": "Layer1 Inner",
			"from": [4, 7, 15],
			"to": [6, 9, 15.5],
			"faces": {
				"east": {"uv": [5, 7, 5.5, 9], "texture": "#side", "cullface": "south"},
				"south": {"uv": [4, 7, 6, 9], "texture": "#side", "cullface": "south"},
				"west": {"uv": [4, 7, 4.5, 9], "texture": "#side", "cullface": "south"},
				"up": {"uv": [4, 7, 5, 7.5], "rotation": 180, "texture": "#side", "cullface": "south"},
				"down": {"uv": [4, 8, 6, 8.5], "rotation": 180, "texture": "#side", "cullface": "south"}
			}
		},
		{
			"name": "Layer1 Inner",
			"from": [10, 7, 15],
			"to": [12, 9, 15.5],
			"faces": {
				"east": {"uv": [11, 7, 11.5, 9], "texture": "#side", "cullface": "south"},
				"south": {"uv": [10, 7, 12, 9], "texture": "#side", "cullface": "south"},
				"west": {"uv": [10, 7, 10.5, 9], "texture": "#side", "cullface": "south"},
				"up": {"uv": [11, 7, 12, 7.5], "rotation": 180, "texture": "#side", "cullface": "south"},
				"down": {"uv": [11, 8, 12, 8.5], "rotation": 180, "texture": "#side", "cullface": "south"}
			}
		},
		{
			"name": "Layer1 Inner",
			"from": [5, 9, 15],
			"to": [6, 10, 15.5],
			"faces": {
				"south": {"uv": [5, 6, 6, 7], "texture": "#side", "cullface": "south"},
				"west": {"uv": [5, 6, 5.5, 7], "texture": "#side", "cullface": "south"},
				"up": {"uv": [5, 6, 6, 6.5], "rotation": 180, "texture": "#side", "cullface": "south"}
			}
		},
		{
			"name": "Layer1 Inner",
			"from": [10, 9, 15],
			"to": [11, 10, 15.5],
			"faces": {
				"east": {"uv": [10, 6, 10.5, 7], "texture": "#side", "cullface": "south"},
				"south": {"uv": [10, 6, 11, 7], "texture": "#side", "cullface": "south"},
				"up": {"uv": [10, 6, 11, 6.5], "rotation": 180, "texture": "#side", "cullface": "south"}
			}
		},
		{
			"name": "Layer1 Inner",
			"from": [6, 9, 15],
			"to": [7, 11, 15.5],
			"faces": {
				"east": {"uv": [6, 5, 6.5, 7], "texture": "#side", "cullface": "south"},
				"south": {"uv": [6, 5, 7, 7], "texture": "#side", "cullface": "south"},
				"west": {"uv": [6, 5, 6.5, 7], "texture": "#side", "cullface": "south"},
				"up": {"uv": [6, 5, 7, 5.5], "rotation": 180, "texture": "#side", "cullface": "south"},
				"down": {"uv": [6, 6, 7, 6.5], "rotation": 180, "texture": "#side", "cullface": "south"}
			}
		},
		{
			"name": "Layer1 Inner",
			"from": [9, 9, 15],
			"to": [10, 11, 15.5],
			"faces": {
				"east": {"uv": [9, 5, 9.5, 7], "texture": "#side", "cullface": "south"},
				"south": {"uv": [9, 5, 10, 7], "texture": "#side", "cullface": "south"},
				"west": {"uv": [9, 5, 9.5, 7], "texture": "#side", "cullface": "south"},
				"up": {"uv": [9, 5, 10, 5.5], "rotation": 180, "texture": "#side", "cullface": "south"},
				"down": {"uv": [9, 6, 10, 6.5], "rotation": 180, "texture": "#side", "cullface": "south"}
			}
		},
		{
			"name": "Layer2 BG",
			"from": [3, 3, 15],
			"to": [13, 13, 15],
			"faces": {
				"south": {"uv": [3, 3, 13, 13], "texture": "#side", "cullface": "south"}
			}
		},
		{
			"name": "CornerBR",
			"from": [0, 1, 13],
			"to": [1, 3, 15],
			"faces": {
				"north": {"uv": [13, 13, 14, 15], "texture": "#side", "cullface": "west"},
				"west": {"uv": [13, 13, 15, 15], "texture": "#side", "cullface": "west"},
				"up": {"uv": [13, 13, 15, 14], "rotation": 270, "texture": "#side", "cullface": "west"}
			}
		},
		{
			"name": "CornerBL",
			"from": [0, 1, 1],
			"to": [1, 3, 3],
			"faces": {
				"south": {"uv": [2, 13, 3, 15], "texture": "#side", "cullface": "west"},
				"west": {"uv": [1, 13, 3, 15], "texture": "#side", "cullface": "west"},
				"up": {"uv": [1, 13, 3, 14], "rotation": 270, "texture": "#side", "cullface": "west"}
			}
		},
		{
			"name": "CornerTR",
			"from": [0, 13, 13],
			"to": [1, 15, 15],
			"faces": {
				"north": {"uv": [13, 1, 14, 3], "texture": "#side", "cullface": "west"},
				"west": {"uv": [13, 1, 15, 3], "texture": "#side", "cullface": "west"},
				"down": {"uv": [13, 2, 15, 3], "rotation": 90, "texture": "#side", "cullface": "west"}
			}
		},
		{
			"name": "CornerTL",
			"from": [0, 13, 1],
			"to": [1, 15, 3],
			"faces": {
				"south": {"uv": [2, 1, 3, 3], "texture": "#side", "cullface": "west"},
				"west": {"uv": [1, 1, 3, 3], "texture": "#side", "cullface": "west"},
				"down": {"uv": [1, 2, 3, 3], "rotation": 90, "texture": "#side", "cullface": "west"}
			}
		},
		{
			"name": "Layer1 Outer",
			"from": [0.5, 1, 13],
			"to": [1, 15, 15],
			"faces": {
				"north": {"uv": [13, 1, 13.5, 15], "texture": "#side", "cullface": "west"},
				"west": {"uv": [13, 1, 15, 15], "texture": "#side", "cullface": "west"}
			}
		},
		{
			"name": "Layer1 Outer",
			"from": [0.5, 1, 1],
			"to": [1, 15, 3],
			"faces": {
				"south": {"uv": [2, 1, 2.5, 15], "texture": "#side", "cullface": "west"},
				"west": {"uv": [1, 1, 3, 15], "texture": "#side", "cullface": "west"}
			}
		},
		{
			"name": "Layer1 Outer",
			"from": [0.5, 13, 3],
			"to": [1, 15, 13],
			"faces": {
				"west": {"uv": [3, 1, 13, 3], "texture": "#side", "cullface": "west"},
				"down": {"uv": [3, 2, 13, 2.5], "rotation": 270, "texture": "#side", "cullface": "west"}
			}
		},
		{
			"name": "Layer1 Outer",
			"from": [0.5, 1, 3],
			"to": [1, 3, 13],
			"faces": {
				"west": {"uv": [3, 13, 13, 15], "texture": "#side", "cullface": "west"},
				"up": {"uv": [3, 13, 13, 13.5], "rotation": 270, "texture": "#side", "cullface": "west"}
			}
		},
		{
			"name": "Layer1 Outer",
			"from": [0.5, 3, 3],
			"to": [1, 5, 6],
			"faces": {
				"south": {"uv": [5, 11, 5.5, 13], "texture": "#side", "cullface": "west"},
				"west": {"uv": [3, 11, 6, 13], "texture": "#side", "cullface": "west"},
				"up": {"uv": [3, 11, 6, 11.5], "rotation": 270, "texture": "#side", "cullface": "west"}
			}
		},
		{
			"name": "Layer1 Outer",
			"from": [0.5, 3, 10],
			"to": [1, 5, 13],
			"faces": {
				"north": {"uv": [10, 11, 10.5, 13], "texture": "#side", "cullface": "west"},
				"west": {"uv": [10, 11, 13, 13], "texture": "#side", "cullface": "west"},
				"up": {"uv": [10, 11, 13, 11.5], "rotation": 270, "texture": "#side", "cullface": "west"}
			}
		},
		{
			"name": "Layer1 Outer",
			"from": [0.5, 11, 10],
			"to": [1, 13, 13],
			"faces": {
				"north": {"uv": [10, 3, 10.5, 5], "texture": "#side", "cullface": "west"},
				"west": {"uv": [10, 3, 13, 5], "texture": "#side", "cullface": "west"},
				"down": {"uv": [10, 4, 13, 4.5], "rotation": 90, "texture": "#side", "cullface": "west"}
			}
		},
		{
			"name": "Layer1 Outer",
			"from": [0.5, 11, 3],
			"to": [1, 13, 6],
			"faces": {
				"south": {"uv": [5, 3, 5.5, 5], "texture": "#side", "cullface": "west"},
				"west": {"uv": [3, 3, 6, 5], "texture": "#side", "cullface": "west"},
				"down": {"uv": [3, 4, 6, 4.5], "rotation": 270, "texture": "#side", "cullface": "west"}
			}
		},
		{
			"name": "Layer1 Outer",
			"from": [0.5, 10, 3],
			"to": [1, 11, 5],
			"faces": {
				"south": {"uv": [4, 5, 4.5, 6], "texture": "#side", "cullface": "west"},
				"west": {"uv": [3, 5, 5, 6], "texture": "#side", "cullface": "west"},
				"down": {"uv": [3, 5, 5, 5.5], "rotation": 270, "texture": "#side", "cullface": "west"}
			}
		},
		{
			"name": "Layer1 Outer",
			"from": [0.5, 10, 11],
			"to": [1, 11, 13],
			"faces": {
				"north": {"uv": [11, 5, 11.5, 6], "texture": "#side", "cullface": "west"},
				"west": {"uv": [11, 5, 13, 6], "texture": "#side", "cullface": "west"},
				"down": {"uv": [11, 5, 13, 5.5], "rotation": 90, "texture": "#side", "cullface": "west"}
			}
		},
		{
			"name": "Layer1 Outer",
			"from": [0.5, 5, 11],
			"to": [1, 6, 13],
			"faces": {
				"north": {"uv": [11, 10, 11.5, 11], "texture": "#side", "cullface": "west"},
				"west": {"uv": [11, 10, 13, 11], "texture": "#side", "cullface": "west"},
				"up": {"uv": [11, 10, 13, 10.5], "rotation": 270, "texture": "#side", "cullface": "west"}
			}
		},
		{
			"name": "Layer1 Outer",
			"from": [0.5, 5, 3],
			"to": [1, 6, 5],
			"faces": {
				"south": {"uv": [4, 10, 4.5, 11], "texture": "#side", "cullface": "west"},
				"west": {"uv": [3, 10, 5, 11], "texture": "#side", "cullface": "west"},
				"up": {"uv": [3, 10, 5, 10.5], "rotation": 270, "texture": "#side", "cullface": "west"}
			}
		},
		{
			"name": "Layer1 Inner",
			"from": [0.5, 10, 7],
			"to": [1, 12, 9],
			"faces": {
				"north": {"uv": [7, 4, 7.5, 6], "texture": "#side", "cullface": "west"},
				"south": {"uv": [8, 4, 8.5, 6], "texture": "#side", "cullface": "west"},
				"west": {"uv": [7, 4, 9, 6], "texture": "#side", "cullface": "west"},
				"up": {"uv": [7, 4, 9, 4.5], "rotation": 90, "texture": "#side", "cullface": "west"},
				"down": {"uv": [7, 5, 9, 5.5], "rotation": 270, "texture": "#side", "cullface": "west"}
			}
		},
		{
			"name": "Layer1 Inner",
			"from": [0.5, 4, 7],
			"to": [1, 6, 9],
			"faces": {
				"north": {"uv": [7, 10, 7.5, 12], "texture": "#side", "cullface": "west"},
				"south": {"uv": [8, 10, 8.5, 12], "texture": "#side", "cullface": "west"},
				"west": {"uv": [7, 10, 9, 12], "texture": "#side", "cullface": "west"},
				"up": {"uv": [7, 10, 9, 10.5], "rotation": 270, "texture": "#side", "cullface": "west"},
				"down": {"uv": [7, 11, 9, 11.5], "rotation": 90, "texture": "#side", "cullface": "west"}
			}
		},
		{
			"name": "Layer1 Inner",
			"from": [0.5, 5, 6],
			"to": [1, 7, 7],
			"faces": {
				"north": {"uv": [6, 9, 6.5, 11], "texture": "#side", "cullface": "west"},
				"south": {"uv": [6, 9, 6.5, 11], "texture": "#side", "cullface": "west"},
				"west": {"uv": [6, 9, 7, 11], "texture": "#side", "cullface": "west"},
				"up": {"uv": [6, 9, 7, 9.5], "rotation": 270, "texture": "#side", "cullface": "west"},
				"down": {"uv": [6, 10, 7, 10.5], "rotation": 90, "texture": "#side", "cullface": "west"}
			}
		},
		{
			"name": "Layer1 Inner",
			"from": [0.5, 5, 9],
			"to": [1, 7, 10],
			"faces": {
				"north": {"uv": [9, 9, 9.5, 11], "texture": "#side", "cullface": "west"},
				"south": {"uv": [9, 9, 9.5, 11], "texture": "#side", "cullface": "west"},
				"west": {"uv": [9, 9, 10, 11], "texture": "#side", "cullface": "west"},
				"up": {"uv": [9, 9, 10, 9.5], "rotation": 270, "texture": "#side", "cullface": "west"},
				"down": {"uv": [9, 10, 10, 10.5], "rotation": 90, "texture": "#side", "cullface": "west"}
			}
		},
		{
			"name": "Layer1 Inner",
			"from": [0.5, 6, 5],
			"to": [1, 7, 6],
			"faces": {
				"north": {"uv": [5, 9, 5.5, 10], "texture": "#side", "cullface": "west"},
				"west": {"uv": [5, 9, 6, 10], "texture": "#side", "cullface": "west"},
				"down": {"uv": [5, 9, 6, 9.5], "rotation": 90, "texture": "#side", "cullface": "west"}
			}
		},
		{
			"name": "Layer1 Inner",
			"from": [0.5, 6, 10],
			"to": [1, 7, 11],
			"faces": {
				"south": {"uv": [10, 9, 10.5, 10], "texture": "#side", "cullface": "west"},
				"west": {"uv": [10, 9, 11, 10], "texture": "#side", "cullface": "west"},
				"down": {"uv": [10, 9, 11, 9.5], "rotation": 90, "texture": "#side", "cullface": "west"}
			}
		},
		{
			"name": "Layer1 Inner",
			"from": [0.5, 7, 4],
			"to": [1, 9, 6],
			"faces": {
				"north": {"uv": [4, 7, 4.5, 9], "texture": "#side", "cullface": "west"},
				"south": {"uv": [5, 7, 5.5, 9], "texture": "#side", "cullface": "west"},
				"west": {"uv": [4, 7, 6, 9], "texture": "#side", "cullface": "west"},
				"up": {"uv": [4, 7, 5, 7.5], "rotation": 270, "texture": "#side", "cullface": "west"},
				"down": {"uv": [4, 8, 6, 8.5], "rotation": 90, "texture": "#side", "cullface": "west"}
			}
		},
		{
			"name": "Layer1 Inner",
			"from": [0.5, 7, 10],
			"to": [1, 9, 12],
			"faces": {
				"north": {"uv": [10, 7, 10.5, 9], "texture": "#side", "cullface": "west"},
				"south": {"uv": [11, 7, 11.5, 9], "texture": "#side", "cullface": "west"},
				"west": {"uv": [10, 7, 12, 9], "texture": "#side", "cullface": "west"},
				"up": {"uv": [11, 7, 12, 7.5], "rotation": 270, "texture": "#side", "cullface": "west"},
				"down": {"uv": [11, 8, 12, 8.5], "rotation": 90, "texture": "#side", "cullface": "west"}
			}
		},
		{
			"name": "Layer1 Inner",
			"from": [0.5, 9, 5],
			"to": [1, 10, 6],
			"faces": {
				"north": {"uv": [5, 6, 5.5, 7], "texture": "#side", "cullface": "west"},
				"west": {"uv": [5, 6, 6, 7], "texture": "#side", "cullface": "west"},
				"up": {"uv": [5, 6, 6, 6.5], "rotation": 270, "texture": "#side", "cullface": "west"}
			}
		},
		{
			"name": "Layer1 Inner",
			"from": [0.5, 9, 10],
			"to": [1, 10, 11],
			"faces": {
				"south": {"uv": [10, 6, 10.5, 7], "texture": "#side", "cullface": "west"},
				"west": {"uv": [10, 6, 11, 7], "texture": "#side", "cullface": "west"},
				"up": {"uv": [10, 6, 11, 6.5], "rotation": 270, "texture": "#side", "cullface": "west"}
			}
		},
		{
			"name": "Layer1 Inner",
			"from": [0.5, 9, 6],
			"to": [1, 11, 7],
			"faces": {
				"north": {"uv": [6, 5, 6.5, 7], "texture": "#side", "cullface": "west"},
				"south": {"uv": [6, 5, 6.5, 7], "texture": "#side", "cullface": "west"},
				"west": {"uv": [6, 5, 7, 7], "texture": "#side", "cullface": "west"},
				"up": {"uv": [6, 5, 7, 5.5], "rotation": 270, "texture": "#side", "cullface": "west"},
				"down": {"uv": [6, 6, 7, 6.5], "rotation": 90, "texture": "#side", "cullface": "west"}
			}
		},
		{
			"name": "Layer1 Inner",
			"from": [0.5, 9, 9],
			"to": [1, 11, 10],
			"faces": {
				"north": {"uv": [9, 5, 9.5, 7], "texture": "#side", "cullface": "west"},
				"south": {"uv": [9, 5, 9.5, 7], "texture": "#side", "cullface": "west"},
				"west": {"uv": [9, 5, 10, 7], "texture": "#side", "cullface": "west"},
				"up": {"uv": [9, 5, 10, 5.5], "rotation": 270, "texture": "#side", "cullface": "west"},
				"down": {"uv": [9, 6, 10, 6.5], "rotation": 90, "texture": "#side", "cullface": "west"}
			}
		},
		{
			"name": "Layer2 BG",
			"from": [1, 3, 3],
			"to": [1, 13, 13],
			"faces": {
				"west": {"uv": [3, 3, 13, 13], "texture": "#side", "cullface": "west"}
			}
		},
		{
			"name": "CornerBR",
			"from": [15, 1, 1],
			"to": [16, 3, 3],
			"faces": {
				"east": {"uv": [13, 13, 15, 15], "texture": "#side", "cullface": "east"},
				"south": {"uv": [13, 13, 14, 15], "texture": "#side", "cullface": "east"},
				"up": {"uv": [13, 13, 15, 14], "rotation": 90, "texture": "#side", "cullface": "east"}
			}
		},
		{
			"name": "CornerBL",
			"from": [15, 1, 13],
			"to": [16, 3, 15],
			"faces": {
				"north": {"uv": [2, 13, 3, 15], "texture": "#side", "cullface": "east"},
				"east": {"uv": [1, 13, 3, 15], "texture": "#side", "cullface": "east"},
				"up": {"uv": [1, 13, 3, 14], "rotation": 90, "texture": "#side", "cullface": "east"}
			}
		},
		{
			"name": "CornerTR",
			"from": [15, 13, 1],
			"to": [16, 15, 3],
			"faces": {
				"east": {"uv": [13, 1, 15, 3], "texture": "#side", "cullface": "east"},
				"south": {"uv": [13, 1, 14, 3], "texture": "#side", "cullface": "east"},
				"down": {"uv": [13, 2, 15, 3], "rotation": 270, "texture": "#side", "cullface": "east"}
			}
		},
		{
			"name": "CornerTL",
			"from": [15, 13, 13],
			"to": [16, 15, 15],
			"faces": {
				"north": {"uv": [2, 1, 3, 3], "texture": "#side", "cullface": "east"},
				"east": {"uv": [1, 1, 3, 3], "texture": "#side", "cullface": "east"},
				"down": {"uv": [1, 2, 3, 3], "rotation": 270, "texture": "#side", "cullface": "east"}
			}
		},
		{
			"name": "Layer1 Outer",
			"from": [15, 1, 1],
			"to": [15.5, 15, 3],
			"faces": {
				"east": {"uv": [13, 1, 15, 15], "texture": "#side", "cullface": "east"},
				"south": {"uv": [13, 1, 13.5, 15], "texture": "#side", "cullface": "east"}
			}
		},
		{
			"name": "Layer1 Outer",
			"from": [15, 1, 13],
			"to": [15.5, 15, 15],
			"faces": {
				"north": {"uv": [2, 1, 2.5, 15], "texture": "#side", "cullface": "east"},
				"east": {"uv": [1, 1, 3, 15], "texture": "#side", "cullface": "east"}
			}
		},
		{
			"name": "Layer1 Outer",
			"from": [15, 13, 3],
			"to": [15.5, 15, 13],
			"faces": {
				"east": {"uv": [3, 1, 13, 3], "texture": "#side", "cullface": "east"},
				"down": {"uv": [3, 2, 13, 2.5], "rotation": 90, "texture": "#side", "cullface": "east"}
			}
		},
		{
			"name": "Layer1 Outer",
			"from": [15, 1, 3],
			"to": [15.5, 3, 13],
			"faces": {
				"east": {"uv": [3, 13, 13, 15], "texture": "#side", "cullface": "east"},
				"up": {"uv": [3, 13, 13, 13.5], "rotation": 90, "texture": "#side", "cullface": "east"}
			}
		},
		{
			"name": "Layer1 Outer",
			"from": [15, 3, 10],
			"to": [15.5, 5, 13],
			"faces": {
				"north": {"uv": [5, 11, 5.5, 13], "texture": "#side", "cullface": "east"},
				"east": {"uv": [3, 11, 6, 13], "texture": "#side", "cullface": "east"},
				"up": {"uv": [3, 11, 6, 11.5], "rotation": 90, "texture": "#side", "cullface": "east"}
			}
		},
		{
			"name": "Layer1 Outer",
			"from": [15, 3, 3],
			"to": [15.5, 5, 6],
			"faces": {
				"east": {"uv": [10, 11, 13, 13], "texture": "#side", "cullface": "east"},
				"south": {"uv": [10, 11, 10.5, 13], "texture": "#side", "cullface": "east"},
				"up": {"uv": [10, 11, 13, 11.5], "rotation": 90, "texture": "#side", "cullface": "east"}
			}
		},
		{
			"name": "Layer1 Outer",
			"from": [15, 11, 3],
			"to": [15.5, 13, 6],
			"faces": {
				"east": {"uv": [10, 3, 13, 5], "texture": "#side", "cullface": "east"},
				"south": {"uv": [10, 3, 10.5, 5], "texture": "#side", "cullface": "east"},
				"down": {"uv": [10, 4, 13, 4.5], "rotation": 270, "texture": "#side", "cullface": "east"}
			}
		},
		{
			"name": "Layer1 Outer",
			"from": [15, 11, 10],
			"to": [15.5, 13, 13],
			"faces": {
				"north": {"uv": [5, 3, 5.5, 5], "texture": "#side", "cullface": "east"},
				"east": {"uv": [3, 3, 6, 5], "texture": "#side", "cullface": "east"},
				"down": {"uv": [3, 4, 6, 4.5], "rotation": 90, "texture": "#side", "cullface": "east"}
			}
		},
		{
			"name": "Layer1 Outer",
			"from": [15, 10, 11],
			"to": [15.5, 11, 13],
			"faces": {
				"north": {"uv": [4, 5, 4.5, 6], "texture": "#side", "cullface": "east"},
				"east": {"uv": [3, 5, 5, 6], "texture": "#side", "cullface": "east"},
				"down": {"uv": [3, 5, 5, 5.5], "rotation": 90, "texture": "#side", "cullface": "east"}
			}
		},
		{
			"name": "Layer1 Outer",
			"from": [15, 10, 3],
			"to": [15.5, 11, 5],
			"faces": {
				"east": {"uv": [11, 5, 13, 6], "texture": "#side", "cullface": "east"},
				"south": {"uv": [11, 5, 11.5, 6], "texture": "#side", "cullface": "east"},
				"down": {"uv": [11, 5, 13, 5.5], "rotation": 270, "texture": "#side", "cullface": "east"}
			}
		},
		{
			"name": "Layer1 Outer",
			"from": [15, 5, 3],
			"to": [15.5, 6, 5],
			"faces": {
				"east": {"uv": [11, 10, 13, 11], "texture": "#side", "cullface": "east"},
				"south": {"uv": [11, 10, 11.5, 11], "texture": "#side", "cullface": "east"},
				"up": {"uv": [11, 10, 13, 10.5], "rotation": 90, "texture": "#side", "cullface": "east"}
			}
		},
		{
			"name": "Layer1 Outer",
			"from": [15, 5, 11],
			"to": [15.5, 6, 13],
			"faces": {
				"north": {"uv": [4, 10, 4.5, 11], "texture": "#side", "cullface": "east"},
				"east": {"uv": [3, 10, 5, 11], "texture": "#side", "cullface": "east"},
				"up": {"uv": [3, 10, 5, 10.5], "rotation": 90, "texture": "#side", "cullface": "east"}
			}
		},
		{
			"name": "Layer1 Inner",
			"from": [15, 10, 7],
			"to": [15.5, 12, 9],
			"faces": {
				"north": {"uv": [8, 4, 8.5, 6], "texture": "#side", "cullface": "east"},
				"east": {"uv": [7, 4, 9, 6], "texture": "#side", "cullface": "east"},
				"south": {"uv": [7, 4, 7.5, 6], "texture": "#side", "cullface": "east"},
				"up": {"uv": [7, 4, 9, 4.5], "rotation": 270, "texture": "#side", "cullface": "east"},
				"down": {"uv": [7, 5, 9, 5.5], "rotation": 90, "texture": "#side", "cullface": "east"}
			}
		},
		{
			"name": "Layer1 Inner",
			"from": [15, 4, 7],
			"to": [15.5, 6, 9],
			"faces": {
				"north": {"uv": [8, 10, 8.5, 12], "texture": "#side", "cullface": "east"},
				"east": {"uv": [7, 10, 9, 12], "texture": "#side", "cullface": "east"},
				"south": {"uv": [7, 10, 7.5, 12], "texture": "#side", "cullface": "east"},
				"up": {"uv": [7, 10, 9, 10.5], "rotation": 90, "texture": "#side", "cullface": "east"},
				"down": {"uv": [7, 11, 9, 11.5], "rotation": 270, "texture": "#side", "cullface": "east"}
			}
		},
		{
			"name": "Layer1 Inner",
			"from": [15, 5, 9],
			"to": [15.5, 7, 10],
			"faces": {
				"north": {"uv": [6, 9, 6.5, 11], "texture": "#side", "cullface": "east"},
				"east": {"uv": [6, 9, 7, 11], "texture": "#side", "cullface": "east"},
				"south": {"uv": [6, 9, 6.5, 11], "texture": "#side", "cullface": "east"},
				"up": {"uv": [6, 9, 7, 9.5], "rotation": 90, "texture": "#side", "cullface": "east"},
				"down": {"uv": [6, 10, 7, 10.5], "rotation": 270, "texture": "#side", "cullface": "east"}
			}
		},
		{
			"name": "Layer1 Inner",
			"from": [15, 5, 6],
			"to": [15.5, 7, 7],
			"faces": {
				"north": {"uv": [9, 9, 9.5, 11], "texture": "#side", "cullface": "east"},
				"east": {"uv": [9, 9, 10, 11], "texture": "#side", "cullface": "east"},
				"south": {"uv": [9, 9, 9.5, 11], "texture": "#side", "cullface": "east"},
				"up": {"uv": [9, 9, 10, 9.5], "rotation": 90, "texture": "#side", "cullface": "east"},
				"down": {"uv": [9, 10, 10, 10.5], "rotation": 270, "texture": "#side", "cullface": "east"}
			}
		},
		{
			"name": "Layer1 Inner",
			"from": [15, 6, 10],
			"to": [15.5, 7, 11],
			"faces": {
				"east": {"uv": [5, 9, 6, 10], "texture": "#side", "cullface": "east"},
				"south": {"uv": [5, 9, 5.5, 10], "texture": "#side", "cullface": "east"},
				"down": {"uv": [5, 9, 6, 9.5], "rotation": 270, "texture": "#side", "cullface": "east"}
			}
		},
		{
			"name": "Layer1 Inner",
			"from": [15, 6, 5],
			"to": [15.5, 7, 6],
			"faces": {
				"north": {"uv": [10, 9, 10.5, 10], "texture": "#side", "cullface": "east"},
				"east": {"uv": [10, 9, 11, 10], "texture": "#side", "cullface": "east"},
				"down": {"uv": [10, 9, 11, 9.5], "rotation": 270, "texture": "#side", "cullface": "east"}
			}
		},
		{
			"name": "Layer1 Inner",
			"from": [15, 7, 10],
			"to": [15.5, 9, 12],
			"faces": {
				"north": {"uv": [5, 7, 5.5, 9], "texture": "#side", "cullface": "east"},
				"east": {"uv": [4, 7, 6, 9], "texture": "#side", "cullface": "east"},
				"south": {"uv": [4, 7, 4.5, 9], "texture": "#side", "cullface": "east"},
				"up": {"uv": [4, 7, 5, 7.5], "rotation": 90, "texture": "#side", "cullface": "east"},
				"down": {"uv": [4, 8, 6, 8.5], "rotation": 270, "texture": "#side", "cullface": "east"}
			}
		},
		{
			"name": "Layer1 Inner",
			"from": [15, 7, 4],
			"to": [15.5, 9, 6],
			"faces": {
				"north": {"uv": [11, 7, 11.5, 9], "texture": "#side", "cullface": "east"},
				"east": {"uv": [10, 7, 12, 9], "texture": "#side", "cullface": "east"},
				"south": {"uv": [10, 7, 10.5, 9], "texture": "#side", "cullface": "east"},
				"up": {"uv": [11, 7, 12, 7.5], "rotation": 90, "texture": "#side", "cullface": "east"},
				"down": {"uv": [11, 8, 12, 8.5], "rotation": 270, "texture": "#side", "cullface": "east"}
			}
		},
		{
			"name": "Layer1 Inner",
			"from": [15, 9, 10],
			"to": [15.5, 10, 11],
			"faces": {
				"east": {"uv": [5, 6, 6, 7], "texture": "#side", "cullface": "east"},
				"south": {"uv": [5, 6, 5.5, 7], "texture": "#side", "cullface": "east"},
				"up": {"uv": [5, 6, 6, 6.5], "rotation": 90, "texture": "#side", "cullface": "east"}
			}
		},
		{
			"name": "Layer1 Inner",
			"from": [15, 9, 5],
			"to": [15.5, 10, 6],
			"faces": {
				"north": {"uv": [10, 6, 10.5, 7], "texture": "#side", "cullface": "east"},
				"east": {"uv": [10, 6, 11, 7], "texture": "#side", "cullface": "east"},
				"up": {"uv": [10, 6, 11, 6.5], "rotation": 90, "texture": "#side", "cullface": "east"}
			}
		},
		{
			"name": "Layer1 Inner",
			"from": [15, 9, 9],
			"to": [15.5, 11, 10],
			"faces": {
				"north": {"uv": [6, 5, 6.5, 7], "texture": "#side", "cullface": "east"},
				"east": {"uv": [6, 5, 7, 7], "texture": "#side", "cullface": "east"},
				"south": {"uv": [6, 5, 6.5, 7], "texture": "#side", "cullface": "east"},
				"up": {"uv": [6, 5, 7, 5.5], "rotation": 90, "texture": "#side", "cullface": "east"},
				"down": {"uv": [6, 6, 7, 6.5], "rotation": 270, "texture": "#side", "cullface": "east"}
			}
		},
		{
			"name": "Layer1 Inner",
			"from": [15, 9, 6],
			"to": [15.5, 11, 7],
			"faces": {
				"north": {"uv": [9, 5, 9.5, 7], "texture": "#side", "cullface": "east"},
				"east": {"uv": [9, 5, 10, 7], "texture": "#side", "cullface": "east"},
				"south": {"uv": [9, 5, 9.5, 7], "texture": "#side", "cullface": "east"},
				"up": {"uv": [9, 5, 10, 5.5], "rotation": 90, "texture": "#side", "cullface": "east"},
				"down": {"uv": [9, 6, 10, 6.5], "rotation": 270, "texture": "#side", "cullface": "east"}
			}
		},
		{
			"name": "Layer2 BG",
			"from": [15, 3, 3],
			"to": [15, 13, 13],
			"faces": {
				"east": {"uv": [3, 3, 13, 13], "texture": "#side", "cullface": "east"}
			}
		},
		{
			"name": "Pillar",
			"from": [0, 1, 0],
			"to": [1, 15, 1],
			"rotation": {"angle": 0, "axis": "y", "origin": [8, 9, 8]},
			"faces": {
				"north": {"uv": [15, 1, 16, 15], "texture": "#side", "cullface": "north"},
				"east": {"uv": [15, 1, 16, 15], "texture": "#side", "cullface": "north"},
				"south": {"uv": [0, 1, 1, 15], "texture": "#side", "cullface": "west"},
				"west": {"uv": [0, 1, 1, 15], "texture": "#side", "cullface": "west"}
			}
		},
		{
			"name": "Pillar",
			"from": [0, 1, 15],
			"to": [1, 15, 16],
			"rotation": {"angle": 0, "axis": "y", "origin": [8, 9, 8]},
			"faces": {
				"north": {"uv": [15, 1, 16, 15], "texture": "#side", "cullface": "west"},
				"east": {"uv": [0, 1, 1, 15], "texture": "#side", "cullface": "south"},
				"south": {"uv": [0, 1, 1, 15], "texture": "#side", "cullface": "south"},
				"west": {"uv": [15, 1, 16, 15], "texture": "#side", "cullface": "west"}
			}
		},
		{
			"name": "Pillar",
			"from": [15, 1, 15],
			"to": [16, 15, 16],
			"rotation": {"angle": 0, "axis": "y", "origin": [8, 9, 8]},
			"faces": {
				"north": {"uv": [0, 1, 1, 15], "texture": "#side", "cullface": "east"},
				"east": {"uv": [0, 1, 1, 15], "texture": "#side", "cullface": "east"},
				"south": {"uv": [15, 1, 16, 15], "texture": "#side", "cullface": "south"},
				"west": {"uv": [15, 1, 16, 15], "texture": "#side", "cullface": "south"}
			}
		},
		{
			"name": "Pillar",
			"from": [15, 1, 0],
			"to": [16, 15, 1],
			"rotation": {"angle": 0, "axis": "y", "origin": [8, 9, 8]},
			"faces": {
				"north": {"uv": [0, 1, 1, 15], "texture": "#side", "cullface": "north"},
				"east": {"uv": [15, 1, 16, 15], "texture": "#side", "cullface": "east"},
				"south": {"uv": [15, 1, 16, 15], "texture": "#side", "cullface": "east"},
				"west": {"uv": [0, 1, 1, 15], "texture": "#side", "cullface": "north"}
			}
		},
		{
			"name": "Top",
			"from": [1, 15, 1],
			"to": [15, 15.5, 15],
			"faces": {
				"up": {"uv": [1, 1, 15, 15], "rotation": 180, "texture": "#end", "cullface": "up"}
			}
		},
		{
			"name": "Top",
			"from": [1, 15, 0],
			"to": [16, 16, 1],
			"faces": {
				"north": {"uv": [0, 0, 15, 1], "rotation": 180, "texture": "#side", "cullface": "north"},
				"east": {"uv": [15, 0, 16, 1], "texture": "#side", "cullface": "east"},
				"south": {"uv": [1, 0, 16, 1], "rotation": 180, "texture": "#end", "cullface": "up"},
				"up": {"uv": [1, 0, 16, 1], "rotation": 180, "texture": "#end", "cullface": "up"},
				"down": {"uv": [0, 0, 15, 1], "texture": "#side", "cullface": "north"}
			}
		},
		{
			"name": "Top",
			"from": [15, 15, 1],
			"to": [16, 16, 16],
			"faces": {
				"east": {"uv": [0, 0, 15, 1], "rotation": 180, "texture": "#side", "cullface": "east"},
				"south": {"uv": [15, 0, 16, 1], "texture": "#side", "cullface": "south"},
				"west": {"uv": [15, 1, 16, 16], "rotation": 90, "texture": "#end", "cullface": "up"},
				"up": {"uv": [15, 1, 16, 16], "rotation": 180, "texture": "#end", "cullface": "up"},
				"down": {"uv": [0, 0, 15, 1], "rotation": 270, "texture": "#side", "cullface": "east"}
			}
		},
		{
			"name": "Top",
			"from": [0, 15, 15],
			"to": [15, 16, 16],
			"faces": {
				"north": {"uv": [0, 15, 15, 16], "texture": "#end", "cullface": "up"},
				"south": {"uv": [0, 0, 15, 1], "rotation": 180, "texture": "#side", "cullface": "south"},
				"west": {"uv": [15, 0, 16, 1], "texture": "#side", "cullface": "west"},
				"up": {"uv": [0, 15, 15, 16], "rotation": 180, "texture": "#end", "cullface": "up"},
				"down": {"uv": [0, 0, 15, 1], "rotation": 180, "texture": "#side", "cullface": "south"}
			}
		},
		{
			"name": "Top",
			"from": [0, 15, 0],
			"to": [1, 16, 15],
			"faces": {
				"north": {"uv": [15, 0, 16, 1], "texture": "#side", "cullface": "north"},
				"east": {"uv": [0, 0, 1, 15], "rotation": 270, "texture": "#end", "cullface": "up"},
				"west": {"uv": [0, 0, 15, 1], "rotation": 180, "texture": "#side", "cullface": "west"},
				"up": {"uv": [0, 0, 1, 15], "rotation": 180, "texture": "#end", "cullface": "up"},
				"down": {"uv": [0, 0, 15, 1], "rotation": 90, "texture": "#side", "cullface": "west"}
			}
		},
		{
			"name": "Top",
			"from": [2, 15, 2],
			"to": [14, 16, 14],
			"faces": {
				"north": {"uv": [2, 13, 14, 14], "texture": "#end", "cullface": "up"},
				"east": {"uv": [2, 2, 3, 14], "rotation": 270, "texture": "#end", "cullface": "up"},
				"south": {"uv": [2, 2, 14, 3], "rotation": 180, "texture": "#end", "cullface": "up"},
				"west": {"uv": [13, 2, 14, 14], "rotation": 90, "texture": "#end", "cullface": "up"},
				"up": {"uv": [2, 2, 14, 14], "rotation": 180, "texture": "#end", "cullface": "up"}
			}
		},
		{
			"name": "Bottom",
			"from": [1, 0.5, 1],
			"to": [15, 1, 15],
			"rotation": {"angle": 0, "axis": "y", "origin": [9, 8, 9]},
			"faces": {
				"down": {"uv": [1, 1, 15, 15], "texture": "#end", "cullface": "down"}
			}
		},
		{
			"name": "Bottom",
			"from": [0, 0, 0],
			"to": [15, 1, 1],
			"faces": {
				"north": {"uv": [1, 15, 16, 16], "texture": "#side", "cullface": "north"},
				"south": {"uv": [1, 0, 16, 1], "texture": "#end", "cullface": "down"},
				"west": {"uv": [0, 15, 1, 16], "texture": "#side", "cullface": "west"},
				"up": {"uv": [1, 15, 16, 16], "rotation": 180, "texture": "#side", "cullface": "north"},
				"down": {"uv": [1, 0, 16, 1], "texture": "#end", "cullface": "down"}
			}
		},
		{
			"name": "Bottom",
			"from": [0, 0, 1],
			"to": [1, 1, 16],
			"faces": {
				"east": {"uv": [15, 1, 16, 16], "rotation": 270, "texture": "#end", "cullface": "down"},
				"south": {"uv": [0, 15, 1, 16], "texture": "#side", "cullface": "south"},
				"west": {"uv": [1, 15, 16, 16], "texture": "#side", "cullface": "west"},
				"up": {"uv": [1, 15, 16, 16], "rotation": 90, "texture": "#side", "cullface": "west"},
				"down": {"uv": [15, 1, 16, 16], "texture": "#end", "cullface": "down"}
			}
		},
		{
			"name": "Bottom",
			"from": [1, 0, 15],
			"to": [16, 1, 16],
			"faces": {
				"north": {"uv": [0, 15, 15, 16], "rotation": 180, "texture": "#end", "cullface": "down"},
				"east": {"uv": [0, 15, 1, 16], "texture": "#side", "cullface": "east"},
				"south": {"uv": [1, 15, 16, 16], "texture": "#side", "cullface": "south"},
				"up": {"uv": [1, 15, 16, 16], "texture": "#side", "cullface": "south"},
				"down": {"uv": [0, 15, 15, 16], "texture": "#end", "cullface": "down"}
			}
		},
		{
			"name": "Bottom",
			"from": [15, 0, 0],
			"to": [16, 1, 15],
			"faces": {
				"north": {"uv": [0, 15, 1, 16], "texture": "#side", "cullface": "north"},
				"east": {"uv": [1, 15, 16, 16], "texture": "#side", "cullface": "east"},
				"west": {"uv": [0, 0, 1, 15], "rotation": 90, "texture": "#end", "cullface": "down"},
				"up": {"uv": [1, 15, 16, 16], "rotation": 270, "texture": "#side", "cullface": "east"},
				"down": {"uv": [0, 0, 1, 15], "texture": "#end", "cullface": "down"}
			}
		},
		{
			"name": "Bottom",
			"from": [2, 0, 2],
			"to": [14, 1, 14],
			"rotation": {"angle": 0, "axis": "y", "origin": [10, 8, 10]},
			"faces": {
				"north": {"uv": [2, 13, 14, 14], "rotation": 180, "texture": "#end", "cullface": "down"},
				"east": {"uv": [13, 2, 14, 14], "rotation": 270, "texture": "#end", "cullface": "down"},
				"south": {"uv": [2, 2, 14, 3], "texture": "#end", "cullface": "down"},
				"west": {"uv": [2, 2, 3, 14], "rotation": 90, "texture": "#end", "cullface": "down"},
				"down": {"uv": [2, 2, 14, 14], "texture": "#end", "cullface": "down"}
			}
		}
	],
	"display": {
		"thirdperson_righthand": {
			"rotation": [75, 45, 0],
			"translation": [0, 2.5, 0],
			"scale": [0.375, 0.375, 0.375]
		},
		"thirdperson_lefthand": {
			"rotation": [75, 45, 0],
			"translation": [0, 2.5, 0],
			"scale": [0.375, 0.375, 0.375]
		},
		"firstperson_righthand": {
			"rotation": [0, 135, 0],
			"scale": [0.4, 0.4, 0.4]
		},
		"firstperson_lefthand": {
			"rotation": [0, 135, 0],
			"scale": [0.4, 0.4, 0.4]
		},
		"ground": {
			"scale": [0.25, 0.25, 0.25]
		},
		"gui": {
			"rotation": [30, -135, 0],
			"scale": [0.625, 0.625, 0.625]
		},
		"fixed": {
			"scale": [0.5, 0.5, 0.5]
		}
	},
	"groups": [
		{
			"name": "North",
			"origin": [8, 8, 8],
			"children": [
				{
					"name": "Corners",
					"origin": [21, 21, 8],
					"children": [0, 1, 2, 3]
				},
				{
					"name": "Layer1 Outer",
					"origin": [19, 0, 8],
					"children": [4, 5, 6, 7, 8, 9, 10, 11, 12, 13, 14, 15]
				},
				{
					"name": "Layer1 Inner",
					"origin": [13, 18, 8],
					"children": [16, 17, 18, 19, 20, 21, 22, 23, 24, 25, 26, 27]
				}, 28]
		},
		{
			"name": "South",
			"origin": [8, 8, 8],
			"children": [
				{
					"name": "Corners",
					"origin": [21, 21, 8],
					"children": [29, 30, 31, 32]
				},
				{
					"name": "Layer1 Outer",
					"origin": [19, 0, 8],
					"children": [33, 34, 35, 36, 37, 38, 39, 40, 41, 42, 43, 44]
				},
				{
					"name": "Layer1 Inner",
					"origin": [13, 18, 8],
					"children": [45, 46, 47, 48, 49, 50, 51, 52, 53, 54, 55, 56]
				}, 57]
		},
		{
			"name": "West",
			"origin": [8, 8, 8],
			"children": [
				{
					"name": "Corners",
					"origin": [21, 21, 8],
					"children": [58, 59, 60, 61]
				},
				{
					"name": "Layer1 Outer",
					"origin": [19, 0, 8],
					"children": [62, 63, 64, 65, 66, 67, 68, 69, 70, 71, 72, 73]
				},
				{
					"name": "Layer1 Inner",
					"origin": [13, 18, 8],
					"children": [74, 75, 76, 77, 78, 79, 80, 81, 82, 83, 84, 85]
				}, 86]
		},
		{
			"name": "East",
			"origin": [8, 8, 8],
			"children": [
				{
					"name": "Corners",
					"origin": [21, 21, 8],
					"children": [87, 88, 89, 90]
				},
				{
					"name": "Layer1 Outer",
					"origin": [19, 0, 8],
					"children": [91, 92, 93, 94, 95, 96, 97, 98, 99, 100, 101, 102]
				},
				{
					"name": "Layer1 Inner",
					"origin": [13, 18, 8],
					"children": [103, 104, 105, 106, 107, 108, 109, 110, 111, 112, 113, 114]
				}, 115]
		},
		{
			"name": "Side Pillars",
			"origin": [8, 9, 8],
			"children": [116, 117, 118, 119]
		},
		{
			"name": "Top",
			"origin": [8, 8, 8],
			"children": [120, 121, 122, 123, 124, 125]
		},
		{
			"name": "Bottom",
			"origin": [10, 8, 10],
			"children": [126, 127, 128, 129, 130, 131]
		}
	]
}