{
	"credit": "Made by TheWaschtlPlays using Blockbench",
	"textures": {
		"0": "block/loom_side",
		"1": "block/loom_bottom",
		"2": "block/loom_top",
		"3": "block/loom_front",
		"particle": "block/loom_side"
	},
	"elements": [
		{
			"from": [0, 0, 0],
			"to": [16, 1, 16],
			"faces": {
				"north": {"uv": [0, 15, 16, 16], "texture": "#3", "cullface": "north"},
				"east": {"uv": [0, 15, 16, 16], "texture": "#0", "cullface": "east"},
				"south": {"uv": [0, 15, 16, 16], "texture": "#0", "cullface": "south"},
				"west": {"uv": [0, 15, 16, 16], "texture": "#0", "cullface": "west"},
				"up": {"uv": [0, 0, 16, 16], "texture": "#0"},
				"down": {"uv": [0, 0, 16, 16], "texture": "#1", "cullface": "down"}
			}
		},
		{
			"from": [0, 7, 1],
			"to": [16, 9, 16],
			"faces": {
				"east": {"uv": [0, 7, 15, 9], "texture": "#0", "cullface": "east"},
				"south": {"uv": [0, 7, 16, 9], "texture": "#0", "cullface": "south"},
				"west": {"uv": [1, 7, 16, 9], "texture": "#0", "cullface": "west"},
				"up": {"uv": [0, 1, 16, 16], "texture": "#0"},
				"down": {"uv": [0, 0, 16, 15], "texture": "#0"}
			}
		},
		{
			"from": [0, 15, 15],
			"to": [16, 16, 16],
			"faces": {
				"north": {"uv": [0, 0, 16, 1], "texture": "#0", "cullface": "up"},
				"east": {"uv": [0, 0, 1, 1], "texture": "#0"},
				"south": {"uv": [0, 0, 16, 1], "texture": "#0", "cullface": "south"},
				"west": {"uv": [15, 0, 16, 1], "texture": "#0", "cullface": "west"},
				"up": {"uv": [0, 15, 16, 16], "texture": "#2", "cullface": "up"},
				"down": {"uv": [0, 0, 16, 1], "texture": "#0", "cullface": "south"}
			}
		},
		{
			"from": [0, 15, 0],
			"to": [16, 16, 1],
			"faces": {
				"north": {"uv": [0, 0, 16, 1], "texture": "#3", "cullface": "north"},
				"east": {"uv": [15, 0, 16, 1], "texture": "#0", "cullface": "east"},
				"south": {"uv": [0, 0, 16, 1], "texture": "#2", "cullface": "up"},
				"west": {"uv": [0, 0, 1, 1], "texture": "#0", "cullface": "west"},
				"up": {"uv": [0, 0, 16, 1], "texture": "#2", "cullface": "up"},
				"down": {"uv": [16, 0, 0, 1], "texture": "#3", "cullface": "north"}
			}
		},
		{
			"from": [0, 1, 0],
			"to": [1, 15, 1],
			"faces": {
				"north": {"uv": [15, 1, 16, 15], "texture": "#3", "cullface": "north"},
				"east": {"uv": [15, 1, 16, 15], "texture": "#3", "cullface": "north"},
				"south": {"uv": [0, 1, 1, 15], "texture": "#0", "cullface": "west"},
				"west": {"uv": [0, 1, 1, 15], "texture": "#0", "cullface": "west"}
			}
		},
		{
			"from": [15, 1, 0],
			"to": [16, 15, 1],
			"faces": {
				"north": {"uv": [0, 9, 1, 15], "texture": "#3", "cullface": "north"},
				"east": {"uv": [15, 1, 16, 15], "texture": "#0", "cullface": "east"},
				"south": {"uv": [15, 1, 16, 15], "texture": "#0", "cullface": "east"},
				"west": {"uv": [0, 1, 1, 15], "texture": "#3", "cullface": "north"}
			}
		},
		{
			"from": [15, 1, 15],
			"to": [16, 7, 16],
			"faces": {
				"north": {"uv": [0, 9, 1, 15], "texture": "#0", "cullface": "east"},
				"east": {"uv": [0, 9, 1, 15], "texture": "#0", "cullface": "east"},
				"south": {"uv": [15, 9, 16, 15], "texture": "#0", "cullface": "south"},
				"west": {"uv": [15, 9, 16, 15], "texture": "#0", "cullface": "south"}
			}
		},
		{
			"from": [0, 1, 15],
			"to": [1, 7, 16],
			"faces": {
				"north": {"uv": [15, 9, 16, 15], "texture": "#0", "cullface": "west"},
				"east": {"uv": [0, 9, 1, 15], "texture": "#0", "cullface": "south"},
				"south": {"uv": [0, 9, 1, 15], "texture": "#0", "cullface": "south"},
				"west": {"uv": [15, 9, 16, 15], "texture": "#0", "cullface": "west"}
			}
		},
		{
			"from": [0, 9, 15],
			"to": [1, 15, 16],
			"faces": {
				"north": {"uv": [15, 1, 16, 7], "texture": "#0", "cullface": "west"},
				"east": {"uv": [0, 1, 1, 7], "texture": "#0", "cullface": "south"},
				"south": {"uv": [0, 1, 1, 7], "texture": "#0", "cullface": "south"},
				"west": {"uv": [15, 1, 16, 7], "texture": "#0", "cullface": "west"}
			}
		},
		{
			"from": [15, 9, 15],
			"to": [16, 15, 16],
			"faces": {
				"north": {"uv": [0, 1, 1, 7], "texture": "#0", "cullface": "east"},
				"east": {"uv": [0, 1, 1, 7], "texture": "#0", "cullface": "east"},
				"south": {"uv": [15, 1, 16, 7], "texture": "#0", "cullface": "south"},
				"west": {"uv": [15, 1, 16, 7], "texture": "#0", "cullface": "south"}
			}
		},
		{
			"name": "Side",
			"from": [1, 1, 15],
			"to": [15, 15, 15],
			"faces": {
				"east": {"uv": [0, 0, 1, 14], "texture": "#missing"},
				"south": {"uv": [1, 1, 15, 15], "texture": "#0", "cullface": "south"},
				"west": {"uv": [0, 0, 1, 14], "texture": "#missing"},
				"up": {"uv": [0, 0, 1, 14], "rotation": 270, "texture": "#missing"},
				"down": {"uv": [0, 0, 1, 14], "rotation": 90, "texture": "#missing"}
			}
		},
		{
			"name": "Side",
			"from": [1, 1, 1],
			"to": [1, 15, 15],
			"faces": {
				"north": {"uv": [0, 0, 1, 14], "texture": "#missing"},
				"south": {"uv": [0, 0, 1, 14], "texture": "#missing"},
				"west": {"uv": [1, 1, 15, 15], "texture": "#0", "cullface": "west"},
				"up": {"uv": [0, 0, 1, 14], "texture": "#missing"},
				"down": {"uv": [0, 0, 1, 14], "texture": "#missing"}
			}
		},
		{
			"name": "Side",
			"from": [15, 1, 1],
			"to": [15, 15, 15],
			"faces": {
				"north": {"uv": [0, 0, 1, 14], "texture": "#missing"},
				"east": {"uv": [1, 1, 15, 15], "texture": "#0", "cullface": "east"},
				"south": {"uv": [0, 0, 1, 14], "texture": "#missing"},
				"up": {"uv": [0, 0, 1, 14], "rotation": 180, "texture": "#missing"},
				"down": {"uv": [0, 0, 1, 14], "rotation": 180, "texture": "#missing"}
			}
		},
		{
			"from": [1, 7, 0],
			"to": [15, 8, 1],
			"faces": {
				"north": {"uv": [1, 8, 15, 9], "texture": "#3", "cullface": "north"},
				"up": {"uv": [1, 8, 15, 9], "texture": "#3", "cullface": "north"},
				"down": {"uv": [1, 8, 15, 9], "texture": "#3", "cullface": "north"}
			}
		},
		{
			"from": [1, 6, 0],
			"to": [2, 7, 1],
			"faces": {
				"north": {"uv": [14, 9, 15, 10], "texture": "#3", "cullface": "north"},
				"east": {"uv": [14, 9, 15, 10], "texture": "#3", "cullface": "north"}
			}
		},
		{
			"from": [14, 6, 0],
			"to": [15, 7, 1],
			"faces": {
				"north": {"uv": [1, 9, 2, 10], "texture": "#3", "cullface": "north"},
				"west": {"uv": [1, 9, 2, 10], "texture": "#3", "cullface": "north"}
			}
		},
		{
			"from": [1, 5, 0],
			"to": [15, 6, 1],
			"faces": {
				"north": {"uv": [1, 10, 15, 11], "texture": "#3", "cullface": "north"},
				"up": {"uv": [1, 10, 15, 11], "texture": "#3", "cullface": "north"},
				"down": {"uv": [1, 10, 15, 11], "texture": "#3", "cullface": "north"}
			}
		},
		{
			"from": [1, 1, 0],
			"to": [15, 2, 1],
			"faces": {
				"north": {"uv": [1, 14, 15, 15], "texture": "#3", "cullface": "north"},
				"up": {"uv": [1, 14, 15, 15], "texture": "#3", "cullface": "north"}
			}
		},
		{
			"from": [0, 15, 1],
			"to": [1, 16, 15],
			"faces": {
				"east": {"uv": [1, 0, 15, 1], "texture": "#0", "cullface": "up"},
				"west": {"uv": [1, 0, 15, 1], "texture": "#0", "cullface": "west"},
				"up": {"uv": [0, 1, 1, 15], "texture": "#2", "cullface": "up"},
				"down": {"uv": [1, 0, 15, 1], "rotation": 270, "texture": "#0", "cullface": "west"}
			}
		},
		{
			"from": [15, 15, 1],
			"to": [16, 16, 15],
			"faces": {
				"east": {"uv": [1, 0, 15, 1], "texture": "#0", "cullface": "east"},
				"west": {"uv": [1, 0, 15, 1], "texture": "#0", "cullface": "up"},
				"up": {"uv": [15, 1, 16, 15], "texture": "#2", "cullface": "up"},
				"down": {"uv": [1, 0, 15, 1], "rotation": 90, "texture": "#0"}
			}
		},
		{
			"from": [1, 15, 12],
			"to": [15, 16, 13],
			"faces": {
				"north": {"uv": [1, 12, 15, 13], "rotation": 180, "texture": "#2", "cullface": "up"},
				"south": {"uv": [1, 12, 15, 13], "texture": "#2", "cullface": "up"},
				"up": {"uv": [1, 12, 15, 13], "texture": "#2", "cullface": "up"}
			}
		},
		{
			"from": [1, 10, 0.5],
			"to": [15, 15, 1],
			"faces": {
				"north": {"uv": [1, 1, 15, 6], "texture": "#3", "cullface": "north"},
				"down": {"uv": [15, 5, 1, 6], "texture": "#3", "cullface": "north"}
			}
		},
		{
			"from": [1, 2, 1],
			"to": [15, 10, 1],
			"faces": {
				"north": {"uv": [1, 6, 15, 14], "texture": "#3", "cullface": "north"}
			}
		},
		{
			"from": [1, 15.25, 13],
			"to": [15, 15.25, 15],
			"faces": {
				"up": {"uv": [1, 13, 15, 15], "texture": "#2", "cullface": "up"}
			}
		},
		{
			"from": [1, 15.5, 1],
			"to": [15, 15.75, 8],
			"faces": {
				"south": {"uv": [1, 7, 15, 7.25], "texture": "#2", "cullface": "up"},
				"up": {"uv": [1, 1, 15, 8], "texture": "#2", "cullface": "up"}
			}
		},
		{
			"from": [1, 15.5, 8],
			"to": [15, 15.5, 12],
			"faces": {
				"up": {"uv": [1, 8, 15, 12], "texture": "#2", "cullface": "up"}
			}
		}
	],
	"display": {
		"thirdperson_righthand": {
			"rotation": [75, 45, 0],
			"translation": [0, 2.5, 0],
			"scale": [0.375, 0.375, 0.375]
		},
		"thirdperson_lefthand": {
			"rotation": [75, 45, 0],
			"translation": [0, 2.5, 0],
			"scale": [0.375, 0.375, 0.375]
		},
		"firstperson_righthand": {
			"rotation": [0, 135, 0],
			"scale": [0.4, 0.4, 0.4]
		},
		"firstperson_lefthand": {
			"rotation": [0, 135, 0],
			"scale": [0.4, 0.4, 0.4]
		},
		"ground": {
			"scale": [0.25, 0.25, 0.25]
		},
		"gui": {
			"rotation": [30, -135, 0],
			"scale": [0.625, 0.625, 0.625]
		},
		"fixed": {
			"scale": [0.5, 0.5, 0.5]
		}
	},
	"groups": [
		{
			"name": "frame",
			"origin": [8, 8, 8],
			"children": [0, 1, 2, 3, 4, 5, 6, 7, 8, 9, 10, 11, 12,
				{
					"name": "North",
					"origin": [8, 8, 8],
					"children": [13, 14, 15, 16, 17]
				}, 18, 19, 20]
		},
		{
			"name": "Inner",
			"origin": [8, 8, 8],
			"children": [21, 22, 23, 24, 25]
		}
	]
}