{
	"credit": "Made by TheWaschtlPlays using Blockbench",
	"textures": {
		"pumpkin_top": "block/pumpkin_top",
		"particle": "block/pumpkin_side",
		"pumpkin_side": "block/pumpkin_side",
		"pumpkin_bottom": "custom_textures/pumpkin_bottom"
	},
	"elements": [
		{
			"name": "Cube",
			"from": [7, 16.5, 7],
			"to": [9, 17, 9],
			"faces": {
				"north": {"uv": [7, 7, 9, 8], "texture": "#pumpkin_top", "cullface": "up"},
				"east": {"uv": [7, 7, 8, 9], "rotation": 90, "texture": "#pumpkin_top", "cullface": "up"},
				"south": {"uv": [7, 8, 9, 9], "texture": "#pumpkin_top", "cullface": "up"},
				"west": {"uv": [8, 7, 9, 9], "rotation": 270, "texture": "#pumpkin_top", "cullface": "up"},
				"up": {"uv": [7, 7, 9, 9], "texture": "#pumpkin_top", "cullface": "up"}
			}
		},
		{
			"name": "Cube",
			"from": [5, 16, 5],
			"to": [7, 17, 7],
			"faces": {
				"north": {"uv": [5, 5, 7, 6], "texture": "#pumpkin_top", "cullface": "up"},
				"east": {"uv": [5, 5, 6, 7], "rotation": 90, "texture": "#pumpkin_top", "cullface": "up"},
				"south": {"uv": [5, 6, 7, 7], "texture": "#pumpkin_top", "cullface": "up"},
				"west": {"uv": [6, 5, 7, 7], "rotation": 270, "texture": "#pumpkin_top", "cullface": "up"},
				"up": {"uv": [5, 5, 7, 7], "texture": "#pumpkin_top", "cullface": "up"}
			}
		},
		{
			"name": "Cube",
			"from": [7, 16.25, 6],
			"to": [8, 17, 7],
			"faces": {
				"north": {"uv": [7, 6, 8, 7], "texture": "#pumpkin_top", "cullface": "up"},
				"east": {"uv": [7, 6, 8, 7], "texture": "#pumpkin_top", "cullface": "up"},
				"up": {"uv": [7, 6, 8, 7], "texture": "#pumpkin_top", "cullface": "up"}
			}
		},
		{
			"name": "Cube",
			"from": [6, 16.25, 7],
			"to": [7, 17, 8],
			"faces": {
				"south": {"uv": [6, 7, 7, 8], "texture": "#pumpkin_top", "cullface": "up"},
				"west": {"uv": [6, 7, 7, 8], "texture": "#pumpkin_top", "cullface": "up"},
				"up": {"uv": [6, 7, 7, 8], "texture": "#pumpkin_top", "cullface": "up"}
			}
		},
		{
			"name": "Cube",
			"from": [6, 16, 6],
			"to": [9, 16.5, 9],
			"faces": {
				"north": {"uv": [6, 6, 9, 7], "rotation": 180, "texture": "#pumpkin_top", "cullface": "up"},
				"east": {"uv": [6, 6, 7, 9], "rotation": 270, "texture": "#pumpkin_top", "cullface": "up"},
				"south": {"uv": [6, 8, 9, 9], "texture": "#pumpkin_top", "cullface": "up"},
				"west": {"uv": [8, 6, 9, 9], "rotation": 90, "texture": "#pumpkin_top", "cullface": "up"},
				"up": {"uv": [6, 6, 9, 9], "texture": "#pumpkin_top", "cullface": "up"}
			}
		},
		{
			"name": "Cube",
			"from": [7, 16, 5],
			"to": [8, 16.5, 6],
			"faces": {
				"north": {"uv": [7, 5, 8, 6], "texture": "#pumpkin_top", "cullface": "up"},
				"east": {"uv": [7, 5, 8, 6], "texture": "#pumpkin_top", "cullface": "up"},
				"up": {"uv": [7, 5, 8, 6], "texture": "#pumpkin_top", "cullface": "up"}
			}
		},
		{
			"name": "Cube",
			"from": [5, 16, 7],
			"to": [6, 16.5, 8],
			"faces": {
				"south": {"uv": [7, 5, 8, 6], "texture": "#pumpkin_top", "cullface": "up"},
				"west": {"uv": [7, 5, 8, 6], "texture": "#pumpkin_top", "cullface": "up"},
				"up": {"uv": [7, 5, 8, 6], "texture": "#pumpkin_top", "cullface": "up"}
			}
		},
		{
			"name": "Cube",
			"from": [7, 16, 9],
			"to": [9, 16.5, 10],
			"faces": {
				"east": {"uv": [7, 9, 8, 10], "texture": "#pumpkin_top", "cullface": "up"},
				"south": {"uv": [7, 9, 9, 10], "texture": "#pumpkin_top", "cullface": "up"},
				"west": {"uv": [7, 9, 8, 10], "texture": "#pumpkin_top", "cullface": "up"},
				"up": {"uv": [7, 9, 8, 10], "texture": "#pumpkin_top", "cullface": "up"}
			}
		},
		{
			"name": "Cube",
			"from": [9, 16, 7],
			"to": [10, 16.5, 9],
			"faces": {
				"north": {"uv": [9, 7, 10, 8], "texture": "#pumpkin_top", "cullface": "up"},
				"east": {"uv": [9, 7, 10, 9], "rotation": 90, "texture": "#pumpkin_top", "cullface": "up"},
				"south": {"uv": [9, 8, 10, 9], "texture": "#pumpkin_top", "cullface": "up"},
				"up": {"uv": [9, 7, 10, 9], "texture": "#pumpkin_top", "cullface": "up"}
			}
		},
		{
			"from": [0, 0, 0],
			"to": [16, 16, 16],
			"faces": {
				"north": {"uv": [0, 0, 16, 16], "texture": "#pumpkin_side", "cullface": "north"},
				"east": {"uv": [0, 0, 16, 16], "texture": "#pumpkin_side", "cullface": "east"},
				"south": {"uv": [0, 0, 16, 16], "texture": "#pumpkin_side", "cullface": "south"},
				"west": {"uv": [0, 0, 16, 16], "texture": "#pumpkin_side", "cullface": "west"},
				"up": {"uv": [0, 0, 16, 16], "texture": "#pumpkin_top", "cullface": "up"},
				"down": {"uv": [0, 0, 16, 16], "texture": "#pumpkin_bottom", "cullface": "down"}
			}
		}
	],
	"display": {
		"thirdperson_righthand": {
			"rotation": [75, 45, 0],
			"translation": [0, 2.5, 0],
			"scale": [0.375, 0.375, 0.375]
		},
		"thirdperson_lefthand": {
			"rotation": [75, 45, 0],
			"translation": [0, 2.5, 0],
			"scale": [0.375, 0.375, 0.375]
		},
		"firstperson_righthand": {
			"rotation": [0, 135, 0],
			"scale": [0.4, 0.4, 0.4]
		},
		"firstperson_lefthand": {
			"rotation": [0, 135, 0],
			"scale": [0.4, 0.4, 0.4]
		},
		"ground": {
			"scale": [0.25, 0.25, 0.25]
		},
		"gui": {
			"rotation": [30, -135, 0],
			"scale": [0.625, 0.625, 0.625]
		},
		"head": {
			"rotation": [0, 180, 0],
			"translation": [0, -0.1, 0]
		},
		"fixed": {
			"scale": [0.5, 0.5, 0.5]
		}
	}
}