{
	"credit": "Originally made by playtrix using MrCrayfish's Modeleditor, later remastered & de-botched by TheWaschtlPlays using Blockbench",
	"textures": {
		"0": "block/oak_planks",
		"2": "block/cauldron_side",
		"iron_block": "block/iron_block",
		"particle": "block/rail"
	},
	"elements": [
		{
			"name": "wooden Thing1",
			"from": [0, 0, 1],
			"to": [16, 1, 3],
			"faces": {
				"north": {"uv": [0, 0, 16, 1], "texture": "#0"},
				"east": {"uv": [0, 0, 2, 1], "texture": "#0", "cullface": "east"},
				"south": {"uv": [0, 0, 16, 1], "texture": "#0"},
				"west": {"uv": [0, 0, 2, 1], "texture": "#0", "cullface": "west"},
				"up": {"uv": [0, 0, 16, 2], "texture": "#0"},
				"down": {"uv": [0, 0, 16, 2], "texture": "#0", "cullface": "down"}
			}
		},
		{
			"name": "wooden Thing2",
			"from": [0, 0, 5],
			"to": [16, 1, 7],
			"faces": {
				"north": {"uv": [0, 0, 16, 1], "texture": "#0"},
				"east": {"uv": [0, 0, 2, 1], "texture": "#0", "cullface": "east"},
				"south": {"uv": [0, 0, 16, 1], "texture": "#0"},
				"west": {"uv": [0, 0, 2, 1], "texture": "#0", "cullface": "west"},
				"up": {"uv": [0, 0, 16, 2], "texture": "#0"},
				"down": {"uv": [0, 0, 16, 2], "texture": "#0", "cullface": "down"}
			}
		},
		{
			"name": "wooden Thing3",
			"from": [0, 0, 9],
			"to": [16, 1, 11],
			"faces": {
				"north": {"uv": [0, 0, 16, 1], "texture": "#0"},
				"east": {"uv": [0, 0, 2, 1], "texture": "#0", "cullface": "east"},
				"south": {"uv": [0, 0, 16, 1], "texture": "#0"},
				"west": {"uv": [0, 0, 2, 1], "texture": "#0", "cullface": "west"},
				"up": {"uv": [0, 0, 16, 2], "texture": "#0"},
				"down": {"uv": [0, 0, 16, 2], "texture": "#0", "cullface": "down"}
			}
		},
		{
			"name": "wooden Thing4",
			"from": [0, 0, 13],
			"to": [16, 1, 15],
			"faces": {
				"north": {"uv": [0, 0, 16, 1], "texture": "#0"},
				"east": {"uv": [0, 0, 2, 1], "texture": "#0", "cullface": "east"},
				"south": {"uv": [0, 0, 16, 1], "texture": "#0"},
				"west": {"uv": [0, 0, 2, 1], "texture": "#0", "cullface": "west"},
				"up": {"uv": [0, 0, 16, 2], "texture": "#0"},
				"down": {"uv": [0, 0, 16, 2], "texture": "#0", "cullface": "down"}
			}
		},
		{
			"name": "Rail1",
			"from": [1.5, 1, 0],
			"to": [3.5, 2, 16],
			"faces": {
				"north": {"uv": [0, 4, 2, 5], "texture": "#iron_block", "cullface": "north"},
				"east": {"uv": [0, 0, 16, 1], "texture": "#iron_block"},
				"south": {"uv": [14, 5, 16, 6], "texture": "#iron_block", "cullface": "south"},
				"west": {"uv": [0, 0, 16, 1], "texture": "#iron_block"},
				"up": {"uv": [14, 1, 16, 15], "texture": "#iron_block"},
				"down": {"uv": [14, 0, 16, 16], "texture": "#iron_block"}
			}
		},
		{
			"name": "Rail2",
			"from": [12.5, 1, 0],
			"to": [14.5, 2, 16],
			"faces": {
				"north": {"uv": [0, 0, 2, 1], "texture": "#iron_block", "cullface": "north"},
				"east": {"uv": [0, 0, 16, 1], "texture": "#iron_block"},
				"south": {"uv": [0, 0, 2, 1], "texture": "#iron_block", "cullface": "south"},
				"west": {"uv": [0, 0, 16, 1], "texture": "#iron_block"},
				"up": {"uv": [0, 1, 2, 15], "texture": "#iron_block"},
				"down": {"uv": [0, 0, 2, 16], "texture": "#iron_block"}
			}
		},
		{
			"name": "Nail1",
			"from": [0.85, 1.15, 1.85],
			"to": [1.1, 1.4, 2.1],
			"faces": {
				"north": {"uv": [2, 6, 6, 10], "texture": "#iron_block"},
				"east": {"uv": [2, 6, 6, 10], "texture": "#iron_block"},
				"south": {"uv": [2, 6, 6, 10], "texture": "#iron_block"},
				"west": {"uv": [2, 6, 6, 10], "texture": "#iron_block"},
				"up": {"uv": [2, 5, 6, 9], "texture": "#iron_block"}
			}
		},
		{
			"name": "Nail1",
			"from": [0.85, 1.15, 5.85],
			"to": [1.1, 1.4, 6.1],
			"faces": {
				"north": {"uv": [2, 6, 6, 10], "texture": "#iron_block"},
				"east": {"uv": [2, 6, 6, 10], "texture": "#iron_block"},
				"south": {"uv": [2, 6, 6, 10], "texture": "#iron_block"},
				"west": {"uv": [2, 6, 6, 10], "texture": "#iron_block"},
				"up": {"uv": [2, 5, 6, 9], "texture": "#iron_block"}
			}
		},
		{
			"name": "Nail1",
			"from": [0.85, 1.15, 9.85],
			"to": [1.1, 1.4, 10.1],
			"faces": {
				"north": {"uv": [2, 6, 6, 10], "texture": "#iron_block"},
				"east": {"uv": [2, 6, 6, 10], "texture": "#iron_block"},
				"south": {"uv": [2, 6, 6, 10], "texture": "#iron_block"},
				"west": {"uv": [2, 6, 6, 10], "texture": "#iron_block"},
				"up": {"uv": [2, 5, 6, 9], "texture": "#iron_block"}
			}
		},
		{
			"name": "Nail1",
			"from": [0.85, 1.15, 13.85],
			"to": [1.1, 1.4, 14.1],
			"faces": {
				"north": {"uv": [2, 6, 6, 10], "texture": "#iron_block"},
				"east": {"uv": [2, 6, 6, 10], "texture": "#iron_block"},
				"south": {"uv": [2, 6, 6, 10], "texture": "#iron_block"},
				"west": {"uv": [2, 6, 6, 10], "texture": "#iron_block"},
				"up": {"uv": [2, 5, 6, 9], "texture": "#iron_block"}
			}
		},
		{
			"name": "Nail1",
			"from": [3.85, 1.15, 1.85],
			"to": [4.1, 1.4, 2.1],
			"faces": {
				"north": {"uv": [2, 6, 6, 10], "texture": "#iron_block"},
				"east": {"uv": [2, 6, 6, 10], "texture": "#iron_block"},
				"south": {"uv": [2, 6, 6, 10], "texture": "#iron_block"},
				"west": {"uv": [2, 6, 6, 10], "texture": "#iron_block"},
				"up": {"uv": [2, 5, 6, 9], "texture": "#iron_block"}
			}
		},
		{
			"name": "Nail1",
			"from": [3.85, 1.15, 5.85],
			"to": [4.1, 1.4, 6.1],
			"faces": {
				"north": {"uv": [2, 6, 6, 10], "texture": "#iron_block"},
				"east": {"uv": [2, 6, 6, 10], "texture": "#iron_block"},
				"south": {"uv": [2, 6, 6, 10], "texture": "#iron_block"},
				"west": {"uv": [2, 6, 6, 10], "texture": "#iron_block"},
				"up": {"uv": [2, 5, 6, 9], "texture": "#iron_block"}
			}
		},
		{
			"name": "Nail1",
			"from": [3.85, 1.15, 9.85],
			"to": [4.1, 1.4, 10.1],
			"faces": {
				"north": {"uv": [2, 6, 6, 10], "texture": "#iron_block"},
				"east": {"uv": [2, 6, 6, 10], "texture": "#iron_block"},
				"south": {"uv": [2, 6, 6, 10], "texture": "#iron_block"},
				"west": {"uv": [2, 6, 6, 10], "texture": "#iron_block"},
				"up": {"uv": [2, 5, 6, 9], "texture": "#iron_block"}
			}
		},
		{
			"name": "Nail1",
			"from": [3.85, 1.15, 13.85],
			"to": [4.1, 1.4, 14.1],
			"faces": {
				"north": {"uv": [2, 6, 6, 10], "texture": "#iron_block"},
				"east": {"uv": [2, 6, 6, 10], "texture": "#iron_block"},
				"south": {"uv": [2, 6, 6, 10], "texture": "#iron_block"},
				"west": {"uv": [2, 6, 6, 10], "texture": "#iron_block"},
				"up": {"uv": [2, 5, 6, 9], "texture": "#iron_block"}
			}
		},
		{
			"name": "Nail2",
			"from": [11.85, 1.15, 1.85],
			"to": [12.1, 1.4, 2.1],
			"faces": {
				"north": {"uv": [2, 6, 6, 10], "texture": "#iron_block"},
				"east": {"uv": [2, 6, 6, 10], "texture": "#iron_block"},
				"south": {"uv": [2, 6, 6, 10], "texture": "#iron_block"},
				"west": {"uv": [2, 6, 6, 10], "texture": "#iron_block"},
				"up": {"uv": [2, 5, 6, 9], "texture": "#iron_block"}
			}
		},
		{
			"name": "Nail2",
			"from": [11.85, 1.15, 5.85],
			"to": [12.1, 1.4, 6.1],
			"faces": {
				"north": {"uv": [2, 6, 6, 10], "texture": "#iron_block"},
				"east": {"uv": [2, 6, 6, 10], "texture": "#iron_block"},
				"south": {"uv": [2, 6, 6, 10], "texture": "#iron_block"},
				"west": {"uv": [2, 6, 6, 10], "texture": "#iron_block"},
				"up": {"uv": [2, 5, 6, 9], "texture": "#iron_block"}
			}
		},
		{
			"name": "Nail2",
			"from": [11.85, 1.15, 9.85],
			"to": [12.1, 1.4, 10.1],
			"faces": {
				"north": {"uv": [2, 6, 6, 10], "texture": "#iron_block"},
				"east": {"uv": [2, 6, 6, 10], "texture": "#iron_block"},
				"south": {"uv": [2, 6, 6, 10], "texture": "#iron_block"},
				"west": {"uv": [2, 6, 6, 10], "texture": "#iron_block"},
				"up": {"uv": [2, 5, 6, 9], "texture": "#iron_block"}
			}
		},
		{
			"name": "Nail2",
			"from": [11.85, 1.15, 13.85],
			"to": [12.1, 1.4, 14.1],
			"faces": {
				"north": {"uv": [2, 6, 6, 10], "texture": "#iron_block"},
				"east": {"uv": [2, 6, 6, 10], "texture": "#iron_block"},
				"south": {"uv": [2, 6, 6, 10], "texture": "#iron_block"},
				"west": {"uv": [2, 6, 6, 10], "texture": "#iron_block"},
				"up": {"uv": [2, 5, 6, 9], "texture": "#iron_block"}
			}
		},
		{
			"name": "Nail2",
			"from": [14.85, 1.15, 1.85],
			"to": [15.1, 1.4, 2.1],
			"faces": {
				"north": {"uv": [2, 6, 6, 10], "texture": "#iron_block"},
				"east": {"uv": [2, 6, 6, 10], "texture": "#iron_block"},
				"south": {"uv": [2, 6, 6, 10], "texture": "#iron_block"},
				"west": {"uv": [2, 6, 6, 10], "texture": "#iron_block"},
				"up": {"uv": [2, 5, 6, 9], "texture": "#iron_block"}
			}
		},
		{
			"name": "Nail2",
			"from": [14.85, 1.15, 5.85],
			"to": [15.1, 1.4, 6.1],
			"faces": {
				"north": {"uv": [2, 6, 6, 10], "texture": "#iron_block"},
				"east": {"uv": [2, 6, 6, 10], "texture": "#iron_block"},
				"south": {"uv": [2, 6, 6, 10], "texture": "#iron_block"},
				"west": {"uv": [2, 6, 6, 10], "texture": "#iron_block"},
				"up": {"uv": [2, 5, 6, 9], "texture": "#iron_block"}
			}
		},
		{
			"name": "Nail2",
			"from": [14.85, 1.15, 9.85],
			"to": [15.1, 1.4, 10.1],
			"faces": {
				"north": {"uv": [2, 6, 6, 10], "texture": "#iron_block"},
				"east": {"uv": [2, 6, 6, 10], "texture": "#iron_block"},
				"south": {"uv": [2, 6, 6, 10], "texture": "#iron_block"},
				"west": {"uv": [2, 6, 6, 10], "texture": "#iron_block"},
				"up": {"uv": [2, 5, 6, 9], "texture": "#iron_block"}
			}
		},
		{
			"name": "Nail2",
			"from": [14.85, 1.15, 13.85],
			"to": [15.1, 1.4, 14.1],
			"faces": {
				"north": {"uv": [2, 6, 6, 10], "texture": "#iron_block"},
				"east": {"uv": [2, 6, 6, 10], "texture": "#iron_block"},
				"south": {"uv": [2, 6, 6, 10], "texture": "#iron_block"},
				"west": {"uv": [2, 6, 6, 10], "texture": "#iron_block"},
				"up": {"uv": [2, 5, 6, 9], "texture": "#iron_block"}
			}
		},
		{
			"name": "Holder",
			"from": [0.5, 0.25, 5.5],
			"to": [4.5, 1.25, 6.5],
			"faces": {
				"north": {"uv": [4, 1, 12, 3], "texture": "#2"},
				"east": {"uv": [7, 3, 9, 5], "texture": "#2"},
				"south": {"uv": [3, 1, 11, 3], "texture": "#2"},
				"west": {"uv": [6, 3, 8, 5], "texture": "#2"},
				"up": {"uv": [4, 0, 12, 2], "texture": "#2"}
			}
		},
		{
			"name": "Holder",
			"from": [0.5, 0.25, 1.5],
			"to": [4.5, 1.25, 2.5],
			"faces": {
				"north": {"uv": [4, 1, 12, 3], "texture": "#2"},
				"east": {"uv": [7, 3, 9, 5], "texture": "#2"},
				"south": {"uv": [3, 1, 11, 3], "texture": "#2"},
				"west": {"uv": [6, 3, 8, 5], "texture": "#2"},
				"up": {"uv": [4, 0, 12, 2], "texture": "#2"}
			}
		},
		{
			"name": "Holder",
			"from": [0.5, 0.25, 9.5],
			"to": [4.5, 1.25, 10.5],
			"faces": {
				"north": {"uv": [4, 1, 12, 3], "texture": "#2"},
				"east": {"uv": [7, 3, 9, 5], "texture": "#2"},
				"south": {"uv": [3, 1, 11, 3], "texture": "#2"},
				"west": {"uv": [6, 3, 8, 5], "texture": "#2"},
				"up": {"uv": [4, 0, 12, 2], "texture": "#2"}
			}
		},
		{
			"name": "Holder",
			"from": [0.5, 0.25, 13.5],
			"to": [4.5, 1.25, 14.5],
			"faces": {
				"north": {"uv": [4, 1, 12, 3], "texture": "#2"},
				"east": {"uv": [7, 3, 9, 5], "texture": "#2"},
				"south": {"uv": [3, 1, 11, 3], "texture": "#2"},
				"west": {"uv": [6, 3, 8, 5], "texture": "#2"},
				"up": {"uv": [4, 0, 12, 2], "texture": "#2"}
			}
		},
		{
			"name": "Holder",
			"from": [11.5, 0.25, 13.5],
			"to": [15.5, 1.25, 14.5],
			"faces": {
				"north": {"uv": [4, 1, 12, 3], "texture": "#2"},
				"east": {"uv": [7, 3, 9, 5], "texture": "#2"},
				"south": {"uv": [3, 1, 11, 3], "texture": "#2"},
				"west": {"uv": [6, 3, 8, 5], "texture": "#2"},
				"up": {"uv": [4, 0, 12, 2], "texture": "#2"}
			}
		},
		{
			"name": "Holder",
			"from": [11.5, 0.25, 9.5],
			"to": [15.5, 1.25, 10.5],
			"faces": {
				"north": {"uv": [4, 1, 12, 3], "texture": "#2"},
				"east": {"uv": [7, 3, 9, 5], "texture": "#2"},
				"south": {"uv": [3, 1, 11, 3], "texture": "#2"},
				"west": {"uv": [6, 3, 8, 5], "texture": "#2"},
				"up": {"uv": [4, 0, 12, 2], "texture": "#2"}
			}
		},
		{
			"name": "Holder",
			"from": [11.5, 0.25, 5.5],
			"to": [15.5, 1.25, 6.5],
			"faces": {
				"north": {"uv": [4, 1, 12, 3], "texture": "#2"},
				"east": {"uv": [7, 3, 9, 5], "texture": "#2"},
				"south": {"uv": [3, 1, 11, 3], "texture": "#2"},
				"west": {"uv": [6, 3, 8, 5], "texture": "#2"},
				"up": {"uv": [4, 0, 12, 2], "texture": "#2"}
			}
		},
		{
			"name": "Holder",
			"from": [11.5, 0.25, 1.5],
			"to": [15.5, 1.25, 2.5],
			"faces": {
				"north": {"uv": [4, 1, 12, 3], "texture": "#2"},
				"east": {"uv": [7, 3, 9, 5], "texture": "#2"},
				"south": {"uv": [3, 1, 11, 3], "texture": "#2"},
				"west": {"uv": [6, 3, 8, 5], "texture": "#2"},
				"up": {"uv": [4, 0, 12, 2], "texture": "#2"}
			}
		}
	],
	"display": {
		"thirdperson_righthand": {
			"rotation": [75, 315, 0],
			"translation": [0, 2.5, 0],
			"scale": [0.375, 0.375, 0.375]
		},
		"firstperson_righthand": {
			"rotation": [0, 315, 0],
			"translation": [0, 2.5, 0],
			"scale": [0.4, 0.4, 0.4]
		},
		"ground": {
			"translation": [0, 3, 0],
			"scale": [0.25, 0.25, 0.25]
		},
		"gui": {
			"rotation": [30, 45, 0],
			"scale": [0.625, 0.625, 0.625]
		},
		"head": {
			"rotation": [0, 180, 0]
		},
		"fixed": {
			"rotation": [0, 180, 0]
		}
	},
	"groups": [
		{
			"name": "Wood",
			"origin": [8, 8, 8],
			"children": [0, 1, 2, 3]
		},
		{
			"name": "Rails",
			"origin": [8, 8, 8],
			"children": [4, 5]
		},
		{
			"name": "Nails",
			"origin": [8, 8, 8],
			"children": [6, 7, 8, 9, 10, 11, 12, 13, 14, 15, 16, 17, 18, 19, 20, 21]
		},
		{
			"name": "Holder",
			"origin": [8, 8, 8],
			"children": [22, 23, 24, 25, 26, 27, 28, 29]
		}
	]
}