{
	"credit": "Made by TheWaschtlPlays using Blockbench",
	"textures": {
		"particle": "block/respawn_anchor_side4",
		"side": "block/respawn_anchor_side4",
		"top": "block/respawn_anchor_top"
	},
	"elements": [
		{
			"from": [0.25, 11, 6],
			"to": [0.5, 13, 10],
			"faces": {
				"west": {"uv": [6, 3, 10, 5], "texture": "#side", "cullface": "west"},
				"down": {"uv": [6, 4, 10, 4.25], "rotation": 270, "texture": "#side", "cullface": "west"}
			}
		},
		{
			"from": [6, 11, 15.5],
			"to": [10, 13, 15.75],
			"faces": {
				"south": {"uv": [6, 3, 10, 5], "texture": "#side", "cullface": "south"},
				"down": {"uv": [6, 4, 10, 4.25], "texture": "#side", "cullface": "south"}
			}
		},
		{
			"from": [15.5, 11, 6],
			"to": [15.75, 13, 10],
			"faces": {
				"east": {"uv": [6, 3, 10, 5], "texture": "#side", "cullface": "east"},
				"down": {"uv": [6, 4, 10, 4.25], "rotation": 90, "texture": "#side", "cullface": "east"}
			}
		},
		{
			"from": [6, 11, 0.25],
			"to": [10, 13, 0.5],
			"faces": {
				"north": {"uv": [6, 3, 10, 5], "texture": "#side", "cullface": "north"},
				"down": {"uv": [6, 4, 10, 4.25], "rotation": 180, "texture": "#side", "cullface": "north"}
			}
		},
		{
			"from": [2, 15.51, 2],
			"to": [14, 15.51, 14],
			"rotation": {"angle": 0, "axis": "y", "origin": [10, 23.5, 10]},
			"faces": {
				"up": {"uv": [2, 2, 14, 14], "texture": "#top", "cullface": "up"}
			}
		}
	],
	"display": {
		"thirdperson_righthand": {
			"rotation": [75, 45, 0],
			"translation": [0, 2.5, 0],
			"scale": [0.375, 0.375, 0.375]
		},
		"thirdperson_lefthand": {
			"rotation": [75, 45, 0],
			"translation": [0, 2.5, 0],
			"scale": [0.375, 0.375, 0.375]
		},
		"firstperson_righthand": {
			"rotation": [0, 45, 0],
			"scale": [0.4, 0.4, 0.4]
		},
		"firstperson_lefthand": {
			"rotation": [0, 45, 0],
			"scale": [0.4, 0.4, 0.4]
		},
		"ground": {
			"translation": [0, 3, 0],
			"scale": [0.25, 0.25, 0.25]
		},
		"gui": {
			"rotation": [30, -135, 0],
			"scale": [0.625, 0.625, 0.625]
		},
		"fixed": {
			"scale": [0.5, 0.5, 0.5]
		}
	},
	"groups": [0, 1, 2, 3,
		{
			"name": "respawn_anchor_portal",
			"origin": [8, 8, 8],
			"children": [4]
		}
	]
}