{
	"credit": "Made by TheWaschtlPlays using Blockbench",
	"textures": {
		"particle": "block/target_top",
		"end": "block/target_top",
		"side": "block/target_side"
	},
	"elements": [
		{
			"from": [0, 0, 0],
			"to": [16, 16, 16],
			"faces": {
				"north": {"uv": [0, 0, 16, 16], "texture": "#side", "cullface": "north"},
				"east": {"uv": [0, 0, 16, 16], "texture": "#side", "cullface": "east"},
				"south": {"uv": [0, 0, 16, 16], "texture": "#side", "cullface": "south"},
				"west": {"uv": [0, 0, 16, 16], "texture": "#side", "cullface": "west"},
				"up": {"uv": [0, 0, 16, 16], "texture": "#end", "cullface": "up"},
				"down": {"uv": [0, 0, 16, 16], "texture": "#end", "cullface": "down"}
			}
		},
		{
			"from": [2, 1, -0.25],
			"to": [15, 2, 0],
			"faces": {
				"north": {"uv": [1, 14, 14, 15], "texture": "#side", "cullface": "north"},
				"east": {"uv": [1, 14, 1.25, 15], "texture": "#side", "cullface": "north"},
				"up": {"uv": [1, 14, 14, 14.25], "texture": "#side", "cullface": "north"},
				"down": {"uv": [1, 14, 14, 14.25], "texture": "#side", "cullface": "north"}
			}
		},
		{
			"from": [1, 1, -0.25],
			"to": [2, 14, 0],
			"faces": {
				"north": {"uv": [14, 2, 15, 15], "texture": "#side", "cullface": "north"},
				"east": {"uv": [14, 2, 14.25, 15], "texture": "#side", "cullface": "north"},
				"west": {"uv": [14, 2, 14.25, 15], "texture": "#side", "cullface": "north"},
				"down": {"uv": [14, 14, 15, 14.25], "texture": "#side", "cullface": "north"}
			}
		},
		{
			"from": [1, 14, -0.25],
			"to": [14, 15, 0],
			"faces": {
				"north": {"uv": [2, 1, 15, 2], "texture": "#side", "cullface": "north"},
				"west": {"uv": [14, 1, 14.25, 2], "texture": "#side", "cullface": "north"},
				"up": {"uv": [2, 1, 15, 1.25], "texture": "#side", "cullface": "north"},
				"down": {"uv": [2, 1, 15, 1.25], "texture": "#side", "cullface": "north"}
			}
		},
		{
			"from": [14, 2, -0.25],
			"to": [15, 15, 0],
			"faces": {
				"north": {"uv": [1, 1, 2, 14], "texture": "#side", "cullface": "north"},
				"east": {"uv": [1, 1, 1.25, 14], "texture": "#side", "cullface": "north"},
				"west": {"uv": [1, 1, 1.25, 14], "texture": "#side", "cullface": "north"},
				"up": {"uv": [1, 1, 2, 1.25], "texture": "#side", "cullface": "north"}
			}
		},
		{
			"from": [4, 4, -0.5],
			"to": [5, 11, 0],
			"faces": {
				"north": {"uv": [11, 5, 12, 12], "texture": "#side", "cullface": "north"},
				"east": {"uv": [11, 5, 11.5, 12], "texture": "#side", "cullface": "north"},
				"west": {"uv": [11, 5, 11.5, 12], "texture": "#side", "cullface": "north"},
				"down": {"uv": [11, 11, 12, 11.5], "texture": "#side", "cullface": "north"}
			}
		},
		{
			"from": [4, 11, -0.5],
			"to": [11, 12, 0],
			"faces": {
				"north": {"uv": [5, 4, 12, 5], "texture": "#side", "cullface": "north"},
				"west": {"uv": [11, 4, 11.5, 5], "texture": "#side", "cullface": "north"},
				"up": {"uv": [5, 4, 12, 4.5], "texture": "#side", "cullface": "north"},
				"down": {"uv": [5, 4, 12, 4.5], "texture": "#side", "cullface": "north"}
			}
		},
		{
			"from": [11, 5, -0.5],
			"to": [12, 12, 0],
			"faces": {
				"north": {"uv": [4, 5, 5, 12], "texture": "#side", "cullface": "north"},
				"east": {"uv": [4, 4, 4.5, 11], "texture": "#side", "cullface": "north"},
				"west": {"uv": [4, 4, 4.5, 11], "texture": "#side", "cullface": "north"},
				"up": {"uv": [4, 4, 5, 4.5], "texture": "#side", "cullface": "north"}
			}
		},
		{
			"from": [5, 4, -0.5],
			"to": [12, 5, 0],
			"faces": {
				"north": {"uv": [4, 11, 11, 12], "texture": "#side", "cullface": "north"},
				"east": {"uv": [4, 11, 4.5, 12], "texture": "#side", "cullface": "north"},
				"up": {"uv": [4, 11, 11, 11.5], "texture": "#side", "cullface": "north"},
				"down": {"uv": [4, 11, 11, 11.5], "texture": "#side", "cullface": "north"}
			}
		},
		{
			"name": "Center",
			"from": [7, 7, -0.75],
			"to": [9, 9, 0],
			"faces": {
				"north": {"uv": [7, 7, 9, 9], "texture": "#side", "cullface": "north"},
				"east": {"uv": [7, 7, 7.75, 9], "texture": "#side", "cullface": "north"},
				"west": {"uv": [8, 7, 8.75, 9], "texture": "#side", "cullface": "north"},
				"up": {"uv": [7, 7, 9, 7.75], "rotation": 180, "texture": "#side", "cullface": "north"},
				"down": {"uv": [7, 8, 9, 8.75], "rotation": 180, "texture": "#side", "cullface": "north"}
			}
		},
		{
			"from": [-0.25, 1, 1],
			"to": [0, 2, 14],
			"faces": {
				"north": {"uv": [1, 14, 1.25, 15], "texture": "#side", "cullface": "west"},
				"west": {"uv": [1, 14, 14, 15], "texture": "#side", "cullface": "south"},
				"up": {"uv": [1, 14, 14, 14.25], "rotation": 270, "texture": "#side", "cullface": "west"},
				"down": {"uv": [1, 14, 14, 14.25], "rotation": 90, "texture": "#side", "cullface": "west"}
			}
		},
		{
			"from": [-0.25, 1, 14],
			"to": [0, 14, 15],
			"faces": {
				"north": {"uv": [14, 2, 14.25, 15], "texture": "#side", "cullface": "west"},
				"south": {"uv": [14, 2, 14.25, 15], "texture": "#side", "cullface": "north"},
				"west": {"uv": [14, 2, 15, 15], "texture": "#side", "cullface": "south"},
				"down": {"uv": [14, 14, 15, 14.25], "rotation": 90, "texture": "#side", "cullface": "west"}
			}
		},
		{
			"from": [-0.25, 14, 2],
			"to": [0, 15, 15],
			"faces": {
				"south": {"uv": [14, 1, 14.25, 2], "texture": "#side", "cullface": "north"},
				"west": {"uv": [2, 1, 15, 2], "texture": "#side", "cullface": "south"},
				"up": {"uv": [2, 1, 15, 1.25], "rotation": 270, "texture": "#side", "cullface": "west"},
				"down": {"uv": [2, 1, 15, 1.25], "rotation": 90, "texture": "#side", "cullface": "west"}
			}
		},
		{
			"from": [-0.25, 2, 1],
			"to": [0, 15, 2],
			"faces": {
				"north": {"uv": [1, 1, 1.25, 14], "texture": "#side", "cullface": "west"},
				"south": {"uv": [1, 1, 1.25, 14], "texture": "#side", "cullface": "north"},
				"west": {"uv": [1, 1, 2, 14], "texture": "#side", "cullface": "south"},
				"up": {"uv": [1, 1, 2, 1.25], "rotation": 270, "texture": "#side", "cullface": "west"}
			}
		},
		{
			"from": [-0.5, 4, 11],
			"to": [0, 11, 12],
			"faces": {
				"north": {"uv": [11, 5, 11.5, 12], "texture": "#side", "cullface": "west"},
				"south": {"uv": [11, 5, 11.5, 12], "texture": "#side", "cullface": "north"},
				"west": {"uv": [11, 5, 12, 12], "texture": "#side", "cullface": "south"},
				"down": {"uv": [11, 11, 12, 11.5], "rotation": 90, "texture": "#side", "cullface": "west"}
			}
		},
		{
			"from": [-0.5, 11, 5],
			"to": [0, 12, 12],
			"faces": {
				"south": {"uv": [11, 4, 11.5, 5], "texture": "#side", "cullface": "north"},
				"west": {"uv": [5, 4, 12, 5], "texture": "#side", "cullface": "south"},
				"up": {"uv": [5, 4, 12, 4.5], "rotation": 270, "texture": "#side", "cullface": "west"},
				"down": {"uv": [5, 4, 12, 4.5], "rotation": 90, "texture": "#side", "cullface": "west"}
			}
		},
		{
			"from": [-0.5, 5, 4],
			"to": [0, 12, 5],
			"faces": {
				"north": {"uv": [4, 4, 4.5, 11], "texture": "#side", "cullface": "west"},
				"south": {"uv": [4, 4, 4.5, 11], "texture": "#side", "cullface": "north"},
				"west": {"uv": [4, 5, 5, 12], "texture": "#side", "cullface": "south"},
				"up": {"uv": [4, 4, 5, 4.5], "rotation": 270, "texture": "#side", "cullface": "west"}
			}
		},
		{
			"from": [-0.5, 4, 4],
			"to": [0, 5, 11],
			"faces": {
				"north": {"uv": [4, 11, 4.5, 12], "texture": "#side", "cullface": "west"},
				"west": {"uv": [4, 11, 11, 12], "texture": "#side", "cullface": "south"},
				"up": {"uv": [4, 11, 11, 11.5], "rotation": 270, "texture": "#side", "cullface": "west"},
				"down": {"uv": [4, 11, 11, 11.5], "rotation": 90, "texture": "#side", "cullface": "west"}
			}
		},
		{
			"name": "Center",
			"from": [-0.75, 7, 7],
			"to": [0, 9, 9],
			"faces": {
				"north": {"uv": [7, 7, 7.75, 9], "texture": "#side", "cullface": "west"},
				"south": {"uv": [8, 7, 8.75, 9], "texture": "#side", "cullface": "north"},
				"west": {"uv": [7, 7, 9, 9], "texture": "#side", "cullface": "south"},
				"up": {"uv": [7, 7, 9, 7.75], "rotation": 90, "texture": "#side", "cullface": "west"},
				"down": {"uv": [7, 8, 9, 8.75], "rotation": 270, "texture": "#side", "cullface": "west"}
			}
		},
		{
			"from": [1, 1, 16],
			"to": [14, 2, 16.25],
			"faces": {
				"south": {"uv": [1, 14, 14, 15], "texture": "#side", "cullface": "south"},
				"west": {"uv": [1, 14, 1.25, 15], "texture": "#side", "cullface": "south"},
				"up": {"uv": [1, 14, 14, 14.25], "rotation": 180, "texture": "#side", "cullface": "south"},
				"down": {"uv": [1, 14, 14, 14.25], "rotation": 180, "texture": "#side", "cullface": "south"}
			}
		},
		{
			"from": [14, 1, 16],
			"to": [15, 14, 16.25],
			"faces": {
				"east": {"uv": [14, 2, 14.25, 2], "texture": "#side", "cullface": "south"},
				"south": {"uv": [14, 2, 15, 15], "texture": "#side", "cullface": "south"},
				"west": {"uv": [14, 2, 14.25, 15], "texture": "#side", "cullface": "south"},
				"down": {"uv": [14, 14, 15, 14.25], "rotation": 180, "texture": "#side", "cullface": "south"}
			}
		},
		{
			"from": [2, 14, 16],
			"to": [15, 15, 16.25],
			"faces": {
				"east": {"uv": [14, 1, 14.25, 2], "texture": "#side", "cullface": "south"},
				"south": {"uv": [2, 1, 15, 2], "texture": "#side", "cullface": "south"},
				"up": {"uv": [2, 1, 15, 1.25], "rotation": 180, "texture": "#side", "cullface": "south"},
				"down": {"uv": [2, 1, 15, 1.25], "rotation": 180, "texture": "#side", "cullface": "south"}
			}
		},
		{
			"from": [1, 2, 16],
			"to": [2, 15, 16.25],
			"faces": {
				"east": {"uv": [1, 1, 1.25, 14], "texture": "#side", "cullface": "south"},
				"south": {"uv": [1, 1, 2, 14], "texture": "#side", "cullface": "south"},
				"west": {"uv": [1, 1, 1.25, 14], "texture": "#side", "cullface": "south"},
				"up": {"uv": [1, 1, 2, 1.25], "rotation": 180, "texture": "#side", "cullface": "south"}
			}
		},
		{
			"from": [11, 4, 16],
			"to": [12, 11, 16.5],
			"faces": {
				"east": {"uv": [11, 5, 11.5, 5], "texture": "#side", "cullface": "south"},
				"south": {"uv": [11, 5, 12, 12], "texture": "#side", "cullface": "south"},
				"west": {"uv": [11, 5, 11.5, 12], "texture": "#side", "cullface": "south"},
				"down": {"uv": [11, 11, 12, 11.5], "rotation": 180, "texture": "#side", "cullface": "south"}
			}
		},
		{
			"from": [5, 11, 16],
			"to": [12, 12, 16.5],
			"faces": {
				"east": {"uv": [11, 4, 11.5, 5], "texture": "#side", "cullface": "south"},
				"south": {"uv": [5, 4, 12, 5], "texture": "#side", "cullface": "south"},
				"up": {"uv": [5, 4, 12, 4.5], "rotation": 180, "texture": "#side", "cullface": "south"},
				"down": {"uv": [5, 4, 12, 4.5], "rotation": 180, "texture": "#side", "cullface": "south"}
			}
		},
		{
			"from": [4, 5, 16],
			"to": [5, 12, 16.5],
			"faces": {
				"east": {"uv": [4, 4, 4.5, 11], "texture": "#side", "cullface": "south"},
				"south": {"uv": [4, 5, 5, 12], "texture": "#side", "cullface": "south"},
				"west": {"uv": [4, 4, 4.5, 11], "texture": "#side", "cullface": "south"},
				"up": {"uv": [4, 4, 5, 4.5], "rotation": 180, "texture": "#side", "cullface": "south"}
			}
		},
		{
			"from": [4, 4, 16],
			"to": [11, 5, 16.5],
			"faces": {
				"south": {"uv": [4, 11, 11, 12], "texture": "#side", "cullface": "south"},
				"west": {"uv": [4, 11, 4.5, 12], "texture": "#side", "cullface": "south"},
				"up": {"uv": [4, 11, 11, 11.5], "rotation": 180, "texture": "#side", "cullface": "south"},
				"down": {"uv": [4, 11, 11, 11.5], "rotation": 180, "texture": "#side", "cullface": "south"}
			}
		},
		{
			"name": "Center",
			"from": [7, 7, 16],
			"to": [9, 9, 16.75],
			"faces": {
				"east": {"uv": [8, 7, 8.75, 9], "texture": "#side", "cullface": "south"},
				"south": {"uv": [7, 7, 9, 9], "texture": "#side", "cullface": "south"},
				"west": {"uv": [7, 7, 7.75, 9], "texture": "#side", "cullface": "south"},
				"up": {"uv": [7, 7, 9, 7.75], "texture": "#side", "cullface": "south"},
				"down": {"uv": [7, 8, 9, 8.75], "texture": "#side", "cullface": "south"}
			}
		},
		{
			"from": [16, 1, 2],
			"to": [16.25, 2, 15],
			"faces": {
				"east": {"uv": [1, 14, 14, 15], "texture": "#side", "cullface": "east"},
				"south": {"uv": [1, 14, 1.25, 15], "texture": "#side", "cullface": "east"},
				"up": {"uv": [1, 14, 14, 14.25], "rotation": 90, "texture": "#side", "cullface": "east"},
				"down": {"uv": [1, 14, 14, 14.25], "rotation": 270, "texture": "#side", "cullface": "east"}
			}
		},
		{
			"from": [16, 1, 1],
			"to": [16.25, 14, 2],
			"faces": {
				"north": {"uv": [14, 2, 14.25, 15], "texture": "#side", "cullface": "east"},
				"east": {"uv": [14, 2, 15, 15], "texture": "#side", "cullface": "east"},
				"south": {"uv": [14, 2, 14.25, 15], "texture": "#side", "cullface": "east"},
				"down": {"uv": [14, 14, 15, 14.25], "rotation": 270, "texture": "#side", "cullface": "east"}
			}
		},
		{
			"from": [16, 14, 1],
			"to": [16.25, 15, 14],
			"faces": {
				"north": {"uv": [14, 1, 14.25, 2], "texture": "#side", "cullface": "east"},
				"east": {"uv": [2, 1, 15, 2], "texture": "#side", "cullface": "east"},
				"up": {"uv": [2, 1, 15, 1.25], "rotation": 90, "texture": "#side", "cullface": "east"},
				"down": {"uv": [2, 1, 15, 1.25], "rotation": 270, "texture": "#side", "cullface": "east"}
			}
		},
		{
			"from": [16, 2, 14],
			"to": [16.25, 15, 15],
			"faces": {
				"north": {"uv": [1, 1, 1.25, 14], "texture": "#side", "cullface": "east"},
				"east": {"uv": [1, 1, 2, 14], "texture": "#side", "cullface": "east"},
				"south": {"uv": [1, 1, 1.25, 14], "texture": "#side", "cullface": "east"},
				"up": {"uv": [1, 1, 2, 1.25], "rotation": 90, "texture": "#side", "cullface": "east"}
			}
		},
		{
			"from": [16, 4, 4],
			"to": [16.5, 11, 5],
			"faces": {
				"north": {"uv": [11, 5, 11.5, 12], "texture": "#side", "cullface": "east"},
				"east": {"uv": [11, 5, 12, 12], "texture": "#side", "cullface": "east"},
				"south": {"uv": [11, 5, 11.5, 12], "texture": "#side", "cullface": "east"},
				"down": {"uv": [11, 11, 12, 11.5], "rotation": 270, "texture": "#side", "cullface": "east"}
			}
		},
		{
			"from": [16, 11, 4],
			"to": [16.5, 12, 11],
			"faces": {
				"north": {"uv": [11, 4, 11.5, 5], "texture": "#side", "cullface": "east"},
				"east": {"uv": [5, 4, 12, 5], "texture": "#side", "cullface": "east"},
				"up": {"uv": [5, 4, 12, 4.5], "rotation": 90, "texture": "#side", "cullface": "east"},
				"down": {"uv": [5, 4, 12, 4.5], "rotation": 270, "texture": "#side", "cullface": "east"}
			}
		},
		{
			"from": [16, 5, 11],
			"to": [16.5, 12, 12],
			"faces": {
				"north": {"uv": [4, 4, 4.5, 11], "texture": "#side", "cullface": "east"},
				"east": {"uv": [4, 5, 5, 12], "texture": "#side", "cullface": "east"},
				"south": {"uv": [4, 4, 4.5, 11], "texture": "#side", "cullface": "east"},
				"up": {"uv": [4, 4, 5, 4.5], "rotation": 90, "texture": "#side", "cullface": "east"}
			}
		},
		{
			"from": [16, 4, 5],
			"to": [16.5, 5, 12],
			"faces": {
				"east": {"uv": [4, 11, 11, 12], "texture": "#side", "cullface": "east"},
				"south": {"uv": [4, 11, 4.5, 12], "texture": "#side", "cullface": "east"},
				"up": {"uv": [4, 11, 11, 11.5], "rotation": 90, "texture": "#side", "cullface": "east"},
				"down": {"uv": [4, 11, 11, 11.5], "rotation": 270, "texture": "#side", "cullface": "east"}
			}
		},
		{
			"name": "Center",
			"from": [16, 7, 7],
			"to": [16.75, 9, 9],
			"faces": {
				"north": {"uv": [8, 7, 8.75, 9], "texture": "#side", "cullface": "east"},
				"east": {"uv": [7, 7, 9, 9], "texture": "#side", "cullface": "east"},
				"south": {"uv": [7, 7, 7.75, 9], "texture": "#side", "cullface": "east"},
				"up": {"uv": [7, 7, 9, 7.75], "rotation": 270, "texture": "#side", "cullface": "east"},
				"down": {"uv": [7, 8, 9, 8.75], "rotation": 90, "texture": "#side", "cullface": "east"}
			}
		},
		{
			"from": [2, 16, 1],
			"to": [15, 16.25, 2],
			"faces": {
				"north": {"uv": [1, 14, 14, 14.25], "rotation": 180, "texture": "#side", "cullface": "up"},
				"east": {"uv": [1, 14, 1.25, 15], "rotation": 270, "texture": "#side", "cullface": "up"},
				"south": {"uv": [1, 14, 14, 14.25], "texture": "#side", "cullface": "up"},
				"up": {"uv": [1, 14, 14, 15], "rotation": 180, "texture": "#side", "cullface": "up"}
			}
		},
		{
			"from": [1, 16, 1],
			"to": [2, 16.25, 14],
			"faces": {
				"north": {"uv": [14, 14, 15, 14.25], "rotation": 180, "texture": "#side", "cullface": "up"},
				"east": {"uv": [14, 2, 14.25, 15], "rotation": 270, "texture": "#side", "cullface": "up"},
				"west": {"uv": [14, 2, 14.25, 15], "rotation": 90, "texture": "#side", "cullface": "up"},
				"up": {"uv": [14, 2, 15, 15], "rotation": 180, "texture": "#side", "cullface": "up"}
			}
		},
		{
			"from": [1, 16, 14],
			"to": [14, 16.25, 15],
			"faces": {
				"north": {"uv": [2, 1, 15, 1.25], "rotation": 180, "texture": "#side", "cullface": "up"},
				"south": {"uv": [2, 1, 15, 1.25], "texture": "#side", "cullface": "up"},
				"west": {"uv": [14, 1, 14.25, 2], "rotation": 90, "texture": "#side", "cullface": "up"},
				"up": {"uv": [2, 1, 15, 2], "rotation": 180, "texture": "#side", "cullface": "up"}
			}
		},
		{
			"from": [14, 16, 2],
			"to": [15, 16.25, 15],
			"faces": {
				"east": {"uv": [1, 1, 1.25, 14], "rotation": 270, "texture": "#side", "cullface": "up"},
				"south": {"uv": [1, 1, 2, 1.25], "texture": "#side", "cullface": "up"},
				"west": {"uv": [1, 1, 1.25, 14], "rotation": 90, "texture": "#side", "cullface": "up"},
				"up": {"uv": [1, 1, 2, 14], "rotation": 180, "texture": "#side", "cullface": "up"}
			}
		},
		{
			"from": [4, 16, 4],
			"to": [5, 16.5, 11],
			"faces": {
				"north": {"uv": [11, 11, 12, 11.5], "rotation": 180, "texture": "#side", "cullface": "up"},
				"east": {"uv": [11, 5, 11.5, 12], "rotation": 270, "texture": "#side", "cullface": "up"},
				"west": {"uv": [11, 5, 11.5, 12], "rotation": 90, "texture": "#side", "cullface": "up"},
				"up": {"uv": [11, 5, 12, 12], "rotation": 180, "texture": "#side", "cullface": "up"}
			}
		},
		{
			"from": [4, 16, 11],
			"to": [11, 16.5, 12],
			"faces": {
				"north": {"uv": [5, 4, 12, 4.5], "rotation": 180, "texture": "#side", "cullface": "up"},
				"south": {"uv": [5, 4, 12, 4.5], "texture": "#side", "cullface": "up"},
				"west": {"uv": [11, 4, 11.5, 5], "rotation": 90, "texture": "#side", "cullface": "up"},
				"up": {"uv": [5, 4, 12, 5], "rotation": 180, "texture": "#side", "cullface": "up"}
			}
		},
		{
			"from": [11, 16, 5],
			"to": [12, 16.5, 12],
			"faces": {
				"east": {"uv": [4, 4, 4.5, 11], "rotation": 270, "texture": "#side", "cullface": "up"},
				"south": {"uv": [4, 4, 5, 4.5], "texture": "#side", "cullface": "up"},
				"west": {"uv": [4, 4, 4.5, 11], "rotation": 90, "texture": "#side", "cullface": "up"},
				"up": {"uv": [4, 5, 5, 12], "rotation": 180, "texture": "#side", "cullface": "up"}
			}
		},
		{
			"from": [5, 16, 4],
			"to": [12, 16.5, 5],
			"faces": {
				"north": {"uv": [4, 11, 11, 11.5], "rotation": 180, "texture": "#side", "cullface": "up"},
				"east": {"uv": [4, 11, 4.5, 12], "rotation": 270, "texture": "#side", "cullface": "up"},
				"south": {"uv": [4, 11, 11, 11.5], "texture": "#side", "cullface": "up"},
				"up": {"uv": [4, 11, 11, 12], "rotation": 180, "texture": "#side", "cullface": "up"}
			}
		},
		{
			"name": "Center",
			"from": [7, 16, 7],
			"to": [9, 16.75, 9],
			"faces": {
				"north": {"uv": [7, 8, 9, 8.75], "texture": "#side", "cullface": "up"},
				"east": {"uv": [7, 7, 7.75, 9], "rotation": 270, "texture": "#side", "cullface": "up"},
				"south": {"uv": [7, 7, 9, 7.75], "rotation": 180, "texture": "#side", "cullface": "up"},
				"west": {"uv": [8, 7, 8.75, 9], "rotation": 90, "texture": "#side", "cullface": "up"},
				"up": {"uv": [7, 7, 9, 9], "rotation": 180, "texture": "#side", "cullface": "up"}
			}
		},
		{
			"from": [2, -0.25, 14],
			"to": [15, 0, 15],
			"faces": {
				"north": {"uv": [1, 14, 14, 14.25], "rotation": 180, "texture": "#side", "cullface": "down"},
				"east": {"uv": [1, 14, 1.25, 15], "rotation": 90, "texture": "#side", "cullface": "down"},
				"south": {"uv": [1, 14, 14, 14.25], "texture": "#side", "cullface": "down"},
				"down": {"uv": [1, 14, 14, 15], "rotation": 180, "texture": "#side", "cullface": "down"}
			}
		},
		{
			"from": [1, -0.25, 2],
			"to": [2, 0, 15],
			"faces": {
				"east": {"uv": [14, 2, 14.25, 15], "rotation": 90, "texture": "#side", "cullface": "down"},
				"south": {"uv": [14, 14, 15, 14.25], "texture": "#side", "cullface": "down"},
				"west": {"uv": [14, 2, 14.25, 15], "rotation": 270, "texture": "#side", "cullface": "down"},
				"down": {"uv": [14, 2, 15, 15], "rotation": 180, "texture": "#side", "cullface": "down"}
			}
		},
		{
			"from": [1, -0.25, 1],
			"to": [14, 0, 2],
			"faces": {
				"north": {"uv": [2, 1, 15, 1.25], "rotation": 180, "texture": "#side", "cullface": "down"},
				"south": {"uv": [2, 1, 15, 1.25], "texture": "#side", "cullface": "down"},
				"west": {"uv": [14, 1, 14.25, 2], "rotation": 270, "texture": "#side", "cullface": "down"},
				"down": {"uv": [2, 1, 15, 2], "rotation": 180, "texture": "#side", "cullface": "down"}
			}
		},
		{
			"from": [14, -0.25, 1],
			"to": [15, 0, 14],
			"faces": {
				"north": {"uv": [1, 1, 2, 1.25], "rotation": 180, "texture": "#side", "cullface": "down"},
				"east": {"uv": [1, 1, 1.25, 14], "rotation": 90, "texture": "#side", "cullface": "down"},
				"west": {"uv": [1, 1, 1.25, 14], "rotation": 270, "texture": "#side", "cullface": "down"},
				"down": {"uv": [1, 1, 2, 14], "rotation": 180, "texture": "#side", "cullface": "down"}
			}
		},
		{
			"from": [4, -0.5, 5],
			"to": [5, 0, 12],
			"faces": {
				"east": {"uv": [11, 5, 11.5, 12], "rotation": 90, "texture": "#side", "cullface": "down"},
				"south": {"uv": [11, 11, 12, 11.5], "texture": "#side", "cullface": "down"},
				"west": {"uv": [11, 5, 11.5, 12], "rotation": 270, "texture": "#side", "cullface": "down"},
				"down": {"uv": [11, 5, 12, 12], "rotation": 180, "texture": "#side", "cullface": "down"}
			}
		},
		{
			"from": [4, -0.5, 4],
			"to": [11, 0, 5],
			"faces": {
				"north": {"uv": [5, 4, 12, 4.5], "rotation": 180, "texture": "#side", "cullface": "down"},
				"south": {"uv": [5, 4, 12, 4.5], "texture": "#side", "cullface": "down"},
				"west": {"uv": [11, 4, 11.5, 5], "rotation": 270, "texture": "#side", "cullface": "down"},
				"down": {"uv": [5, 4, 12, 5], "rotation": 180, "texture": "#side", "cullface": "down"}
			}
		},
		{
			"from": [11, -0.5, 4],
			"to": [12, 0, 11],
			"faces": {
				"north": {"uv": [4, 4, 5, 4.5], "rotation": 180, "texture": "#side", "cullface": "down"},
				"east": {"uv": [4, 4, 4.5, 11], "rotation": 90, "texture": "#side", "cullface": "down"},
				"west": {"uv": [4, 4, 4.5, 11], "rotation": 270, "texture": "#side", "cullface": "down"},
				"down": {"uv": [4, 5, 5, 12], "rotation": 180, "texture": "#side", "cullface": "down"}
			}
		},
		{
			"from": [5, -0.5, 11],
			"to": [12, 0, 12],
			"faces": {
				"north": {"uv": [4, 11, 11, 11.5], "rotation": 180, "texture": "#side", "cullface": "down"},
				"east": {"uv": [4, 11, 4.5, 12], "rotation": 90, "texture": "#side", "cullface": "down"},
				"south": {"uv": [4, 11, 11, 11.5], "texture": "#side", "cullface": "down"},
				"down": {"uv": [4, 11, 11, 12], "rotation": 180, "texture": "#side", "cullface": "down"}
			}
		},
		{
			"name": "Center",
			"from": [7, -0.75, 7],
			"to": [9, 0, 9],
			"faces": {
				"north": {"uv": [7, 7, 9, 7.75], "texture": "#side", "cullface": "down"},
				"east": {"uv": [7, 7, 7.75, 9], "rotation": 90, "texture": "#side", "cullface": "down"},
				"south": {"uv": [7, 8, 9, 8.75], "rotation": 180, "texture": "#side", "cullface": "down"},
				"west": {"uv": [8, 7, 8.75, 9], "rotation": 270, "texture": "#side", "cullface": "down"},
				"down": {"uv": [7, 7, 9, 9], "rotation": 180, "texture": "#side", "cullface": "down"}
			}
		}
	],
	"display": {
		"thirdperson_righthand": {
			"rotation": [75, 45, 0],
			"translation": [0, 2.5, 0],
			"scale": [0.375, 0.375, 0.375]
		},
		"thirdperson_lefthand": {
			"rotation": [75, 45, 0],
			"translation": [0, 2.5, 0],
			"scale": [0.375, 0.375, 0.375]
		},
		"firstperson_righthand": {
			"rotation": [0, 135, 0],
			"scale": [0.4, 0.4, 0.4]
		},
		"firstperson_lefthand": {
			"rotation": [0, 135, 0],
			"scale": [0.4, 0.4, 0.4]
		},
		"ground": {
			"scale": [0.25, 0.25, 0.25]
		},
		"gui": {
			"rotation": [30, -135, 0],
			"scale": [0.625, 0.625, 0.625]
		},
		"fixed": {
			"scale": [0.5, 0.5, 0.5]
		}
	},
	"groups": [0,
		{
			"name": "North",
			"origin": [8, 8, 8],
			"children": [
				{
					"name": "outer",
					"origin": [8, 8, 8],
					"children": [1, 2, 3, 4]
				},
				{
					"name": "middle",
					"origin": [8, 8, 8],
					"children": [5, 6, 7, 8]
				}, 9]
		},
		{
			"name": "West",
			"origin": [8, 8, 8],
			"children": [
				{
					"name": "outer",
					"origin": [8, 8, 8],
					"children": [10, 11, 12, 13]
				},
				{
					"name": "middle",
					"origin": [8, 8, 8],
					"children": [14, 15, 16, 17]
				}, 18]
		},
		{
			"name": "South",
			"origin": [8, 8, 8],
			"children": [
				{
					"name": "outer",
					"origin": [8, 8, 8],
					"children": [19, 20, 21, 22]
				},
				{
					"name": "middle",
					"origin": [8, 8, 8],
					"children": [23, 24, 25, 26]
				}, 27]
		},
		{
			"name": "East",
			"origin": [8, 8, 8],
			"children": [
				{
					"name": "outer",
					"origin": [8, 8, 8],
					"children": [28, 29, 30, 31]
				},
				{
					"name": "middle",
					"origin": [8, 8, 8],
					"children": [32, 33, 34, 35]
				}, 36]
		},
		{
			"name": "Up",
			"origin": [8, 8, 8],
			"children": [
				{
					"name": "outer",
					"origin": [8, 8, 8],
					"children": [37, 38, 39, 40]
				},
				{
					"name": "middle",
					"origin": [8, 8, 8],
					"children": [41, 42, 43, 44]
				}, 45]
		},
		{
			"name": "Down",
			"origin": [8, 8, 8],
			"children": [
				{
					"name": "outer",
					"origin": [8, 8, 8],
					"children": [46, 47, 48, 49]
				},
				{
					"name": "middle",
					"origin": [8, 8, 8],
					"children": [50, 51, 52, 53]
				}, 54]
		}
	]
}