{
	"credit": "Made by TheWaschtlPlays using Blockbench",
	"ambientocclusion": false,
	"textures": {
		"particle": "block/warped_trapdoor",
		"texture": "block/warped_trapdoor"
	},
	"elements": [
		{
			"name": "Frame",
			"from": [0, 13, 0],
			"to": [3, 16, 16],
			"rotation": {"angle": 0, "axis": "y", "origin": [8, 21, 8]},
			"faces": {
				"north": {"uv": [13, 0, 16, 3], "texture": "#texture", "cullface": "north"},
				"east": {"uv": [13, 0, 16, 16], "rotation": 270, "texture": "#texture"},
				"south": {"uv": [0, 0, 3, 3], "texture": "#texture", "cullface": "south"},
				"west": {"uv": [0, 0, 16, 3], "texture": "#texture", "cullface": "west"},
				"up": {"uv": [0, 16, 3, 0], "texture": "#texture", "cullface": "up"},
				"down": {"uv": [0, 0, 3, 16], "texture": "#texture"}
			}
		},
		{
			"name": "Frame",
			"from": [13, 13, 0],
			"to": [16, 16, 16],
			"rotation": {"angle": 0, "axis": "y", "origin": [22, 21, 8]},
			"faces": {
				"north": {"uv": [0, 0, 3, 3], "texture": "#texture", "cullface": "north"},
				"east": {"uv": [0, 0, 16, 3], "texture": "#texture", "cullface": "east"},
				"south": {"uv": [13, 0, 16, 3], "texture": "#texture", "cullface": "south"},
				"west": {"uv": [0, 0, 3, 16], "rotation": 90, "texture": "#texture"},
				"up": {"uv": [13, 16, 16, 0], "texture": "#texture", "cullface": "up"},
				"down": {"uv": [13, 0, 16, 16], "texture": "#texture"}
			}
		},
		{
			"name": "Frame",
			"from": [3, 13, 13],
			"to": [13, 16, 16],
			"rotation": {"angle": 0, "axis": "y", "origin": [10, 21, 21]},
			"faces": {
				"north": {"uv": [3, 0, 13, 3], "texture": "#texture"},
				"south": {"uv": [3, 0, 13, 3], "texture": "#texture", "cullface": "south"},
				"up": {"uv": [3, 3, 13, 0], "texture": "#texture", "cullface": "up"},
				"down": {"uv": [3, 0, 13, 3], "texture": "#texture"}
			}
		},
		{
			"name": "Frame",
			"from": [3, 13, 0],
			"to": [13, 16, 3],
			"rotation": {"angle": 0, "axis": "y", "origin": [10, 21, 8]},
			"faces": {
				"north": {"uv": [3, 0, 13, 3], "texture": "#texture", "cullface": "north"},
				"south": {"uv": [3, 13, 13, 16], "rotation": 180, "texture": "#texture"},
				"up": {"uv": [3, 16, 13, 13], "texture": "#texture", "cullface": "up"},
				"down": {"uv": [3, 13, 13, 16], "texture": "#texture"}
			}
		},
		{
			"name": "West",
			"from": [3, 13.5, 8],
			"to": [4, 16, 10],
			"rotation": {"angle": 0, "axis": "y", "origin": [11, 21, 17]},
			"faces": {
				"north": {"uv": [3, 6, 4, 8], "texture": "#texture"},
				"east": {"uv": [1, 9, 3, 11.5], "texture": "#texture"},
				"south": {"uv": [3, 6, 4, 8], "texture": "#texture"},
				"up": {"uv": [3, 6, 4, 8], "texture": "#texture", "cullface": "up"},
				"down": {"uv": [3, 6, 4, 8], "texture": "#texture"}
			}
		},
		{
			"name": "East",
			"from": [12, 13, 6],
			"to": [13, 16, 11],
			"rotation": {"angle": 0, "axis": "y", "origin": [20, 22, 14]},
			"faces": {
				"north": {"uv": [12, 7, 13, 10], "rotation": 180, "texture": "#texture"},
				"south": {"uv": [12, 5, 13, 8], "texture": "#texture"},
				"west": {"uv": [12, 5, 15, 10], "rotation": 90, "texture": "#texture"},
				"up": {"uv": [12, 5, 13, 10], "rotation": 180, "texture": "#texture", "cullface": "up"},
				"down": {"uv": [12, 5, 13, 10], "texture": "#texture"}
			}
		},
		{
			"name": "Root1",
			"from": [4, 14, 3],
			"to": [7, 16, 4],
			"rotation": {"angle": 0, "axis": "y", "origin": [12, 23, 11]},
			"faces": {
				"east": {"uv": [4, 12, 5, 14], "texture": "#texture"},
				"south": {"uv": [6, 12, 7, 13], "rotation": 90, "texture": "#texture"},
				"west": {"uv": [5, 11, 6, 13], "texture": "#texture"},
				"up": {"uv": [4, 12, 7, 13], "texture": "#texture", "cullface": "up"},
				"down": {"uv": [4, 12, 7, 13], "texture": "#texture"}
			}
		},
		{
			"name": "Root1",
			"from": [4, 14, 4],
			"to": [6, 16, 7],
			"rotation": {"angle": 0, "axis": "y", "origin": [12, 23, 12]},
			"faces": {
				"east": {"uv": [4, 10, 6, 13], "rotation": 90, "texture": "#texture"},
				"south": {"uv": [4, 9, 6, 11], "texture": "#texture"},
				"west": {"uv": [4, 9, 6, 12], "rotation": 90, "texture": "#texture"},
				"up": {"uv": [4, 12, 6, 9], "texture": "#texture", "cullface": "up"},
				"down": {"uv": [4, 9, 6, 12], "texture": "#texture"}
			}
		},
		{
			"name": "Root1",
			"from": [5, 13.5, 6],
			"to": [7, 15.5, 8],
			"rotation": {"angle": 0, "axis": "y", "origin": [13, 22.5, 14]},
			"faces": {
				"north": {"uv": [4, 10, 6, 12], "rotation": 270, "texture": "#texture"},
				"east": {"uv": [5, 8, 7, 10], "rotation": 180, "texture": "#texture"},
				"south": {"uv": [5, 8, 7, 10], "texture": "#texture"},
				"west": {"uv": [5, 8, 7, 10], "rotation": 90, "texture": "#texture"},
				"up": {"uv": [5, 10, 7, 8], "texture": "#texture", "cullface": "up"},
				"down": {"uv": [5, 8, 7, 10], "texture": "#texture"}
			}
		},
		{
			"name": "Root1",
			"from": [6, 13.25, 8],
			"to": [7, 15.25, 12],
			"rotation": {"angle": 0, "axis": "y", "origin": [13, 22.25, 16]},
			"faces": {
				"north": {"uv": [10, 7, 11, 9], "texture": "#texture"},
				"east": {"uv": [4, 9, 6, 13], "rotation": 90, "texture": "#texture"},
				"south": {"uv": [6, 4, 7, 6], "texture": "#texture"},
				"west": {"uv": [5, 4, 7, 8], "rotation": 270, "texture": "#texture"},
				"up": {"uv": [6, 8, 7, 4], "texture": "#texture", "cullface": "up"},
				"down": {"uv": [6, 4, 7, 8], "texture": "#texture"}
			}
		},
		{
			"name": "Root1",
			"from": [5, 13.25, 10],
			"to": [6, 15.25, 13],
			"rotation": {"angle": 0, "axis": "y", "origin": [12, 22.25, 17]},
			"faces": {
				"north": {"uv": [4, 3, 5, 5], "rotation": 180, "texture": "#texture"},
				"east": {"uv": [4, 9, 6, 12], "rotation": 90, "texture": "#texture"},
				"west": {"uv": [4, 2, 6, 5], "rotation": 90, "texture": "#texture"},
				"up": {"uv": [5, 6, 6, 3], "texture": "#texture", "cullface": "up"},
				"down": {"uv": [5, 3, 6, 6], "texture": "#texture"}
			}
		},
		{
			"name": "Root1",
			"from": [4, 13, 11],
			"to": [5, 15, 13],
			"rotation": {"angle": 0, "axis": "y", "origin": [11, 22, 17]},
			"faces": {
				"north": {"uv": [4, 4, 5, 5], "texture": "#texture"},
				"east": {"uv": [4, 3, 6, 5], "rotation": 180, "texture": "#texture"},
				"west": {"uv": [4, 3, 6, 5], "rotation": 90, "texture": "#texture"},
				"up": {"uv": [4, 5, 5, 3], "texture": "#texture", "cullface": "up"},
				"down": {"uv": [4, 3, 5, 5], "texture": "#texture"}
			}
		},
		{
			"name": "Root1",
			"from": [4, 15, 12],
			"to": [5, 15.5, 13],
			"rotation": {"angle": 0, "axis": "y", "origin": [12, 23, 20]},
			"faces": {
				"north": {"uv": [4, 3, 5, 4], "texture": "#texture"},
				"east": {"uv": [4, 3, 5, 4], "texture": "#texture"},
				"west": {"uv": [4, 3, 5, 4], "texture": "#texture"},
				"up": {"uv": [4, 3, 5, 4], "texture": "#texture", "cullface": "up"}
			}
		},
		{
			"name": "Root2",
			"from": [9, 13, 3],
			"to": [10, 15, 6],
			"rotation": {"angle": 0, "axis": "y", "origin": [17, 21, 11]},
			"faces": {
				"east": {"uv": [9, 10, 11, 12], "texture": "#texture"},
				"south": {"uv": [10, 10, 11, 12], "texture": "#texture"},
				"west": {"uv": [9, 10, 10, 13], "rotation": 90, "texture": "#texture"},
				"up": {"uv": [9, 10, 10, 13], "texture": "#texture", "cullface": "up"},
				"down": {"uv": [9, 10, 10, 13], "texture": "#texture"}
			}
		},
		{
			"name": "Root2",
			"from": [11, 13, 3],
			"to": [12, 14.5, 4],
			"rotation": {"angle": 0, "axis": "y", "origin": [19, 21, 11]},
			"faces": {
				"east": {"uv": [11, 12, 12, 13], "texture": "#texture"},
				"south": {"uv": [10, 3, 11, 4], "texture": "#texture"},
				"west": {"uv": [4, 2, 5, 3], "texture": "#texture"},
				"up": {"uv": [11, 12, 12, 13], "texture": "#texture", "cullface": "up"},
				"down": {"uv": [11, 12, 12, 13], "texture": "#texture"}
			}
		},
		{
			"name": "Root2",
			"from": [10, 13.25, 4],
			"to": [11, 15.25, 9],
			"rotation": {"angle": 0, "axis": "y", "origin": [18, 21, 12]},
			"faces": {
				"north": {"uv": [10, 10, 11, 12], "texture": "#texture"},
				"east": {"uv": [4, 9, 6, 14], "rotation": 90, "texture": "#texture"},
				"south": {"uv": [10, 8, 11, 10], "texture": "#texture"},
				"west": {"uv": [4, 9, 6, 14], "rotation": 90, "texture": "#texture"},
				"up": {"uv": [10, 12, 11, 7], "texture": "#texture", "cullface": "up"},
				"down": {"uv": [10, 7, 11, 12], "texture": "#texture"}
			}
		},
		{
			"name": "Root2",
			"from": [10, 13.5, 9],
			"to": [11, 15.5, 11],
			"rotation": {"angle": 0, "axis": "y", "origin": [18, 21.5, 17]},
			"faces": {
				"north": {"uv": [5, 4, 6, 6], "texture": "#texture"},
				"east": {"uv": [5, 8, 7, 10], "texture": "#texture"},
				"south": {"uv": [10, 5, 11, 7], "texture": "#texture"},
				"west": {"uv": [5, 4, 7, 6], "rotation": 90, "texture": "#texture"},
				"up": {"uv": [10, 7, 11, 5], "texture": "#texture", "cullface": "up"},
				"down": {"uv": [10, 5, 11, 7], "texture": "#texture"}
			}
		},
		{
			"name": "Root2",
			"from": [9, 14, 9],
			"to": [10, 16, 13],
			"rotation": {"angle": 0, "axis": "y", "origin": [17, 21.5, 17]},
			"faces": {
				"north": {"uv": [5, 4, 6, 6], "rotation": 180, "texture": "#texture"},
				"east": {"uv": [9, 3, 10, 7], "rotation": 90, "texture": "#texture"},
				"west": {"uv": [4, 9, 6, 13], "rotation": 90, "texture": "#texture"},
				"up": {"uv": [9, 7, 10, 3], "texture": "#texture", "cullface": "up"},
				"down": {"uv": [9, 3, 10, 7], "texture": "#texture"}
			}
		},
		{
			"name": "Root2",
			"from": [8, 14, 12],
			"to": [9, 16, 13],
			"rotation": {"angle": 0, "axis": "y", "origin": [16, 21.5, 17]},
			"faces": {
				"north": {"uv": [10, 2, 11, 4], "texture": "#texture"},
				"west": {"uv": [10, 2, 11, 4], "texture": "#texture"},
				"up": {"uv": [8, 3, 9, 4], "texture": "#texture", "cullface": "up"},
				"down": {"uv": [8, 3, 9, 4], "texture": "#texture"}
			}
		},
		{
			"name": "Root2",
			"from": [10, 14, 12],
			"to": [11, 16, 13],
			"rotation": {"angle": 0, "axis": "y", "origin": [18, 21.5, 17]},
			"faces": {
				"north": {"uv": [8, 2, 9, 4], "texture": "#texture"},
				"east": {"uv": [8, 2, 9, 4], "texture": "#texture"},
				"up": {"uv": [10, 3, 11, 4], "texture": "#texture", "cullface": "up"},
				"down": {"uv": [10, 3, 11, 4], "texture": "#texture"}
			}
		}
	],
	"groups": [0, 1, 2, 3, 4, 5,
		{
			"name": "Root1",
			"origin": [11, 9, 17],
			"children": [6, 7, 8, 9, 10, 11, 12]
		},
		{
			"name": "Root2",
			"origin": [18, 8.5, 17],
			"children": [13, 14, 15, 16, 17, 18, 19]
		}
	]
}