{
	"credit": "Made by TheWaschtlPlays using Blockbench",
	"ambientocclusion": false,
	"parent": "minecraft:block/door_bottom",
	"textures": {
		"1": "custom_textures/doors/warped/warped_door_bottom",
		"particle": "custom_textures/doors/warped/warped_door_bottom_clean",
		"bottom": "custom_textures/doors/warped/warped_door_bottom_clean"
	},
	"elements": [
		{
			"from": [0, 0, 0],
			"to": [3, 16, 4],
			"faces": {
				"north": {"uv": [0, 0, 3, 16], "texture": "#bottom", "cullface": "north"},
				"east": {"uv": [4, 0, 0, 16], "texture": "#bottom"},
				"south": {"uv": [3, 0, 4, 16], "texture": "#bottom"},
				"west": {"uv": [0, 0, 4, 16], "texture": "#bottom", "cullface": "west"},
				"down": {"uv": [4, 13, 0, 16], "rotation": 90, "texture": "#bottom", "cullface": "down"}
			}
		},
		{
			"from": [0, 0, 5],
			"to": [3, 16, 7],
			"rotation": {"angle": 0, "axis": "y", "origin": [8, 8, 13]},
			"faces": {
				"north": {"uv": [5, 0, 6, 16], "texture": "#bottom"},
				"east": {"uv": [7, 0, 5, 16], "texture": "#bottom"},
				"south": {"uv": [6, 0, 7, 16], "texture": "#bottom"},
				"west": {"uv": [5, 0, 7, 16], "texture": "#bottom", "cullface": "west"},
				"down": {"uv": [7, 13, 5, 16], "rotation": 90, "texture": "#bottom", "cullface": "down"}
			}
		},
		{
			"from": [0, 0, 8],
			"to": [3, 16, 11],
			"rotation": {"angle": 0, "axis": "y", "origin": [8, 8, 16]},
			"faces": {
				"north": {"uv": [8, 0, 9, 16], "texture": "#bottom"},
				"east": {"uv": [11, 0, 8, 16], "texture": "#bottom"},
				"south": {"uv": [10, 0, 11, 16], "texture": "#bottom"},
				"west": {"uv": [8, 0, 11, 16], "texture": "#bottom", "cullface": "west"},
				"down": {"uv": [11, 13, 8, 16], "rotation": 90, "texture": "#bottom", "cullface": "down"}
			}
		},
		{
			"from": [0, 0, 12],
			"to": [3, 16, 15],
			"rotation": {"angle": 0, "axis": "y", "origin": [8, 8, 20]},
			"faces": {
				"north": {"uv": [12, 0, 13, 16], "texture": "#bottom"},
				"east": {"uv": [15, 0, 12, 16], "texture": "#bottom"},
				"south": {"uv": [14, 0, 15, 16], "texture": "#bottom"},
				"west": {"uv": [12, 0, 15, 16], "texture": "#bottom", "cullface": "west"},
				"down": {"uv": [15, 13, 12, 16], "rotation": 90, "texture": "#bottom", "cullface": "down"}
			}
		},
		{
			"from": [0.5, 0, 4],
			"to": [2.5, 16, 16],
			"rotation": {"angle": 0, "axis": "y", "origin": [8.5, 8, 12]},
			"faces": {
				"east": {"uv": [16, 0, 4, 16], "texture": "#bottom"},
				"south": {"uv": [14, 0, 16, 16], "texture": "#bottom", "cullface": "south"},
				"west": {"uv": [4, 0, 16, 16], "texture": "#bottom"},
				"down": {"uv": [16, 13.5, 4, 15.5], "rotation": 90, "texture": "#bottom", "cullface": "down"}
			}
		},
		{
			"name": "HingeDWN",
			"from": [-0.25, 3.75, -0.25],
			"to": [3.25, 6.25, 1],
			"rotation": {"angle": 0, "axis": "y", "origin": [7.75, 11.75, 8]},
			"faces": {
				"north": {"uv": [0, 10, 1, 12], "texture": "#bottom"},
				"east": {"uv": [0, 10, 1, 12], "texture": "#bottom"},
				"south": {"uv": [0, 10, 1, 12], "texture": "#bottom"},
				"west": {"uv": [0, 10, 1, 12], "texture": "#bottom"},
				"up": {"uv": [0, 10, 1, 11], "texture": "#bottom"},
				"down": {"uv": [0, 11, 1, 12], "texture": "#bottom"}
			}
		},
		{
			"name": "HingeUP",
			"from": [-0.25, 14.75, -0.25],
			"to": [3.25, 17.25, 1],
			"rotation": {"angle": 0, "axis": "y", "origin": [7.75, 22.75, 8]},
			"faces": {
				"north": {"uv": [0, 10, 1, 12], "texture": "#bottom"},
				"east": {"uv": [0, 10, 1, 12], "texture": "#bottom"},
				"south": {"uv": [0, 10, 1, 12], "texture": "#bottom"},
				"west": {"uv": [0, 10, 1, 12], "texture": "#bottom"},
				"up": {"uv": [0, 10, 1, 11], "texture": "#bottom"},
				"down": {"uv": [0, 11, 1, 12], "texture": "#bottom"}
			}
		},
		{
			"from": [3, 15, 11],
			"to": [3.5, 16, 14],
			"rotation": {"angle": 0, "axis": "y", "origin": [10.75, 23, 19]},
			"faces": {
				"north": {"uv": [11, 0, 11.5, 1], "texture": "#1"},
				"east": {"uv": [11, 0, 14, 1], "texture": "#1"},
				"south": {"uv": [11, 0, 11.5, 1], "texture": "#1"},
				"up": {"uv": [11, 0, 14, 0.5], "rotation": 90, "texture": "#1"},
				"down": {"uv": [11, 0, 14, 0.5], "rotation": 90, "texture": "#1"}
			}
		},
		{
			"from": [-0.5, 15, 11],
			"to": [0, 16, 14],
			"rotation": {"angle": 0, "axis": "y", "origin": [7.25, 23, 19]},
			"faces": {
				"north": {"uv": [11, 0, 11.5, 1], "texture": "#1", "cullface": "west"},
				"south": {"uv": [11, 0, 11.5, 1], "texture": "#1", "cullface": "west"},
				"west": {"uv": [11, 0, 14, 1], "texture": "#1", "cullface": "west"},
				"up": {"uv": [11, 0, 14, 0.5], "rotation": 90, "texture": "#1", "cullface": "west"},
				"down": {"uv": [11, 0, 14, 0.5], "rotation": 90, "texture": "#1", "cullface": "west"}
			}
		}
	]
}