{
	"credit": "Made by TheWaschtlPlays using Blockbench",
	"textures": {
		"front": "block/bee_nest_front_honey"
	},
	"elements": [
		{
			"from": [11, 1, 0.5],
			"to": [13, 2, 1],
			"faces": {
				"north": {"uv": [3, 14, 5, 15], "texture": "#front", "cullface": "north"},
				"up": {"uv": [3, 14, 5, 14.5], "rotation": 180, "texture": "#front", "cullface": "north"}
			}
		},
		{
			"from": [11, 2, 0.75],
			"to": [14, 4, 0.75],
			"rotation": {"angle": 0, "axis": "y", "origin": [8, 9, 8]},
			"faces": {
				"north": {"uv": [2, 12, 5, 14], "texture": "#front", "cullface": "north"}
			}
		},
		{
			"from": [2, 9, 0.25],
			"to": [5, 10, 1],
			"faces": {
				"north": {"uv": [11, 6, 14, 6.5], "texture": "#front", "cullface": "north"},
				"up": {"uv": [11, 6, 14, 6.5], "rotation": 180, "texture": "#front", "cullface": "north"}
			}
		},
		{
			"from": [2, 10, 0.75],
			"to": [5, 12, 0.75],
			"rotation": {"angle": 0, "axis": "y", "origin": [8, 9, 8]},
			"faces": {
				"north": {"uv": [11, 5, 14, 7], "texture": "#front", "cullface": "north"}
			}
		},
		{
			"from": [11, 0, -0.25],
			"to": [13, 1.01, 0.5],
			"rotation": {"angle": 0, "axis": "y", "origin": [20, 8, 7.75]},
			"faces": {
				"north": {"uv": [3, 15, 5, 16], "texture": "#front", "cullface": "north"},
				"east": {"uv": [3, 15, 4, 16], "texture": "#front", "cullface": "north"},
				"west": {"uv": [4, 15, 5, 16], "texture": "#front", "cullface": "north"},
				"up": {"uv": [3, 15, 5, 16], "texture": "#front", "cullface": "north"},
				"down": {"uv": [3, 15, 5, 16], "texture": "#front", "cullface": "down"}
			}
		}
	]
}