{
	"credit": "Made by TheWaschtlPlays using Blockbench",
	"textures": {
		"particle": "block/composter_compost",
		"inside": "block/composter_compost"
	},
	"elements": [
		{
			"name": "Element",
			"from": [2, 11, 2],
			"to": [14, 11, 14],
			"rotation": {"angle": 0, "axis": "y", "origin": [8, 16, 8]},
			"faces": {
				"up": {"uv": [2, 2, 14, 14], "texture": "#inside", "cullface": "up"}
			}
		},
		{
			"from": [5, 11.5, 5],
			"to": [11, 12, 11],
			"rotation": {"angle": 0, "axis": "y", "origin": [13, 19, 13]},
			"faces": {
				"north": {"uv": [5, 5, 11, 5.5], "rotation": 180, "texture": "#inside", "cullface": "up"},
				"east": {"uv": [10, 5, 10.5, 11], "rotation": 90, "texture": "#inside", "cullface": "up"},
				"south": {"uv": [5, 10, 11, 11], "texture": "#inside", "cullface": "up"},
				"west": {"uv": [5, 5, 5.5, 11], "rotation": 270, "texture": "#inside", "cullface": "up"},
				"up": {"uv": [5, 5, 11, 11], "texture": "#inside", "cullface": "up"}
			}
		},
		{
			"from": [5, 11.5, 11],
			"to": [9, 12, 12],
			"rotation": {"angle": 0, "axis": "y", "origin": [13, 19, 19]},
			"faces": {
				"east": {"uv": [8, 11, 9, 12], "texture": "#inside", "cullface": "up"},
				"south": {"uv": [5, 11, 9, 12], "texture": "#inside", "cullface": "up"},
				"west": {"uv": [5, 11, 6, 12], "texture": "#inside", "cullface": "up"},
				"up": {"uv": [5, 11, 9, 12], "texture": "#inside", "cullface": "up"}
			}
		},
		{
			"from": [4, 11.5, 6],
			"to": [5, 12, 11],
			"rotation": {"angle": 0, "axis": "y", "origin": [9, 19, 18]},
			"faces": {
				"north": {"uv": [4, 6, 5, 6.5], "texture": "#inside", "cullface": "up"},
				"south": {"uv": [4, 10, 5, 11], "texture": "#inside", "cullface": "up"},
				"west": {"uv": [4, 6, 4.5, 11], "rotation": 270, "texture": "#inside", "cullface": "up"},
				"up": {"uv": [4, 6, 5, 11], "texture": "#inside", "cullface": "up"}
			}
		},
		{
			"from": [11, 11.5, 6],
			"to": [12, 12, 10],
			"rotation": {"angle": 0, "axis": "y", "origin": [16, 19, 17]},
			"faces": {
				"north": {"uv": [11, 6, 12, 6.5], "texture": "#inside", "cullface": "up"},
				"east": {"uv": [11, 6, 11.5, 10], "rotation": 90, "texture": "#inside", "cullface": "up"},
				"south": {"uv": [11, 9, 12, 9.5], "texture": "#inside", "cullface": "up"},
				"up": {"uv": [11, 6, 12, 10], "texture": "#inside", "cullface": "up"}
			}
		},
		{
			"from": [4, 11, 4],
			"to": [12, 11.5, 13],
			"rotation": {"angle": 0, "axis": "y", "origin": [12, 19, 13]},
			"faces": {
				"north": {"uv": [4, 4, 12, 4.5], "rotation": 180, "texture": "#inside", "cullface": "up"},
				"east": {"uv": [11, 4, 11.5, 13], "rotation": 90, "texture": "#inside", "cullface": "up"},
				"south": {"uv": [4, 12, 12, 12.5], "texture": "#inside", "cullface": "up"},
				"west": {"uv": [4, 4, 4.5, 13], "rotation": 270, "texture": "#inside", "cullface": "up"},
				"up": {"uv": [4, 4, 12, 13], "texture": "#inside", "cullface": "up"}
			}
		},
		{
			"from": [6, 11, 3],
			"to": [10, 11.5, 4],
			"rotation": {"angle": 0, "axis": "y", "origin": [12, 19, 11]},
			"faces": {
				"north": {"uv": [6, 3, 10, 3.5], "rotation": 180, "texture": "#inside", "cullface": "up"},
				"east": {"uv": [9, 3, 10, 3.5], "texture": "#inside", "cullface": "up"},
				"west": {"uv": [6, 3, 7, 3.5], "texture": "#inside", "cullface": "up"},
				"up": {"uv": [6, 3, 10, 4], "texture": "#inside", "cullface": "up"}
			}
		},
		{
			"from": [12, 11, 5],
			"to": [13, 11.5, 12],
			"rotation": {"angle": 0, "axis": "y", "origin": [20, 19, 19]},
			"faces": {
				"north": {"uv": [12, 5, 13, 5.5], "texture": "#inside", "cullface": "up"},
				"east": {"uv": [12, 5, 12.5, 12], "rotation": 90, "texture": "#inside", "cullface": "up"},
				"south": {"uv": [12, 11, 13, 11.5], "texture": "#inside", "cullface": "up"},
				"up": {"uv": [12, 5, 13, 12], "texture": "#inside", "cullface": "up"}
			}
		},
		{
			"from": [3, 11, 5],
			"to": [4, 11.5, 12],
			"rotation": {"angle": 0, "axis": "y", "origin": [11, 19, 19]},
			"faces": {
				"north": {"uv": [3, 5, 4, 5.5], "texture": "#inside", "cullface": "up"},
				"south": {"uv": [3, 11, 4, 11.5], "texture": "#inside", "cullface": "up"},
				"west": {"uv": [3, 5, 3.5, 12], "rotation": 270, "texture": "#inside", "cullface": "up"},
				"up": {"uv": [3, 5, 4, 12], "texture": "#inside", "cullface": "up"}
			}
		}
	]
}