{
    "variants": {
        "facing=north": [
		{ "model": "block/stonecutter", "weight": 7},
		{ "model": "block/stonecutter_1", "weight": 1},
		{ "model": "block/stonecutter_2", "weight": 1},
		{ "model": "block/stonecutter_3", "weight": 1}
		],
        "facing=south": [
		{ "model": "block/stonecutter", "y": 180, "weight": 7 },
		{ "model": "block/stonecutter_1", "y": 180, "weight": 1 },
		{ "model": "block/stonecutter_2", "y": 180, "weight": 1 },
		{ "model": "block/stonecutter_3", "y": 180, "weight": 1 }
		],
        "facing=west": [
		{ "model": "block/stonecutter", "y": 270, "weight": 7 },
		{ "model": "block/stonecutter_1", "y": 270, "weight": 1 },
		{ "model": "block/stonecutter_2", "y": 270, "weight": 1 },
		{ "model": "block/stonecutter_3", "y": 270, "weight": 1 }
		],
        "facing=east": [
		{ "model": "block/stonecutter", "y": 90, "weight": 7 },
		{ "model": "block/stonecutter_1", "y": 90, "weight": 1 },
		{ "model": "block/stonecutter_2", "y": 90, "weight": 1 },
		{ "model": "block/stonecutter_3", "y": 90, "weight": 1 }
		]
    }
}
