{
	"credit": "Made by TheWaschtlPlays using Blockbench",
	"textures": {
		"base": "blocks/brewing_stand_base",
		"particle": "blocks/brewing_stand",
		"stand": "blocks/brewing_stand"
	},
	"elements": [
		{
			"from": [7, 0, 7],
			"to": [9, 14, 9],
			"faces": {
				"north": {"uv": [7, 2, 9, 16], "texture": "#stand"},
				"east": {"uv": [7, 2, 9, 16], "texture": "#stand"},
				"south": {"uv": [7, 2, 9, 16], "texture": "#stand"},
				"west": {"uv": [7, 2, 9, 16], "texture": "#stand"},
				"up": {"uv": [7, 7, 9, 9], "texture": "#stand"},
				"down": {"uv": [7, 14, 9, 16], "texture": "#stand", "cullface": "down"}
			}
		},
		{
			"from": [9, 0, 5],
			"to": [15, 2, 11],
			"faces": {
				"north": {"uv": [9, 14, 15, 16], "texture": "#base"},
				"east": {"uv": [5, 14, 11, 16], "texture": "#base"},
				"south": {"uv": [9, 14, 15, 16], "texture": "#base"},
				"west": {"uv": [5, 14, 11, 16], "texture": "#base"},
				"up": {"uv": [9, 5, 15, 11], "texture": "#base"},
				"down": {"uv": [9, 5, 15, 11], "texture": "#base", "cullface": "down"}
			}
		},
		{
			"from": [2, 0, 1],
			"to": [8, 2, 7],
			"faces": {
				"north": {"uv": [2, 14, 8, 16], "texture": "#base"},
				"east": {"uv": [1, 14, 7, 16], "texture": "#base"},
				"south": {"uv": [2, 14, 8, 16], "texture": "#base"},
				"west": {"uv": [1, 14, 7, 16], "texture": "#base"},
				"up": {"uv": [2, 1, 8, 7], "texture": "#base"},
				"down": {"uv": [2, 1, 8, 7], "texture": "#base", "cullface": "down"}
			}
		},
		{
			"from": [2, 0, 9],
			"to": [8, 2, 15],
			"faces": {
				"north": {"uv": [2, 14, 8, 16], "texture": "#base"},
				"east": {"uv": [9, 14, 15, 16], "texture": "#base"},
				"south": {"uv": [2, 14, 8, 16], "texture": "#base"},
				"west": {"uv": [9, 14, 15, 16], "texture": "#base"},
				"up": {"uv": [2, 9, 8, 15], "texture": "#base"},
				"down": {"uv": [2, 9, 8, 15], "texture": "#base", "cullface": "down"}
			}
		},
		{
			"name": "Ring",
			"from": [6.75, 11, 6.75],
			"to": [9.25, 13, 9.25],
			"faces": {
				"north": {"uv": [7, 3, 9, 5], "texture": "#stand"},
				"east": {"uv": [7, 3, 9, 5], "texture": "#stand"},
				"south": {"uv": [7, 3, 9, 5], "texture": "#stand"},
				"west": {"uv": [7, 3, 9, 5], "texture": "#stand"},
				"up": {"uv": [7, 3, 8, 4], "texture": "#stand"},
				"down": {"uv": [8, 4, 9, 5], "texture": "#stand"}
			}
		},
		{
			"from": [9, 9, 7.5],
			"to": [10, 13.5, 8.5],
			"faces": {
				"north": {"uv": [9, 2, 10, 6.5], "texture": "#stand"},
				"east": {"uv": [9, 2, 10, 6.5], "texture": "#stand"},
				"south": {"uv": [9, 2, 10, 6.5], "texture": "#stand"},
				"west": {"uv": [9, 2, 10, 6.5], "texture": "#stand"},
				"up": {"uv": [9, 2, 10, 3], "texture": "#stand"},
				"down": {"uv": [9, 6, 10, 7], "texture": "#stand"}
			}
		},
		{
			"from": [10, 12, 7.5],
			"to": [13, 14, 8.5],
			"faces": {
				"north": {"uv": [3, 2, 6, 4], "texture": "#stand"},
				"east": {"uv": [12, 2, 13, 4], "texture": "#stand"},
				"south": {"uv": [10, 2, 13, 4], "texture": "#stand"},
				"west": {"uv": [5, 2, 6, 4], "texture": "#stand"},
				"up": {"uv": [10, 2, 13, 3], "texture": "#stand"},
				"down": {"uv": [10, 3, 13, 4], "texture": "#stand"}
			}
		},
		{
			"from": [11, 14, 7.5],
			"to": [13, 15, 8.5],
			"faces": {
				"north": {"uv": [3, 1, 5, 2], "texture": "#stand"},
				"east": {"uv": [3, 1, 4, 2], "texture": "#stand"},
				"south": {"uv": [3, 1, 5, 2], "texture": "#stand"},
				"west": {"uv": [4, 1, 5, 2], "texture": "#stand"},
				"up": {"uv": [11, 1, 13, 2], "texture": "#stand"}
			}
		},
		{
			"from": [12, 15, 7.5],
			"to": [13, 16, 8.5],
			"faces": {
				"north": {"uv": [12, 0, 13, 1], "texture": "#stand"},
				"east": {"uv": [12, 0, 13, 1], "texture": "#stand"},
				"south": {"uv": [12, 0, 13, 1], "texture": "#stand"},
				"west": {"uv": [12, 0, 13, 1], "texture": "#stand"},
				"up": {"uv": [12, 0, 13, 1], "texture": "#stand"},
				"down": {"uv": [12, 0, 13, 1], "texture": "#stand"}
			}
		},
		{
			"from": [12.75, 11.25, 7.75],
			"to": [13.5, 12.75, 8.25],
			"faces": {
				"north": {"uv": [13, 3, 14, 5], "texture": "#stand"},
				"east": {"uv": [13, 3, 14, 5], "texture": "#stand"},
				"south": {"uv": [13, 3, 14, 5], "texture": "#stand"},
				"west": {"uv": [13, 3, 14, 5], "texture": "#stand"},
				"up": {"uv": [13, 3, 13.5, 3.5], "texture": "#stand"},
				"down": {"uv": [13, 4, 13.5, 4.5], "texture": "#stand"}
			}
		},
		{
			"from": [12.25, 6, 7.75],
			"to": [12.75, 12, 8.25],
			"faces": {
				"north": {"uv": [12, 4, 12.5, 10], "texture": "#stand"},
				"east": {"uv": [12, 4, 12.5, 10], "texture": "#stand"},
				"south": {"uv": [12, 4, 12.5, 10], "texture": "#stand"},
				"west": {"uv": [12, 4, 12.5, 10], "texture": "#stand"},
				"down": {"uv": [12, 9, 12.5, 9.5], "texture": "#stand"}
			}
		},
		{
			"from": [6, 9, 7.5],
			"to": [7, 13.5, 8.5],
			"rotation": {"angle": -45, "axis": "y", "origin": [8, 8, 8]},
			"faces": {
				"north": {"uv": [9, 2, 10, 6.5], "texture": "#stand"},
				"east": {"uv": [9, 2, 10, 6.5], "texture": "#stand"},
				"south": {"uv": [9, 2, 10, 6.5], "texture": "#stand"},
				"west": {"uv": [9, 2, 10, 6.5], "texture": "#stand"},
				"up": {"uv": [9, 2, 10, 3], "rotation": 180, "texture": "#stand"},
				"down": {"uv": [9, 6, 10, 7], "rotation": 180, "texture": "#stand"}
			}
		},
		{
			"from": [3, 12, 7.5],
			"to": [6, 14, 8.5],
			"rotation": {"angle": -45, "axis": "y", "origin": [8, 8, 8]},
			"faces": {
				"north": {"uv": [10, 2, 13, 4], "texture": "#stand"},
				"east": {"uv": [5, 2, 6, 4], "texture": "#stand"},
				"south": {"uv": [3, 2, 6, 4], "texture": "#stand"},
				"west": {"uv": [12, 2, 13, 4], "texture": "#stand"},
				"up": {"uv": [10, 2, 13, 3], "rotation": 180, "texture": "#stand"},
				"down": {"uv": [10, 3, 13, 4], "rotation": 180, "texture": "#stand"}
			}
		},
		{
			"from": [3, 14, 7.5],
			"to": [5, 15, 8.5],
			"rotation": {"angle": -45, "axis": "y", "origin": [8, 8, 8]},
			"faces": {
				"north": {"uv": [3, 1, 5, 2], "texture": "#stand"},
				"east": {"uv": [4, 1, 5, 2], "texture": "#stand"},
				"south": {"uv": [3, 1, 5, 2], "texture": "#stand"},
				"west": {"uv": [3, 1, 4, 2], "texture": "#stand"},
				"up": {"uv": [11, 1, 13, 2], "rotation": 180, "texture": "#stand"}
			}
		},
		{
			"from": [3, 15, 7.5],
			"to": [4, 16, 8.5],
			"rotation": {"angle": -45, "axis": "y", "origin": [8, 8, 8]},
			"faces": {
				"north": {"uv": [12, 0, 13, 1], "texture": "#stand"},
				"east": {"uv": [12, 0, 13, 1], "texture": "#stand"},
				"south": {"uv": [12, 0, 13, 1], "texture": "#stand"},
				"west": {"uv": [12, 0, 13, 1], "texture": "#stand"},
				"up": {"uv": [12, 0, 13, 1], "rotation": 180, "texture": "#stand"},
				"down": {"uv": [12, 0, 13, 1], "rotation": 180, "texture": "#stand"}
			}
		},
		{
			"from": [2.5, 11.25, 7.75],
			"to": [3.25, 12.75, 8.25],
			"rotation": {"angle": -45, "axis": "y", "origin": [8, 8, 8]},
			"faces": {
				"north": {"uv": [13, 3, 14, 5], "texture": "#stand"},
				"east": {"uv": [13, 3, 14, 5], "texture": "#stand"},
				"south": {"uv": [13, 3, 14, 5], "texture": "#stand"},
				"west": {"uv": [13, 3, 14, 5], "texture": "#stand"},
				"up": {"uv": [13, 3, 13.5, 3.5], "rotation": 180, "texture": "#stand"},
				"down": {"uv": [13, 4, 13.5, 4.5], "rotation": 180, "texture": "#stand"}
			}
		},
		{
			"from": [3.25, 6, 7.75],
			"to": [3.75, 12, 8.25],
			"rotation": {"angle": -45, "axis": "y", "origin": [8, 8, 8]},
			"faces": {
				"north": {"uv": [12, 4, 12.5, 10], "texture": "#stand"},
				"east": {"uv": [12, 4, 12.5, 10], "texture": "#stand"},
				"south": {"uv": [12, 4, 12.5, 10], "texture": "#stand"},
				"west": {"uv": [12, 4, 12.5, 10], "texture": "#stand"},
				"down": {"uv": [12, 9, 12.5, 9.5], "rotation": 180, "texture": "#stand"}
			}
		},
		{
			"from": [6, 9, 7.5],
			"to": [7, 13.5, 8.5],
			"rotation": {"angle": 45, "axis": "y", "origin": [8, 8, 8]},
			"faces": {
				"north": {"uv": [9, 2, 10, 6.5], "texture": "#stand"},
				"east": {"uv": [9, 2, 10, 6.5], "texture": "#stand"},
				"south": {"uv": [9, 2, 10, 6.5], "texture": "#stand"},
				"west": {"uv": [9, 2, 10, 6.5], "texture": "#stand"},
				"up": {"uv": [9, 2, 10, 3], "rotation": 180, "texture": "#stand"},
				"down": {"uv": [9, 6, 10, 7], "rotation": 180, "texture": "#stand"}
			}
		},
		{
			"from": [3, 12, 7.5],
			"to": [6, 14, 8.5],
			"rotation": {"angle": 45, "axis": "y", "origin": [8, 8, 8]},
			"faces": {
				"north": {"uv": [10, 2, 13, 4], "texture": "#stand"},
				"east": {"uv": [5, 2, 6, 4], "texture": "#stand"},
				"south": {"uv": [3, 2, 6, 4], "texture": "#stand"},
				"west": {"uv": [12, 2, 13, 4], "texture": "#stand"},
				"up": {"uv": [10, 2, 13, 3], "rotation": 180, "texture": "#stand"},
				"down": {"uv": [10, 3, 13, 4], "rotation": 180, "texture": "#stand"}
			}
		},
		{
			"from": [3, 14, 7.5],
			"to": [5, 15, 8.5],
			"rotation": {"angle": 45, "axis": "y", "origin": [8, 8, 8]},
			"faces": {
				"north": {"uv": [3, 1, 5, 2], "texture": "#stand"},
				"east": {"uv": [4, 1, 5, 2], "texture": "#stand"},
				"south": {"uv": [3, 1, 5, 2], "texture": "#stand"},
				"west": {"uv": [3, 1, 4, 2], "texture": "#stand"},
				"up": {"uv": [11, 1, 13, 2], "rotation": 180, "texture": "#stand"}
			}
		},
		{
			"from": [3, 15, 7.5],
			"to": [4, 16, 8.5],
			"rotation": {"angle": 45, "axis": "y", "origin": [8, 8, 8]},
			"faces": {
				"north": {"uv": [12, 0, 13, 1], "texture": "#stand"},
				"east": {"uv": [12, 0, 13, 1], "texture": "#stand"},
				"south": {"uv": [12, 0, 13, 1], "texture": "#stand"},
				"west": {"uv": [12, 0, 13, 1], "texture": "#stand"},
				"up": {"uv": [12, 0, 13, 1], "rotation": 180, "texture": "#stand"},
				"down": {"uv": [12, 0, 13, 1], "rotation": 180, "texture": "#stand"}
			}
		},
		{
			"from": [2.5, 11.25, 7.75],
			"to": [3.25, 12.75, 8.25],
			"rotation": {"angle": 45, "axis": "y", "origin": [8, 8, 8]},
			"faces": {
				"north": {"uv": [13, 3, 14, 5], "texture": "#stand"},
				"east": {"uv": [13, 3, 14, 5], "texture": "#stand"},
				"south": {"uv": [13, 3, 14, 5], "texture": "#stand"},
				"west": {"uv": [13, 3, 14, 5], "texture": "#stand"},
				"up": {"uv": [13, 3, 13.5, 3.5], "rotation": 180, "texture": "#stand"},
				"down": {"uv": [13, 4, 13.5, 4.5], "rotation": 180, "texture": "#stand"}
			}
		},
		{
			"from": [3.25, 6, 7.75],
			"to": [3.75, 12, 8.25],
			"rotation": {"angle": 45, "axis": "y", "origin": [8, 8, 8]},
			"faces": {
				"north": {"uv": [12, 4, 12.5, 10], "texture": "#stand"},
				"east": {"uv": [12, 4, 12.5, 10], "texture": "#stand"},
				"south": {"uv": [12, 4, 12.5, 10], "texture": "#stand"},
				"west": {"uv": [12, 4, 12.5, 10], "texture": "#stand"},
				"down": {"uv": [12, 9, 12.5, 9.5], "rotation": 180, "texture": "#stand"}
			}
		}
	],
	"groups": [
		{
			"name": "brewing_stand",
			"origin": [8, 8, 8],
			"children": [
				{
					"name": "brewing_stand",
					"origin": [8, 8, 8],
					"children": [0, 1, 2, 3, 4]
				}
			]
		},
		{
			"name": "brewing_stand_empty0",
			"origin": [8, 8, 8],
			"children": [
				{
					"name": "brewing_stand",
					"origin": [8, 8, 8],
					"children": [
						{
							"name": "3D_brewingstand_empty0",
							"origin": [8, 8, 8],
							"children": [5, 6, 7, 8, 9, 10]
						}
					]
				}
			]
		},
		{
			"name": "brewing_stand_empty1",
			"origin": [8, 8, 8],
			"children": [
				{
					"name": "brewing_stand",
					"origin": [8, 8, 8],
					"children": [
						{
							"name": "3D_brewingstand_empty0",
							"origin": [8, 8, 8],
							"children": [11, 12, 13, 14, 15, 16]
						}
					]
				}
			]
		},
		{
			"name": "brewing_stand_empty2",
			"origin": [8, 8, 8],
			"children": [
				{
					"name": "brewing_stand",
					"origin": [8, 8, 8],
					"children": [
						{
							"name": "3D_brewingstand_empty0",
							"origin": [8, 8, 8],
							"children": [17, 18, 19, 20, 21, 22]
						}
					]
				}
			]
		}
	]
}