{
	"credit": "Made by TheWaschtlPlays using Blockbench",
	"textures": {
		"0": "blocks/obsidian",
		"1": "blocks/enchanting_table_side",
		"2": "blocks/enchanting_table_top",
		"3": "blocks/iron_block",
		"particle": "blocks/enchanting_table_side"
	},
	"elements": [
		{
			"name": "Element",
			"from": [0, 0, 0],
			"to": [16, 11.5, 16],
			"faces": {
				"north": {"uv": [0, 4, 16, 16], "texture": "#0", "cullface": "north"},
				"east": {"uv": [0, 4, 16, 16], "texture": "#0", "cullface": "east"},
				"south": {"uv": [0, 4, 16, 16], "texture": "#0", "cullface": "south"},
				"west": {"uv": [0, 4, 16, 16], "texture": "#0", "cullface": "west"},
				"up": {"uv": [0, 0, 16, 16], "texture": "#0"}
			}
		},
		{
			"name": "cloth",
			"from": [13, 11, 4],
			"to": [16.5, 12, 12],
			"faces": {
				"north": {"uv": [6, 0, 10, 1], "texture": "#2"},
				"east": {"uv": [4, 0, 12, 1], "texture": "#2", "cullface": "east"},
				"south": {"uv": [6, 0, 10, 1], "texture": "#2"},
				"up": {"uv": [4, 0, 12, 3], "rotation": 90, "texture": "#2"}
			}
		},
		{
			"name": "cloth",
			"from": [3.00002, 11, 3],
			"to": [13.00002, 12, 13],
			"faces": {
				"north": {"uv": [6, 0, 10, 1], "texture": "#2"},
				"east": {"uv": [4, 0, 12, 1], "texture": "#2"},
				"south": {"uv": [6, 0, 10, 1], "texture": "#2"},
				"west": {"uv": [4, 0, 12, 1], "texture": "#2"},
				"up": {"uv": [3, 3, 13, 13], "rotation": 90, "texture": "#2"}
			}
		},
		{
			"name": "cloth",
			"from": [4, 11, -0.5],
			"to": [12, 12, 3],
			"faces": {
				"north": {"uv": [4, 0, 12, 1], "texture": "#2", "cullface": "north"},
				"east": {"uv": [6, 0, 10, 1], "texture": "#2"},
				"west": {"uv": [6, 0, 10, 1], "texture": "#2"},
				"up": {"uv": [4, 0, 12, 3], "texture": "#2"}
			}
		},
		{
			"name": "cloth",
			"from": [-0.5, 11, 4],
			"to": [3, 12, 12],
			"faces": {
				"north": {"uv": [6, 0, 10, 1], "texture": "#2"},
				"south": {"uv": [6, 0, 10, 1], "texture": "#2"},
				"west": {"uv": [4, 0, 12, 1], "texture": "#2", "cullface": "west"},
				"up": {"uv": [4, 0, 12, 3], "rotation": 270, "texture": "#2"}
			}
		},
		{
			"name": "cloth",
			"from": [4, 11, 13],
			"to": [12, 12, 16.5],
			"faces": {
				"east": {"uv": [6, 0, 10, 1], "texture": "#2"},
				"south": {"uv": [4, 0, 12, 1], "texture": "#2", "cullface": "south"},
				"west": {"uv": [6, 0, 10, 1], "texture": "#2"},
				"up": {"uv": [4, 13, 12, 16], "texture": "#2"}
			}
		},
		{
			"name": "cloth",
			"from": [4, 10, -0.5],
			"to": [12, 11, 0],
			"faces": {
				"north": {"uv": [4, 5, 12, 6], "texture": "#1", "cullface": "north"},
				"east": {"uv": [4, 5, 5, 6], "texture": "#1", "cullface": "north"},
				"west": {"uv": [4, 5, 5, 6], "texture": "#1", "cullface": "north"},
				"down": {"uv": [4, 5, 12, 6], "texture": "#1", "cullface": "north"}
			}
		},
		{
			"name": "Cube",
			"from": [3.99826, 10.00175, 16],
			"to": [11.99826, 11.00175, 16.5],
			"faces": {
				"east": {"uv": [4, 5, 5, 6], "texture": "#1", "cullface": "south"},
				"south": {"uv": [4, 5, 12, 6], "texture": "#1", "cullface": "south"},
				"west": {"uv": [4, 5, 5, 6], "texture": "#1", "cullface": "south"},
				"down": {"uv": [4, 5, 12, 6], "texture": "#1", "cullface": "south"}
			}
		},
		{
			"name": "cloth",
			"from": [5, 9, -0.5],
			"to": [11, 10, 0],
			"faces": {
				"north": {"uv": [5, 6, 11, 7], "texture": "#1", "cullface": "north"},
				"east": {"uv": [5, 6, 6, 7], "texture": "#1", "cullface": "north"},
				"west": {"uv": [5, 6, 6, 7], "texture": "#1", "cullface": "north"},
				"down": {"uv": [5, 6, 11, 7], "texture": "#1", "cullface": "north"}
			}
		},
		{
			"name": "Cube",
			"from": [4.99826, 9.00175, 16],
			"to": [10.99826, 10.00175, 16.5],
			"faces": {
				"east": {"uv": [5, 6, 6, 7], "texture": "#1", "cullface": "south"},
				"south": {"uv": [5, 6, 11, 7], "texture": "#1", "cullface": "south"},
				"west": {"uv": [5, 6, 6, 7], "texture": "#1", "cullface": "south"},
				"down": {"uv": [5, 6, 11, 7], "texture": "#1", "cullface": "south"}
			}
		},
		{
			"name": "Cube",
			"from": [5.99826, 8.00175, 16],
			"to": [9.99826, 9.00175, 16.5],
			"faces": {
				"east": {"uv": [9, 7, 10, 8], "texture": "#1", "cullface": "south"},
				"south": {"uv": [6, 7, 10, 8], "texture": "#1", "cullface": "south"},
				"west": {"uv": [6, 7, 7, 8], "texture": "#1", "cullface": "south"},
				"down": {"uv": [6, 7, 10, 8], "texture": "#1", "cullface": "south"}
			}
		},
		{
			"name": "Cube",
			"from": [6, 8, -0.5],
			"to": [10, 9, 0],
			"faces": {
				"north": {"uv": [6, 7, 10, 8], "texture": "#1", "cullface": "north"},
				"east": {"uv": [6, 7, 7, 8], "texture": "#1", "cullface": "north"},
				"west": {"uv": [6, 7, 7, 8], "texture": "#1", "cullface": "north"},
				"down": {"uv": [6, 7, 10, 8], "texture": "#1", "cullface": "north"}
			}
		},
		{
			"name": "Cube",
			"from": [7, 7, -0.5],
			"to": [9, 8, 0],
			"faces": {
				"north": {"uv": [7, 8, 9, 9], "texture": "#1", "cullface": "north"},
				"east": {"uv": [7, 8, 8, 9], "texture": "#1", "cullface": "north"},
				"west": {"uv": [7, 8, 8, 9], "texture": "#1", "cullface": "north"},
				"down": {"uv": [7, 8, 9, 9], "texture": "#1", "cullface": "north"}
			}
		},
		{
			"name": "Cube",
			"from": [6.99826, 7.00175, 16],
			"to": [8.99826, 8.00175, 16.5],
			"faces": {
				"east": {"uv": [7, 8, 8, 9], "texture": "#1", "cullface": "south"},
				"south": {"uv": [7, 8, 9, 9], "texture": "#1", "cullface": "south"},
				"west": {"uv": [7, 8, 8, 9], "texture": "#1", "cullface": "south"},
				"down": {"uv": [7, 8, 9, 9], "texture": "#1", "cullface": "south"}
			}
		},
		{
			"name": "Cube",
			"from": [-0.5, 10, 4],
			"to": [0.5, 11, 12],
			"faces": {
				"north": {"uv": [4, 5, 5, 6], "texture": "#1", "cullface": "north"},
				"south": {"uv": [4, 5, 5, 6], "texture": "#1", "cullface": "north"},
				"west": {"uv": [4, 5, 12, 6], "texture": "#1", "cullface": "west"},
				"down": {"uv": [9, 4, 10, 5], "texture": "#1", "cullface": "west"}
			}
		},
		{
			"name": "Cube",
			"from": [16, 9.99825, 4.00175],
			"to": [16.5, 10.99825, 12.00175],
			"faces": {
				"north": {"uv": [4, 5, 5, 6], "texture": "#1", "cullface": "east"},
				"east": {"uv": [4, 5, 12, 6], "texture": "#1", "cullface": "east"},
				"south": {"uv": [4, 5, 5, 6], "texture": "#1", "cullface": "east"},
				"down": {"uv": [9, 4, 10, 5], "texture": "#1", "cullface": "east"}
			}
		},
		{
			"name": "Cube",
			"from": [16, 8.99825, 5.00175],
			"to": [16.5, 9.99825, 11.00175],
			"faces": {
				"north": {"uv": [5, 6, 6, 7], "texture": "#1", "cullface": "east"},
				"east": {"uv": [5, 6, 11, 7], "texture": "#1", "cullface": "east"},
				"south": {"uv": [5, 6, 6, 7], "texture": "#1", "cullface": "east"},
				"down": {"uv": [9, 4, 10, 5], "texture": "#1", "cullface": "east"}
			}
		},
		{
			"name": "Cube",
			"from": [-0.5, 9, 5],
			"to": [0.5, 10, 11],
			"faces": {
				"north": {"uv": [5, 6, 6, 7], "texture": "#1", "cullface": "north"},
				"south": {"uv": [5, 6, 6, 7], "texture": "#1", "cullface": "north"},
				"west": {"uv": [5, 6, 11, 7], "texture": "#1", "cullface": "west"},
				"down": {"uv": [9, 4, 10, 5], "texture": "#1", "cullface": "west"}
			}
		},
		{
			"name": "Cube",
			"from": [-0.5, 8, 6],
			"to": [0.5, 9, 10],
			"faces": {
				"north": {"uv": [6, 7, 7, 8], "texture": "#1", "cullface": "north"},
				"south": {"uv": [6, 7, 7, 8], "texture": "#1", "cullface": "north"},
				"west": {"uv": [6, 7, 10, 8], "texture": "#1", "cullface": "west"},
				"down": {"uv": [9, 4, 10, 5], "texture": "#1", "cullface": "west"}
			}
		},
		{
			"name": "Cube",
			"from": [16, 7.99825, 6.00175],
			"to": [16.5, 8.99825, 10.00175],
			"faces": {
				"north": {"uv": [6, 7, 7, 8], "texture": "#1", "cullface": "east"},
				"east": {"uv": [6, 7, 10, 8], "texture": "#1", "cullface": "east"},
				"south": {"uv": [6, 7, 7, 8], "texture": "#1", "cullface": "east"},
				"down": {"uv": [9, 4, 10, 5], "texture": "#1", "cullface": "east"}
			}
		},
		{
			"name": "Cube",
			"from": [16, 6.99825, 7.00175],
			"to": [16.5, 7.99825, 9.00175],
			"faces": {
				"north": {"uv": [7, 8, 8, 9], "texture": "#1", "cullface": "east"},
				"east": {"uv": [7, 8, 9, 9], "texture": "#1", "cullface": "east"},
				"south": {"uv": [7, 8, 8, 9], "texture": "#1", "cullface": "east"},
				"down": {"uv": [9, 4, 10, 5], "texture": "#1", "cullface": "east"}
			}
		},
		{
			"name": "Cube",
			"from": [-0.5, 7, 7],
			"to": [0.5, 8, 9],
			"faces": {
				"north": {"uv": [7, 8, 8, 9], "texture": "#1", "cullface": "north"},
				"south": {"uv": [7, 8, 8, 9], "texture": "#1", "cullface": "north"},
				"west": {"uv": [7, 8, 9, 9], "texture": "#1", "cullface": "west"},
				"down": {"uv": [9, 4, 10, 5], "texture": "#1", "cullface": "west"}
			}
		},
		{
			"name": "Base",
			"from": [-0.5, -0.1, -0.5],
			"to": [16.5, 0.9, 16.5],
			"faces": {
				"north": {"uv": [0, 0, 16, 1], "texture": "#3"},
				"east": {"uv": [0, 0, 16, 1], "texture": "#3"},
				"south": {"uv": [0, 0, 16, 1], "texture": "#3"},
				"west": {"uv": [0, 0, 16, 1], "texture": "#3"},
				"up": {"uv": [0, 0, 16, 16], "texture": "#3"},
				"down": {"uv": [0, 0, 16, 16], "texture": "#3", "cullface": "down"}
			}
		},
		{
			"name": "diamond",
			"from": [-0.5, 8.5, -0.5],
			"to": [2.5, 12.5, 2.5],
			"faces": {
				"north": {"uv": [3, 4, 0, 8], "texture": "#1"},
				"east": {"uv": [1, 7, 2, 8], "texture": "#1", "cullface": "north"},
				"south": {"uv": [1, 7, 2, 8], "texture": "#1", "cullface": "west"},
				"west": {"uv": [0, 4, 3, 8], "texture": "#1"},
				"up": {"uv": [0, 4, 3, 7], "texture": "#1"},
				"down": {"uv": [13, 0, 16, 3], "rotation": 180, "texture": "#2"}
			}
		},
		{
			"from": [-0.5, 9.5, 2.5],
			"to": [2.5, 12.5, 3.5],
			"rotation": {"angle": 0, "axis": "y", "origin": [7.5, 8, 7.5]},
			"faces": {
				"east": {"uv": [3, 1, 4, 2], "texture": "#2"},
				"south": {"uv": [13, 0, 16, 3], "rotation": 270, "texture": "#2"},
				"west": {"uv": [12, 4, 13, 7], "texture": "#1", "cullface": "west"},
				"up": {"uv": [0, 3, 3, 4], "texture": "#2"},
				"down": {"uv": [3, 5, 4, 6], "texture": "#1", "cullface": "west"}
			}
		},
		{
			"from": [2.5, 9.5, -0.5],
			"to": [3.5, 12.5, 2.5],
			"rotation": {"angle": 0, "axis": "y", "origin": [7.5, 8, 8.5]},
			"faces": {
				"north": {"uv": [4, 4, 3, 7], "texture": "#1", "cullface": "north"},
				"east": {"uv": [13, 0, 16, 3], "texture": "#2"},
				"south": {"uv": [3, 1, 4, 2], "texture": "#2"},
				"up": {"uv": [3, 0, 4, 3], "texture": "#2"},
				"down": {"uv": [3, 5, 4, 6], "texture": "#1", "cullface": "north"}
			}
		},
		{
			"name": "diamond",
			"from": [13.5, 8.5, -0.5],
			"to": [16.5, 12.5, 2.5],
			"faces": {
				"north": {"uv": [0, 4, 3, 8], "texture": "#1"},
				"east": {"uv": [3, 4, 0, 8], "texture": "#1"},
				"south": {"uv": [1, 7, 2, 8], "texture": "#1", "cullface": "east"},
				"west": {"uv": [1, 7, 2, 8], "texture": "#1", "cullface": "north"},
				"up": {"uv": [0, 4, 3, 7], "rotation": 90, "texture": "#1"},
				"down": {"uv": [13, 0, 16, 3], "rotation": 90, "texture": "#2"}
			}
		},
		{
			"from": [12.5, 9.5, -0.5],
			"to": [13.5, 12.5, 2.5],
			"rotation": {"angle": 0, "axis": "y", "origin": [8.5, 8, 7.5]},
			"faces": {
				"north": {"uv": [12, 4, 13, 7], "texture": "#1", "cullface": "north"},
				"south": {"uv": [3, 1, 4, 2], "texture": "#2"},
				"west": {"uv": [13, 0, 16, 3], "rotation": 270, "texture": "#2"},
				"up": {"uv": [0, 3, 3, 4], "rotation": 90, "texture": "#2"},
				"down": {"uv": [3, 5, 4, 6], "rotation": 270, "texture": "#1", "cullface": "north"}
			}
		},
		{
			"from": [13.5, 9.5, 2.5],
			"to": [16.5, 12.5, 3.5],
			"rotation": {"angle": 0, "axis": "y", "origin": [7.5, 8, 7.5]},
			"faces": {
				"east": {"uv": [4, 4, 3, 7], "texture": "#1", "cullface": "east"},
				"south": {"uv": [13, 0, 16, 3], "texture": "#2"},
				"west": {"uv": [3, 1, 4, 2], "texture": "#2"},
				"up": {"uv": [3, 0, 4, 3], "rotation": 90, "texture": "#2"},
				"down": {"uv": [3, 5, 4, 6], "rotation": 270, "texture": "#1", "cullface": "east"}
			}
		},
		{
			"name": "diamond",
			"from": [13.5, 8.5, 13.5],
			"to": [16.5, 12.5, 16.5],
			"faces": {
				"north": {"uv": [1, 7, 2, 8], "texture": "#1", "cullface": "east"},
				"east": {"uv": [0, 4, 3, 8], "texture": "#1"},
				"south": {"uv": [3, 4, 0, 8], "texture": "#1"},
				"west": {"uv": [1, 7, 2, 8], "texture": "#1", "cullface": "south"},
				"up": {"uv": [0, 4, 3, 7], "rotation": 180, "texture": "#1"},
				"down": {"uv": [13, 0, 16, 3], "texture": "#2"}
			}
		},
		{
			"from": [13.5, 9.5, 12.5],
			"to": [16.5, 12.5, 13.5],
			"faces": {
				"north": {"uv": [13, 0, 16, 3], "rotation": 270, "texture": "#2"},
				"east": {"uv": [12, 4, 13, 7], "texture": "#1", "cullface": "east"},
				"west": {"uv": [3, 1, 4, 2], "texture": "#2"},
				"up": {"uv": [0, 3, 3, 4], "rotation": 180, "texture": "#2"},
				"down": {"uv": [3, 5, 4, 6], "rotation": 180, "texture": "#1", "cullface": "east"}
			}
		},
		{
			"from": [12.5, 9.5, 13.5],
			"to": [13.5, 12.5, 16.5],
			"faces": {
				"north": {"uv": [3, 1, 4, 2], "texture": "#2"},
				"south": {"uv": [4, 4, 3, 7], "texture": "#1", "cullface": "south"},
				"west": {"uv": [13, 0, 16, 3], "texture": "#2"},
				"up": {"uv": [3, 0, 4, 3], "rotation": 180, "texture": "#2"},
				"down": {"uv": [3, 5, 4, 6], "rotation": 180, "texture": "#1", "cullface": "south"}
			}
		},
		{
			"name": "diamond",
			"from": [-0.5, 8.5, 13.5],
			"to": [2.5, 12.5, 16.5],
			"faces": {
				"north": {"uv": [1, 7, 2, 8], "texture": "#1", "cullface": "west"},
				"east": {"uv": [1, 7, 2, 8], "texture": "#1", "cullface": "south"},
				"south": {"uv": [0, 4, 3, 8], "texture": "#1"},
				"west": {"uv": [3, 4, 0, 8], "texture": "#1"},
				"up": {"uv": [0, 4, 3, 7], "rotation": 270, "texture": "#1"},
				"down": {"uv": [13, 0, 16, 3], "rotation": 270, "texture": "#2"}
			}
		},
		{
			"from": [2.5, 9.5, 13.5],
			"to": [3.5, 12.5, 16.5],
			"faces": {
				"north": {"uv": [3, 1, 4, 2], "texture": "#2"},
				"east": {"uv": [13, 0, 16, 3], "rotation": 270, "texture": "#2"},
				"south": {"uv": [12, 4, 13, 7], "texture": "#1", "cullface": "south"},
				"up": {"uv": [0, 3, 3, 4], "rotation": 270, "texture": "#2"},
				"down": {"uv": [3, 5, 4, 6], "rotation": 90, "texture": "#1", "cullface": "south"}
			}
		},
		{
			"from": [-0.5, 9.5, 12.5],
			"to": [2.5, 12.5, 13.5],
			"faces": {
				"north": {"uv": [13, 0, 16, 3], "texture": "#2"},
				"east": {"uv": [3, 1, 4, 2], "texture": "#2"},
				"west": {"uv": [4, 4, 3, 7], "texture": "#1", "cullface": "west"},
				"up": {"uv": [3, 0, 4, 3], "rotation": 270, "texture": "#2"},
				"down": {"uv": [3, 5, 4, 6], "rotation": 90, "texture": "#1", "cullface": "west"}
			}
		}
	],
	"groups": [0, 1, 2, 3, 4, 5, 6, 7, 8, 9, 10, 11, 12, 13, 14, 15, 16, 17, 18, 19, 20, 21, 22,
		{
			"name": "CornerNW",
			"origin": [8, 8, 8],
			"children": [23, 24, 25]
		},
		{
			"name": "CornerNE",
			"origin": [8, 8, 8],
			"children": [26, 27, 28]
		},
		{
			"name": "CornerSE",
			"origin": [8, 8, 8],
			"children": [29, 30, 31]
		},
		{
			"name": "CornerSW",
			"origin": [8, 8, 8],
			"children": [32, 33, 34]
		}
	]
}