{
	"credit": "Made by TheWaschtlPlays using Blockbench",
	"ambientocclusion": false,
	"textures": {
		"cactus_side": "blocks/cactus_side",
		"particle": "blocks/flower_pot",
		"flowerpot": "blocks/flower_pot",
		"dirt": "blocks/dirt"
	},
	"elements": [
		{
			"name": "Cube",
			"from": [6, 1, 5],
			"to": [10, 5, 6],
			"faces": {
				"north": {"uv": [6, 11, 10, 15], "texture": "#flowerpot"},
				"east": {"uv": [5, 11, 6, 15], "texture": "#flowerpot"},
				"south": {"uv": [6, 11, 10, 15], "texture": "#flowerpot"},
				"west": {"uv": [10, 11, 11, 15], "texture": "#flowerpot"},
				"up": {"uv": [6, 10, 10, 11], "texture": "#flowerpot"},
				"down": {"uv": [6, 15, 10, 16], "texture": "#flowerpot"}
			}
		},
		{
			"name": "Cube",
			"from": [6, 1, 10],
			"to": [10, 5, 11],
			"faces": {
				"north": {"uv": [6, 11, 10, 15], "texture": "#flowerpot"},
				"east": {"uv": [5, 11, 6, 15], "texture": "#flowerpot"},
				"south": {"uv": [6, 11, 10, 15], "texture": "#flowerpot"},
				"west": {"uv": [10, 11, 11, 15], "texture": "#flowerpot"},
				"up": {"uv": [6, 10, 10, 11], "texture": "#flowerpot"},
				"down": {"uv": [6, 15, 10, 16], "texture": "#flowerpot"}
			}
		},
		{
			"name": "Cube",
			"from": [5, 1, 6],
			"to": [6, 5, 10],
			"faces": {
				"north": {"uv": [5, 11, 6, 15], "texture": "#flowerpot"},
				"east": {"uv": [6, 11, 10, 15], "texture": "#flowerpot"},
				"south": {"uv": [10, 11, 11, 15], "texture": "#flowerpot"},
				"west": {"uv": [6, 11, 10, 15], "texture": "#flowerpot"},
				"up": {"uv": [5, 11, 6, 15], "texture": "#flowerpot"},
				"down": {"uv": [10, 11, 11, 15], "texture": "#flowerpot"}
			}
		},
		{
			"name": "Cube",
			"from": [10, 1, 6],
			"to": [11, 5, 10],
			"faces": {
				"north": {"uv": [5, 11, 6, 15], "texture": "#flowerpot"},
				"east": {"uv": [6, 11, 10, 15], "texture": "#flowerpot"},
				"south": {"uv": [10, 11, 11, 15], "texture": "#flowerpot"},
				"west": {"uv": [6, 11, 10, 15], "texture": "#flowerpot"},
				"up": {"uv": [5, 11, 6, 15], "texture": "#flowerpot"},
				"down": {"uv": [10, 11, 11, 15], "texture": "#flowerpot"}
			}
		},
		{
			"name": "Cube",
			"from": [6, 0, 6],
			"to": [10, 4, 10],
			"faces": {
				"north": {"uv": [6, 2, 10, 6], "texture": "#flowerpot"},
				"east": {"uv": [6, 7, 10, 11], "texture": "#flowerpot"},
				"south": {"uv": [6, 2, 10, 6], "texture": "#flowerpot"},
				"west": {"uv": [6, 7, 10, 11], "texture": "#flowerpot"},
				"up": {"uv": [6, 6, 10, 10], "texture": "#dirt"},
				"down": {"uv": [6, 11, 10, 15], "texture": "#flowerpot", "cullface": "down"}
			}
		},
		{
			"name": "Cube",
			"from": [5, 5, 4],
			"to": [11, 6, 5],
			"faces": {
				"north": {"uv": [5, 5, 11, 6], "texture": "#flowerpot"},
				"east": {"uv": [5, 5, 6, 6], "texture": "#flowerpot"},
				"south": {"uv": [5, 5, 11, 6], "texture": "#flowerpot"},
				"west": {"uv": [10, 5, 11, 6], "texture": "#flowerpot"},
				"up": {"uv": [5, 10, 11, 11], "texture": "#flowerpot"},
				"down": {"uv": [5, 5, 11, 6], "texture": "#flowerpot"}
			}
		},
		{
			"name": "Cube",
			"from": [5, 5, 11],
			"to": [11, 6, 12],
			"faces": {
				"north": {"uv": [5, 5, 11, 6], "texture": "#flowerpot"},
				"east": {"uv": [5, 5, 6, 6], "texture": "#flowerpot"},
				"south": {"uv": [5, 5, 11, 6], "texture": "#flowerpot"},
				"west": {"uv": [10, 5, 11, 6], "texture": "#flowerpot"},
				"up": {"uv": [5, 10, 11, 11], "texture": "#flowerpot"},
				"down": {"uv": [5, 5, 11, 6], "texture": "#flowerpot"}
			}
		},
		{
			"name": "Cube",
			"from": [4, 5, 5],
			"to": [5, 6, 11],
			"faces": {
				"north": {"uv": [5, 5, 6, 6], "texture": "#flowerpot"},
				"east": {"uv": [5, 5, 11, 6], "texture": "#flowerpot"},
				"south": {"uv": [5, 5, 6, 6], "texture": "#flowerpot"},
				"west": {"uv": [5, 5, 11, 6], "texture": "#flowerpot"},
				"up": {"uv": [5, 10, 6, 16], "texture": "#flowerpot"},
				"down": {"uv": [5, 5, 6, 11], "texture": "#flowerpot"}
			}
		},
		{
			"name": "Cube",
			"from": [11, 5, 5],
			"to": [12, 6, 11],
			"faces": {
				"north": {"uv": [5, 5, 6, 6], "texture": "#flowerpot"},
				"east": {"uv": [5, 5, 11, 6], "texture": "#flowerpot"},
				"south": {"uv": [5, 5, 6, 6], "texture": "#flowerpot"},
				"west": {"uv": [5, 5, 11, 6], "texture": "#flowerpot"},
				"up": {"uv": [5, 10, 6, 16], "texture": "#flowerpot"},
				"down": {"uv": [5, 5, 6, 11], "texture": "#flowerpot"}
			}
		},
		{
			"name": "Cube",
			"from": [5, 3, 5],
			"to": [6, 6, 6],
			"faces": {
				"north": {"uv": [7, 12, 8, 15], "texture": "#flowerpot"},
				"east": {"uv": [10, 6, 11, 9], "texture": "#flowerpot"},
				"south": {"uv": [5, 6, 6, 9], "texture": "#flowerpot"},
				"west": {"uv": [8, 12, 9, 15], "texture": "#flowerpot"},
				"up": {"uv": [5, 5, 6, 6], "texture": "#flowerpot"},
				"down": {"uv": [5, 5, 6, 6], "texture": "#flowerpot"}
			}
		},
		{
			"name": "Cube",
			"from": [10, 3, 5],
			"to": [11, 6, 6],
			"faces": {
				"north": {"uv": [7, 12, 8, 15], "texture": "#flowerpot"},
				"east": {"uv": [10, 6, 11, 9], "texture": "#flowerpot"},
				"south": {"uv": [5, 6, 6, 9], "texture": "#flowerpot"},
				"west": {"uv": [8, 12, 9, 15], "texture": "#flowerpot"},
				"up": {"uv": [5, 5, 6, 6], "texture": "#flowerpot"},
				"down": {"uv": [5, 5, 6, 6], "texture": "#flowerpot"}
			}
		},
		{
			"name": "Cube",
			"from": [10, 3, 10],
			"to": [11, 6, 11],
			"faces": {
				"north": {"uv": [7, 12, 8, 15], "texture": "#flowerpot"},
				"east": {"uv": [6, 12, 7, 15], "texture": "#flowerpot"},
				"south": {"uv": [6, 9, 7, 12], "texture": "#flowerpot"},
				"west": {"uv": [8, 12, 9, 15], "texture": "#flowerpot"},
				"up": {"uv": [5, 5, 6, 6], "texture": "#flowerpot"},
				"down": {"uv": [5, 5, 6, 6], "texture": "#flowerpot"}
			}
		},
		{
			"name": "Cube",
			"from": [5, 3, 10],
			"to": [6, 6, 11],
			"faces": {
				"north": {"uv": [10, 11, 11, 14], "texture": "#flowerpot"},
				"east": {"uv": [10, 6, 11, 9], "texture": "#flowerpot"},
				"south": {"uv": [8, 12, 9, 15], "texture": "#flowerpot"},
				"west": {"uv": [8, 12, 9, 15], "texture": "#flowerpot"},
				"up": {"uv": [5, 5, 6, 6], "texture": "#flowerpot"},
				"down": {"uv": [5, 5, 6, 6], "texture": "#flowerpot"}
			}
		},
		{
			"name": "Cube",
			"from": [4, 4, 6],
			"to": [5, 5, 10],
			"faces": {
				"north": {"uv": [5, 11, 6, 12], "texture": "#flowerpot"},
				"south": {"uv": [10, 12, 11, 11], "texture": "#flowerpot"},
				"west": {"uv": [6, 11, 10, 12], "texture": "#flowerpot"},
				"down": {"uv": [5, 6, 6, 10], "texture": "#flowerpot"}
			}
		},
		{
			"name": "Cube",
			"from": [11, 4, 6],
			"to": [12, 5, 10],
			"faces": {
				"north": {"uv": [5, 11, 6, 12], "texture": "#flowerpot"},
				"east": {"uv": [6, 11, 10, 12], "texture": "#flowerpot"},
				"south": {"uv": [10, 12, 11, 11], "texture": "#flowerpot"},
				"down": {"uv": [5, 6, 6, 10], "texture": "#flowerpot"}
			}
		},
		{
			"name": "Cube",
			"from": [6, 4, 4],
			"to": [10, 5, 5],
			"faces": {
				"north": {"uv": [6, 11, 10, 12], "texture": "#flowerpot"},
				"east": {"uv": [5, 11, 6, 12], "texture": "#flowerpot"},
				"west": {"uv": [10, 11, 11, 12], "texture": "#flowerpot"},
				"down": {"uv": [6, 11, 10, 12], "texture": "#flowerpot"}
			}
		},
		{
			"name": "Cube",
			"from": [6, 4, 11],
			"to": [10, 5, 12],
			"faces": {
				"east": {"uv": [5, 11, 6, 12], "texture": "#flowerpot"},
				"south": {"uv": [6, 11, 10, 12], "texture": "#flowerpot"},
				"west": {"uv": [10, 11, 11, 12], "texture": "#flowerpot"},
				"down": {"uv": [6, 11, 10, 12], "texture": "#flowerpot"}
			}
		},
		{
			"name": "Cactus",
			"from": [6, 4, 7],
			"to": [8, 15, 9],
			"faces": {
				"north": {"uv": [4, 2, 6, 13], "texture": "#cactus_side"},
				"south": {"uv": [10, 5, 12, 16], "texture": "#cactus_side"},
				"west": {"uv": [12, 4, 14, 15], "texture": "#cactus_side"},
				"up": {"uv": [7, 1, 9, 3], "texture": "#cactus_side"}
			}
		},
		{
			"name": "Cactus",
			"from": [7, 4, 6],
			"to": [9, 15, 7],
			"faces": {
				"north": {"uv": [11, 5, 13, 16], "texture": "#cactus_side"},
				"east": {"uv": [10, 5, 11, 16], "texture": "#cactus_side"},
				"west": {"uv": [14, 5, 15, 16], "texture": "#cactus_side"},
				"up": {"uv": [12, 4, 14, 5], "texture": "#cactus_side"}
			}
		},
		{
			"name": "Cactus",
			"from": [7, 4, 9],
			"to": [9, 15, 10],
			"faces": {
				"east": {"uv": [10, 0, 11, 11], "texture": "#cactus_side"},
				"south": {"uv": [7, 0, 9, 11], "texture": "#cactus_side"},
				"west": {"uv": [5, 0, 6, 11], "texture": "#cactus_side"},
				"up": {"uv": [8, 0, 10, 1], "texture": "#cactus_side"}
			}
		},
		{
			"name": "Cactus",
			"from": [8, 4, 7],
			"to": [10, 15, 9],
			"faces": {
				"north": {"uv": [5, 5, 7, 16], "texture": "#cactus_side"},
				"east": {"uv": [7, 5, 9, 16], "texture": "#cactus_side"},
				"south": {"uv": [9, 5, 11, 16], "texture": "#cactus_side"},
				"up": {"uv": [3, 2, 5, 4], "texture": "#cactus_side"}
			}
		},
		{
			"name": "Cactus",
			"from": [7, 15, 7],
			"to": [9, 16, 9],
			"faces": {
				"north": {"uv": [2, 0, 4, 1], "texture": "#cactus_side"},
				"east": {"uv": [3, 5, 5, 6], "texture": "#cactus_side"},
				"south": {"uv": [7, 4, 9, 5], "texture": "#cactus_side"},
				"west": {"uv": [3, 5, 5, 6], "texture": "#cactus_side"},
				"up": {"uv": [2, 8, 4, 9], "texture": "#cactus_side", "cullface": "up"}
			}
		},
		{
			"name": "Spike",
			"from": [6, 14, 6],
			"to": [7, 15, 7],
			"faces": {
				"north": {"uv": [7, 6, 8, 7], "texture": "#cactus_side"},
				"west": {"uv": [5, 1, 6, 2], "texture": "#cactus_side"},
				"up": {"uv": [5, 1, 6, 2], "texture": "#cactus_side"},
				"down": {"uv": [7, 6, 8, 7], "texture": "#cactus_side"}
			}
		},
		{
			"name": "Spike",
			"from": [10, 9, 6],
			"to": [11, 10, 7],
			"faces": {
				"north": {"uv": [7, 6, 8, 7], "texture": "#cactus_side"},
				"east": {"uv": [7, 6, 8, 7], "texture": "#cactus_side"},
				"south": {"uv": [7, 6, 8, 7], "texture": "#cactus_side"},
				"west": {"uv": [5, 1, 6, 2], "texture": "#cactus_side"},
				"up": {"uv": [5, 1, 6, 2], "texture": "#cactus_side"},
				"down": {"uv": [7, 6, 8, 7], "texture": "#cactus_side"}
			}
		},
		{
			"name": "Spike",
			"from": [9, 11, 9],
			"to": [10, 12, 10],
			"faces": {
				"east": {"uv": [7, 6, 8, 7], "texture": "#cactus_side"},
				"south": {"uv": [7, 6, 8, 7], "texture": "#cactus_side"},
				"up": {"uv": [5, 1, 6, 2], "texture": "#cactus_side"},
				"down": {"uv": [7, 6, 8, 7], "texture": "#cactus_side"}
			}
		},
		{
			"name": "Spike",
			"from": [7, 8, 10],
			"to": [8, 9, 11],
			"faces": {
				"east": {"uv": [7, 6, 8, 7], "texture": "#cactus_side"},
				"south": {"uv": [7, 6, 8, 7], "texture": "#cactus_side"},
				"west": {"uv": [5, 1, 6, 2], "texture": "#cactus_side"},
				"up": {"uv": [5, 1, 6, 2], "texture": "#cactus_side"},
				"down": {"uv": [7, 6, 8, 7], "texture": "#cactus_side"}
			}
		},
		{
			"name": "Spike",
			"from": [6, 5, 9],
			"to": [7, 6, 10],
			"faces": {
				"south": {"uv": [7, 6, 8, 7], "texture": "#cactus_side"},
				"west": {"uv": [5, 1, 6, 2], "texture": "#cactus_side"},
				"up": {"uv": [5, 1, 6, 2], "texture": "#cactus_side"},
				"down": {"uv": [7, 6, 8, 7], "texture": "#cactus_side"}
			}
		}
	]
}