{
	"credit": "Made by TheWaschtlPlays using Blockbench",
	"textures": {
		"0": "blocks/lapis_ore",
		"particle": "blocks/lapis_ore"
	},
	"elements": [
		{
			"from": [0, 0, 0],
			"to": [16, 16, 16],
			"faces": {
				"north": {"uv": [0, 0, 16, 16], "texture": "#0", "cullface": "north"},
				"east": {"uv": [0, 0, 16, 16], "texture": "#0", "cullface": "east"},
				"south": {"uv": [0, 0, 16, 16], "texture": "#0", "cullface": "south"},
				"west": {"uv": [0, 0, 16, 16], "texture": "#0", "cullface": "west"},
				"up": {"uv": [0, 0, 16, 16], "texture": "#0", "cullface": "up"},
				"down": {"uv": [0, 0, 16, 16], "texture": "#0", "cullface": "down"}
			}
		},
		{
			"from": [10, 3, -0.4],
			"to": [11, 4, 0.1],
			"faces": {
				"north": {"uv": [5, 12, 6, 13], "texture": "#0", "cullface": "north"},
				"east": {"uv": [5, 12, 5.5, 13], "texture": "#0", "cullface": "north"},
				"west": {"uv": [5, 12, 5.5, 13], "texture": "#0", "cullface": "north"},
				"up": {"uv": [5, 12, 6, 12.5], "rotation": 180, "texture": "#0", "cullface": "north"}
			}
		},
		{
			"from": [9, 1, -0.4],
			"to": [12, 3, 0.1],
			"faces": {
				"north": {"uv": [4, 13, 7, 15], "texture": "#0", "cullface": "north"},
				"east": {"uv": [4, 13, 4.5, 15], "texture": "#0", "cullface": "north"},
				"west": {"uv": [6, 13, 6.5, 15], "texture": "#0", "cullface": "north"},
				"up": {"uv": [4, 13, 7, 13.5], "rotation": 180, "texture": "#0", "cullface": "north"},
				"down": {"uv": [4, 14, 7, 14.5], "rotation": 180, "texture": "#0", "cullface": "north"}
			}
		},
		{
			"from": [5, 2, -0.25],
			"to": [8, 4, 0],
			"faces": {
				"north": {"uv": [8, 12, 11, 14], "texture": "#0", "cullface": "north"},
				"east": {"uv": [8, 12, 8.5, 14], "texture": "#0", "cullface": "north"},
				"west": {"uv": [10, 12, 10.5, 14], "texture": "#0", "cullface": "north"},
				"up": {"uv": [8, 12, 11, 12.5], "rotation": 180, "texture": "#0", "cullface": "north"},
				"down": {"uv": [8, 13, 11, 13.5], "rotation": 180, "texture": "#0", "cullface": "north"}
			}
		},
		{
			"from": [1, 3, -0.25],
			"to": [3, 7, 0],
			"faces": {
				"north": {"uv": [13, 9, 15, 13], "texture": "#0", "cullface": "north"},
				"east": {"uv": [13, 9, 13.25, 13], "texture": "#0", "cullface": "north"},
				"west": {"uv": [14, 9, 14.25, 13], "texture": "#0", "cullface": "north"},
				"up": {"uv": [13, 9, 15, 9.25], "rotation": 180, "texture": "#0", "cullface": "north"},
				"down": {"uv": [13, 12, 15, 12.25], "rotation": 180, "texture": "#0", "cullface": "north"}
			}
		},
		{
			"from": [11, 5, -0.5],
			"to": [12, 6, 0],
			"faces": {
				"north": {"uv": [4, 10, 5, 11], "texture": "#0", "cullface": "north"},
				"east": {"uv": [4, 10, 4.5, 11], "texture": "#0", "cullface": "north"},
				"west": {"uv": [4, 10, 4.5, 11], "texture": "#0", "cullface": "north"},
				"up": {"uv": [4, 10, 5, 10.5], "rotation": 180, "texture": "#0", "cullface": "north"}
			}
		},
		{
			"from": [11, 4, -0.5],
			"to": [14, 5, 0],
			"faces": {
				"north": {"uv": [2, 11, 5, 12], "texture": "#0", "cullface": "north"},
				"east": {"uv": [2, 11, 2.5, 12], "texture": "#0", "cullface": "north"},
				"west": {"uv": [4, 11, 4.5, 12], "texture": "#0", "cullface": "north"},
				"up": {"uv": [2, 11, 5, 11.5], "rotation": 180, "texture": "#0", "cullface": "north"},
				"down": {"uv": [2, 11, 5, 11.5], "rotation": 180, "texture": "#0", "cullface": "north"}
			}
		},
		{
			"from": [13, 7, -0.25],
			"to": [15, 9, 0],
			"faces": {
				"north": {"uv": [1, 7, 3, 9], "texture": "#0", "cullface": "north"},
				"east": {"uv": [1, 7, 1.5, 9], "texture": "#0", "cullface": "north"},
				"west": {"uv": [2, 7, 2.5, 9], "texture": "#0", "cullface": "north"},
				"up": {"uv": [1, 7, 3, 7.5], "rotation": 180, "texture": "#0", "cullface": "north"},
				"down": {"uv": [1, 8, 3, 8.5], "rotation": 180, "texture": "#0", "cullface": "north"}
			}
		},
		{
			"from": [9, 10, -0.25],
			"to": [11, 11, 0],
			"faces": {
				"north": {"uv": [5, 5, 7, 6], "texture": "#0", "cullface": "north"},
				"east": {"uv": [5, 5, 5.5, 6], "texture": "#0", "cullface": "north"},
				"west": {"uv": [6, 5, 6.5, 6], "texture": "#0", "cullface": "north"},
				"up": {"uv": [5, 5, 7, 5.5], "rotation": 180, "texture": "#0", "cullface": "north"}
			}
		},
		{
			"from": [8, 9, -0.25],
			"to": [13, 10, 0],
			"faces": {
				"north": {"uv": [3, 6, 8, 7], "texture": "#0", "cullface": "north"},
				"east": {"uv": [3, 6, 3.5, 7], "texture": "#0", "cullface": "north"},
				"west": {"uv": [7, 6, 7.5, 7], "texture": "#0", "cullface": "north"},
				"up": {"uv": [3, 6, 8, 6.5], "rotation": 180, "texture": "#0", "cullface": "north"},
				"down": {"uv": [3, 6, 8, 6.5], "rotation": 180, "texture": "#0", "cullface": "north"}
			}
		},
		{
			"from": [2, 13, -0.4],
			"to": [4, 14, 0.1],
			"faces": {
				"north": {"uv": [12, 2, 14, 3], "texture": "#0", "cullface": "north"},
				"east": {"uv": [12, 2, 12.5, 3], "texture": "#0", "cullface": "north"},
				"west": {"uv": [13, 2, 13.5, 3], "texture": "#0", "cullface": "north"},
				"up": {"uv": [12, 2, 14, 2.5], "rotation": 180, "texture": "#0", "cullface": "north"},
				"down": {"uv": [12, 2, 14, 2.5], "rotation": 180, "texture": "#0", "cullface": "north"}
			}
		},
		{
			"from": [7, 12, -0.25],
			"to": [9, 13, 0],
			"faces": {
				"north": {"uv": [7, 3, 9, 4], "texture": "#0", "cullface": "north"},
				"east": {"uv": [7, 3, 7.5, 4], "texture": "#0", "cullface": "north"},
				"west": {"uv": [8, 3, 8.5, 4], "texture": "#0", "cullface": "north"},
				"up": {"uv": [7, 3, 9, 3.5], "rotation": 180, "texture": "#0", "cullface": "north"},
				"down": {"uv": [7, 3, 9, 3.5], "rotation": 180, "texture": "#0", "cullface": "north"}
			}
		},
		{
			"from": [4, 9, -0.4],
			"to": [6, 11, 0.1],
			"faces": {
				"north": {"uv": [10, 5, 12, 7], "texture": "#0", "cullface": "north"},
				"east": {"uv": [10, 5, 10.5, 7], "texture": "#0", "cullface": "north"},
				"west": {"uv": [11, 5, 11.5, 7], "texture": "#0", "cullface": "north"},
				"up": {"uv": [10, 5, 12, 5.5], "rotation": 180, "texture": "#0", "cullface": "north"},
				"down": {"uv": [10, 6, 12, 6.5], "rotation": 180, "texture": "#0", "cullface": "north"}
			}
		},
		{
			"from": [10, 13, -0.25],
			"to": [14, 14, 0],
			"faces": {
				"north": {"uv": [2, 2, 6, 3], "texture": "#0", "cullface": "north"},
				"east": {"uv": [2, 2, 2.5, 3], "texture": "#0", "cullface": "north"},
				"west": {"uv": [5, 2, 5.5, 3], "texture": "#0", "cullface": "north"},
				"up": {"uv": [2, 2, 6, 2.25], "rotation": 180, "texture": "#0", "cullface": "north"},
				"down": {"uv": [2, 2, 6, 2.25], "rotation": 180, "texture": "#0", "cullface": "north"}
			}
		},
		{
			"from": [10, 12, -0.25],
			"to": [11, 13, 0],
			"faces": {
				"north": {"uv": [5, 3, 6, 4], "texture": "#0", "cullface": "north"},
				"east": {"uv": [5, 3, 5.5, 4], "texture": "#0", "cullface": "north"},
				"west": {"uv": [5, 3, 5.5, 4], "texture": "#0", "cullface": "north"},
				"down": {"uv": [5, 3, 6, 3.25], "rotation": 180, "texture": "#0", "cullface": "north"}
			}
		},
		{
			"from": [8, 6, -0.4],
			"to": [9, 8, 0.1],
			"faces": {
				"north": {"uv": [7, 8, 8, 10], "texture": "#0", "cullface": "north"},
				"east": {"uv": [7, 8, 7.25, 10], "texture": "#0", "cullface": "north"},
				"west": {"uv": [7, 8, 7.25, 10], "texture": "#0", "cullface": "north"},
				"up": {"uv": [7, 8, 8, 8.25], "rotation": 180, "texture": "#0", "cullface": "north"},
				"down": {"uv": [7, 9, 8, 9.25], "rotation": 180, "texture": "#0", "cullface": "north"}
			}
		},
		{
			"from": [5, 5, -0.4],
			"to": [8, 7, 0.1],
			"faces": {
				"north": {"uv": [8, 9, 11, 11], "texture": "#0", "cullface": "north"},
				"east": {"uv": [8, 9, 8.25, 11], "texture": "#0", "cullface": "north"},
				"west": {"uv": [10, 9, 10.25, 11], "texture": "#0", "cullface": "north"},
				"up": {"uv": [8, 9, 11, 9.25], "rotation": 180, "texture": "#0", "cullface": "north"},
				"down": {"uv": [8, 10, 11, 10.25], "rotation": 180, "texture": "#0", "cullface": "north"}
			}
		},
		{
			"from": [4, 6, -0.4],
			"to": [7, 8, 0.1],
			"faces": {
				"north": {"uv": [9, 8, 12, 10], "texture": "#0", "cullface": "north"},
				"east": {"uv": [9, 8, 9.25, 10], "texture": "#0", "cullface": "north"},
				"west": {"uv": [11, 8, 11.25, 10], "texture": "#0", "cullface": "north"},
				"up": {"uv": [9, 8, 12, 8.25], "rotation": 180, "texture": "#0", "cullface": "north"},
				"down": {"uv": [9, 9, 12, 9.25], "rotation": 180, "texture": "#0", "cullface": "north"}
			}
		},
		{
			"from": [15.9, 3, 10],
			"to": [16.4, 4, 11],
			"faces": {
				"north": {"uv": [5, 12, 5.5, 13], "texture": "#0", "cullface": "east"},
				"east": {"uv": [5, 12, 6, 13], "texture": "#0", "cullface": "east"},
				"south": {"uv": [5, 12, 5.5, 13], "texture": "#0", "cullface": "east"},
				"up": {"uv": [5, 12, 6, 12.5], "rotation": 270, "texture": "#0", "cullface": "east"}
			}
		},
		{
			"from": [15.9, 1, 9],
			"to": [16.4, 3, 12],
			"faces": {
				"north": {"uv": [6, 13, 6.5, 15], "texture": "#0", "cullface": "east"},
				"east": {"uv": [4, 13, 7, 15], "texture": "#0", "cullface": "east"},
				"south": {"uv": [4, 13, 4.5, 15], "texture": "#0", "cullface": "east"},
				"up": {"uv": [4, 13, 7, 13.5], "rotation": 270, "texture": "#0", "cullface": "east"},
				"down": {"uv": [4, 14, 7, 14.5], "rotation": 90, "texture": "#0", "cullface": "east"}
			}
		},
		{
			"from": [16, 2, 5],
			"to": [16.25, 4, 8],
			"faces": {
				"north": {"uv": [10, 12, 10.5, 14], "texture": "#0", "cullface": "east"},
				"east": {"uv": [8, 12, 11, 14], "texture": "#0", "cullface": "east"},
				"south": {"uv": [8, 12, 8.5, 14], "texture": "#0", "cullface": "east"},
				"up": {"uv": [8, 12, 11, 12.5], "rotation": 270, "texture": "#0", "cullface": "east"},
				"down": {"uv": [8, 13, 11, 13.5], "rotation": 90, "texture": "#0", "cullface": "east"}
			}
		},
		{
			"from": [16, 3, 1],
			"to": [16.25, 7, 3],
			"faces": {
				"north": {"uv": [14, 9, 14.25, 13], "texture": "#0", "cullface": "east"},
				"east": {"uv": [13, 9, 15, 13], "texture": "#0", "cullface": "east"},
				"south": {"uv": [13, 9, 13.25, 13], "texture": "#0", "cullface": "east"},
				"up": {"uv": [13, 9, 15, 9.25], "rotation": 270, "texture": "#0", "cullface": "east"},
				"down": {"uv": [13, 12, 15, 12.25], "rotation": 90, "texture": "#0", "cullface": "east"}
			}
		},
		{
			"from": [16, 5, 11],
			"to": [16.5, 6, 12],
			"faces": {
				"north": {"uv": [4, 10, 4.5, 11], "texture": "#0", "cullface": "east"},
				"east": {"uv": [4, 10, 5, 11], "texture": "#0", "cullface": "east"},
				"south": {"uv": [4, 10, 4.5, 11], "texture": "#0", "cullface": "east"},
				"up": {"uv": [4, 10, 5, 10.5], "rotation": 270, "texture": "#0", "cullface": "east"}
			}
		},
		{
			"from": [16, 4, 11],
			"to": [16.5, 5, 14],
			"faces": {
				"north": {"uv": [4, 11, 4.5, 12], "texture": "#0", "cullface": "east"},
				"east": {"uv": [2, 11, 5, 12], "texture": "#0", "cullface": "east"},
				"south": {"uv": [2, 11, 2.5, 12], "texture": "#0", "cullface": "east"},
				"up": {"uv": [2, 11, 5, 11.5], "rotation": 270, "texture": "#0", "cullface": "east"},
				"down": {"uv": [2, 11, 5, 11.5], "rotation": 90, "texture": "#0", "cullface": "east"}
			}
		},
		{
			"from": [16, 7, 13],
			"to": [16.25, 9, 15],
			"faces": {
				"north": {"uv": [2, 7, 2.5, 9], "texture": "#0", "cullface": "east"},
				"east": {"uv": [1, 7, 3, 9], "texture": "#0", "cullface": "east"},
				"south": {"uv": [1, 7, 1.5, 9], "texture": "#0", "cullface": "east"},
				"up": {"uv": [1, 7, 3, 7.5], "rotation": 270, "texture": "#0", "cullface": "east"},
				"down": {"uv": [1, 8, 3, 8.5], "rotation": 90, "texture": "#0", "cullface": "east"}
			}
		},
		{
			"from": [16, 10, 9],
			"to": [16.25, 11, 11],
			"faces": {
				"north": {"uv": [6, 5, 6.5, 6], "texture": "#0", "cullface": "east"},
				"east": {"uv": [5, 5, 7, 6], "texture": "#0", "cullface": "east"},
				"south": {"uv": [5, 5, 5.5, 6], "texture": "#0", "cullface": "east"},
				"up": {"uv": [5, 5, 7, 5.5], "rotation": 270, "texture": "#0", "cullface": "east"}
			}
		},
		{
			"from": [16, 9, 8],
			"to": [16.25, 10, 13],
			"faces": {
				"north": {"uv": [7, 6, 7.5, 7], "texture": "#0", "cullface": "east"},
				"east": {"uv": [3, 6, 8, 7], "texture": "#0", "cullface": "east"},
				"south": {"uv": [3, 6, 3.5, 7], "texture": "#0", "cullface": "east"},
				"up": {"uv": [3, 6, 8, 6.5], "rotation": 270, "texture": "#0", "cullface": "east"},
				"down": {"uv": [3, 6, 8, 6.5], "rotation": 90, "texture": "#0", "cullface": "east"}
			}
		},
		{
			"from": [15.9, 13, 2],
			"to": [16.4, 14, 4],
			"faces": {
				"north": {"uv": [13, 2, 13.5, 3], "texture": "#0", "cullface": "east"},
				"east": {"uv": [12, 2, 14, 3], "texture": "#0", "cullface": "east"},
				"south": {"uv": [12, 2, 12.5, 3], "texture": "#0", "cullface": "east"},
				"up": {"uv": [12, 2, 14, 2.5], "rotation": 270, "texture": "#0", "cullface": "east"},
				"down": {"uv": [12, 2, 14, 2.5], "rotation": 90, "texture": "#0", "cullface": "east"}
			}
		},
		{
			"from": [16, 12, 7],
			"to": [16.25, 13, 9],
			"faces": {
				"north": {"uv": [8, 3, 8.5, 4], "texture": "#0", "cullface": "east"},
				"east": {"uv": [7, 3, 9, 4], "texture": "#0", "cullface": "east"},
				"south": {"uv": [7, 3, 7.5, 4], "texture": "#0", "cullface": "east"},
				"up": {"uv": [7, 3, 9, 3.5], "rotation": 270, "texture": "#0", "cullface": "east"},
				"down": {"uv": [7, 3, 9, 3.5], "rotation": 90, "texture": "#0", "cullface": "east"}
			}
		},
		{
			"from": [15.9, 9, 4],
			"to": [16.4, 11, 6],
			"faces": {
				"north": {"uv": [11, 5, 11.5, 7], "texture": "#0", "cullface": "east"},
				"east": {"uv": [10, 5, 12, 7], "texture": "#0", "cullface": "east"},
				"south": {"uv": [10, 5, 10.5, 7], "texture": "#0", "cullface": "east"},
				"up": {"uv": [10, 5, 12, 5.5], "rotation": 270, "texture": "#0", "cullface": "east"},
				"down": {"uv": [10, 6, 12, 6.5], "rotation": 90, "texture": "#0", "cullface": "east"}
			}
		},
		{
			"from": [16, 13, 10],
			"to": [16.25, 14, 14],
			"faces": {
				"north": {"uv": [5, 2, 5.5, 3], "texture": "#0", "cullface": "east"},
				"east": {"uv": [2, 2, 6, 3], "texture": "#0", "cullface": "east"},
				"south": {"uv": [2, 2, 2.5, 3], "texture": "#0", "cullface": "east"},
				"up": {"uv": [2, 2, 6, 2.25], "rotation": 270, "texture": "#0", "cullface": "east"},
				"down": {"uv": [2, 2, 6, 2.25], "rotation": 90, "texture": "#0", "cullface": "east"}
			}
		},
		{
			"from": [16, 12, 10],
			"to": [16.25, 13, 11],
			"faces": {
				"north": {"uv": [5, 3, 5.5, 4], "texture": "#0", "cullface": "east"},
				"east": {"uv": [5, 3, 6, 4], "texture": "#0", "cullface": "east"},
				"south": {"uv": [5, 3, 5.5, 4], "texture": "#0", "cullface": "east"},
				"down": {"uv": [5, 3, 6, 3.25], "rotation": 90, "texture": "#0", "cullface": "east"}
			}
		},
		{
			"from": [15.9, 6, 8],
			"to": [16.4, 8, 9],
			"faces": {
				"north": {"uv": [7, 8, 7.25, 10], "texture": "#0", "cullface": "east"},
				"east": {"uv": [7, 8, 8, 10], "texture": "#0", "cullface": "east"},
				"south": {"uv": [7, 8, 7.25, 10], "texture": "#0", "cullface": "east"},
				"up": {"uv": [7, 8, 8, 8.25], "rotation": 270, "texture": "#0", "cullface": "east"},
				"down": {"uv": [7, 9, 8, 9.25], "rotation": 90, "texture": "#0", "cullface": "east"}
			}
		},
		{
			"from": [15.9, 5, 5],
			"to": [16.4, 7, 8],
			"faces": {
				"north": {"uv": [10, 9, 10.25, 11], "texture": "#0", "cullface": "east"},
				"east": {"uv": [8, 9, 11, 11], "texture": "#0", "cullface": "east"},
				"south": {"uv": [8, 9, 8.25, 11], "texture": "#0", "cullface": "east"},
				"up": {"uv": [8, 9, 11, 9.25], "rotation": 270, "texture": "#0", "cullface": "east"},
				"down": {"uv": [8, 10, 11, 10.25], "rotation": 90, "texture": "#0", "cullface": "east"}
			}
		},
		{
			"from": [15.9, 6, 4],
			"to": [16.4, 8, 7],
			"faces": {
				"north": {"uv": [11, 8, 11.25, 10], "texture": "#0", "cullface": "east"},
				"east": {"uv": [9, 8, 12, 10], "texture": "#0", "cullface": "east"},
				"south": {"uv": [9, 8, 9.25, 10], "texture": "#0", "cullface": "east"},
				"up": {"uv": [9, 8, 12, 8.25], "rotation": 270, "texture": "#0", "cullface": "east"},
				"down": {"uv": [9, 9, 12, 9.25], "rotation": 90, "texture": "#0", "cullface": "east"}
			}
		},
		{
			"from": [5, 3, 15.9],
			"to": [6, 4, 16.4],
			"faces": {
				"east": {"uv": [5, 12, 5.5, 13], "texture": "#0", "cullface": "south"},
				"south": {"uv": [5, 12, 6, 13], "texture": "#0", "cullface": "south"},
				"west": {"uv": [5, 12, 5.5, 13], "texture": "#0", "cullface": "south"},
				"up": {"uv": [5, 12, 6, 12.5], "texture": "#0", "cullface": "south"}
			}
		},
		{
			"from": [4, 1, 15.9],
			"to": [7, 3, 16.4],
			"faces": {
				"east": {"uv": [6, 13, 6.5, 15], "texture": "#0", "cullface": "south"},
				"south": {"uv": [4, 13, 7, 15], "texture": "#0", "cullface": "south"},
				"west": {"uv": [4, 13, 4.5, 15], "texture": "#0", "cullface": "south"},
				"up": {"uv": [4, 13, 7, 13.5], "texture": "#0", "cullface": "south"},
				"down": {"uv": [4, 14, 7, 14.5], "texture": "#0", "cullface": "south"}
			}
		},
		{
			"from": [8, 2, 16],
			"to": [11, 4, 16.25],
			"faces": {
				"east": {"uv": [10, 12, 10.5, 14], "texture": "#0", "cullface": "south"},
				"south": {"uv": [8, 12, 11, 14], "texture": "#0", "cullface": "south"},
				"west": {"uv": [8, 12, 8.5, 14], "texture": "#0", "cullface": "south"},
				"up": {"uv": [8, 12, 11, 12.5], "texture": "#0", "cullface": "south"},
				"down": {"uv": [8, 13, 11, 13.5], "texture": "#0", "cullface": "south"}
			}
		},
		{
			"from": [13, 3, 16],
			"to": [15, 7, 16.25],
			"faces": {
				"east": {"uv": [14, 9, 14.25, 13], "texture": "#0", "cullface": "south"},
				"south": {"uv": [13, 9, 15, 13], "texture": "#0", "cullface": "south"},
				"west": {"uv": [13, 9, 13.25, 13], "texture": "#0", "cullface": "south"},
				"up": {"uv": [13, 9, 15, 9.25], "texture": "#0", "cullface": "south"},
				"down": {"uv": [13, 12, 15, 12.25], "texture": "#0", "cullface": "south"}
			}
		},
		{
			"from": [4, 5, 16],
			"to": [5, 6, 16.5],
			"faces": {
				"east": {"uv": [4, 10, 4.5, 11], "texture": "#0", "cullface": "south"},
				"south": {"uv": [4, 10, 5, 11], "texture": "#0", "cullface": "south"},
				"west": {"uv": [4, 10, 4.5, 11], "texture": "#0", "cullface": "south"},
				"up": {"uv": [4, 10, 5, 10.5], "texture": "#0", "cullface": "south"}
			}
		},
		{
			"from": [2, 4, 16],
			"to": [5, 5, 16.5],
			"faces": {
				"east": {"uv": [4, 11, 4.5, 12], "texture": "#0", "cullface": "south"},
				"south": {"uv": [2, 11, 5, 12], "texture": "#0", "cullface": "south"},
				"west": {"uv": [2, 11, 2.5, 12], "texture": "#0", "cullface": "south"},
				"up": {"uv": [2, 11, 5, 11.5], "texture": "#0", "cullface": "south"},
				"down": {"uv": [2, 11, 5, 11.5], "texture": "#0", "cullface": "south"}
			}
		},
		{
			"from": [1, 7, 16],
			"to": [3, 9, 16.25],
			"faces": {
				"east": {"uv": [2, 7, 2.5, 9], "texture": "#0", "cullface": "south"},
				"south": {"uv": [1, 7, 3, 9], "texture": "#0", "cullface": "south"},
				"west": {"uv": [1, 7, 1.5, 9], "texture": "#0", "cullface": "south"},
				"up": {"uv": [1, 7, 3, 7.5], "texture": "#0", "cullface": "south"},
				"down": {"uv": [1, 8, 3, 8.5], "texture": "#0", "cullface": "south"}
			}
		},
		{
			"from": [5, 10, 16],
			"to": [7, 11, 16.25],
			"faces": {
				"east": {"uv": [6, 5, 6.5, 6], "texture": "#0", "cullface": "south"},
				"south": {"uv": [5, 5, 7, 6], "texture": "#0", "cullface": "south"},
				"west": {"uv": [5, 5, 5.5, 6], "texture": "#0", "cullface": "south"},
				"up": {"uv": [5, 5, 7, 5.5], "texture": "#0", "cullface": "south"}
			}
		},
		{
			"from": [3, 9, 16],
			"to": [8, 10, 16.25],
			"faces": {
				"east": {"uv": [7, 6, 7.5, 7], "texture": "#0", "cullface": "south"},
				"south": {"uv": [3, 6, 8, 7], "texture": "#0", "cullface": "south"},
				"west": {"uv": [3, 6, 3.5, 7], "texture": "#0", "cullface": "south"},
				"up": {"uv": [3, 6, 8, 6.5], "texture": "#0", "cullface": "south"},
				"down": {"uv": [3, 6, 8, 6.5], "texture": "#0", "cullface": "south"}
			}
		},
		{
			"from": [12, 13, 15.9],
			"to": [14, 14, 16.4],
			"faces": {
				"east": {"uv": [13, 2, 13.5, 3], "texture": "#0", "cullface": "south"},
				"south": {"uv": [12, 2, 14, 3], "texture": "#0", "cullface": "south"},
				"west": {"uv": [12, 2, 12.5, 3], "texture": "#0", "cullface": "south"},
				"up": {"uv": [12, 2, 14, 2.5], "texture": "#0", "cullface": "south"},
				"down": {"uv": [12, 2, 14, 2.5], "texture": "#0", "cullface": "south"}
			}
		},
		{
			"from": [7, 12, 16],
			"to": [9, 13, 16.25],
			"faces": {
				"east": {"uv": [8, 3, 8.5, 4], "texture": "#0", "cullface": "south"},
				"south": {"uv": [7, 3, 9, 4], "texture": "#0", "cullface": "south"},
				"west": {"uv": [7, 3, 7.5, 4], "texture": "#0", "cullface": "south"},
				"up": {"uv": [7, 3, 9, 3.5], "texture": "#0", "cullface": "south"},
				"down": {"uv": [7, 3, 9, 3.5], "texture": "#0", "cullface": "south"}
			}
		},
		{
			"from": [10, 9, 15.9],
			"to": [12, 11, 16.4],
			"faces": {
				"east": {"uv": [11, 5, 11.5, 7], "texture": "#0", "cullface": "south"},
				"south": {"uv": [10, 5, 12, 7], "texture": "#0", "cullface": "south"},
				"west": {"uv": [10, 5, 10.5, 7], "texture": "#0", "cullface": "south"},
				"up": {"uv": [10, 5, 12, 5.5], "texture": "#0", "cullface": "south"},
				"down": {"uv": [10, 6, 12, 6.5], "texture": "#0", "cullface": "south"}
			}
		},
		{
			"from": [2, 13, 16],
			"to": [6, 14, 16.25],
			"faces": {
				"east": {"uv": [5, 2, 5.5, 3], "texture": "#0", "cullface": "south"},
				"south": {"uv": [2, 2, 6, 3], "texture": "#0", "cullface": "south"},
				"west": {"uv": [2, 2, 2.5, 3], "texture": "#0", "cullface": "south"},
				"up": {"uv": [2, 2, 6, 2.25], "texture": "#0", "cullface": "south"},
				"down": {"uv": [2, 2, 6, 2.25], "texture": "#0", "cullface": "south"}
			}
		},
		{
			"from": [5, 12, 16],
			"to": [6, 13, 16.25],
			"faces": {
				"east": {"uv": [5, 3, 5.5, 4], "texture": "#0", "cullface": "south"},
				"south": {"uv": [5, 3, 6, 4], "texture": "#0", "cullface": "south"},
				"west": {"uv": [5, 3, 5.5, 4], "texture": "#0", "cullface": "south"},
				"down": {"uv": [5, 3, 6, 3.25], "texture": "#0", "cullface": "south"}
			}
		},
		{
			"from": [7, 6, 15.9],
			"to": [8, 8, 16.4],
			"faces": {
				"east": {"uv": [7, 8, 7.25, 10], "texture": "#0", "cullface": "south"},
				"south": {"uv": [7, 8, 8, 10], "texture": "#0", "cullface": "south"},
				"west": {"uv": [7, 8, 7.25, 10], "texture": "#0", "cullface": "south"},
				"up": {"uv": [7, 8, 8, 8.25], "texture": "#0", "cullface": "south"},
				"down": {"uv": [7, 9, 8, 9.25], "texture": "#0", "cullface": "south"}
			}
		},
		{
			"from": [8, 5, 15.9],
			"to": [11, 7, 16.4],
			"faces": {
				"east": {"uv": [10, 9, 10.25, 11], "texture": "#0", "cullface": "south"},
				"south": {"uv": [8, 9, 11, 11], "texture": "#0", "cullface": "south"},
				"west": {"uv": [8, 9, 8.25, 11], "texture": "#0", "cullface": "south"},
				"up": {"uv": [8, 9, 11, 9.25], "texture": "#0", "cullface": "south"},
				"down": {"uv": [8, 10, 11, 10.25], "texture": "#0", "cullface": "south"}
			}
		},
		{
			"from": [9, 6, 15.9],
			"to": [12, 8, 16.4],
			"faces": {
				"east": {"uv": [11, 8, 11.25, 10], "texture": "#0", "cullface": "south"},
				"south": {"uv": [9, 8, 12, 10], "texture": "#0", "cullface": "south"},
				"west": {"uv": [9, 8, 9.25, 10], "texture": "#0", "cullface": "south"},
				"up": {"uv": [9, 8, 12, 8.25], "texture": "#0", "cullface": "south"},
				"down": {"uv": [9, 9, 12, 9.25], "texture": "#0", "cullface": "south"}
			}
		},
		{
			"from": [-0.4, 3, 5],
			"to": [0.1, 4, 6],
			"faces": {
				"north": {"uv": [5, 12, 5.5, 13], "texture": "#0", "cullface": "west"},
				"south": {"uv": [5, 12, 5.5, 13], "texture": "#0", "cullface": "west"},
				"west": {"uv": [5, 12, 6, 13], "texture": "#0", "cullface": "west"},
				"up": {"uv": [5, 12, 6, 12.5], "rotation": 90, "texture": "#0", "cullface": "west"}
			}
		},
		{
			"from": [-0.4, 1, 4],
			"to": [0.1, 3, 7],
			"faces": {
				"north": {"uv": [4, 13, 4.5, 15], "texture": "#0", "cullface": "west"},
				"south": {"uv": [6, 13, 6.5, 15], "texture": "#0", "cullface": "west"},
				"west": {"uv": [4, 13, 7, 15], "texture": "#0", "cullface": "west"},
				"up": {"uv": [4, 13, 7, 13.5], "rotation": 90, "texture": "#0", "cullface": "west"},
				"down": {"uv": [4, 14, 7, 14.5], "rotation": 270, "texture": "#0", "cullface": "west"}
			}
		},
		{
			"from": [-0.25, 2, 8],
			"to": [0, 4, 11],
			"faces": {
				"north": {"uv": [8, 12, 8.5, 14], "texture": "#0", "cullface": "west"},
				"south": {"uv": [10, 12, 10.5, 14], "texture": "#0", "cullface": "west"},
				"west": {"uv": [8, 12, 11, 14], "texture": "#0", "cullface": "west"},
				"up": {"uv": [8, 12, 11, 12.5], "rotation": 90, "texture": "#0", "cullface": "west"},
				"down": {"uv": [8, 13, 11, 13.5], "rotation": 270, "texture": "#0", "cullface": "west"}
			}
		},
		{
			"from": [-0.25, 3, 13],
			"to": [0, 7, 15],
			"faces": {
				"north": {"uv": [13, 9, 13.25, 13], "texture": "#0", "cullface": "west"},
				"south": {"uv": [14, 9, 14.25, 13], "texture": "#0", "cullface": "west"},
				"west": {"uv": [13, 9, 15, 13], "texture": "#0", "cullface": "west"},
				"up": {"uv": [13, 9, 15, 9.25], "rotation": 90, "texture": "#0", "cullface": "west"},
				"down": {"uv": [13, 12, 15, 12.25], "rotation": 270, "texture": "#0", "cullface": "west"}
			}
		},
		{
			"from": [-0.5, 5, 4],
			"to": [0, 6, 5],
			"faces": {
				"north": {"uv": [4, 10, 4.5, 11], "texture": "#0", "cullface": "west"},
				"south": {"uv": [4, 10, 4.5, 11], "texture": "#0", "cullface": "west"},
				"west": {"uv": [4, 10, 5, 11], "texture": "#0", "cullface": "west"},
				"up": {"uv": [4, 10, 5, 10.5], "rotation": 90, "texture": "#0", "cullface": "west"}
			}
		},
		{
			"from": [-0.5, 4, 2],
			"to": [0, 5, 5],
			"faces": {
				"north": {"uv": [2, 11, 2.5, 12], "texture": "#0", "cullface": "west"},
				"south": {"uv": [4, 11, 4.5, 12], "texture": "#0", "cullface": "west"},
				"west": {"uv": [2, 11, 5, 12], "texture": "#0", "cullface": "west"},
				"up": {"uv": [2, 11, 5, 11.5], "rotation": 90, "texture": "#0", "cullface": "west"},
				"down": {"uv": [2, 11, 5, 11.5], "rotation": 270, "texture": "#0", "cullface": "west"}
			}
		},
		{
			"from": [-0.25, 7, 1],
			"to": [0, 9, 3],
			"faces": {
				"north": {"uv": [1, 7, 1.5, 9], "texture": "#0", "cullface": "west"},
				"south": {"uv": [2, 7, 2.5, 9], "texture": "#0", "cullface": "west"},
				"west": {"uv": [1, 7, 3, 9], "texture": "#0", "cullface": "west"},
				"up": {"uv": [1, 7, 3, 7.5], "rotation": 90, "texture": "#0", "cullface": "west"},
				"down": {"uv": [1, 8, 3, 8.5], "rotation": 270, "texture": "#0", "cullface": "west"}
			}
		},
		{
			"from": [-0.25, 10, 5],
			"to": [0, 11, 7],
			"faces": {
				"north": {"uv": [5, 5, 5.5, 6], "texture": "#0", "cullface": "west"},
				"south": {"uv": [6, 5, 6.5, 6], "texture": "#0", "cullface": "west"},
				"west": {"uv": [5, 5, 7, 6], "texture": "#0", "cullface": "west"},
				"up": {"uv": [5, 5, 7, 5.5], "rotation": 90, "texture": "#0", "cullface": "west"}
			}
		},
		{
			"from": [-0.25, 9, 3],
			"to": [0, 10, 8],
			"faces": {
				"north": {"uv": [3, 6, 3.5, 7], "texture": "#0", "cullface": "west"},
				"south": {"uv": [7, 6, 7.5, 7], "texture": "#0", "cullface": "west"},
				"west": {"uv": [3, 6, 8, 7], "texture": "#0", "cullface": "west"},
				"up": {"uv": [3, 6, 8, 6.5], "rotation": 90, "texture": "#0", "cullface": "west"},
				"down": {"uv": [3, 6, 8, 6.5], "rotation": 270, "texture": "#0", "cullface": "west"}
			}
		},
		{
			"from": [-0.4, 13, 12],
			"to": [0.1, 14, 14],
			"faces": {
				"north": {"uv": [12, 2, 12.5, 3], "texture": "#0", "cullface": "west"},
				"south": {"uv": [13, 2, 13.5, 3], "texture": "#0", "cullface": "west"},
				"west": {"uv": [12, 2, 14, 3], "texture": "#0", "cullface": "west"},
				"up": {"uv": [12, 2, 14, 2.5], "rotation": 90, "texture": "#0", "cullface": "west"},
				"down": {"uv": [12, 2, 14, 2.5], "rotation": 270, "texture": "#0", "cullface": "west"}
			}
		},
		{
			"from": [-0.25, 12, 7],
			"to": [0, 13, 9],
			"faces": {
				"north": {"uv": [7, 3, 7.5, 4], "texture": "#0", "cullface": "west"},
				"south": {"uv": [8, 3, 8.5, 4], "texture": "#0", "cullface": "west"},
				"west": {"uv": [7, 3, 9, 4], "texture": "#0", "cullface": "west"},
				"up": {"uv": [7, 3, 9, 3.5], "rotation": 90, "texture": "#0", "cullface": "west"},
				"down": {"uv": [7, 3, 9, 3.5], "rotation": 270, "texture": "#0", "cullface": "west"}
			}
		},
		{
			"from": [-0.4, 9, 10],
			"to": [0.1, 11, 12],
			"faces": {
				"north": {"uv": [10, 5, 10.5, 7], "texture": "#0", "cullface": "west"},
				"south": {"uv": [11, 5, 11.5, 7], "texture": "#0", "cullface": "west"},
				"west": {"uv": [10, 5, 12, 7], "texture": "#0", "cullface": "west"},
				"up": {"uv": [10, 5, 12, 5.5], "rotation": 90, "texture": "#0", "cullface": "west"},
				"down": {"uv": [10, 6, 12, 6.5], "rotation": 270, "texture": "#0", "cullface": "west"}
			}
		},
		{
			"from": [-0.25, 13, 2],
			"to": [0, 14, 6],
			"faces": {
				"north": {"uv": [2, 2, 2.5, 3], "texture": "#0", "cullface": "west"},
				"south": {"uv": [5, 2, 5.5, 3], "texture": "#0", "cullface": "west"},
				"west": {"uv": [2, 2, 6, 3], "texture": "#0", "cullface": "west"},
				"up": {"uv": [2, 2, 6, 2.25], "rotation": 90, "texture": "#0", "cullface": "west"},
				"down": {"uv": [2, 2, 6, 2.25], "rotation": 270, "texture": "#0", "cullface": "west"}
			}
		},
		{
			"from": [-0.25, 12, 5],
			"to": [0, 13, 6],
			"faces": {
				"north": {"uv": [5, 3, 5.5, 4], "texture": "#0", "cullface": "west"},
				"south": {"uv": [5, 3, 5.5, 4], "texture": "#0", "cullface": "west"},
				"west": {"uv": [5, 3, 6, 4], "texture": "#0", "cullface": "west"},
				"down": {"uv": [5, 3, 6, 3.25], "rotation": 270, "texture": "#0", "cullface": "west"}
			}
		},
		{
			"from": [-0.4, 6, 7],
			"to": [0.1, 8, 8],
			"faces": {
				"north": {"uv": [7, 8, 7.25, 10], "texture": "#0", "cullface": "west"},
				"south": {"uv": [7, 8, 7.25, 10], "texture": "#0", "cullface": "west"},
				"west": {"uv": [7, 8, 8, 10], "texture": "#0", "cullface": "west"},
				"up": {"uv": [7, 8, 8, 8.25], "rotation": 90, "texture": "#0", "cullface": "west"},
				"down": {"uv": [7, 9, 8, 9.25], "rotation": 270, "texture": "#0", "cullface": "west"}
			}
		},
		{
			"from": [-0.4, 5, 8],
			"to": [0.1, 7, 11],
			"faces": {
				"north": {"uv": [8, 9, 8.25, 11], "texture": "#0", "cullface": "west"},
				"south": {"uv": [10, 9, 10.25, 11], "texture": "#0", "cullface": "west"},
				"west": {"uv": [8, 9, 11, 11], "texture": "#0", "cullface": "west"},
				"up": {"uv": [8, 9, 11, 9.25], "rotation": 90, "texture": "#0", "cullface": "west"},
				"down": {"uv": [8, 10, 11, 10.25], "rotation": 270, "texture": "#0", "cullface": "west"}
			}
		},
		{
			"from": [-0.4, 6, 9],
			"to": [0.1, 8, 12],
			"faces": {
				"north": {"uv": [9, 8, 9.25, 10], "texture": "#0", "cullface": "west"},
				"south": {"uv": [11, 8, 11.25, 10], "texture": "#0", "cullface": "west"},
				"west": {"uv": [9, 8, 12, 10], "texture": "#0", "cullface": "west"},
				"up": {"uv": [9, 8, 12, 8.25], "rotation": 90, "texture": "#0", "cullface": "west"},
				"down": {"uv": [9, 9, 12, 9.25], "rotation": 270, "texture": "#0", "cullface": "west"}
			}
		},
		{
			"from": [5, 15.9, 12],
			"to": [6, 16.4, 13],
			"faces": {
				"north": {"uv": [5, 12, 6, 12.5], "rotation": 180, "texture": "#0", "cullface": "up"},
				"east": {"uv": [5, 12, 5.5, 13], "rotation": 90, "texture": "#0", "cullface": "up"},
				"west": {"uv": [5, 12, 5.5, 13], "rotation": 270, "texture": "#0", "cullface": "up"},
				"up": {"uv": [5, 12, 6, 13], "texture": "#0", "cullface": "up"}
			}
		},
		{
			"from": [4, 15.9, 13],
			"to": [7, 16.4, 15],
			"faces": {
				"north": {"uv": [4, 13, 7, 13.5], "rotation": 180, "texture": "#0", "cullface": "up"},
				"east": {"uv": [6, 13, 6.5, 15], "rotation": 90, "texture": "#0", "cullface": "up"},
				"south": {"uv": [4, 14, 7, 14.5], "texture": "#0", "cullface": "up"},
				"west": {"uv": [4, 13, 4.5, 15], "rotation": 270, "texture": "#0", "cullface": "up"},
				"up": {"uv": [4, 13, 7, 15], "texture": "#0", "cullface": "up"}
			}
		},
		{
			"from": [8, 16, 12],
			"to": [11, 16.25, 14],
			"faces": {
				"north": {"uv": [8, 12, 11, 12.5], "rotation": 180, "texture": "#0", "cullface": "up"},
				"east": {"uv": [10, 12, 10.5, 14], "rotation": 90, "texture": "#0", "cullface": "up"},
				"south": {"uv": [8, 13, 11, 13.5], "texture": "#0", "cullface": "up"},
				"west": {"uv": [8, 12, 8.5, 14], "rotation": 270, "texture": "#0", "cullface": "up"},
				"up": {"uv": [8, 12, 11, 14], "texture": "#0", "cullface": "up"}
			}
		},
		{
			"from": [13, 16, 9],
			"to": [15, 16.25, 13],
			"faces": {
				"north": {"uv": [13, 9, 15, 9.25], "rotation": 180, "texture": "#0", "cullface": "up"},
				"east": {"uv": [14, 9, 14.25, 13], "rotation": 90, "texture": "#0", "cullface": "up"},
				"south": {"uv": [13, 12, 15, 12.25], "texture": "#0", "cullface": "up"},
				"west": {"uv": [13, 9, 13.25, 13], "rotation": 270, "texture": "#0", "cullface": "up"},
				"up": {"uv": [13, 9, 15, 13], "texture": "#0", "cullface": "up"}
			}
		},
		{
			"from": [4, 16, 10],
			"to": [5, 16.5, 11],
			"faces": {
				"north": {"uv": [4, 10, 5, 10.5], "rotation": 180, "texture": "#0", "cullface": "up"},
				"east": {"uv": [4, 10, 4.5, 11], "rotation": 90, "texture": "#0", "cullface": "up"},
				"west": {"uv": [4, 10, 4.5, 11], "rotation": 270, "texture": "#0", "cullface": "up"},
				"up": {"uv": [4, 10, 5, 11], "texture": "#0", "cullface": "up"}
			}
		},
		{
			"from": [2, 16, 11],
			"to": [5, 16.5, 12],
			"faces": {
				"north": {"uv": [2, 11, 5, 11.5], "rotation": 180, "texture": "#0", "cullface": "up"},
				"east": {"uv": [4, 11, 4.5, 12], "rotation": 90, "texture": "#0", "cullface": "up"},
				"south": {"uv": [2, 11, 5, 11.5], "texture": "#0", "cullface": "up"},
				"west": {"uv": [2, 11, 2.5, 12], "rotation": 270, "texture": "#0", "cullface": "up"},
				"up": {"uv": [2, 11, 5, 12], "texture": "#0", "cullface": "up"}
			}
		},
		{
			"from": [1, 16, 7],
			"to": [3, 16.25, 9],
			"faces": {
				"north": {"uv": [1, 7, 3, 7.5], "rotation": 180, "texture": "#0", "cullface": "up"},
				"east": {"uv": [2, 7, 2.5, 9], "rotation": 90, "texture": "#0", "cullface": "up"},
				"south": {"uv": [1, 8, 3, 8.5], "texture": "#0", "cullface": "up"},
				"west": {"uv": [1, 7, 1.5, 9], "rotation": 270, "texture": "#0", "cullface": "up"},
				"up": {"uv": [1, 7, 3, 9], "texture": "#0", "cullface": "up"}
			}
		},
		{
			"from": [5, 16, 5],
			"to": [7, 16.25, 6],
			"faces": {
				"north": {"uv": [5, 5, 7, 5.5], "rotation": 180, "texture": "#0", "cullface": "up"},
				"east": {"uv": [6, 5, 6.5, 6], "rotation": 90, "texture": "#0", "cullface": "up"},
				"west": {"uv": [5, 5, 5.5, 6], "rotation": 270, "texture": "#0", "cullface": "up"},
				"up": {"uv": [5, 5, 7, 6], "texture": "#0", "cullface": "up"}
			}
		},
		{
			"from": [3, 16, 6],
			"to": [8, 16.25, 7],
			"faces": {
				"north": {"uv": [3, 6, 8, 6.5], "rotation": 180, "texture": "#0", "cullface": "up"},
				"east": {"uv": [7, 6, 7.5, 7], "rotation": 90, "texture": "#0", "cullface": "up"},
				"south": {"uv": [3, 6, 8, 6.5], "texture": "#0", "cullface": "up"},
				"west": {"uv": [3, 6, 3.5, 7], "rotation": 270, "texture": "#0", "cullface": "up"},
				"up": {"uv": [3, 6, 8, 7], "texture": "#0", "cullface": "up"}
			}
		},
		{
			"from": [12, 15.9, 2],
			"to": [14, 16.4, 3],
			"faces": {
				"north": {"uv": [12, 2, 14, 2.5], "rotation": 180, "texture": "#0", "cullface": "up"},
				"east": {"uv": [13, 2, 13.5, 3], "rotation": 90, "texture": "#0", "cullface": "up"},
				"south": {"uv": [12, 2, 14, 2.5], "texture": "#0", "cullface": "up"},
				"west": {"uv": [12, 2, 12.5, 3], "rotation": 270, "texture": "#0", "cullface": "up"},
				"up": {"uv": [12, 2, 14, 3], "texture": "#0", "cullface": "up"}
			}
		},
		{
			"from": [7, 16, 3],
			"to": [9, 16.25, 4],
			"faces": {
				"north": {"uv": [7, 3, 9, 3.5], "rotation": 180, "texture": "#0", "cullface": "up"},
				"east": {"uv": [8, 3, 8.5, 4], "rotation": 90, "texture": "#0", "cullface": "up"},
				"south": {"uv": [7, 3, 9, 3.5], "texture": "#0", "cullface": "up"},
				"west": {"uv": [7, 3, 7.5, 4], "rotation": 270, "texture": "#0", "cullface": "up"},
				"up": {"uv": [7, 3, 9, 4], "texture": "#0", "cullface": "up"}
			}
		},
		{
			"from": [10, 15.9, 5],
			"to": [12, 16.4, 7],
			"faces": {
				"north": {"uv": [10, 5, 12, 5.5], "rotation": 180, "texture": "#0", "cullface": "up"},
				"east": {"uv": [11, 5, 11.5, 7], "rotation": 90, "texture": "#0", "cullface": "up"},
				"south": {"uv": [10, 6, 12, 6.5], "texture": "#0", "cullface": "up"},
				"west": {"uv": [10, 5, 10.5, 7], "rotation": 270, "texture": "#0", "cullface": "up"},
				"up": {"uv": [10, 5, 12, 7], "texture": "#0", "cullface": "up"}
			}
		},
		{
			"from": [2, 16, 2],
			"to": [6, 16.25, 3],
			"faces": {
				"north": {"uv": [2, 2, 6, 2.25], "rotation": 180, "texture": "#0", "cullface": "up"},
				"east": {"uv": [5, 2, 5.5, 3], "rotation": 90, "texture": "#0", "cullface": "up"},
				"south": {"uv": [2, 2, 6, 2.25], "texture": "#0", "cullface": "up"},
				"west": {"uv": [2, 2, 2.5, 3], "rotation": 270, "texture": "#0", "cullface": "up"},
				"up": {"uv": [2, 2, 6, 3], "texture": "#0", "cullface": "up"}
			}
		},
		{
			"from": [5, 16, 3],
			"to": [6, 16.25, 4],
			"faces": {
				"east": {"uv": [5, 3, 5.5, 4], "rotation": 90, "texture": "#0", "cullface": "up"},
				"south": {"uv": [5, 3, 6, 3.25], "texture": "#0", "cullface": "up"},
				"west": {"uv": [5, 3, 5.5, 4], "rotation": 270, "texture": "#0", "cullface": "up"},
				"up": {"uv": [5, 3, 6, 4], "texture": "#0", "cullface": "up"}
			}
		},
		{
			"from": [7, 15.9, 8],
			"to": [8, 16.4, 10],
			"faces": {
				"north": {"uv": [7, 8, 8, 8.25], "rotation": 180, "texture": "#0", "cullface": "up"},
				"east": {"uv": [7, 8, 7.25, 10], "rotation": 90, "texture": "#0", "cullface": "up"},
				"south": {"uv": [7, 9, 8, 9.25], "texture": "#0", "cullface": "up"},
				"west": {"uv": [7, 8, 7.25, 10], "rotation": 270, "texture": "#0", "cullface": "up"},
				"up": {"uv": [7, 8, 8, 10], "texture": "#0", "cullface": "up"}
			}
		},
		{
			"from": [8, 15.9, 9],
			"to": [11, 16.4, 11],
			"faces": {
				"north": {"uv": [8, 9, 11, 9.25], "rotation": 180, "texture": "#0", "cullface": "up"},
				"east": {"uv": [10, 9, 10.25, 11], "rotation": 90, "texture": "#0", "cullface": "up"},
				"south": {"uv": [8, 10, 11, 10.25], "texture": "#0", "cullface": "up"},
				"west": {"uv": [8, 9, 8.25, 11], "rotation": 270, "texture": "#0", "cullface": "up"},
				"up": {"uv": [8, 9, 11, 11], "texture": "#0", "cullface": "up"}
			}
		},
		{
			"from": [9, 15.9, 8],
			"to": [12, 16.4, 10],
			"faces": {
				"north": {"uv": [9, 8, 12, 8.25], "rotation": 180, "texture": "#0", "cullface": "up"},
				"east": {"uv": [11, 8, 11.25, 10], "rotation": 90, "texture": "#0", "cullface": "up"},
				"south": {"uv": [9, 9, 12, 9.25], "texture": "#0", "cullface": "up"},
				"west": {"uv": [9, 8, 9.25, 10], "rotation": 270, "texture": "#0", "cullface": "up"},
				"up": {"uv": [9, 8, 12, 10], "texture": "#0", "cullface": "up"}
			}
		},
		{
			"from": [5, -0.4, 3],
			"to": [6, 0.1, 4],
			"faces": {
				"east": {"uv": [5, 12, 5.5, 13], "rotation": 270, "texture": "#0", "cullface": "down"},
				"south": {"uv": [5, 12, 6, 12.5], "texture": "#0", "cullface": "down"},
				"west": {"uv": [5, 12, 5.5, 13], "rotation": 90, "texture": "#0", "cullface": "down"},
				"down": {"uv": [5, 12, 6, 13], "texture": "#0", "cullface": "down"}
			}
		},
		{
			"from": [4, -0.4, 1],
			"to": [7, 0.1, 3],
			"faces": {
				"north": {"uv": [4, 14, 7, 14.5], "rotation": 180, "texture": "#0", "cullface": "down"},
				"east": {"uv": [6, 13, 6.5, 15], "rotation": 270, "texture": "#0", "cullface": "down"},
				"south": {"uv": [4, 13, 7, 13.5], "texture": "#0", "cullface": "down"},
				"west": {"uv": [4, 13, 4.5, 15], "rotation": 90, "texture": "#0", "cullface": "down"},
				"down": {"uv": [4, 13, 7, 15], "texture": "#0", "cullface": "down"}
			}
		},
		{
			"from": [8, -0.25, 2],
			"to": [11, 0, 4],
			"faces": {
				"north": {"uv": [8, 13, 11, 13.5], "rotation": 180, "texture": "#0", "cullface": "down"},
				"east": {"uv": [10, 12, 10.5, 14], "rotation": 270, "texture": "#0", "cullface": "down"},
				"south": {"uv": [8, 12, 11, 12.5], "texture": "#0", "cullface": "down"},
				"west": {"uv": [8, 12, 8.5, 14], "rotation": 90, "texture": "#0", "cullface": "down"},
				"down": {"uv": [8, 12, 11, 14], "texture": "#0", "cullface": "down"}
			}
		},
		{
			"from": [13, -0.25, 3],
			"to": [15, 0, 7],
			"faces": {
				"north": {"uv": [13, 12, 15, 12.25], "rotation": 180, "texture": "#0", "cullface": "down"},
				"east": {"uv": [14, 9, 14.25, 13], "rotation": 270, "texture": "#0", "cullface": "down"},
				"south": {"uv": [13, 9, 15, 9.25], "texture": "#0", "cullface": "down"},
				"west": {"uv": [13, 9, 13.25, 13], "rotation": 90, "texture": "#0", "cullface": "down"},
				"down": {"uv": [13, 9, 15, 13], "texture": "#0", "cullface": "down"}
			}
		},
		{
			"from": [4, -0.5, 5],
			"to": [5, 0, 6],
			"faces": {
				"east": {"uv": [4, 10, 4.5, 11], "rotation": 270, "texture": "#0", "cullface": "down"},
				"south": {"uv": [4, 10, 5, 10.5], "texture": "#0", "cullface": "down"},
				"west": {"uv": [4, 10, 4.5, 11], "rotation": 90, "texture": "#0", "cullface": "down"},
				"down": {"uv": [4, 10, 5, 11], "texture": "#0", "cullface": "down"}
			}
		},
		{
			"from": [2, -0.5, 4],
			"to": [5, 0, 5],
			"faces": {
				"north": {"uv": [2, 11, 5, 11.5], "rotation": 180, "texture": "#0", "cullface": "down"},
				"east": {"uv": [4, 11, 4.5, 12], "rotation": 270, "texture": "#0", "cullface": "down"},
				"south": {"uv": [2, 11, 5, 11.5], "texture": "#0", "cullface": "down"},
				"west": {"uv": [2, 11, 2.5, 12], "rotation": 90, "texture": "#0", "cullface": "down"},
				"down": {"uv": [2, 11, 5, 12], "texture": "#0", "cullface": "down"}
			}
		},
		{
			"from": [1, -0.25, 7],
			"to": [3, 0, 9],
			"faces": {
				"north": {"uv": [1, 8, 3, 8.5], "rotation": 180, "texture": "#0", "cullface": "down"},
				"east": {"uv": [2, 7, 2.5, 9], "rotation": 270, "texture": "#0", "cullface": "down"},
				"south": {"uv": [1, 7, 3, 7.5], "texture": "#0", "cullface": "down"},
				"west": {"uv": [1, 7, 1.5, 9], "rotation": 90, "texture": "#0", "cullface": "down"},
				"down": {"uv": [1, 7, 3, 9], "texture": "#0", "cullface": "down"}
			}
		},
		{
			"from": [5, -0.25, 10],
			"to": [7, 0, 11],
			"faces": {
				"east": {"uv": [6, 5, 6.5, 6], "rotation": 270, "texture": "#0", "cullface": "down"},
				"south": {"uv": [5, 5, 7, 5.5], "texture": "#0", "cullface": "down"},
				"west": {"uv": [5, 5, 5.5, 6], "rotation": 90, "texture": "#0", "cullface": "down"},
				"down": {"uv": [5, 5, 7, 6], "texture": "#0", "cullface": "down"}
			}
		},
		{
			"from": [3, -0.25, 9],
			"to": [8, 0, 10],
			"faces": {
				"north": {"uv": [3, 6, 8, 6.5], "rotation": 180, "texture": "#0", "cullface": "down"},
				"east": {"uv": [7, 6, 7.5, 7], "rotation": 270, "texture": "#0", "cullface": "down"},
				"south": {"uv": [3, 6, 8, 6.5], "texture": "#0", "cullface": "down"},
				"west": {"uv": [3, 6, 3.5, 7], "rotation": 90, "texture": "#0", "cullface": "down"},
				"down": {"uv": [3, 6, 8, 7], "texture": "#0", "cullface": "down"}
			}
		},
		{
			"from": [12, -0.4, 13],
			"to": [14, 0.1, 14],
			"faces": {
				"north": {"uv": [12, 2, 14, 2.5], "rotation": 180, "texture": "#0", "cullface": "down"},
				"east": {"uv": [13, 2, 13.5, 3], "rotation": 270, "texture": "#0", "cullface": "down"},
				"south": {"uv": [12, 2, 14, 2.5], "texture": "#0", "cullface": "down"},
				"west": {"uv": [12, 2, 12.5, 3], "rotation": 90, "texture": "#0", "cullface": "down"},
				"down": {"uv": [12, 2, 14, 3], "texture": "#0", "cullface": "down"}
			}
		},
		{
			"from": [7, -0.25, 12],
			"to": [9, 0, 13],
			"faces": {
				"north": {"uv": [7, 3, 9, 3.5], "rotation": 180, "texture": "#0", "cullface": "down"},
				"east": {"uv": [8, 3, 8.5, 4], "rotation": 270, "texture": "#0", "cullface": "down"},
				"south": {"uv": [7, 3, 9, 3.5], "texture": "#0", "cullface": "down"},
				"west": {"uv": [7, 3, 7.5, 4], "rotation": 90, "texture": "#0", "cullface": "down"},
				"down": {"uv": [7, 3, 9, 4], "texture": "#0", "cullface": "down"}
			}
		},
		{
			"from": [10, -0.4, 9],
			"to": [12, 0.1, 11],
			"faces": {
				"north": {"uv": [10, 6, 12, 6.5], "rotation": 180, "texture": "#0", "cullface": "down"},
				"east": {"uv": [11, 5, 11.5, 7], "rotation": 270, "texture": "#0", "cullface": "down"},
				"south": {"uv": [10, 5, 12, 5.5], "texture": "#0", "cullface": "down"},
				"west": {"uv": [10, 5, 10.5, 7], "rotation": 90, "texture": "#0", "cullface": "down"},
				"down": {"uv": [10, 5, 12, 7], "texture": "#0", "cullface": "down"}
			}
		},
		{
			"from": [2, -0.25, 13],
			"to": [6, 0, 14],
			"faces": {
				"north": {"uv": [2, 2, 6, 2.25], "rotation": 180, "texture": "#0", "cullface": "down"},
				"east": {"uv": [5, 2, 5.5, 3], "rotation": 270, "texture": "#0", "cullface": "down"},
				"south": {"uv": [2, 2, 6, 2.25], "texture": "#0", "cullface": "down"},
				"west": {"uv": [2, 2, 2.5, 3], "rotation": 90, "texture": "#0", "cullface": "down"},
				"down": {"uv": [2, 2, 6, 3], "texture": "#0", "cullface": "down"}
			}
		},
		{
			"from": [5, -0.25, 12],
			"to": [6, 0, 13],
			"faces": {
				"north": {"uv": [5, 3, 6, 3.25], "rotation": 180, "texture": "#0", "cullface": "down"},
				"east": {"uv": [5, 3, 5.5, 4], "rotation": 270, "texture": "#0", "cullface": "down"},
				"west": {"uv": [5, 3, 5.5, 4], "rotation": 90, "texture": "#0", "cullface": "down"},
				"down": {"uv": [5, 3, 6, 4], "texture": "#0", "cullface": "down"}
			}
		},
		{
			"from": [7, -0.4, 6],
			"to": [8, 0.1, 8],
			"faces": {
				"north": {"uv": [7, 9, 8, 9.25], "rotation": 180, "texture": "#0", "cullface": "down"},
				"east": {"uv": [7, 8, 7.25, 10], "rotation": 270, "texture": "#0", "cullface": "down"},
				"south": {"uv": [7, 8, 8, 8.25], "texture": "#0", "cullface": "down"},
				"west": {"uv": [7, 8, 7.25, 10], "rotation": 90, "texture": "#0", "cullface": "down"},
				"down": {"uv": [7, 8, 8, 10], "texture": "#0", "cullface": "down"}
			}
		},
		{
			"from": [8, -0.4, 5],
			"to": [11, 0.1, 7],
			"faces": {
				"north": {"uv": [8, 10, 11, 10.25], "rotation": 180, "texture": "#0", "cullface": "down"},
				"east": {"uv": [10, 9, 10.25, 11], "rotation": 270, "texture": "#0", "cullface": "down"},
				"south": {"uv": [8, 9, 11, 9.25], "texture": "#0", "cullface": "down"},
				"west": {"uv": [8, 9, 8.25, 11], "rotation": 90, "texture": "#0", "cullface": "down"},
				"down": {"uv": [8, 9, 11, 11], "texture": "#0", "cullface": "down"}
			}
		},
		{
			"from": [9, -0.4, 6],
			"to": [12, 0.1, 8],
			"faces": {
				"north": {"uv": [9, 9, 12, 9.25], "rotation": 180, "texture": "#0", "cullface": "down"},
				"east": {"uv": [11, 8, 11.25, 10], "rotation": 270, "texture": "#0", "cullface": "down"},
				"south": {"uv": [9, 8, 12, 8.25], "texture": "#0", "cullface": "down"},
				"west": {"uv": [9, 8, 9.25, 10], "rotation": 90, "texture": "#0", "cullface": "down"},
				"down": {"uv": [9, 8, 12, 10], "texture": "#0", "cullface": "down"}
			}
		}
	],
	"groups": [0,
		{
			"name": "N",
			"origin": [8, 8, 8],
			"children": [
				{
					"name": "1_1",
					"origin": [8, 8, 8],
					"children": [1, 2]
				},
				{
					"name": "2_1",
					"origin": [8, 8, 8],
					"children": [3]
				},
				{
					"name": "3_1",
					"origin": [8, 8, 8],
					"children": [4]
				},
				{
					"name": "4_1",
					"origin": [8, 8, 8],
					"children": [5, 6]
				},
				{
					"name": "5_1",
					"origin": [8, 8, 8],
					"children": [7]
				},
				{
					"name": "6_1",
					"origin": [8, 8, 8],
					"children": [8, 9]
				},
				{
					"name": "8_1",
					"origin": [8, 8, 8],
					"children": [10]
				},
				{
					"name": "9_1",
					"origin": [8, 8, 8],
					"children": [11]
				},
				{
					"name": "10_1",
					"origin": [8, 8, 8],
					"children": [12, 13, 14]
				},
				{
					"name": "11_1",
					"origin": [8, 8, 8],
					"children": [15, 16, 17]
				}
			]
		},
		{
			"name": "E",
			"origin": [8, 8, 8],
			"children": [
				{
					"name": "1_1",
					"origin": [8, 8, 8],
					"children": [18, 19]
				},
				{
					"name": "2_1",
					"origin": [8, 8, 8],
					"children": [20]
				},
				{
					"name": "3_1",
					"origin": [8, 8, 8],
					"children": [21]
				},
				{
					"name": "4_1",
					"origin": [8, 8, 8],
					"children": [22, 23]
				},
				{
					"name": "5_1",
					"origin": [8, 8, 8],
					"children": [24]
				},
				{
					"name": "6_1",
					"origin": [8, 8, 8],
					"children": [25, 26]
				},
				{
					"name": "8_1",
					"origin": [8, 8, 8],
					"children": [27]
				},
				{
					"name": "9_1",
					"origin": [8, 8, 8],
					"children": [28]
				},
				{
					"name": "10_1",
					"origin": [8, 8, 8],
					"children": [29, 30, 31]
				},
				{
					"name": "11_1",
					"origin": [8, 8, 8],
					"children": [32, 33, 34]
				}
			]
		},
		{
			"name": "S",
			"origin": [8, 8, 8],
			"children": [
				{
					"name": "1_1",
					"origin": [8, 8, 8],
					"children": [35, 36]
				},
				{
					"name": "2_1",
					"origin": [8, 8, 8],
					"children": [37]
				},
				{
					"name": "3_1",
					"origin": [8, 8, 8],
					"children": [38]
				},
				{
					"name": "4_1",
					"origin": [8, 8, 8],
					"children": [39, 40]
				},
				{
					"name": "5_1",
					"origin": [8, 8, 8],
					"children": [41]
				},
				{
					"name": "6_1",
					"origin": [8, 8, 8],
					"children": [42, 43]
				},
				{
					"name": "8_1",
					"origin": [8, 8, 8],
					"children": [44]
				},
				{
					"name": "9_1",
					"origin": [8, 8, 8],
					"children": [45]
				},
				{
					"name": "10_1",
					"origin": [8, 8, 8],
					"children": [46, 47, 48]
				},
				{
					"name": "11_1",
					"origin": [8, 8, 8],
					"children": [49, 50, 51]
				}
			]
		},
		{
			"name": "W",
			"origin": [8, 8, 8],
			"children": [
				{
					"name": "1_1",
					"origin": [8, 8, 8],
					"children": [52, 53]
				},
				{
					"name": "2_1",
					"origin": [8, 8, 8],
					"children": [54]
				},
				{
					"name": "3_1",
					"origin": [8, 8, 8],
					"children": [55]
				},
				{
					"name": "4_1",
					"origin": [8, 8, 8],
					"children": [56, 57]
				},
				{
					"name": "5_1",
					"origin": [8, 8, 8],
					"children": [58]
				},
				{
					"name": "6_1",
					"origin": [8, 8, 8],
					"children": [59, 60]
				},
				{
					"name": "8_1",
					"origin": [8, 8, 8],
					"children": [61]
				},
				{
					"name": "9_1",
					"origin": [8, 8, 8],
					"children": [62]
				},
				{
					"name": "10_1",
					"origin": [8, 8, 8],
					"children": [63, 64, 65]
				},
				{
					"name": "11_1",
					"origin": [8, 8, 8],
					"children": [66, 67, 68]
				}
			]
		},
		{
			"name": "U",
			"origin": [8, 8, 8],
			"children": [
				{
					"name": "1_1",
					"origin": [8, 8, 8],
					"children": [69, 70]
				},
				{
					"name": "2_1",
					"origin": [8, 8, 8],
					"children": [71]
				},
				{
					"name": "3_1",
					"origin": [8, 8, 8],
					"children": [72]
				},
				{
					"name": "4_1",
					"origin": [8, 8, 8],
					"children": [73, 74]
				},
				{
					"name": "5_1",
					"origin": [8, 8, 8],
					"children": [75]
				},
				{
					"name": "6_1",
					"origin": [8, 8, 8],
					"children": [76, 77]
				},
				{
					"name": "8_1",
					"origin": [8, 8, 8],
					"children": [78]
				},
				{
					"name": "9_1",
					"origin": [8, 8, 8],
					"children": [79]
				},
				{
					"name": "10_1",
					"origin": [8, 8, 8],
					"children": [80, 81, 82]
				},
				{
					"name": "11_1",
					"origin": [8, 8, 8],
					"children": [83, 84, 85]
				}
			]
		},
		{
			"name": "D",
			"origin": [8, 8, 8],
			"children": [
				{
					"name": "1_1",
					"origin": [8, 8, 8],
					"children": [86, 87]
				},
				{
					"name": "2_1",
					"origin": [8, 8, 8],
					"children": [88]
				},
				{
					"name": "3_1",
					"origin": [8, 8, 8],
					"children": [89]
				},
				{
					"name": "4_1",
					"origin": [8, 8, 8],
					"children": [90, 91]
				},
				{
					"name": "5_1",
					"origin": [8, 8, 8],
					"children": [92]
				},
				{
					"name": "6_1",
					"origin": [8, 8, 8],
					"children": [93, 94]
				},
				{
					"name": "8_1",
					"origin": [8, 8, 8],
					"children": [95]
				},
				{
					"name": "9_1",
					"origin": [8, 8, 8],
					"children": [96]
				},
				{
					"name": "10_1",
					"origin": [8, 8, 8],
					"children": [97, 98, 99]
				},
				{
					"name": "11_1",
					"origin": [8, 8, 8],
					"children": [100, 101, 102]
				}
			]
		}
	]
}