{
	"credit": "Made by TheWaschtlPlays using Blockbench",
	"textures": {
		"1": "custom_textures/lily_pad_flower2",
		"particle": "blocks/waterlily",
		"texture": "blocks/waterlily"
	},
	"elements": [
		{
			"from": [0, 0.25, 0],
			"to": [16, 0.25, 16],
			"faces": {
				"up": {"uv": [16, 0, 0, 16], "texture": "#texture", "tintindex": 0},
				"down": {"uv": [16, 16, 0, 0], "texture": "#texture", "tintindex": 0}
			}
		},
		{
			"from": [2.25, 0.25, 5],
			"to": [7.25, 0.25, 13],
			"rotation": {"angle": -22.5, "axis": "z", "origin": [7.75, 0.25, 9]},
			"faces": {
				"up": {"uv": [1, 8, 15, 16], "rotation": 270, "texture": "#1"},
				"down": {"uv": [15, 8, 1, 16], "rotation": 270, "texture": "#1"}
			}
		},
		{
			"from": [3.75, 0.25, 9.5],
			"to": [11.75, 0.25, 14.5],
			"rotation": {"angle": -22.5, "axis": "x", "origin": [7.75, 0.25, 9]},
			"faces": {
				"up": {"uv": [1, 8, 15, 16], "rotation": 180, "texture": "#1"},
				"down": {"uv": [15, 8, 1, 16], "texture": "#1"}
			}
		},
		{
			"from": [8.25, 0.25, 5],
			"to": [13.25, 0.25, 13],
			"rotation": {"angle": 22.5, "axis": "z", "origin": [7.75, 0.25, 9]},
			"faces": {
				"up": {"uv": [1, 8, 15, 16], "rotation": 90, "texture": "#1"},
				"down": {"uv": [15, 8, 1, 16], "rotation": 90, "texture": "#1"}
			}
		},
		{
			"from": [3.75, 0.25, 3.5],
			"to": [11.75, 0.25, 8.5],
			"rotation": {"angle": 22.5, "axis": "x", "origin": [7.75, 0.25, 9]},
			"faces": {
				"up": {"uv": [1, 8, 15, 16], "texture": "#1"},
				"down": {"uv": [15, 8, 1, 16], "rotation": 180, "texture": "#1"}
			}
		},
		{
			"from": [7, 0.55, 8.25],
			"to": [8.5, 0.55, 9.75],
			"faces": {
				"north": {"uv": [0, 0, 2.5, 0], "texture": "#missing"},
				"east": {"uv": [0, 0, 2.5, 0], "texture": "#missing"},
				"south": {"uv": [0, 0, 2.5, 0], "texture": "#missing"},
				"west": {"uv": [0, 0, 2.5, 0], "texture": "#missing"},
				"up": {"uv": [0, 0, 3, 3], "texture": "#1"}
			}
		}
	],
	"groups": [0,
		{
			"name": "Flower",
			"origin": [8, 8, 8],
			"children": [1, 2, 3, 4, 5]
		}
	]
}