{
    "__comment": "Model created by TheWaschtlPlays using MrCrayfish's Model Creator (https://mrcrayfish.com/tools?id=mc)",
"ambientocclusion": false,
    "textures": {
        "particle": "minecraft:blocks/repeater_on",
        "top": "minecraft:blocks/repeater_on",
        "lit": "minecraft:custom_textures/redstone_torch",
        "lock": "minecraft:blocks/bedrock",
        "slab": "minecraft:blocks/stone_slab_top"
    },
    "elements": [
        {
            "name": "Element",
            "from": [ 0, 0, 0 ], 
            "to": [ 16, 2, 16 ], 
            "faces": {
                "north": { "texture": "#slab", "uv": [ 0, 14, 16, 16 ], "cullface": "north" },
                "east": { "texture": "#slab", "uv": [ 0, 14, 16, 16 ], "cullface": "east" },
                "south": { "texture": "#slab", "uv": [ 0, 14, 16, 16 ], "cullface": "south" },
                "west": { "texture": "#slab", "uv": [ 0, 14, 16, 16 ], "cullface": "west" },
                "up": { "texture": "#top", "uv": [ 0, 0, 16, 16 ] },
                "down": { "texture": "#slab", "uv": [ 0, 0, 16, 16 ], "cullface": "down" }
            }
        },
        {
            "name": "Element",
            "from": [ 2, 2, 8 ], 
            "to": [ 14, 4, 10 ], 
            "faces": {
                "north": { "texture": "#lock", "uv": [ 2, 7, 14, 9 ] },
                "east": { "texture": "#lock", "uv": [ 6, 7, 8, 9 ] },
                "south": { "texture": "#lock", "uv": [ 2, 7, 14, 9 ] },
                "west": { "texture": "#lock", "uv": [ 6, 7, 8, 9 ] },
                "up": { "texture": "#lock", "uv": [ 7, 2, 9, 14 ], "rotation": 90 }
            }
        },
        {
            "name": "Element",
            "from": [ 7, 2, 2 ], 
            "to": [ 9, 7, 4 ], 
            "faces": {
                "north": { "texture": "#lit", "uv": [ 7, 9, 9, 14 ] },
                "east": { "texture": "#lit", "uv": [ 7, 9, 9, 14 ] },
                "south": { "texture": "#lit", "uv": [ 7, 9, 9, 14 ] },
                "west": { "texture": "#lit", "uv": [ 7, 9, 9, 14 ] }
            }
        },
        {
            "name": "Cube",
            "from": [ 6.75, 4.75, 1.75 ], 
            "to": [ 9.25, 7.25, 4.25 ], 
            "faces": {
                "north": { "texture": "#lit", "uv": [ 7, 6, 9, 8 ] },
                "east": { "texture": "#lit", "uv": [ 7, 6, 9, 8 ] },
                "south": { "texture": "#lit", "uv": [ 7, 6, 9, 8 ] },
                "west": { "texture": "#lit", "uv": [ 7, 6, 9, 8 ] },
                "up": { "texture": "#lit", "uv": [ 7, 6, 9, 8 ] },
                "down": { "texture": "#lit", "uv": [ 7, 6, 9, 8 ] }
            }
        }
    ]
}