{
	"credit": "Made by TheWaschtlPlays using Blockbench",
	"ambientocclusion": false,
	"textures": {
		"particle": "blocks/repeater_on",
		"top": "blocks/repeater_on",
		"lit": "custom_textures/redstone_torch",
		"slab": "blocks/stone_slab_top"
	},
	"elements": [
		{
			"name": "Element",
			"from": [0, 0, 0],
			"to": [16, 2, 16],
			"faces": {
				"north": {"uv": [0, 14, 16, 16], "texture": "#slab", "cullface": "north"},
				"east": {"uv": [0, 14, 16, 16], "texture": "#slab", "cullface": "east"},
				"south": {"uv": [0, 14, 16, 16], "texture": "#slab", "cullface": "south"},
				"west": {"uv": [0, 14, 16, 16], "texture": "#slab", "cullface": "west"},
				"up": {"uv": [0, 0, 16, 16], "texture": "#top"},
				"down": {"uv": [0, 0, 16, 16], "texture": "#slab", "cullface": "down"}
			}
		},
		{
			"name": "Element",
			"from": [7, 2, 12],
			"to": [9, 7, 14],
			"rotation": {"angle": 0, "axis": "y", "origin": [8, 8, 12]},
			"faces": {
				"north": {"uv": [7, 9, 9, 14], "texture": "#lit"},
				"east": {"uv": [7, 9, 9, 14], "texture": "#lit"},
				"south": {"uv": [7, 9, 9, 14], "texture": "#lit"},
				"west": {"uv": [7, 9, 9, 14], "texture": "#lit"}
			}
		},
		{
			"name": "Element",
			"from": [7, 2, 2],
			"to": [9, 7, 4],
			"faces": {
				"north": {"uv": [7, 9, 9, 14], "texture": "#lit"},
				"east": {"uv": [7, 9, 9, 14], "texture": "#lit"},
				"south": {"uv": [7, 9, 9, 14], "texture": "#lit"},
				"west": {"uv": [7, 9, 9, 14], "texture": "#lit"}
			}
		},
		{
			"name": "Cube",
			"from": [6.75, 4.75, 1.75],
			"to": [9.25, 7.25, 4.25],
			"faces": {
				"north": {"uv": [7, 6, 9, 8], "texture": "#lit"},
				"east": {"uv": [7, 6, 9, 8], "texture": "#lit"},
				"south": {"uv": [7, 6, 9, 8], "texture": "#lit"},
				"west": {"uv": [7, 6, 9, 8], "texture": "#lit"},
				"up": {"uv": [7, 6, 9, 8], "texture": "#lit"},
				"down": {"uv": [7, 6, 9, 8], "texture": "#lit"}
			}
		},
		{
			"name": "Cube",
			"from": [6.75, 4.75, 11.75],
			"to": [9.25, 7.25, 14.25],
			"rotation": {"angle": 0, "axis": "y", "origin": [8, 8, 12]},
			"faces": {
				"north": {"uv": [7, 6, 9, 8], "texture": "#lit"},
				"east": {"uv": [7, 6, 9, 8], "texture": "#lit"},
				"south": {"uv": [7, 6, 9, 8], "texture": "#lit"},
				"west": {"uv": [7, 6, 9, 8], "texture": "#lit"},
				"up": {"uv": [7, 6, 9, 8], "texture": "#lit"},
				"down": {"uv": [7, 6, 9, 8], "texture": "#lit"}
			}
		}
	]
}