{
	"credit": "Made by TheWaschtlPlays using Blockbench",
	"textures": {
		"4": "custom_textures/cactus/cactus_flower_2",
		"side": "blocks/cactus_side",
		"top": "blocks/cactus_top",
		"bottom": "blocks/cactus_bottom",
		"flower": "custom_textures/cactus/cactus_flower_1"
	},
	"elements": [
		{
			"name": "Cactus",
			"from": [1, 0, 1],
			"to": [15, 16, 15],
			"faces": {
				"north": {"uv": [1, 0, 15, 16], "texture": "#side"},
				"east": {"uv": [1, 0, 15, 16], "texture": "#side"},
				"south": {"uv": [1, 0, 15, 16], "texture": "#side"},
				"west": {"uv": [1, 0, 15, 16], "texture": "#side"},
				"up": {"uv": [1, 1, 15, 15], "texture": "#top", "cullface": "up"},
				"down": {"uv": [1, 1, 15, 15], "texture": "#bottom", "cullface": "down"}
			}
		},
		{
			"name": "Cube",
			"from": [6, 16, 12],
			"to": [7, 16.25, 13],
			"faces": {
				"north": {"uv": [6, 12, 7, 12.25], "texture": "#top", "cullface": "up"},
				"east": {"uv": [6, 12, 7, 12.25], "texture": "#top", "cullface": "up"},
				"south": {"uv": [6, 12, 7, 12.25], "texture": "#top", "cullface": "up"},
				"west": {"uv": [6, 12, 7, 12.25], "texture": "#top", "cullface": "up"},
				"up": {"uv": [6, 12, 7, 13], "texture": "#top", "cullface": "up"}
			}
		},
		{
			"name": "Spike",
			"from": [5, 1, 0],
			"to": [6, 2, 1],
			"faces": {
				"north": {"uv": [5, 1, 6, 2], "texture": "#side"},
				"east": {"uv": [7, 6, 8, 7], "texture": "#side"},
				"west": {"uv": [7, 6, 8, 7], "texture": "#side"},
				"up": {"uv": [5, 1, 6, 2], "texture": "#side"},
				"down": {"uv": [5, 1, 6, 2], "texture": "#side"}
			}
		},
		{
			"name": "Spike",
			"from": [10, 5, 0.25],
			"to": [11, 6, 1],
			"faces": {
				"north": {"uv": [5, 1, 6, 2], "texture": "#side"},
				"east": {"uv": [7, 6, 7.75, 7], "texture": "#side"},
				"west": {"uv": [7, 6, 7.75, 7], "texture": "#side"},
				"up": {"uv": [5, 1, 6, 1.75], "texture": "#side"},
				"down": {"uv": [5, 1, 6, 1.75], "texture": "#side"}
			}
		},
		{
			"name": "Spike",
			"from": [14, 3, 0.5],
			"to": [15, 4, 1],
			"faces": {
				"north": {"uv": [5, 1, 6, 2], "texture": "#side"},
				"east": {"uv": [7, 6, 7.5, 7], "texture": "#side"},
				"west": {"uv": [7, 6, 7.5, 7], "texture": "#side"},
				"up": {"uv": [5, 1, 6, 1.5], "texture": "#side"},
				"down": {"uv": [5, 1, 6, 1.5], "texture": "#side"}
			}
		},
		{
			"name": "Spike",
			"from": [8, 9, 0.5],
			"to": [9, 10, 1],
			"faces": {
				"north": {"uv": [5, 1, 6, 2], "texture": "#side"},
				"east": {"uv": [7, 6, 7.5, 7], "texture": "#side"},
				"west": {"uv": [7, 6, 7.5, 7], "texture": "#side"},
				"up": {"uv": [5, 1, 6, 1.5], "texture": "#side"},
				"down": {"uv": [5, 1, 6, 1.5], "texture": "#side"}
			}
		},
		{
			"name": "Spike",
			"from": [1, 5, 0.125],
			"to": [2, 6, 1],
			"faces": {
				"north": {"uv": [5, 1, 6, 2], "texture": "#side"},
				"east": {"uv": [7, 6, 7.875, 7], "texture": "#side"},
				"west": {"uv": [7, 6, 7.875, 7], "texture": "#side"},
				"up": {"uv": [5, 1, 6, 1.875], "texture": "#side"},
				"down": {"uv": [5, 1, 6, 1.875], "texture": "#side"}
			}
		},
		{
			"name": "Spike",
			"from": [1, 10, 0.5],
			"to": [2, 11, 1],
			"faces": {
				"north": {"uv": [5, 1, 6, 2], "texture": "#side"},
				"east": {"uv": [7, 6, 7.5, 7], "texture": "#side"},
				"west": {"uv": [7, 6, 7.5, 7], "texture": "#side"},
				"up": {"uv": [5, 1, 6, 1.5], "texture": "#side"},
				"down": {"uv": [5, 1, 6, 1.5], "texture": "#side"}
			}
		},
		{
			"name": "Spike",
			"from": [1, 14, 0],
			"to": [2, 15, 1],
			"faces": {
				"north": {"uv": [5, 1, 6, 2], "texture": "#side"},
				"east": {"uv": [7, 6, 8, 7], "texture": "#side"},
				"west": {"uv": [7, 6, 8, 7], "texture": "#side"},
				"up": {"uv": [5, 1, 6, 2], "texture": "#side"},
				"down": {"uv": [5, 1, 6, 2], "texture": "#side"}
			}
		},
		{
			"name": "Spike",
			"from": [10, 14, 0.25],
			"to": [11, 15, 1],
			"faces": {
				"north": {"uv": [5, 1, 6, 2], "texture": "#side"},
				"east": {"uv": [7, 6, 7.75, 7], "texture": "#side"},
				"west": {"uv": [7, 6, 7.75, 7], "texture": "#side"},
				"up": {"uv": [5, 1, 6, 1.75], "texture": "#side"},
				"down": {"uv": [5, 1, 6, 1.75], "texture": "#side"}
			}
		},
		{
			"name": "Spike",
			"from": [14, 13, 0.125],
			"to": [15, 14, 1],
			"faces": {
				"north": {"uv": [5, 1, 6, 2], "texture": "#side"},
				"east": {"uv": [7, 6, 7.875, 7], "texture": "#side"},
				"west": {"uv": [7, 6, 7.875, 7], "texture": "#side"},
				"up": {"uv": [5, 1, 6, 1.875], "texture": "#side"},
				"down": {"uv": [5, 1, 6, 1.875], "texture": "#side"}
			}
		},
		{
			"name": "Spike",
			"from": [5, 12, 0],
			"to": [6, 13, 1],
			"faces": {
				"north": {"uv": [5, 1, 6, 2], "texture": "#side"},
				"east": {"uv": [7, 6, 8, 7], "texture": "#side"},
				"west": {"uv": [7, 6, 8, 7], "texture": "#side"},
				"up": {"uv": [5, 1, 6, 2], "texture": "#side"},
				"down": {"uv": [5, 1, 6, 2], "texture": "#side"}
			}
		},
		{
			"name": "Spike",
			"from": [10, 1, 15],
			"to": [11, 2, 16],
			"faces": {
				"east": {"uv": [7, 6, 8, 7], "texture": "#side"},
				"south": {"uv": [5, 1, 6, 2], "texture": "#side"},
				"west": {"uv": [7, 6, 8, 7], "texture": "#side"},
				"up": {"uv": [5, 1, 6, 2], "rotation": 180, "texture": "#side"},
				"down": {"uv": [5, 1, 6, 2], "rotation": 180, "texture": "#side"}
			}
		},
		{
			"name": "Spike",
			"from": [5, 5, 15],
			"to": [6, 6, 15.75],
			"faces": {
				"east": {"uv": [7, 6, 7.75, 7], "texture": "#side"},
				"south": {"uv": [5, 1, 6, 2], "texture": "#side"},
				"west": {"uv": [7, 6, 7.75, 7], "texture": "#side"},
				"up": {"uv": [5, 1, 6, 1.75], "rotation": 180, "texture": "#side"},
				"down": {"uv": [5, 1, 6, 1.75], "rotation": 180, "texture": "#side"}
			}
		},
		{
			"name": "Spike",
			"from": [1, 3, 15],
			"to": [2, 4, 15.5],
			"faces": {
				"east": {"uv": [7, 6, 7.5, 7], "texture": "#side"},
				"south": {"uv": [5, 1, 6, 2], "texture": "#side"},
				"west": {"uv": [7, 6, 7.5, 7], "texture": "#side"},
				"up": {"uv": [5, 1, 6, 1.5], "rotation": 180, "texture": "#side"},
				"down": {"uv": [5, 1, 6, 1.5], "rotation": 180, "texture": "#side"}
			}
		},
		{
			"name": "Spike",
			"from": [7, 9, 15],
			"to": [8, 10, 15.5],
			"faces": {
				"east": {"uv": [7, 6, 7.5, 7], "texture": "#side"},
				"south": {"uv": [5, 1, 6, 2], "texture": "#side"},
				"west": {"uv": [7, 6, 7.5, 7], "texture": "#side"},
				"up": {"uv": [5, 1, 6, 1.5], "rotation": 180, "texture": "#side"},
				"down": {"uv": [5, 1, 6, 1.5], "rotation": 180, "texture": "#side"}
			}
		},
		{
			"name": "Spike",
			"from": [14, 5, 15],
			"to": [15, 6, 15.875],
			"faces": {
				"east": {"uv": [7, 6, 7.875, 7], "texture": "#side"},
				"south": {"uv": [5, 1, 6, 2], "texture": "#side"},
				"west": {"uv": [7, 6, 7.875, 7], "texture": "#side"},
				"up": {"uv": [5, 1, 6, 1.875], "rotation": 180, "texture": "#side"},
				"down": {"uv": [5, 1, 6, 1.875], "rotation": 180, "texture": "#side"}
			}
		},
		{
			"name": "Spike",
			"from": [14, 10, 15],
			"to": [15, 11, 15.5],
			"faces": {
				"east": {"uv": [7, 6, 7.5, 7], "texture": "#side"},
				"south": {"uv": [5, 1, 6, 2], "texture": "#side"},
				"west": {"uv": [7, 6, 7.5, 7], "texture": "#side"},
				"up": {"uv": [5, 1, 6, 1.5], "rotation": 180, "texture": "#side"},
				"down": {"uv": [5, 1, 6, 1.5], "rotation": 180, "texture": "#side"}
			}
		},
		{
			"name": "Spike",
			"from": [14, 14, 15],
			"to": [15, 15, 16],
			"faces": {
				"east": {"uv": [7, 6, 8, 7], "texture": "#side"},
				"south": {"uv": [5, 1, 6, 2], "texture": "#side"},
				"west": {"uv": [7, 6, 8, 7], "texture": "#side"},
				"up": {"uv": [5, 1, 6, 2], "rotation": 180, "texture": "#side"},
				"down": {"uv": [5, 1, 6, 2], "rotation": 180, "texture": "#side"}
			}
		},
		{
			"name": "Spike",
			"from": [5, 14, 15],
			"to": [6, 15, 15.75],
			"faces": {
				"east": {"uv": [7, 6, 7.75, 7], "texture": "#side"},
				"south": {"uv": [5, 1, 6, 2], "texture": "#side"},
				"west": {"uv": [7, 6, 7.75, 7], "texture": "#side"},
				"up": {"uv": [5, 1, 6, 1.75], "rotation": 180, "texture": "#side"},
				"down": {"uv": [5, 1, 6, 1.75], "rotation": 180, "texture": "#side"}
			}
		},
		{
			"name": "Spike",
			"from": [1, 13, 15],
			"to": [2, 14, 15.875],
			"faces": {
				"east": {"uv": [7, 6, 7.875, 7], "texture": "#side"},
				"south": {"uv": [5, 1, 6, 2], "texture": "#side"},
				"west": {"uv": [7, 6, 7.875, 7], "texture": "#side"},
				"up": {"uv": [5, 1, 6, 1.875], "rotation": 180, "texture": "#side"},
				"down": {"uv": [5, 1, 6, 1.875], "rotation": 180, "texture": "#side"}
			}
		},
		{
			"name": "Spike",
			"from": [10, 12, 15],
			"to": [11, 13, 16],
			"faces": {
				"east": {"uv": [7, 6, 8, 7], "texture": "#side"},
				"south": {"uv": [5, 1, 6, 2], "texture": "#side"},
				"west": {"uv": [7, 6, 8, 7], "texture": "#side"},
				"up": {"uv": [5, 1, 6, 2], "rotation": 180, "texture": "#side"},
				"down": {"uv": [5, 1, 6, 2], "rotation": 180, "texture": "#side"}
			}
		},
		{
			"name": "Spike",
			"from": [0, 1, 10],
			"to": [1, 2, 11],
			"faces": {
				"north": {"uv": [7, 6, 8, 7], "texture": "#side"},
				"south": {"uv": [7, 6, 8, 7], "texture": "#side"},
				"west": {"uv": [5, 1, 6, 2], "texture": "#side"},
				"up": {"uv": [5, 1, 6, 2], "rotation": 270, "texture": "#side"},
				"down": {"uv": [5, 1, 6, 2], "rotation": 270, "texture": "#side"}
			}
		},
		{
			"name": "Spike",
			"from": [0.25, 5, 5],
			"to": [1, 6, 6],
			"faces": {
				"north": {"uv": [7, 6, 7.75, 7], "texture": "#side"},
				"south": {"uv": [7, 6, 7.75, 7], "texture": "#side"},
				"west": {"uv": [5, 1, 6, 2], "texture": "#side"},
				"up": {"uv": [5, 1, 6, 1.75], "rotation": 270, "texture": "#side"},
				"down": {"uv": [5, 1, 6, 1.75], "rotation": 270, "texture": "#side"}
			}
		},
		{
			"name": "Spike",
			"from": [0.5, 3, 1],
			"to": [1, 4, 2],
			"faces": {
				"north": {"uv": [7, 6, 7.5, 7], "texture": "#side"},
				"south": {"uv": [7, 6, 7.5, 7], "texture": "#side"},
				"west": {"uv": [5, 1, 6, 2], "texture": "#side"},
				"up": {"uv": [5, 1, 6, 1.5], "rotation": 270, "texture": "#side"},
				"down": {"uv": [5, 1, 6, 1.5], "rotation": 270, "texture": "#side"}
			}
		},
		{
			"name": "Spike",
			"from": [0.5, 9, 7],
			"to": [1, 10, 8],
			"faces": {
				"north": {"uv": [7, 6, 7.5, 7], "texture": "#side"},
				"south": {"uv": [7, 6, 7.5, 7], "texture": "#side"},
				"west": {"uv": [5, 1, 6, 2], "texture": "#side"},
				"up": {"uv": [5, 1, 6, 1.5], "rotation": 270, "texture": "#side"},
				"down": {"uv": [5, 1, 6, 1.5], "rotation": 270, "texture": "#side"}
			}
		},
		{
			"name": "Spike",
			"from": [0.125, 5, 14],
			"to": [1, 6, 15],
			"faces": {
				"north": {"uv": [7, 6, 7.875, 7], "texture": "#side"},
				"south": {"uv": [7, 6, 7.875, 7], "texture": "#side"},
				"west": {"uv": [5, 1, 6, 2], "texture": "#side"},
				"up": {"uv": [5, 1, 6, 1.875], "rotation": 270, "texture": "#side"},
				"down": {"uv": [5, 1, 6, 1.875], "rotation": 270, "texture": "#side"}
			}
		},
		{
			"name": "Spike",
			"from": [0.5, 10, 14],
			"to": [1, 11, 15],
			"faces": {
				"north": {"uv": [7, 6, 7.5, 7], "texture": "#side"},
				"south": {"uv": [7, 6, 7.5, 7], "texture": "#side"},
				"west": {"uv": [5, 1, 6, 2], "texture": "#side"},
				"up": {"uv": [5, 1, 6, 1.5], "rotation": 270, "texture": "#side"},
				"down": {"uv": [5, 1, 6, 1.5], "rotation": 270, "texture": "#side"}
			}
		},
		{
			"name": "Spike",
			"from": [0, 14, 14],
			"to": [1, 15, 15],
			"faces": {
				"north": {"uv": [7, 6, 8, 7], "texture": "#side"},
				"south": {"uv": [7, 6, 8, 7], "texture": "#side"},
				"west": {"uv": [5, 1, 6, 2], "texture": "#side"},
				"up": {"uv": [5, 1, 6, 2], "rotation": 270, "texture": "#side"},
				"down": {"uv": [5, 1, 6, 2], "rotation": 270, "texture": "#side"}
			}
		},
		{
			"name": "Spike",
			"from": [0.25, 14, 5],
			"to": [1, 15, 6],
			"faces": {
				"north": {"uv": [7, 6, 7.75, 7], "texture": "#side"},
				"south": {"uv": [7, 6, 7.75, 7], "texture": "#side"},
				"west": {"uv": [5, 1, 6, 2], "texture": "#side"},
				"up": {"uv": [5, 1, 6, 1.75], "rotation": 270, "texture": "#side"},
				"down": {"uv": [5, 1, 6, 1.75], "rotation": 270, "texture": "#side"}
			}
		},
		{
			"name": "Spike",
			"from": [0.125, 13, 1],
			"to": [1, 14, 2],
			"faces": {
				"north": {"uv": [7, 6, 7.875, 7], "texture": "#side"},
				"south": {"uv": [7, 6, 7.875, 7], "texture": "#side"},
				"west": {"uv": [5, 1, 6, 2], "texture": "#side"},
				"up": {"uv": [5, 1, 6, 1.875], "rotation": 270, "texture": "#side"},
				"down": {"uv": [5, 1, 6, 1.875], "rotation": 270, "texture": "#side"}
			}
		},
		{
			"name": "Spike",
			"from": [0, 12, 10],
			"to": [1, 13, 11],
			"faces": {
				"north": {"uv": [7, 6, 8, 7], "texture": "#side"},
				"south": {"uv": [7, 6, 8, 7], "texture": "#side"},
				"west": {"uv": [5, 1, 6, 2], "texture": "#side"},
				"up": {"uv": [5, 1, 6, 2], "rotation": 270, "texture": "#side"},
				"down": {"uv": [5, 1, 6, 2], "rotation": 270, "texture": "#side"}
			}
		},
		{
			"name": "Spike",
			"from": [15, 1, 5],
			"to": [16, 2, 6],
			"faces": {
				"north": {"uv": [7, 6, 8, 7], "texture": "#side"},
				"east": {"uv": [5, 1, 6, 2], "texture": "#side"},
				"south": {"uv": [7, 6, 8, 7], "texture": "#side"},
				"up": {"uv": [5, 1, 6, 2], "rotation": 90, "texture": "#side"},
				"down": {"uv": [5, 1, 6, 2], "rotation": 90, "texture": "#side"}
			}
		},
		{
			"name": "Spike",
			"from": [15, 5, 10],
			"to": [15.75, 6, 11],
			"faces": {
				"north": {"uv": [7, 6, 7.75, 7], "texture": "#side"},
				"east": {"uv": [5, 1, 6, 2], "texture": "#side"},
				"south": {"uv": [7, 6, 7.75, 7], "texture": "#side"},
				"up": {"uv": [5, 1, 6, 1.75], "rotation": 90, "texture": "#side"},
				"down": {"uv": [5, 1, 6, 1.75], "rotation": 90, "texture": "#side"}
			}
		},
		{
			"name": "Spike",
			"from": [15, 3, 14],
			"to": [15.5, 4, 15],
			"faces": {
				"north": {"uv": [7, 6, 7.5, 7], "texture": "#side"},
				"east": {"uv": [5, 1, 6, 2], "texture": "#side"},
				"south": {"uv": [7, 6, 7.5, 7], "texture": "#side"},
				"up": {"uv": [5, 1, 6, 1.5], "rotation": 90, "texture": "#side"},
				"down": {"uv": [5, 1, 6, 1.5], "rotation": 90, "texture": "#side"}
			}
		},
		{
			"name": "Spike",
			"from": [15, 9, 8],
			"to": [15.5, 10, 9],
			"faces": {
				"north": {"uv": [7, 6, 7.5, 7], "texture": "#side"},
				"east": {"uv": [5, 1, 6, 2], "texture": "#side"},
				"south": {"uv": [7, 6, 7.5, 7], "texture": "#side"},
				"up": {"uv": [5, 1, 6, 1.5], "rotation": 90, "texture": "#side"},
				"down": {"uv": [5, 1, 6, 1.5], "rotation": 90, "texture": "#side"}
			}
		},
		{
			"name": "Spike",
			"from": [15, 5, 1],
			"to": [15.875, 6, 2],
			"faces": {
				"north": {"uv": [7, 6, 7.875, 7], "texture": "#side"},
				"east": {"uv": [5, 1, 6, 2], "texture": "#side"},
				"south": {"uv": [7, 6, 7.875, 7], "texture": "#side"},
				"up": {"uv": [5, 1, 6, 1.875], "rotation": 90, "texture": "#side"},
				"down": {"uv": [5, 1, 6, 1.875], "rotation": 90, "texture": "#side"}
			}
		},
		{
			"name": "Spike",
			"from": [15, 10, 1],
			"to": [15.5, 11, 2],
			"faces": {
				"north": {"uv": [7, 6, 7.5, 7], "texture": "#side"},
				"east": {"uv": [5, 1, 6, 2], "texture": "#side"},
				"south": {"uv": [7, 6, 7.5, 7], "texture": "#side"},
				"up": {"uv": [5, 1, 6, 1.5], "rotation": 90, "texture": "#side"},
				"down": {"uv": [5, 1, 6, 1.5], "rotation": 90, "texture": "#side"}
			}
		},
		{
			"name": "Spike",
			"from": [15, 14, 1],
			"to": [16, 15, 2],
			"faces": {
				"north": {"uv": [7, 6, 8, 7], "texture": "#side"},
				"east": {"uv": [5, 1, 6, 2], "texture": "#side"},
				"south": {"uv": [7, 6, 8, 7], "texture": "#side"},
				"up": {"uv": [5, 1, 6, 2], "rotation": 90, "texture": "#side"},
				"down": {"uv": [5, 1, 6, 2], "rotation": 90, "texture": "#side"}
			}
		},
		{
			"name": "Spike",
			"from": [15, 14, 10],
			"to": [15.75, 15, 11],
			"faces": {
				"north": {"uv": [7, 6, 7.75, 7], "texture": "#side"},
				"east": {"uv": [5, 1, 6, 2], "texture": "#side"},
				"south": {"uv": [7, 6, 7.75, 7], "texture": "#side"},
				"up": {"uv": [5, 1, 6, 1.75], "rotation": 90, "texture": "#side"},
				"down": {"uv": [5, 1, 6, 1.75], "rotation": 90, "texture": "#side"}
			}
		},
		{
			"name": "Spike",
			"from": [15, 13, 14],
			"to": [15.875, 14, 15],
			"faces": {
				"north": {"uv": [7, 6, 7.875, 7], "texture": "#side"},
				"east": {"uv": [5, 1, 6, 2], "texture": "#side"},
				"south": {"uv": [7, 6, 7.875, 7], "texture": "#side"},
				"up": {"uv": [5, 1, 6, 1.875], "rotation": 90, "texture": "#side"},
				"down": {"uv": [5, 1, 6, 1.875], "rotation": 90, "texture": "#side"}
			}
		},
		{
			"name": "Spike",
			"from": [15, 12, 5],
			"to": [16, 13, 6],
			"faces": {
				"north": {"uv": [7, 6, 8, 7], "texture": "#side"},
				"east": {"uv": [5, 1, 6, 2], "texture": "#side"},
				"south": {"uv": [7, 6, 8, 7], "texture": "#side"},
				"up": {"uv": [5, 1, 6, 2], "rotation": 90, "texture": "#side"},
				"down": {"uv": [5, 1, 6, 2], "rotation": 90, "texture": "#side"}
			}
		},
		{
			"name": "Cube",
			"from": [4, 16, 3],
			"to": [5, 16.35, 4],
			"faces": {
				"north": {"uv": [4, 3, 5, 3.35], "texture": "#top", "cullface": "up"},
				"east": {"uv": [4, 3, 5, 3.35], "texture": "#top", "cullface": "up"},
				"south": {"uv": [4, 3, 5, 3.35], "texture": "#top", "cullface": "up"},
				"west": {"uv": [4, 3, 5, 3.35], "texture": "#top", "cullface": "up"},
				"up": {"uv": [4, 3, 5, 4], "texture": "#top", "cullface": "up"}
			}
		},
		{
			"name": "Cube",
			"from": [8, 16, 1.01],
			"to": [9, 16.25, 2.01],
			"faces": {
				"north": {"uv": [8, 1, 9, 1.25], "texture": "#top", "cullface": "up"},
				"east": {"uv": [8, 1, 9, 1.25], "texture": "#top", "cullface": "up"},
				"south": {"uv": [8, 1, 9, 1.25], "texture": "#top", "cullface": "up"},
				"west": {"uv": [8, 1, 9, 1.25], "texture": "#top", "cullface": "up"},
				"up": {"uv": [8, 1, 9, 2], "texture": "#top", "cullface": "up"}
			}
		},
		{
			"name": "Cube",
			"from": [7, 16, 4],
			"to": [8, 16.5, 5],
			"faces": {
				"north": {"uv": [7, 4, 8, 4.5], "texture": "#top", "cullface": "up"},
				"east": {"uv": [7, 4, 8, 4.5], "texture": "#top", "cullface": "up"},
				"south": {"uv": [7, 4, 8, 4.5], "texture": "#top", "cullface": "up"},
				"west": {"uv": [7, 4, 8, 4.5], "texture": "#top", "cullface": "up"},
				"up": {"uv": [7, 4, 8, 5], "texture": "#top", "cullface": "up"}
			}
		},
		{
			"name": "Cube",
			"from": [10, 16, 5],
			"to": [11, 16.75, 6],
			"faces": {
				"north": {"uv": [10, 5, 11, 5.75], "texture": "#top", "cullface": "up"},
				"east": {"uv": [10, 5, 11, 5.75], "texture": "#top", "cullface": "up"},
				"south": {"uv": [10, 5, 11, 5.75], "texture": "#top", "cullface": "up"},
				"west": {"uv": [10, 5, 11, 5.75], "texture": "#top", "cullface": "up"},
				"up": {"uv": [10, 5, 11, 6], "texture": "#top", "cullface": "up"}
			}
		},
		{
			"name": "Cube",
			"from": [2, 16, 6],
			"to": [3, 16.35, 7],
			"faces": {
				"north": {"uv": [2, 6, 3, 6.35], "texture": "#top", "cullface": "up"},
				"east": {"uv": [2, 6, 3, 6.35], "texture": "#top", "cullface": "up"},
				"south": {"uv": [2, 6, 3, 6.35], "texture": "#top", "cullface": "up"},
				"west": {"uv": [2, 6, 3, 6.35], "texture": "#top", "cullface": "up"},
				"up": {"uv": [2, 6, 3, 7], "texture": "#top", "cullface": "up"}
			}
		},
		{
			"name": "Cube",
			"from": [5, 16, 8],
			"to": [6, 16.75, 9],
			"faces": {
				"north": {"uv": [5, 8, 6, 8.75], "texture": "#top", "cullface": "up"},
				"east": {"uv": [5, 8, 6, 8.75], "texture": "#top", "cullface": "up"},
				"south": {"uv": [5, 8, 6, 8.75], "texture": "#top", "cullface": "up"},
				"west": {"uv": [5, 8, 6, 8.75], "texture": "#top", "cullface": "up"},
				"up": {"uv": [5, 8, 6, 9], "texture": "#top", "cullface": "up"}
			}
		},
		{
			"name": "Cube",
			"from": [9, 16, 9],
			"to": [10, 17, 10],
			"faces": {
				"north": {"uv": [9, 9, 10, 10], "texture": "#top", "cullface": "up"},
				"east": {"uv": [9, 9, 10, 10], "texture": "#top", "cullface": "up"},
				"south": {"uv": [9, 9, 10, 10], "texture": "#top", "cullface": "up"},
				"west": {"uv": [9, 9, 10, 10], "texture": "#top", "cullface": "up"},
				"up": {"uv": [9, 9, 10, 10], "texture": "#top", "cullface": "up"}
			}
		},
		{
			"name": "Cube",
			"from": [12, 16, 9],
			"to": [13, 16.5, 10],
			"faces": {
				"north": {"uv": [12, 9, 13, 9.5], "texture": "#top", "cullface": "up"},
				"east": {"uv": [12, 9, 13, 9.5], "texture": "#top", "cullface": "up"},
				"south": {"uv": [12, 9, 13, 9.5], "texture": "#top", "cullface": "up"},
				"west": {"uv": [12, 9, 13, 9.5], "texture": "#top", "cullface": "up"},
				"up": {"uv": [12, 9, 13, 10], "texture": "#top", "cullface": "up"}
			}
		},
		{
			"name": "Cube",
			"from": [12, 16, 12],
			"to": [13, 16.3, 13],
			"faces": {
				"north": {"uv": [12, 12, 13, 12.3], "texture": "#top", "cullface": "up"},
				"east": {"uv": [12, 12, 13, 12.3], "texture": "#top", "cullface": "up"},
				"south": {"uv": [12, 12, 13, 12.3], "texture": "#top", "cullface": "up"},
				"west": {"uv": [12, 12, 13, 12.3], "texture": "#top", "cullface": "up"},
				"up": {"uv": [12, 12, 13, 13], "texture": "#top", "cullface": "up"}
			}
		},
		{
			"from": [-0.75, 13, 7.25],
			"to": [1.25, 13, 9.25],
			"rotation": {"angle": 22.5, "axis": "x", "origin": [0.25, 13, 8.25]},
			"faces": {
				"up": {"uv": [0, 0, 16, 16], "rotation": 180, "texture": "#4"},
				"down": {"uv": [0, 0, 16, 16], "rotation": 180, "texture": "#4"}
			}
		},
		{
			"from": [-0.75, 12, 8.25],
			"to": [1.25, 14, 8.25],
			"rotation": {"angle": 22.5, "axis": "x", "origin": [0.25, 13, 8.25]},
			"faces": {
				"north": {"uv": [0, 0, 16, 16], "texture": "#4"},
				"south": {"uv": [0, 0, 16, 16], "rotation": 180, "texture": "#4"}
			}
		},
		{
			"from": [10.75, 9, -1.25],
			"to": [13.75, 9, 1.75],
			"rotation": {"angle": 22.5, "axis": "z", "origin": [12.25, 9, 0.25]},
			"faces": {
				"up": {"uv": [0, 0, 16, 16], "rotation": 270, "texture": "#flower"},
				"down": {"uv": [0, 0, 16, 16], "rotation": 90, "texture": "#flower"}
			}
		},
		{
			"from": [12.25, 7.5, -1.25],
			"to": [12.25, 10.5, 1.75],
			"rotation": {"angle": 22.5, "axis": "z", "origin": [12.25, 9, 0.25]},
			"faces": {
				"east": {"uv": [0, 0, 16, 16], "texture": "#flower"},
				"west": {"uv": [0, 0, 16, 16], "rotation": 180, "texture": "#flower"}
			}
		},
		{
			"from": [4.25, 13, -0.75],
			"to": [4.25, 15, 1.25],
			"rotation": {"angle": -22.5, "axis": "z", "origin": [4.25, 14, 0.25]},
			"faces": {
				"east": {"uv": [0, 0, 16, 16], "texture": "#4"},
				"west": {"uv": [0, 0, 16, 16], "rotation": 180, "texture": "#4"}
			}
		},
		{
			"from": [3.25, 14, -0.75],
			"to": [5.25, 14, 1.25],
			"rotation": {"angle": -22.5, "axis": "z", "origin": [4.25, 14, 0.25]},
			"faces": {
				"up": {"uv": [0, 0, 16, 16], "rotation": 270, "texture": "#4"},
				"down": {"uv": [0, 0, 16, 16], "rotation": 90, "texture": "#4"}
			}
		},
		{
			"from": [-1.75, 5, 7.75],
			"to": [1.25, 5, 10.75],
			"rotation": {"angle": 45, "axis": "x", "origin": [-0.25, 5, 9.25]},
			"faces": {
				"up": {"uv": [0, 0, 16, 16], "rotation": 180, "texture": "#flower"},
				"down": {"uv": [0, 0, 16, 16], "rotation": 180, "texture": "#flower"}
			}
		},
		{
			"from": [-1.75, 3.5, 9.25],
			"to": [1.25, 6.5, 9.25],
			"rotation": {"angle": 45, "axis": "x", "origin": [-0.25, 5, 9.25]},
			"faces": {
				"north": {"uv": [0, 0, 16, 16], "texture": "#flower"},
				"south": {"uv": [0, 0, 16, 16], "rotation": 180, "texture": "#flower"}
			}
		},
		{
			"from": [5.25, 10.75, 14.75],
			"to": [5.25, 13.25, 17.25],
			"rotation": {"angle": -45, "axis": "z", "origin": [5.25, 12, 16.25]},
			"faces": {
				"east": {"uv": [0, 0, 16, 16], "rotation": 180, "texture": "#4"},
				"west": {"uv": [0, 0, 16, 16], "texture": "#4"},
				"up": {"uv": [0, 0, 0, 0], "rotation": 180, "texture": "#4"}
			}
		},
		{
			"from": [4, 12, 14.75],
			"to": [6.5, 12, 17.25],
			"rotation": {"angle": -45, "axis": "z", "origin": [5.25, 12, 16.25]},
			"faces": {
				"up": {"uv": [0, 0, 16, 16], "rotation": 90, "texture": "#4"},
				"down": {"uv": [0, 0, 16, 16], "rotation": 270, "texture": "#4"}
			}
		},
		{
			"from": [14.75, 5.75, 6.75],
			"to": [17.25, 8.25, 6.75],
			"rotation": {"angle": -22.5, "axis": "x", "origin": [16.25, 7, 6.75]},
			"faces": {
				"north": {"uv": [0, 0, 16, 16], "rotation": 180, "texture": "#4"},
				"south": {"uv": [0, 0, 16, 16], "texture": "#4"}
			}
		},
		{
			"from": [14.75, 7, 5.5],
			"to": [17.25, 7, 8],
			"rotation": {"angle": -22.5, "axis": "x", "origin": [16.25, 7, 6.75]},
			"faces": {
				"up": {"uv": [0, 0, 16, 16], "texture": "#4"},
				"down": {"uv": [0, 0, 16, 16], "texture": "#4"}
			}
		},
		{
			"from": [3, 1.5, -0.75],
			"to": [3, 3.5, 1.25],
			"rotation": {"angle": -45, "axis": "z", "origin": [3, 2.5, 0.25]},
			"faces": {
				"east": {"uv": [0, 0, 16, 16], "texture": "#flower"},
				"west": {"uv": [0, 0, 16, 16], "rotation": 180, "texture": "#flower"}
			}
		},
		{
			"from": [2, 2.5, -0.75],
			"to": [4, 2.5, 1.25],
			"rotation": {"angle": -45, "axis": "z", "origin": [3, 2.5, 0.25]},
			"faces": {
				"up": {"uv": [0, 0, 16, 16], "rotation": 270, "texture": "#flower"},
				"down": {"uv": [0, 0, 16, 16], "rotation": 90, "texture": "#flower"}
			}
		},
		{
			"from": [14.75, 13, 12.25],
			"to": [16.75, 15, 12.25],
			"rotation": {"angle": -22.5, "axis": "x", "origin": [15.75, 14, 12.25]},
			"faces": {
				"north": {"uv": [0, 0, 16, 16], "rotation": 180, "texture": "#flower"},
				"south": {"uv": [0, 0, 16, 16], "texture": "#flower"}
			}
		},
		{
			"from": [14.75, 14, 11.25],
			"to": [16.75, 14, 13.25],
			"rotation": {"angle": -22.5, "axis": "x", "origin": [15.75, 14, 12.25]},
			"faces": {
				"up": {"uv": [0, 0, 16, 16], "texture": "#flower"},
				"down": {"uv": [0, 0, 16, 16], "texture": "#flower"}
			}
		},
		{
			"from": [10, 4, 14.75],
			"to": [12.5, 4, 17.25],
			"rotation": {"angle": -22.5, "axis": "z", "origin": [11.25, 4, 16.25]},
			"faces": {
				"up": {"uv": [0, 0, 16, 16], "rotation": 90, "texture": "#flower"},
				"down": {"uv": [0, 0, 16, 16], "rotation": 270, "texture": "#flower"}
			}
		},
		{
			"from": [11.25, 2.75, 14.75],
			"to": [11.25, 5.25, 17.25],
			"rotation": {"angle": -22.5, "axis": "z", "origin": [11.25, 4, 16.25]},
			"faces": {
				"east": {"uv": [0, 0, 16, 16], "rotation": 180, "texture": "#flower"},
				"west": {"uv": [0, 0, 16, 16], "texture": "#flower"}
			}
		}
	],
	"groups": [0,
		{
			"name": "Spikes",
			"origin": [8, 8, 8],
			"children": [1, 2, 3, 4, 5, 6, 7, 8, 9, 10, 11, 12, 13, 14, 15, 16, 17, 18, 19, 20, 21, 22, 23, 24, 25, 26, 27, 28, 29, 30, 31, 32, 33, 34, 35, 36, 37, 38, 39, 40, 41, 42, 43, 44, 45, 46, 47, 48, 49, 50]
		},
		{
			"name": "Flower1",
			"origin": [-3, 12, 4],
			"children": [51, 52]
		},
		{
			"name": "Flower2",
			"origin": [-3, 12, 4],
			"children": [53, 54]
		},
		{
			"name": "Flower3",
			"origin": [-3, 12, 4],
			"children": [55, 56]
		},
		{
			"name": "Flower4",
			"origin": [-3, 12, 4],
			"children": [57, 58]
		},
		{
			"name": "Flower5",
			"origin": [-3, 12, 4],
			"children": [59, 60]
		},
		{
			"name": "Flower6",
			"origin": [-3, 12, 4],
			"children": [61, 62]
		},
		{
			"name": "Flower7",
			"origin": [-3, 12, 4],
			"children": [63, 64]
		},
		{
			"name": "Flower3",
			"origin": [-3, 12, 4],
			"children": [65, 66]
		},
		{
			"name": "Flower6",
			"origin": [-3, 12, 4],
			"children": [67, 68]
		}
	]
}