{
	"credit": "Made by TheWaschtlPlays using Blockbench",
	"textures": {
		"1": "blocks/dispenser_front_vertical",
		"particle": "blocks/dispenser_front_vertical",
		"top": "blocks/furnace_top"
	},
	"elements": [
		{
			"name": "up",
			"from": [5, 15, 11],
			"to": [11, 15.5, 15],
			"rotation": {"angle": 0, "axis": "x", "origin": [11, 8.5, 18]},
			"faces": {
				"north": {"uv": [5, 11, 11, 11.5], "rotation": 180, "texture": "#1", "cullface": "up"},
				"up": {"uv": [5, 11, 11, 15], "texture": "#1", "cullface": "up"}
			}
		},
		{
			"name": "up",
			"from": [1, 15, 1],
			"to": [5, 15.5, 15],
			"rotation": {"angle": 0, "axis": "x", "origin": [8, 8.5, 8]},
			"faces": {
				"east": {"uv": [4, 1, 4.5, 15], "rotation": 90, "texture": "#1", "cullface": "up"},
				"up": {"uv": [1, 1, 5, 15], "texture": "#1", "cullface": "up"}
			}
		},
		{
			"name": "up",
			"from": [11, 15, 1],
			"to": [15, 15.5, 15],
			"rotation": {"angle": 0, "axis": "x", "origin": [17, 8.5, 8]},
			"faces": {
				"west": {"uv": [11, 1, 11.5, 15], "rotation": 270, "texture": "#1", "cullface": "up"},
				"up": {"uv": [11, 1, 15, 15], "texture": "#1", "cullface": "up"}
			}
		},
		{
			"name": "up",
			"from": [5, 15, 1],
			"to": [11, 15.5, 5],
			"rotation": {"angle": 0, "axis": "x", "origin": [11, 8.5, 8]},
			"faces": {
				"south": {"uv": [5, 4, 11, 4.5], "texture": "#1", "cullface": "up"},
				"up": {"uv": [5, 1, 11, 5], "texture": "#1", "cullface": "up"}
			}
		},
		{
			"name": "up",
			"from": [5, 15, 9],
			"to": [6, 15.5, 11],
			"rotation": {"angle": 0, "axis": "x", "origin": [11, 8.5, 14]},
			"faces": {
				"north": {"uv": [5, 9, 6, 9.5], "rotation": 180, "texture": "#1", "cullface": "up"},
				"east": {"uv": [5, 9, 5.5, 11], "rotation": 90, "texture": "#1", "cullface": "up"},
				"up": {"uv": [5, 9, 6, 11], "texture": "#1", "cullface": "up"}
			}
		},
		{
			"name": "up",
			"from": [6, 15, 10],
			"to": [7, 15.5, 11],
			"rotation": {"angle": 0, "axis": "x", "origin": [12, 8.5, 14]},
			"faces": {
				"north": {"uv": [6, 10, 7, 10.5], "rotation": 180, "texture": "#1", "cullface": "up"},
				"east": {"uv": [6, 10, 6.5, 11], "rotation": 90, "texture": "#1", "cullface": "up"},
				"up": {"uv": [6, 10, 7, 11], "texture": "#1", "cullface": "up"}
			}
		},
		{
			"name": "up",
			"from": [5, 15, 5],
			"to": [6, 15.5, 7],
			"rotation": {"angle": 0, "axis": "x", "origin": [11, 8.5, 10]},
			"faces": {
				"east": {"uv": [5, 9, 5.5, 11], "rotation": 90, "texture": "#1", "cullface": "up"},
				"south": {"uv": [5, 6, 6, 6.5], "texture": "#1", "cullface": "up"},
				"up": {"uv": [5, 5, 6, 7], "texture": "#1", "cullface": "up"}
			}
		},
		{
			"name": "up",
			"from": [6, 15, 5],
			"to": [7, 15.5, 6],
			"rotation": {"angle": 0, "axis": "x", "origin": [12, 8.5, 10]},
			"faces": {
				"east": {"uv": [6, 5, 6.5, 6], "rotation": 90, "texture": "#1", "cullface": "up"},
				"south": {"uv": [6, 5, 7, 5.5], "texture": "#1", "cullface": "up"},
				"up": {"uv": [6, 5, 7, 6], "texture": "#1", "cullface": "up"}
			}
		},
		{
			"name": "up",
			"from": [10, 15, 5],
			"to": [11, 15.5, 7],
			"rotation": {"angle": 0, "axis": "x", "origin": [16, 8.5, 10]},
			"faces": {
				"south": {"uv": [10, 6, 11, 6.5], "texture": "#1", "cullface": "up"},
				"west": {"uv": [10, 5, 10.5, 7], "rotation": 270, "texture": "#1", "cullface": "up"},
				"up": {"uv": [10, 5, 11, 7], "texture": "#1", "cullface": "up"}
			}
		},
		{
			"name": "up",
			"from": [9, 15, 5],
			"to": [10, 15.5, 6],
			"rotation": {"angle": 0, "axis": "x", "origin": [15, 8.5, 10]},
			"faces": {
				"south": {"uv": [9, 5, 10, 5.5], "texture": "#1", "cullface": "up"},
				"west": {"uv": [9, 5, 9.5, 6], "rotation": 270, "texture": "#1", "cullface": "up"},
				"up": {"uv": [9, 5, 10, 6], "texture": "#1", "cullface": "up"}
			}
		},
		{
			"name": "up",
			"from": [10, 15, 9],
			"to": [11, 15.5, 11],
			"rotation": {"angle": 0, "axis": "x", "origin": [16, 8.5, 14]},
			"faces": {
				"north": {"uv": [10, 9, 11, 9.5], "rotation": 180, "texture": "#1", "cullface": "up"},
				"west": {"uv": [10, 9, 10.5, 11], "rotation": 270, "texture": "#1", "cullface": "up"},
				"up": {"uv": [10, 9, 11, 11], "texture": "#1", "cullface": "up"}
			}
		},
		{
			"name": "up",
			"from": [9, 15, 10],
			"to": [10, 15.5, 11],
			"rotation": {"angle": 0, "axis": "x", "origin": [15, 8.5, 14]},
			"faces": {
				"north": {"uv": [9, 10, 10, 10.5], "rotation": 180, "texture": "#1", "cullface": "up"},
				"west": {"uv": [9, 10, 9.5, 11], "rotation": 270, "texture": "#1", "cullface": "up"},
				"up": {"uv": [9, 10, 10, 11], "texture": "#1", "cullface": "up"}
			}
		},
		{
			"name": "du",
			"from": [1, 0.5, 1],
			"to": [15, 15, 15],
			"faces": {
				"up": {"uv": [1, 1, 15, 15], "texture": "#1", "cullface": "up"},
				"down": {"uv": [1, 1, 15, 15], "rotation": 180, "texture": "#top", "cullface": "down"}
			}
		},
		{
			"name": "ns",
			"from": [1, 1, 0.5],
			"to": [15, 15, 15.5],
			"faces": {
				"north": {"uv": [1, 1, 15, 15], "texture": "#top", "cullface": "north"},
				"south": {"uv": [1, 1, 15, 15], "texture": "#top", "cullface": "south"}
			}
		},
		{
			"name": "we",
			"from": [0.5, 1, 1],
			"to": [15.5, 15, 15],
			"faces": {
				"east": {"uv": [1, 1, 15, 15], "texture": "#top", "cullface": "east"},
				"west": {"uv": [1, 1, 15, 15], "texture": "#top", "cullface": "west"}
			}
		},
		{
			"from": [0, 15, 1],
			"to": [1, 16, 15],
			"faces": {
				"east": {"uv": [1, 0, 15, 1], "texture": "#top", "cullface": "up"},
				"west": {"uv": [1, 0, 15, 1], "texture": "#top", "cullface": "west"},
				"up": {"uv": [0, 1, 1, 15], "texture": "#top", "cullface": "up"},
				"down": {"uv": [0, 1, 1, 15], "texture": "#top", "cullface": "west"}
			}
		},
		{
			"from": [0, 1, 15],
			"to": [1, 15, 16],
			"faces": {
				"north": {"uv": [15, 1, 16, 15], "texture": "#top", "cullface": "west"},
				"east": {"uv": [0, 1, 1, 15], "texture": "#top", "cullface": "south"},
				"south": {"uv": [0, 1, 1, 15], "texture": "#top", "cullface": "south"},
				"west": {"uv": [15, 1, 16, 15], "texture": "#top", "cullface": "west"}
			}
		},
		{
			"from": [0, 15, 15],
			"to": [16, 16, 16],
			"faces": {
				"north": {"uv": [0, 0, 16, 1], "texture": "#top", "cullface": "up"},
				"east": {"uv": [0, 0, 1, 1], "texture": "#top", "cullface": "east"},
				"south": {"uv": [0, 0, 16, 1], "texture": "#top", "cullface": "south"},
				"west": {"uv": [15, 0, 16, 1], "texture": "#top", "cullface": "west"},
				"up": {"uv": [0, 15, 16, 16], "texture": "#top", "cullface": "up"},
				"down": {"uv": [0, 0, 16, 1], "texture": "#top", "cullface": "south"}
			}
		},
		{
			"from": [15, 1, 15],
			"to": [16, 15, 16],
			"faces": {
				"north": {"uv": [0, 1, 1, 15], "texture": "#top", "cullface": "east"},
				"east": {"uv": [0, 1, 1, 15], "texture": "#top", "cullface": "east"},
				"south": {"uv": [15, 1, 16, 15], "texture": "#top", "cullface": "south"},
				"west": {"uv": [15, 1, 16, 15], "texture": "#top", "cullface": "south"}
			}
		},
		{
			"from": [15, 15, 1],
			"to": [16, 16, 15],
			"faces": {
				"east": {"uv": [1, 0, 15, 1], "texture": "#top", "cullface": "east"},
				"west": {"uv": [1, 0, 15, 1], "texture": "#top", "cullface": "up"},
				"up": {"uv": [15, 1, 16, 15], "texture": "#top", "cullface": "up"},
				"down": {"uv": [15, 1, 16, 15], "texture": "#top", "cullface": "east"}
			}
		},
		{
			"from": [0, 15, 0],
			"to": [16, 16, 1],
			"faces": {
				"north": {"uv": [0, 0, 16, 1], "texture": "#top", "cullface": "north"},
				"east": {"uv": [15, 0, 16, 1], "texture": "#top", "cullface": "east"},
				"south": {"uv": [0, 0, 16, 1], "texture": "#top", "cullface": "up"},
				"west": {"uv": [0, 0, 1, 1], "texture": "#top", "cullface": "west"},
				"up": {"uv": [0, 0, 16, 1], "texture": "#top", "cullface": "up"},
				"down": {"uv": [0, 15, 16, 16], "texture": "#top", "cullface": "north"}
			}
		},
		{
			"from": [15, 1, 0],
			"to": [16, 15, 1],
			"faces": {
				"north": {"uv": [0, 1, 1, 15], "texture": "#top", "cullface": "north"},
				"east": {"uv": [15, 1, 16, 15], "texture": "#top", "cullface": "east"},
				"south": {"uv": [15, 1, 16, 15], "texture": "#top", "cullface": "east"},
				"west": {"uv": [0, 1, 1, 15], "texture": "#top", "cullface": "north"}
			}
		},
		{
			"from": [0, 1, 0],
			"to": [1, 15, 1],
			"faces": {
				"north": {"uv": [15, 1, 16, 15], "texture": "#top", "cullface": "north"},
				"east": {"uv": [15, 1, 16, 15], "texture": "#top", "cullface": "north"},
				"south": {"uv": [0, 1, 1, 15], "texture": "#top", "cullface": "west"},
				"west": {"uv": [0, 1, 1, 15], "texture": "#top", "cullface": "west"}
			}
		},
		{
			"from": [0, 0, 1],
			"to": [1, 1, 15],
			"faces": {
				"east": {"uv": [1, 15, 15, 16], "texture": "#top", "cullface": "down"},
				"west": {"uv": [1, 15, 15, 16], "texture": "#top", "cullface": "west"},
				"up": {"uv": [0, 1, 1, 15], "texture": "#top", "cullface": "west"},
				"down": {"uv": [0, 1, 1, 15], "texture": "#top", "cullface": "down"}
			}
		},
		{
			"from": [0, 0, 15],
			"to": [16, 1, 16],
			"faces": {
				"north": {"uv": [0, 15, 16, 16], "texture": "#top", "cullface": "down"},
				"east": {"uv": [0, 15, 1, 16], "texture": "#top", "cullface": "east"},
				"south": {"uv": [0, 15, 16, 16], "texture": "#top", "cullface": "south"},
				"west": {"uv": [15, 15, 16, 16], "texture": "#top", "cullface": "west"},
				"up": {"uv": [0, 15, 16, 16], "texture": "#top", "cullface": "south"},
				"down": {"uv": [0, 0, 16, 1], "texture": "#top", "cullface": "down"}
			}
		},
		{
			"from": [0, 0, 0],
			"to": [16, 1, 1],
			"faces": {
				"north": {"uv": [0, 15, 16, 16], "texture": "#top", "cullface": "north"},
				"east": {"uv": [15, 15, 16, 16], "texture": "#top", "cullface": "east"},
				"south": {"uv": [0, 15, 16, 16], "texture": "#top", "cullface": "down"},
				"west": {"uv": [0, 15, 1, 16], "texture": "#top", "cullface": "west"},
				"up": {"uv": [0, 15, 16, 16], "rotation": 180, "texture": "#top", "cullface": "north"},
				"down": {"uv": [0, 0, 16, 1], "rotation": 180, "texture": "#top", "cullface": "down"}
			}
		},
		{
			"from": [15, 0, 1],
			"to": [16, 1, 15],
			"faces": {
				"east": {"uv": [1, 15, 15, 16], "texture": "#top", "cullface": "east"},
				"west": {"uv": [1, 15, 15, 16], "texture": "#top", "cullface": "down"},
				"up": {"uv": [15, 1, 16, 15], "texture": "#top", "cullface": "east"},
				"down": {"uv": [15, 1, 16, 15], "texture": "#top", "cullface": "down"}
			}
		}
	],
	"display": {
		"thirdperson_righthand": {
			"rotation": [75, 45, 0],
			"translation": [0, 2.5, 0],
			"scale": [0.375, 0.375, 0.375]
		},
		"thirdperson_lefthand": {
			"rotation": [75, 45, 0],
			"translation": [0, 2.5, 0],
			"scale": [0.375, 0.375, 0.375]
		},
		"firstperson_righthand": {
			"rotation": [0, 135, 0],
			"scale": [0.4, 0.4, 0.4]
		},
		"firstperson_lefthand": {
			"rotation": [0, 135, 0],
			"scale": [0.4, 0.4, 0.4]
		},
		"ground": {
			"translation": [0, 3, 0],
			"scale": [0.25, 0.25, 0.25]
		},
		"gui": {
			"rotation": [30, -135, 0],
			"scale": [0.625, 0.625, 0.625]
		},
		"fixed": {
			"scale": [0.5, 0.5, 0.5]
		}
	},
	"groups": [
		{
			"name": "up",
			"origin": [11, 8.5, 8],
			"children": [0, 1, 2, 3, 4, 5, 6, 7, 8, 9, 10, 11]
		}, 12, 13, 14,
		{
			"name": "frame",
			"origin": [8, 8, 8],
			"children": [15, 16, 17, 18, 19, 20, 21, 22, 23, 24, 25, 26]
		}
	]
}