{
	"credit": "Made by TheWaschtlPlays using Blockbench",
	"textures": {
		"particle": "#dirt"
	},
	"elements": [
		{
			"from": [0, 0, 0],
			"to": [16, 15, 16],
			"faces": {
				"north": {"uv": [0, 1, 16, 16], "texture": "#dirt", "cullface": "north"},
				"east": {"uv": [0, 1, 16, 16], "texture": "#dirt", "cullface": "east"},
				"south": {"uv": [0, 1, 16, 16], "texture": "#dirt", "cullface": "south"},
				"west": {"uv": [0, 1, 16, 16], "texture": "#dirt", "cullface": "west"},
				"up": {"uv": [0, 0, 16, 16], "texture": "#top"},
				"down": {"uv": [0, 0, 16, 16], "texture": "#bottom", "cullface": "down"}
			}
		}
	]
}