{
	"credit": "Made by TheWaschtlPlays using Blockbench",
	"textures": {
		"particle": "blocks/gold_ore",
		"ore": "blocks/gold_ore"
	},
	"elements": [
		{
			"from": [0, 0, 0],
			"to": [16, 16, 16],
			"faces": {
				"north": {"uv": [0, 0, 16, 16], "texture": "#ore", "cullface": "north"},
				"east": {"uv": [0, 0, 16, 16], "texture": "#ore", "cullface": "east"},
				"south": {"uv": [0, 0, 16, 16], "texture": "#ore", "cullface": "south"},
				"west": {"uv": [0, 0, 16, 16], "texture": "#ore", "cullface": "west"},
				"up": {"uv": [0, 0, 16, 16], "texture": "#ore", "cullface": "up"},
				"down": {"uv": [0, 0, 16, 16], "texture": "#ore", "cullface": "down"}
			}
		},
		{
			"from": [10, 2, -0.5],
			"to": [15, 3, 0],
			"rotation": {"angle": 0, "axis": "y", "origin": [8, 8, 8]},
			"faces": {
				"north": {"uv": [1, 13, 6, 14], "texture": "#ore", "cullface": "north"},
				"east": {"uv": [1, 13, 1.5, 14], "texture": "#ore", "cullface": "north"},
				"west": {"uv": [5, 13, 5.5, 14], "texture": "#ore", "cullface": "north"},
				"up": {"uv": [1, 13, 6, 13.5], "rotation": 180, "texture": "#ore", "cullface": "north"},
				"down": {"uv": [1, 13, 6, 13.5], "rotation": 180, "texture": "#ore", "cullface": "north"}
			}
		},
		{
			"from": [11, 3, -0.4],
			"to": [14, 4, 0.1],
			"rotation": {"angle": 0, "axis": "y", "origin": [8, 8, 8]},
			"faces": {
				"north": {"uv": [2, 12, 5, 13], "texture": "#ore", "cullface": "north"},
				"east": {"uv": [2, 12, 2.5, 13], "texture": "#ore", "cullface": "north"},
				"west": {"uv": [4, 12, 4.5, 13], "texture": "#ore", "cullface": "north"},
				"up": {"uv": [2, 12, 5, 12.5], "rotation": 180, "texture": "#ore", "cullface": "north"}
			}
		},
		{
			"from": [11, 1, -0.4],
			"to": [13, 2, 0.1],
			"rotation": {"angle": 0, "axis": "y", "origin": [8, 8, 8]},
			"faces": {
				"north": {"uv": [3, 14, 5, 15], "texture": "#ore", "cullface": "north"},
				"east": {"uv": [3, 14, 3.5, 15], "texture": "#ore", "cullface": "north"},
				"west": {"uv": [4, 14, 4.5, 15], "texture": "#ore", "cullface": "north"},
				"down": {"uv": [3, 14, 5, 14.5], "rotation": 180, "texture": "#ore", "cullface": "north"}
			}
		},
		{
			"from": [1, 4, -0.5],
			"to": [7, 5, 0],
			"rotation": {"angle": 0, "axis": "y", "origin": [8, 8, 8]},
			"faces": {
				"north": {"uv": [9, 11, 15, 12], "texture": "#ore", "cullface": "north"},
				"east": {"uv": [9, 11, 9.5, 12], "texture": "#ore", "cullface": "north"},
				"west": {"uv": [14, 11, 14.5, 12], "texture": "#ore", "cullface": "north"},
				"up": {"uv": [9, 11, 15, 11.5], "rotation": 180, "texture": "#ore", "cullface": "north"},
				"down": {"uv": [9, 11, 15, 11.5], "rotation": 180, "texture": "#ore", "cullface": "north"}
			}
		},
		{
			"from": [3, 5, -0.4],
			"to": [6, 6, 0.1],
			"rotation": {"angle": 0, "axis": "y", "origin": [8, 8, 8]},
			"faces": {
				"north": {"uv": [10, 10, 13, 11], "texture": "#ore", "cullface": "north"},
				"east": {"uv": [10, 10, 10.5, 11], "texture": "#ore", "cullface": "north"},
				"west": {"uv": [12, 10, 12.5, 11], "texture": "#ore", "cullface": "north"},
				"up": {"uv": [10, 10, 13, 10.5], "rotation": 180, "texture": "#ore", "cullface": "north"}
			}
		},
		{
			"from": [4, 2, -0.5],
			"to": [6, 4, 0],
			"rotation": {"angle": 0, "axis": "y", "origin": [8, 8, 8]},
			"faces": {
				"north": {"uv": [10, 12, 12, 14], "texture": "#ore", "cullface": "north"},
				"east": {"uv": [10, 12, 10.5, 14], "texture": "#ore", "cullface": "north"},
				"west": {"uv": [11, 12, 11.5, 14], "texture": "#ore", "cullface": "north"},
				"down": {"uv": [10, 13, 12, 13.5], "rotation": 180, "texture": "#ore", "cullface": "north"}
			}
		},
		{
			"from": [3, 3, -0.4],
			"to": [4, 4, 0.1],
			"rotation": {"angle": 0, "axis": "y", "origin": [8, 8, 8]},
			"faces": {
				"north": {"uv": [12, 12, 13, 13], "texture": "#ore", "cullface": "north"},
				"west": {"uv": [12, 12, 12.5, 13], "texture": "#ore", "cullface": "north"},
				"down": {"uv": [12, 12, 13, 12.5], "rotation": 180, "texture": "#ore", "cullface": "north"}
			}
		},
		{
			"from": [1, 1, -0.4],
			"to": [2, 2, 0.1],
			"rotation": {"angle": 0, "axis": "y", "origin": [8, 8, 8]},
			"faces": {
				"north": {"uv": [14, 14, 15, 15], "texture": "#ore", "cullface": "north"},
				"east": {"uv": [14, 14, 15, 15], "texture": "#ore", "cullface": "north"},
				"west": {"uv": [14, 14, 15, 15], "texture": "#ore", "cullface": "north"},
				"up": {"uv": [14, 14, 15, 15], "texture": "#ore", "cullface": "north"},
				"down": {"uv": [14, 14, 15, 15], "texture": "#ore", "cullface": "north"}
			}
		},
		{
			"from": [12, 6, -0.4],
			"to": [14, 8, 0.1],
			"rotation": {"angle": 0, "axis": "y", "origin": [8, 8, 8]},
			"faces": {
				"north": {"uv": [2, 8, 4, 10], "texture": "#ore", "cullface": "north"},
				"east": {"uv": [2, 8, 2.5, 10], "texture": "#ore", "cullface": "north"},
				"west": {"uv": [3, 8, 3.5, 10], "texture": "#ore", "cullface": "north"},
				"up": {"uv": [2, 8, 4, 8.5], "rotation": 180, "texture": "#ore", "cullface": "north"},
				"down": {"uv": [2, 9, 4, 9.5], "rotation": 180, "texture": "#ore", "cullface": "north"}
			}
		},
		{
			"from": [7, 9, -0.5],
			"to": [10, 13, 0],
			"rotation": {"angle": 0, "axis": "y", "origin": [8, 8, 8]},
			"faces": {
				"north": {"uv": [6, 3, 9, 7], "texture": "#ore", "cullface": "north"},
				"east": {"uv": [6, 3, 6.5, 7], "texture": "#ore", "cullface": "north"},
				"west": {"uv": [8, 3, 8.5, 7], "texture": "#ore", "cullface": "north"},
				"up": {"uv": [6, 3, 9, 3.5], "rotation": 180, "texture": "#ore", "cullface": "north"},
				"down": {"uv": [6, 6, 9, 6.5], "rotation": 180, "texture": "#ore", "cullface": "north"}
			}
		},
		{
			"from": [8, 13, -0.4],
			"to": [9, 14, 0.1],
			"rotation": {"angle": 0, "axis": "y", "origin": [8, 8, 8]},
			"faces": {
				"north": {"uv": [7, 2, 8, 3], "texture": "#ore", "cullface": "north"},
				"east": {"uv": [7, 2, 8, 3], "texture": "#ore", "cullface": "north"},
				"west": {"uv": [7, 2, 8, 3], "texture": "#ore", "cullface": "north"},
				"up": {"uv": [7, 2, 8, 3], "texture": "#ore", "cullface": "north"}
			}
		},
		{
			"from": [10, 9, -0.4],
			"to": [11, 12, 0.1],
			"rotation": {"angle": 0, "axis": "y", "origin": [8, 8, 8]},
			"faces": {
				"north": {"uv": [5, 4, 6, 7], "texture": "#ore", "cullface": "north"},
				"east": {"uv": [5, 4, 5.5, 7], "texture": "#ore", "cullface": "north"},
				"up": {"uv": [5, 4, 6, 4.5], "rotation": 180, "texture": "#ore", "cullface": "north"},
				"down": {"uv": [5, 6, 6, 6.5], "rotation": 180, "texture": "#ore", "cullface": "north"}
			}
		},
		{
			"from": [9, 7, -0.4],
			"to": [10, 9, 0.1],
			"rotation": {"angle": 0, "axis": "y", "origin": [8, 8, 8]},
			"faces": {
				"north": {"uv": [6, 7, 7, 9], "texture": "#ore", "cullface": "north"},
				"east": {"uv": [6, 7, 6.5, 9], "texture": "#ore", "cullface": "north"},
				"west": {"uv": [6, 7, 6.5, 9], "texture": "#ore", "cullface": "north"},
				"down": {"uv": [6, 8, 7, 8.5], "rotation": 180, "texture": "#ore", "cullface": "north"}
			}
		},
		{
			"from": [11, 10, -0.25],
			"to": [12, 11, 0],
			"rotation": {"angle": 0, "axis": "y", "origin": [8, 8, 8]},
			"faces": {
				"north": {"uv": [4, 5, 5, 6], "texture": "#ore", "cullface": "north"},
				"east": {"uv": [4, 5, 4.5, 6], "texture": "#ore", "cullface": "north"},
				"up": {"uv": [4, 5, 5, 5.5], "rotation": 180, "texture": "#ore", "cullface": "north"},
				"down": {"uv": [4, 5, 5, 5.5], "rotation": 180, "texture": "#ore", "cullface": "north"}
			}
		},
		{
			"from": [1, 8, -0.4],
			"to": [3, 9, 0.1],
			"rotation": {"angle": 0, "axis": "y", "origin": [8, 8, 8]},
			"faces": {
				"north": {"uv": [13, 7, 15, 8], "texture": "#ore", "cullface": "north"},
				"east": {"uv": [13, 7, 13.5, 8], "texture": "#ore", "cullface": "north"},
				"west": {"uv": [14, 7, 14.5, 8], "texture": "#ore", "cullface": "north"},
				"up": {"uv": [13, 7, 15, 7.5], "rotation": 180, "texture": "#ore", "cullface": "north"},
				"down": {"uv": [13, 7, 15, 7.5], "rotation": 180, "texture": "#ore", "cullface": "north"}
			}
		},
		{
			"from": [2, 11, -0.4],
			"to": [4, 13, 0.1],
			"rotation": {"angle": 0, "axis": "y", "origin": [8, 8, 8]},
			"faces": {
				"north": {"uv": [12, 3, 14, 5], "texture": "#ore", "cullface": "north"},
				"east": {"uv": [12, 3, 12.5, 5], "texture": "#ore", "cullface": "north"},
				"west": {"uv": [13, 3, 13.5, 5], "texture": "#ore", "cullface": "north"},
				"up": {"uv": [12, 3, 14, 3.5], "rotation": 180, "texture": "#ore", "cullface": "north"},
				"down": {"uv": [12, 4, 14, 4.5], "rotation": 180, "texture": "#ore", "cullface": "north"}
			}
		},
		{
			"from": [1, 12, -0.4],
			"to": [3, 14, 0.1],
			"rotation": {"angle": 0, "axis": "y", "origin": [8, 8, 8]},
			"faces": {
				"north": {"uv": [13, 2, 15, 4], "texture": "#ore", "cullface": "north"},
				"east": {"uv": [13, 2, 13.5, 4], "texture": "#ore", "cullface": "north"},
				"west": {"uv": [14, 2, 14.5, 4], "texture": "#ore", "cullface": "north"},
				"up": {"uv": [13, 2, 15, 2.5], "rotation": 180, "texture": "#ore", "cullface": "north"},
				"down": {"uv": [13, 3, 15, 3.5], "rotation": 180, "texture": "#ore", "cullface": "north"}
			}
		},
		{
			"from": [11, 14, -0.25],
			"to": [12, 15, 0],
			"rotation": {"angle": 0, "axis": "y", "origin": [8, 8, 8]},
			"faces": {
				"north": {"uv": [4, 1, 5, 2], "texture": "#ore", "cullface": "north"},
				"east": {"uv": [4, 1, 5, 2], "texture": "#ore", "cullface": "north"},
				"west": {"uv": [4, 1, 5, 2], "texture": "#ore", "cullface": "north"},
				"up": {"uv": [4, 1, 5, 2], "texture": "#ore", "cullface": "north"},
				"down": {"uv": [4, 1, 5, 2], "texture": "#ore", "cullface": "north"}
			}
		},
		{
			"from": [8, 3, -0.25],
			"to": [9, 4, 0],
			"rotation": {"angle": 0, "axis": "y", "origin": [8, 8, 8]},
			"faces": {
				"north": {"uv": [7, 12, 8, 13], "texture": "#ore", "cullface": "north"},
				"east": {"uv": [7, 12, 8, 13], "texture": "#ore", "cullface": "north"},
				"west": {"uv": [7, 12, 8, 13], "texture": "#ore", "cullface": "north"},
				"up": {"uv": [7, 12, 8, 13], "texture": "#ore", "cullface": "north"},
				"down": {"uv": [7, 12, 8, 13], "texture": "#ore", "cullface": "north"}
			}
		},
		{
			"from": [-0.5, 2, 1],
			"to": [0, 3, 6],
			"rotation": {"angle": 0, "axis": "y", "origin": [8, 8, 8]},
			"faces": {
				"north": {"uv": [1, 13, 1.5, 14], "texture": "#ore", "cullface": "west"},
				"south": {"uv": [5, 13, 5.5, 14], "texture": "#ore", "cullface": "west"},
				"west": {"uv": [1, 13, 6, 14], "texture": "#ore", "cullface": "west"},
				"up": {"uv": [1, 13, 6, 13.5], "rotation": 90, "texture": "#ore", "cullface": "west"},
				"down": {"uv": [1, 13, 6, 13.5], "rotation": 270, "texture": "#ore", "cullface": "west"}
			}
		},
		{
			"from": [-0.4, 3, 2],
			"to": [0.1, 4, 5],
			"rotation": {"angle": 0, "axis": "y", "origin": [8, 8, 8]},
			"faces": {
				"north": {"uv": [2, 12, 2.5, 13], "texture": "#ore", "cullface": "west"},
				"south": {"uv": [4, 12, 4.5, 13], "texture": "#ore", "cullface": "west"},
				"west": {"uv": [2, 12, 5, 13], "texture": "#ore", "cullface": "west"},
				"up": {"uv": [2, 12, 5, 12.5], "rotation": 90, "texture": "#ore", "cullface": "west"}
			}
		},
		{
			"from": [-0.4, 1, 3],
			"to": [0.1, 2, 5],
			"rotation": {"angle": 0, "axis": "y", "origin": [8, 8, 8]},
			"faces": {
				"north": {"uv": [3, 14, 3.5, 15], "texture": "#ore", "cullface": "west"},
				"south": {"uv": [4, 14, 4.5, 15], "texture": "#ore", "cullface": "west"},
				"west": {"uv": [3, 14, 5, 15], "texture": "#ore", "cullface": "west"},
				"down": {"uv": [3, 14, 5, 14.5], "rotation": 270, "texture": "#ore", "cullface": "west"}
			}
		},
		{
			"from": [-0.5, 4, 9],
			"to": [0, 5, 15],
			"rotation": {"angle": 0, "axis": "y", "origin": [8, 8, 8]},
			"faces": {
				"north": {"uv": [9, 11, 9.5, 12], "texture": "#ore", "cullface": "west"},
				"south": {"uv": [14, 11, 14.5, 12], "texture": "#ore", "cullface": "west"},
				"west": {"uv": [9, 11, 15, 12], "texture": "#ore", "cullface": "west"},
				"up": {"uv": [9, 11, 15, 11.5], "rotation": 90, "texture": "#ore", "cullface": "west"},
				"down": {"uv": [9, 11, 15, 11.5], "rotation": 270, "texture": "#ore", "cullface": "west"}
			}
		},
		{
			"from": [-0.4, 5, 10],
			"to": [0.1, 6, 13],
			"rotation": {"angle": 0, "axis": "y", "origin": [8, 8, 8]},
			"faces": {
				"north": {"uv": [10, 10, 10.5, 11], "texture": "#ore", "cullface": "west"},
				"south": {"uv": [12, 10, 12.5, 11], "texture": "#ore", "cullface": "west"},
				"west": {"uv": [10, 10, 13, 11], "texture": "#ore", "cullface": "west"},
				"up": {"uv": [10, 10, 13, 10.5], "rotation": 90, "texture": "#ore", "cullface": "west"}
			}
		},
		{
			"from": [-0.5, 2, 10],
			"to": [0, 4, 12],
			"rotation": {"angle": 0, "axis": "y", "origin": [8, 8, 8]},
			"faces": {
				"north": {"uv": [10, 12, 10.5, 14], "texture": "#ore", "cullface": "west"},
				"south": {"uv": [11, 12, 11.5, 14], "texture": "#ore", "cullface": "west"},
				"west": {"uv": [10, 12, 12, 14], "texture": "#ore", "cullface": "west"},
				"down": {"uv": [10, 13, 12, 13.5], "rotation": 270, "texture": "#ore", "cullface": "west"}
			}
		},
		{
			"from": [-0.4, 3, 12],
			"to": [0.1, 4, 13],
			"rotation": {"angle": 0, "axis": "y", "origin": [8, 8, 8]},
			"faces": {
				"south": {"uv": [12, 12, 12.5, 13], "texture": "#ore", "cullface": "west"},
				"west": {"uv": [12, 12, 13, 13], "texture": "#ore", "cullface": "west"},
				"down": {"uv": [12, 12, 13, 12.5], "rotation": 270, "texture": "#ore", "cullface": "west"}
			}
		},
		{
			"from": [-0.4, 1, 14],
			"to": [0.1, 2, 15],
			"rotation": {"angle": 0, "axis": "y", "origin": [8, 8, 8]},
			"faces": {
				"north": {"uv": [14, 14, 15, 15], "texture": "#ore", "cullface": "west"},
				"south": {"uv": [14, 14, 15, 15], "texture": "#ore", "cullface": "west"},
				"west": {"uv": [14, 14, 15, 15], "texture": "#ore", "cullface": "west"},
				"up": {"uv": [14, 14, 15, 15], "rotation": 270, "texture": "#ore", "cullface": "west"},
				"down": {"uv": [14, 14, 15, 15], "rotation": 90, "texture": "#ore", "cullface": "west"}
			}
		},
		{
			"from": [-0.4, 6, 2],
			"to": [0.1, 8, 4],
			"rotation": {"angle": 0, "axis": "y", "origin": [8, 8, 8]},
			"faces": {
				"north": {"uv": [2, 8, 2.5, 10], "texture": "#ore", "cullface": "west"},
				"south": {"uv": [3, 8, 3.5, 10], "texture": "#ore", "cullface": "west"},
				"west": {"uv": [2, 8, 4, 10], "texture": "#ore", "cullface": "west"},
				"up": {"uv": [2, 8, 4, 8.5], "rotation": 90, "texture": "#ore", "cullface": "west"},
				"down": {"uv": [2, 9, 4, 9.5], "rotation": 270, "texture": "#ore", "cullface": "west"}
			}
		},
		{
			"from": [-0.5, 9, 6],
			"to": [0, 13, 9],
			"rotation": {"angle": 0, "axis": "y", "origin": [8, 8, 8]},
			"faces": {
				"north": {"uv": [6, 3, 6.5, 7], "texture": "#ore", "cullface": "west"},
				"south": {"uv": [8, 3, 8.5, 7], "texture": "#ore", "cullface": "west"},
				"west": {"uv": [6, 3, 9, 7], "texture": "#ore", "cullface": "west"},
				"up": {"uv": [6, 3, 9, 3.5], "rotation": 90, "texture": "#ore", "cullface": "west"},
				"down": {"uv": [6, 6, 9, 6.5], "rotation": 270, "texture": "#ore", "cullface": "west"}
			}
		},
		{
			"from": [-0.4, 13, 7],
			"to": [0.1, 14, 8],
			"rotation": {"angle": 0, "axis": "y", "origin": [8, 8, 8]},
			"faces": {
				"north": {"uv": [7, 2, 8, 3], "texture": "#ore", "cullface": "west"},
				"south": {"uv": [7, 2, 8, 3], "texture": "#ore", "cullface": "west"},
				"west": {"uv": [7, 2, 8, 3], "texture": "#ore", "cullface": "west"},
				"up": {"uv": [7, 2, 8, 3], "rotation": 270, "texture": "#ore", "cullface": "west"}
			}
		},
		{
			"from": [-0.4, 9, 5],
			"to": [0.1, 12, 6],
			"rotation": {"angle": 0, "axis": "y", "origin": [8, 8, 8]},
			"faces": {
				"north": {"uv": [5, 4, 5.5, 7], "texture": "#ore", "cullface": "west"},
				"west": {"uv": [5, 4, 6, 7], "texture": "#ore", "cullface": "west"},
				"up": {"uv": [5, 4, 6, 4.5], "rotation": 90, "texture": "#ore", "cullface": "west"},
				"down": {"uv": [5, 6, 6, 6.5], "rotation": 270, "texture": "#ore", "cullface": "west"}
			}
		},
		{
			"from": [-0.4, 7, 6],
			"to": [0.1, 9, 7],
			"rotation": {"angle": 0, "axis": "y", "origin": [8, 8, 8]},
			"faces": {
				"north": {"uv": [6, 7, 6.5, 9], "texture": "#ore", "cullface": "west"},
				"south": {"uv": [6, 7, 6.5, 9], "texture": "#ore", "cullface": "west"},
				"west": {"uv": [6, 7, 7, 9], "texture": "#ore", "cullface": "west"},
				"down": {"uv": [6, 8, 7, 8.5], "rotation": 270, "texture": "#ore", "cullface": "west"}
			}
		},
		{
			"from": [-0.25, 10, 4],
			"to": [0, 11, 5],
			"rotation": {"angle": 0, "axis": "y", "origin": [8, 8, 8]},
			"faces": {
				"north": {"uv": [4, 5, 4.5, 6], "texture": "#ore", "cullface": "west"},
				"west": {"uv": [4, 5, 5, 6], "texture": "#ore", "cullface": "west"},
				"up": {"uv": [4, 5, 5, 5.5], "rotation": 90, "texture": "#ore", "cullface": "west"},
				"down": {"uv": [4, 5, 5, 5.5], "rotation": 270, "texture": "#ore", "cullface": "west"}
			}
		},
		{
			"from": [-0.4, 8, 13],
			"to": [0.1, 9, 15],
			"rotation": {"angle": 0, "axis": "y", "origin": [8, 8, 8]},
			"faces": {
				"north": {"uv": [13, 7, 13.5, 8], "texture": "#ore", "cullface": "west"},
				"south": {"uv": [14, 7, 14.5, 8], "texture": "#ore", "cullface": "west"},
				"west": {"uv": [13, 7, 15, 8], "texture": "#ore", "cullface": "west"},
				"up": {"uv": [13, 7, 15, 7.5], "rotation": 90, "texture": "#ore", "cullface": "west"},
				"down": {"uv": [13, 7, 15, 7.5], "rotation": 270, "texture": "#ore", "cullface": "west"}
			}
		},
		{
			"from": [-0.4, 11, 12],
			"to": [0.1, 13, 14],
			"rotation": {"angle": 0, "axis": "y", "origin": [8, 8, 8]},
			"faces": {
				"north": {"uv": [12, 3, 12.5, 5], "texture": "#ore", "cullface": "west"},
				"south": {"uv": [13, 3, 13.5, 5], "texture": "#ore", "cullface": "west"},
				"west": {"uv": [12, 3, 14, 5], "texture": "#ore", "cullface": "west"},
				"up": {"uv": [12, 3, 14, 3.5], "rotation": 90, "texture": "#ore", "cullface": "west"},
				"down": {"uv": [12, 4, 14, 4.5], "rotation": 270, "texture": "#ore", "cullface": "west"}
			}
		},
		{
			"from": [-0.4, 12, 13],
			"to": [0.1, 14, 15],
			"rotation": {"angle": 0, "axis": "y", "origin": [8, 8, 8]},
			"faces": {
				"north": {"uv": [13, 2, 13.5, 4], "texture": "#ore", "cullface": "west"},
				"south": {"uv": [14, 2, 14.5, 4], "texture": "#ore", "cullface": "west"},
				"west": {"uv": [13, 2, 15, 4], "texture": "#ore", "cullface": "west"},
				"up": {"uv": [13, 2, 15, 2.5], "rotation": 90, "texture": "#ore", "cullface": "west"},
				"down": {"uv": [13, 3, 15, 3.5], "rotation": 270, "texture": "#ore", "cullface": "west"}
			}
		},
		{
			"from": [-0.25, 14, 4],
			"to": [0, 15, 5],
			"rotation": {"angle": 0, "axis": "y", "origin": [8, 8, 8]},
			"faces": {
				"north": {"uv": [4, 1, 5, 2], "texture": "#ore", "cullface": "west"},
				"south": {"uv": [4, 1, 5, 2], "texture": "#ore", "cullface": "west"},
				"west": {"uv": [4, 1, 5, 2], "texture": "#ore", "cullface": "west"},
				"up": {"uv": [4, 1, 5, 2], "rotation": 270, "texture": "#ore", "cullface": "west"},
				"down": {"uv": [4, 1, 5, 2], "rotation": 90, "texture": "#ore", "cullface": "west"}
			}
		},
		{
			"from": [-0.25, 3, 7],
			"to": [0, 4, 8],
			"rotation": {"angle": 0, "axis": "y", "origin": [8, 8, 8]},
			"faces": {
				"north": {"uv": [7, 12, 8, 13], "texture": "#ore", "cullface": "west"},
				"south": {"uv": [7, 12, 8, 13], "texture": "#ore", "cullface": "west"},
				"west": {"uv": [7, 12, 8, 13], "texture": "#ore", "cullface": "west"},
				"up": {"uv": [7, 12, 8, 13], "rotation": 270, "texture": "#ore", "cullface": "west"},
				"down": {"uv": [7, 12, 8, 13], "rotation": 90, "texture": "#ore", "cullface": "west"}
			}
		},
		{
			"from": [1, 2, 16],
			"to": [6, 3, 16.5],
			"rotation": {"angle": 0, "axis": "y", "origin": [8, 8, 8]},
			"faces": {
				"east": {"uv": [5, 13, 5.5, 14], "texture": "#ore", "cullface": "south"},
				"south": {"uv": [1, 13, 6, 14], "texture": "#ore", "cullface": "south"},
				"west": {"uv": [1, 13, 1.5, 14], "texture": "#ore", "cullface": "south"},
				"up": {"uv": [1, 13, 6, 13.5], "texture": "#ore", "cullface": "south"},
				"down": {"uv": [1, 13, 6, 13.5], "texture": "#ore", "cullface": "south"}
			}
		},
		{
			"from": [2, 3, 15.9],
			"to": [5, 4, 16.4],
			"rotation": {"angle": 0, "axis": "y", "origin": [8, 8, 8]},
			"faces": {
				"east": {"uv": [4, 12, 4.5, 13], "texture": "#ore", "cullface": "south"},
				"south": {"uv": [2, 12, 5, 13], "texture": "#ore", "cullface": "south"},
				"west": {"uv": [2, 12, 2.5, 13], "texture": "#ore", "cullface": "south"},
				"up": {"uv": [2, 12, 5, 12.5], "texture": "#ore", "cullface": "south"}
			}
		},
		{
			"from": [3, 1, 15.9],
			"to": [5, 2, 16.4],
			"rotation": {"angle": 0, "axis": "y", "origin": [8, 8, 8]},
			"faces": {
				"east": {"uv": [4, 14, 4.5, 15], "texture": "#ore", "cullface": "south"},
				"south": {"uv": [3, 14, 5, 15], "texture": "#ore", "cullface": "south"},
				"west": {"uv": [3, 14, 3.5, 15], "texture": "#ore", "cullface": "south"},
				"down": {"uv": [3, 14, 5, 14.5], "texture": "#ore", "cullface": "south"}
			}
		},
		{
			"from": [9, 4, 16],
			"to": [15, 5, 16.5],
			"rotation": {"angle": 0, "axis": "y", "origin": [8, 8, 8]},
			"faces": {
				"east": {"uv": [14, 11, 14.5, 12], "texture": "#ore", "cullface": "south"},
				"south": {"uv": [9, 11, 15, 12], "texture": "#ore", "cullface": "south"},
				"west": {"uv": [9, 11, 9.5, 12], "texture": "#ore", "cullface": "south"},
				"up": {"uv": [9, 11, 15, 11.5], "texture": "#ore", "cullface": "south"},
				"down": {"uv": [9, 11, 15, 11.5], "texture": "#ore", "cullface": "south"}
			}
		},
		{
			"from": [10, 5, 15.9],
			"to": [13, 6, 16.4],
			"rotation": {"angle": 0, "axis": "y", "origin": [8, 8, 8]},
			"faces": {
				"east": {"uv": [12, 10, 12.5, 11], "texture": "#ore", "cullface": "south"},
				"south": {"uv": [10, 10, 13, 11], "texture": "#ore", "cullface": "south"},
				"west": {"uv": [10, 10, 10.5, 11], "texture": "#ore", "cullface": "south"},
				"up": {"uv": [10, 10, 13, 10.5], "texture": "#ore", "cullface": "south"}
			}
		},
		{
			"from": [10, 2, 16],
			"to": [12, 4, 16.5],
			"rotation": {"angle": 0, "axis": "y", "origin": [8, 8, 8]},
			"faces": {
				"east": {"uv": [11, 12, 11.5, 14], "texture": "#ore", "cullface": "south"},
				"south": {"uv": [10, 12, 12, 14], "texture": "#ore", "cullface": "south"},
				"west": {"uv": [10, 12, 10.5, 14], "texture": "#ore", "cullface": "south"},
				"down": {"uv": [10, 13, 12, 13.5], "texture": "#ore", "cullface": "south"}
			}
		},
		{
			"from": [12, 3, 15.9],
			"to": [13, 4, 16.4],
			"rotation": {"angle": 0, "axis": "y", "origin": [8, 8, 8]},
			"faces": {
				"east": {"uv": [12, 12, 12.5, 13], "texture": "#ore", "cullface": "south"},
				"south": {"uv": [12, 12, 13, 13], "texture": "#ore", "cullface": "south"},
				"down": {"uv": [12, 12, 13, 12.5], "texture": "#ore", "cullface": "south"}
			}
		},
		{
			"from": [14, 1, 15.9],
			"to": [15, 2, 16.4],
			"rotation": {"angle": 0, "axis": "y", "origin": [8, 8, 8]},
			"faces": {
				"east": {"uv": [14, 14, 15, 15], "texture": "#ore", "cullface": "south"},
				"south": {"uv": [14, 14, 15, 15], "texture": "#ore", "cullface": "south"},
				"west": {"uv": [14, 14, 15, 15], "texture": "#ore", "cullface": "south"},
				"up": {"uv": [14, 14, 15, 15], "rotation": 180, "texture": "#ore", "cullface": "south"},
				"down": {"uv": [14, 14, 15, 15], "rotation": 180, "texture": "#ore", "cullface": "south"}
			}
		},
		{
			"from": [2, 6, 15.9],
			"to": [4, 8, 16.4],
			"rotation": {"angle": 0, "axis": "y", "origin": [8, 8, 8]},
			"faces": {
				"east": {"uv": [3, 8, 3.5, 10], "texture": "#ore", "cullface": "south"},
				"south": {"uv": [2, 8, 4, 10], "texture": "#ore", "cullface": "south"},
				"west": {"uv": [2, 8, 2.5, 10], "texture": "#ore", "cullface": "south"},
				"up": {"uv": [2, 8, 4, 8.5], "texture": "#ore", "cullface": "south"},
				"down": {"uv": [2, 9, 4, 9.5], "texture": "#ore", "cullface": "south"}
			}
		},
		{
			"from": [6, 9, 16],
			"to": [9, 13, 16.5],
			"rotation": {"angle": 0, "axis": "y", "origin": [8, 8, 8]},
			"faces": {
				"east": {"uv": [8, 3, 8.5, 7], "texture": "#ore", "cullface": "south"},
				"south": {"uv": [6, 3, 9, 7], "texture": "#ore", "cullface": "south"},
				"west": {"uv": [6, 3, 6.5, 7], "texture": "#ore", "cullface": "south"},
				"up": {"uv": [6, 3, 9, 3.5], "texture": "#ore", "cullface": "south"},
				"down": {"uv": [6, 6, 9, 6.5], "texture": "#ore", "cullface": "south"}
			}
		},
		{
			"from": [7, 13, 15.9],
			"to": [8, 14, 16.4],
			"rotation": {"angle": 0, "axis": "y", "origin": [8, 8, 8]},
			"faces": {
				"east": {"uv": [7, 2, 8, 3], "texture": "#ore", "cullface": "south"},
				"south": {"uv": [7, 2, 8, 3], "texture": "#ore", "cullface": "south"},
				"west": {"uv": [7, 2, 8, 3], "texture": "#ore", "cullface": "south"},
				"up": {"uv": [7, 2, 8, 3], "rotation": 180, "texture": "#ore", "cullface": "south"}
			}
		},
		{
			"from": [5, 9, 15.9],
			"to": [6, 12, 16.4],
			"rotation": {"angle": 0, "axis": "y", "origin": [8, 8, 8]},
			"faces": {
				"south": {"uv": [5, 4, 6, 7], "texture": "#ore", "cullface": "south"},
				"west": {"uv": [5, 4, 5.5, 7], "texture": "#ore", "cullface": "south"},
				"up": {"uv": [5, 4, 6, 4.5], "texture": "#ore", "cullface": "south"},
				"down": {"uv": [5, 6, 6, 6.5], "texture": "#ore", "cullface": "south"}
			}
		},
		{
			"from": [6, 7, 15.9],
			"to": [7, 9, 16.4],
			"rotation": {"angle": 0, "axis": "y", "origin": [8, 8, 8]},
			"faces": {
				"east": {"uv": [6, 7, 6.5, 9], "texture": "#ore", "cullface": "south"},
				"south": {"uv": [6, 7, 7, 9], "texture": "#ore", "cullface": "south"},
				"west": {"uv": [6, 7, 6.5, 9], "texture": "#ore", "cullface": "south"},
				"down": {"uv": [6, 8, 7, 8.5], "texture": "#ore", "cullface": "south"}
			}
		},
		{
			"from": [4, 10, 16],
			"to": [5, 11, 16.25],
			"rotation": {"angle": 0, "axis": "y", "origin": [8, 8, 8]},
			"faces": {
				"south": {"uv": [4, 5, 5, 6], "texture": "#ore", "cullface": "south"},
				"west": {"uv": [4, 5, 4.5, 6], "texture": "#ore", "cullface": "south"},
				"up": {"uv": [4, 5, 5, 5.5], "texture": "#ore", "cullface": "south"},
				"down": {"uv": [4, 5, 5, 5.5], "texture": "#ore", "cullface": "south"}
			}
		},
		{
			"from": [13, 8, 15.9],
			"to": [15, 9, 16.4],
			"rotation": {"angle": 0, "axis": "y", "origin": [8, 8, 8]},
			"faces": {
				"east": {"uv": [14, 7, 14.5, 8], "texture": "#ore", "cullface": "south"},
				"south": {"uv": [13, 7, 15, 8], "texture": "#ore", "cullface": "south"},
				"west": {"uv": [13, 7, 13.5, 8], "texture": "#ore", "cullface": "south"},
				"up": {"uv": [13, 7, 15, 7.5], "texture": "#ore", "cullface": "south"},
				"down": {"uv": [13, 7, 15, 7.5], "texture": "#ore", "cullface": "south"}
			}
		},
		{
			"from": [12, 11, 15.9],
			"to": [14, 13, 16.4],
			"rotation": {"angle": 0, "axis": "y", "origin": [8, 8, 8]},
			"faces": {
				"east": {"uv": [13, 3, 13.5, 5], "texture": "#ore", "cullface": "south"},
				"south": {"uv": [12, 3, 14, 5], "texture": "#ore", "cullface": "south"},
				"west": {"uv": [12, 3, 12.5, 5], "texture": "#ore", "cullface": "south"},
				"up": {"uv": [12, 3, 14, 3.5], "texture": "#ore", "cullface": "south"},
				"down": {"uv": [12, 4, 14, 4.5], "texture": "#ore", "cullface": "south"}
			}
		},
		{
			"from": [13, 12, 15.9],
			"to": [15, 14, 16.4],
			"rotation": {"angle": 0, "axis": "y", "origin": [8, 8, 8]},
			"faces": {
				"east": {"uv": [14, 2, 14.5, 4], "texture": "#ore", "cullface": "south"},
				"south": {"uv": [13, 2, 15, 4], "texture": "#ore", "cullface": "south"},
				"west": {"uv": [13, 2, 13.5, 4], "texture": "#ore", "cullface": "south"},
				"up": {"uv": [13, 2, 15, 2.5], "texture": "#ore", "cullface": "south"},
				"down": {"uv": [13, 3, 15, 3.5], "texture": "#ore", "cullface": "south"}
			}
		},
		{
			"from": [4, 14, 16],
			"to": [5, 15, 16.25],
			"rotation": {"angle": 0, "axis": "y", "origin": [8, 8, 8]},
			"faces": {
				"east": {"uv": [4, 1, 5, 2], "texture": "#ore", "cullface": "south"},
				"south": {"uv": [4, 1, 5, 2], "texture": "#ore", "cullface": "south"},
				"west": {"uv": [4, 1, 5, 2], "texture": "#ore", "cullface": "south"},
				"up": {"uv": [4, 1, 5, 2], "rotation": 180, "texture": "#ore", "cullface": "south"},
				"down": {"uv": [4, 1, 5, 2], "rotation": 180, "texture": "#ore", "cullface": "south"}
			}
		},
		{
			"from": [7, 3, 16],
			"to": [8, 4, 16.25],
			"rotation": {"angle": 0, "axis": "y", "origin": [8, 8, 8]},
			"faces": {
				"east": {"uv": [7, 12, 8, 13], "texture": "#ore", "cullface": "south"},
				"south": {"uv": [7, 12, 8, 13], "texture": "#ore", "cullface": "south"},
				"west": {"uv": [7, 12, 8, 13], "texture": "#ore", "cullface": "south"},
				"up": {"uv": [7, 12, 8, 13], "rotation": 180, "texture": "#ore", "cullface": "south"},
				"down": {"uv": [7, 12, 8, 13], "rotation": 180, "texture": "#ore", "cullface": "south"}
			}
		},
		{
			"from": [16, 2, 10],
			"to": [16.5, 3, 15],
			"rotation": {"angle": 0, "axis": "y", "origin": [8, 8, 8]},
			"faces": {
				"north": {"uv": [5, 13, 5.5, 14], "texture": "#ore", "cullface": "east"},
				"east": {"uv": [1, 13, 6, 14], "texture": "#ore", "cullface": "east"},
				"south": {"uv": [1, 13, 1.5, 14], "texture": "#ore", "cullface": "east"},
				"up": {"uv": [1, 13, 6, 13.5], "rotation": 270, "texture": "#ore", "cullface": "east"},
				"down": {"uv": [1, 13, 6, 13.5], "rotation": 90, "texture": "#ore", "cullface": "east"}
			}
		},
		{
			"from": [15.9, 3, 11],
			"to": [16.4, 4, 14],
			"rotation": {"angle": 0, "axis": "y", "origin": [8, 8, 8]},
			"faces": {
				"north": {"uv": [4, 12, 4.5, 13], "texture": "#ore", "cullface": "east"},
				"east": {"uv": [2, 12, 5, 13], "texture": "#ore", "cullface": "east"},
				"south": {"uv": [2, 12, 2.5, 13], "texture": "#ore", "cullface": "east"},
				"up": {"uv": [2, 12, 5, 12.5], "rotation": 270, "texture": "#ore", "cullface": "east"}
			}
		},
		{
			"from": [15.9, 1, 11],
			"to": [16.4, 2, 13],
			"rotation": {"angle": 0, "axis": "y", "origin": [8, 8, 8]},
			"faces": {
				"north": {"uv": [4, 14, 4.5, 15], "texture": "#ore", "cullface": "east"},
				"east": {"uv": [3, 14, 5, 15], "texture": "#ore", "cullface": "east"},
				"south": {"uv": [3, 14, 3.5, 15], "texture": "#ore", "cullface": "east"},
				"down": {"uv": [3, 14, 5, 14.5], "rotation": 90, "texture": "#ore", "cullface": "east"}
			}
		},
		{
			"from": [16, 4, 1],
			"to": [16.5, 5, 7],
			"rotation": {"angle": 0, "axis": "y", "origin": [8, 8, 8]},
			"faces": {
				"north": {"uv": [14, 11, 14.5, 12], "texture": "#ore", "cullface": "east"},
				"east": {"uv": [9, 11, 15, 12], "texture": "#ore", "cullface": "east"},
				"south": {"uv": [9, 11, 9.5, 12], "texture": "#ore", "cullface": "east"},
				"up": {"uv": [9, 11, 15, 11.5], "rotation": 270, "texture": "#ore", "cullface": "east"},
				"down": {"uv": [9, 11, 15, 11.5], "rotation": 90, "texture": "#ore", "cullface": "east"}
			}
		},
		{
			"from": [15.9, 5, 3],
			"to": [16.4, 6, 6],
			"rotation": {"angle": 0, "axis": "y", "origin": [8, 8, 8]},
			"faces": {
				"north": {"uv": [12, 10, 12.5, 11], "texture": "#ore", "cullface": "east"},
				"east": {"uv": [10, 10, 13, 11], "texture": "#ore", "cullface": "east"},
				"south": {"uv": [10, 10, 10.5, 11], "texture": "#ore", "cullface": "east"},
				"up": {"uv": [10, 10, 13, 10.5], "rotation": 270, "texture": "#ore", "cullface": "east"}
			}
		},
		{
			"from": [16, 2, 4],
			"to": [16.5, 4, 6],
			"rotation": {"angle": 0, "axis": "y", "origin": [8, 8, 8]},
			"faces": {
				"north": {"uv": [11, 12, 11.5, 14], "texture": "#ore", "cullface": "east"},
				"east": {"uv": [10, 12, 12, 14], "texture": "#ore", "cullface": "east"},
				"south": {"uv": [10, 12, 10.5, 14], "texture": "#ore", "cullface": "east"},
				"down": {"uv": [10, 13, 12, 13.5], "rotation": 90, "texture": "#ore", "cullface": "east"}
			}
		},
		{
			"from": [15.9, 3, 3],
			"to": [16.4, 4, 4],
			"rotation": {"angle": 0, "axis": "y", "origin": [8, 8, 8]},
			"faces": {
				"north": {"uv": [12, 12, 12.5, 13], "texture": "#ore", "cullface": "east"},
				"east": {"uv": [12, 12, 13, 13], "texture": "#ore", "cullface": "east"},
				"down": {"uv": [12, 12, 13, 12.5], "rotation": 90, "texture": "#ore", "cullface": "east"}
			}
		},
		{
			"from": [15.9, 1, 1],
			"to": [16.4, 2, 2],
			"rotation": {"angle": 0, "axis": "y", "origin": [8, 8, 8]},
			"faces": {
				"north": {"uv": [14, 14, 15, 15], "texture": "#ore", "cullface": "east"},
				"east": {"uv": [14, 14, 15, 15], "texture": "#ore", "cullface": "east"},
				"south": {"uv": [14, 14, 15, 15], "texture": "#ore", "cullface": "east"},
				"up": {"uv": [14, 14, 15, 15], "rotation": 90, "texture": "#ore", "cullface": "east"},
				"down": {"uv": [14, 14, 15, 15], "rotation": 270, "texture": "#ore", "cullface": "east"}
			}
		},
		{
			"from": [15.9, 6, 12],
			"to": [16.4, 8, 14],
			"rotation": {"angle": 0, "axis": "y", "origin": [8, 8, 8]},
			"faces": {
				"north": {"uv": [3, 8, 3.5, 10], "texture": "#ore", "cullface": "east"},
				"east": {"uv": [2, 8, 4, 10], "texture": "#ore", "cullface": "east"},
				"south": {"uv": [2, 8, 2.5, 10], "texture": "#ore", "cullface": "east"},
				"up": {"uv": [2, 8, 4, 8.5], "rotation": 270, "texture": "#ore", "cullface": "east"},
				"down": {"uv": [2, 9, 4, 9.5], "rotation": 90, "texture": "#ore", "cullface": "east"}
			}
		},
		{
			"from": [16, 9, 7],
			"to": [16.5, 13, 10],
			"rotation": {"angle": 0, "axis": "y", "origin": [8, 8, 8]},
			"faces": {
				"north": {"uv": [8, 3, 8.5, 7], "texture": "#ore", "cullface": "east"},
				"east": {"uv": [6, 3, 9, 7], "texture": "#ore", "cullface": "east"},
				"south": {"uv": [6, 3, 6.5, 7], "texture": "#ore", "cullface": "east"},
				"up": {"uv": [6, 3, 9, 3.5], "rotation": 270, "texture": "#ore", "cullface": "east"},
				"down": {"uv": [6, 6, 9, 6.5], "rotation": 90, "texture": "#ore", "cullface": "east"}
			}
		},
		{
			"from": [15.9, 13, 8],
			"to": [16.4, 14, 9],
			"rotation": {"angle": 0, "axis": "y", "origin": [8, 8, 8]},
			"faces": {
				"north": {"uv": [7, 2, 8, 3], "texture": "#ore", "cullface": "east"},
				"east": {"uv": [7, 2, 8, 3], "texture": "#ore", "cullface": "east"},
				"south": {"uv": [7, 2, 8, 3], "texture": "#ore", "cullface": "east"},
				"up": {"uv": [7, 2, 8, 3], "rotation": 90, "texture": "#ore", "cullface": "east"}
			}
		},
		{
			"from": [15.9, 9, 10],
			"to": [16.4, 12, 11],
			"rotation": {"angle": 0, "axis": "y", "origin": [8, 8, 8]},
			"faces": {
				"east": {"uv": [5, 4, 6, 7], "texture": "#ore", "cullface": "east"},
				"south": {"uv": [5, 4, 5.5, 7], "texture": "#ore", "cullface": "east"},
				"up": {"uv": [5, 4, 6, 4.5], "rotation": 270, "texture": "#ore", "cullface": "east"},
				"down": {"uv": [5, 6, 6, 6.5], "rotation": 90, "texture": "#ore", "cullface": "east"}
			}
		},
		{
			"from": [15.9, 7, 9],
			"to": [16.4, 9, 10],
			"rotation": {"angle": 0, "axis": "y", "origin": [8, 8, 8]},
			"faces": {
				"north": {"uv": [6, 7, 6.5, 9], "texture": "#ore", "cullface": "east"},
				"east": {"uv": [6, 7, 7, 9], "texture": "#ore", "cullface": "east"},
				"south": {"uv": [6, 7, 6.5, 9], "texture": "#ore", "cullface": "east"},
				"down": {"uv": [6, 8, 7, 8.5], "rotation": 90, "texture": "#ore", "cullface": "east"}
			}
		},
		{
			"from": [16, 10, 11],
			"to": [16.25, 11, 12],
			"rotation": {"angle": 0, "axis": "y", "origin": [8, 8, 8]},
			"faces": {
				"east": {"uv": [4, 5, 5, 6], "texture": "#ore", "cullface": "east"},
				"south": {"uv": [4, 5, 4.5, 6], "texture": "#ore", "cullface": "east"},
				"up": {"uv": [4, 5, 5, 5.5], "rotation": 270, "texture": "#ore", "cullface": "east"},
				"down": {"uv": [4, 5, 5, 5.5], "rotation": 90, "texture": "#ore", "cullface": "east"}
			}
		},
		{
			"from": [15.9, 8, 1],
			"to": [16.4, 9, 3],
			"rotation": {"angle": 0, "axis": "y", "origin": [8, 8, 8]},
			"faces": {
				"north": {"uv": [14, 7, 14.5, 8], "texture": "#ore", "cullface": "east"},
				"east": {"uv": [13, 7, 15, 8], "texture": "#ore", "cullface": "east"},
				"south": {"uv": [13, 7, 13.5, 8], "texture": "#ore", "cullface": "east"},
				"up": {"uv": [13, 7, 15, 7.5], "rotation": 270, "texture": "#ore", "cullface": "east"},
				"down": {"uv": [13, 7, 15, 7.5], "rotation": 90, "texture": "#ore", "cullface": "east"}
			}
		},
		{
			"from": [15.9, 11, 2],
			"to": [16.4, 13, 4],
			"rotation": {"angle": 0, "axis": "y", "origin": [8, 8, 8]},
			"faces": {
				"north": {"uv": [13, 3, 13.5, 5], "texture": "#ore", "cullface": "east"},
				"east": {"uv": [12, 3, 14, 5], "texture": "#ore", "cullface": "east"},
				"south": {"uv": [12, 3, 12.5, 5], "texture": "#ore", "cullface": "east"},
				"up": {"uv": [12, 3, 14, 3.5], "rotation": 270, "texture": "#ore", "cullface": "east"},
				"down": {"uv": [12, 4, 14, 4.5], "rotation": 90, "texture": "#ore", "cullface": "east"}
			}
		},
		{
			"from": [15.9, 12, 1],
			"to": [16.4, 14, 3],
			"rotation": {"angle": 0, "axis": "y", "origin": [8, 8, 8]},
			"faces": {
				"north": {"uv": [14, 2, 14.5, 4], "texture": "#ore", "cullface": "east"},
				"east": {"uv": [13, 2, 15, 4], "texture": "#ore", "cullface": "east"},
				"south": {"uv": [13, 2, 13.5, 4], "texture": "#ore", "cullface": "east"},
				"up": {"uv": [13, 2, 15, 2.5], "rotation": 270, "texture": "#ore", "cullface": "east"},
				"down": {"uv": [13, 3, 15, 3.5], "rotation": 90, "texture": "#ore", "cullface": "east"}
			}
		},
		{
			"from": [16, 14, 11],
			"to": [16.25, 15, 12],
			"rotation": {"angle": 0, "axis": "y", "origin": [8, 8, 8]},
			"faces": {
				"north": {"uv": [4, 1, 5, 2], "texture": "#ore", "cullface": "east"},
				"east": {"uv": [4, 1, 5, 2], "texture": "#ore", "cullface": "east"},
				"south": {"uv": [4, 1, 5, 2], "texture": "#ore", "cullface": "east"},
				"up": {"uv": [4, 1, 5, 2], "rotation": 90, "texture": "#ore", "cullface": "east"},
				"down": {"uv": [4, 1, 5, 2], "rotation": 270, "texture": "#ore", "cullface": "east"}
			}
		},
		{
			"from": [16, 3, 8],
			"to": [16.25, 4, 9],
			"rotation": {"angle": 0, "axis": "y", "origin": [8, 8, 8]},
			"faces": {
				"north": {"uv": [7, 12, 8, 13], "texture": "#ore", "cullface": "east"},
				"east": {"uv": [7, 12, 8, 13], "texture": "#ore", "cullface": "east"},
				"south": {"uv": [7, 12, 8, 13], "texture": "#ore", "cullface": "east"},
				"up": {"uv": [7, 12, 8, 13], "rotation": 90, "texture": "#ore", "cullface": "east"},
				"down": {"uv": [7, 12, 8, 13], "rotation": 270, "texture": "#ore", "cullface": "east"}
			}
		},
		{
			"from": [1, 16, 13],
			"to": [6, 16.5, 14],
			"rotation": {"angle": 0, "axis": "x", "origin": [8, 8, 8]},
			"faces": {
				"north": {"uv": [1, 13, 6, 13.5], "rotation": 180, "texture": "#ore", "cullface": "up"},
				"east": {"uv": [5, 13, 5.5, 14], "rotation": 90, "texture": "#ore", "cullface": "up"},
				"south": {"uv": [1, 13, 6, 13.5], "texture": "#ore", "cullface": "up"},
				"west": {"uv": [1, 13, 1.5, 14], "rotation": 270, "texture": "#ore", "cullface": "up"},
				"up": {"uv": [1, 13, 6, 14], "texture": "#ore", "cullface": "up"}
			}
		},
		{
			"from": [2, 15.9, 12],
			"to": [5, 16.4, 13],
			"rotation": {"angle": 0, "axis": "x", "origin": [8, 8, 8]},
			"faces": {
				"north": {"uv": [2, 12, 5, 12.5], "rotation": 180, "texture": "#ore", "cullface": "up"},
				"east": {"uv": [4, 12, 4.5, 13], "rotation": 90, "texture": "#ore", "cullface": "up"},
				"west": {"uv": [2, 12, 2.5, 13], "rotation": 270, "texture": "#ore", "cullface": "up"},
				"up": {"uv": [2, 12, 5, 13], "texture": "#ore", "cullface": "up"}
			}
		},
		{
			"from": [3, 15.9, 14],
			"to": [5, 16.4, 15],
			"rotation": {"angle": 0, "axis": "x", "origin": [8, 8, 8]},
			"faces": {
				"east": {"uv": [4, 14, 4.5, 15], "rotation": 90, "texture": "#ore", "cullface": "up"},
				"south": {"uv": [3, 14, 5, 14.5], "texture": "#ore", "cullface": "up"},
				"west": {"uv": [3, 14, 3.5, 15], "rotation": 270, "texture": "#ore", "cullface": "up"},
				"up": {"uv": [3, 14, 5, 15], "texture": "#ore", "cullface": "up"}
			}
		},
		{
			"from": [9, 16, 11],
			"to": [15, 16.5, 12],
			"rotation": {"angle": 0, "axis": "x", "origin": [8, 8, 8]},
			"faces": {
				"north": {"uv": [9, 11, 15, 11.5], "rotation": 180, "texture": "#ore", "cullface": "up"},
				"east": {"uv": [14, 11, 14.5, 12], "rotation": 90, "texture": "#ore", "cullface": "up"},
				"south": {"uv": [9, 11, 15, 11.5], "texture": "#ore", "cullface": "up"},
				"west": {"uv": [9, 11, 9.5, 12], "rotation": 270, "texture": "#ore", "cullface": "up"},
				"up": {"uv": [9, 11, 15, 12], "texture": "#ore", "cullface": "up"}
			}
		},
		{
			"from": [10, 15.9, 10],
			"to": [13, 16.4, 11],
			"rotation": {"angle": 0, "axis": "x", "origin": [8, 8, 8]},
			"faces": {
				"north": {"uv": [10, 10, 13, 10.5], "rotation": 180, "texture": "#ore", "cullface": "up"},
				"east": {"uv": [12, 10, 12.5, 11], "rotation": 90, "texture": "#ore", "cullface": "up"},
				"west": {"uv": [10, 10, 10.5, 11], "rotation": 270, "texture": "#ore", "cullface": "up"},
				"up": {"uv": [10, 10, 13, 11], "texture": "#ore", "cullface": "up"}
			}
		},
		{
			"from": [10, 16, 12],
			"to": [12, 16.5, 14],
			"rotation": {"angle": 0, "axis": "x", "origin": [8, 8, 8]},
			"faces": {
				"east": {"uv": [11, 12, 11.5, 14], "rotation": 90, "texture": "#ore", "cullface": "up"},
				"south": {"uv": [10, 13, 12, 13.5], "texture": "#ore", "cullface": "up"},
				"west": {"uv": [10, 12, 10.5, 14], "rotation": 270, "texture": "#ore", "cullface": "up"},
				"up": {"uv": [10, 12, 12, 14], "texture": "#ore", "cullface": "up"}
			}
		},
		{
			"from": [12, 15.9, 12],
			"to": [13, 16.4, 13],
			"rotation": {"angle": 0, "axis": "x", "origin": [8, 8, 8]},
			"faces": {
				"east": {"uv": [12, 12, 12.5, 13], "rotation": 90, "texture": "#ore", "cullface": "up"},
				"south": {"uv": [12, 12, 13, 12.5], "texture": "#ore", "cullface": "up"},
				"up": {"uv": [12, 12, 13, 13], "texture": "#ore", "cullface": "up"}
			}
		},
		{
			"from": [14, 15.9, 14],
			"to": [15, 16.4, 15],
			"rotation": {"angle": 0, "axis": "x", "origin": [8, 8, 8]},
			"faces": {
				"north": {"uv": [14, 14, 15, 15], "texture": "#ore", "cullface": "up"},
				"east": {"uv": [14, 14, 15, 15], "rotation": 90, "texture": "#ore", "cullface": "up"},
				"south": {"uv": [14, 14, 15, 15], "rotation": 180, "texture": "#ore", "cullface": "up"},
				"west": {"uv": [14, 14, 15, 15], "rotation": 270, "texture": "#ore", "cullface": "up"},
				"up": {"uv": [14, 14, 15, 15], "texture": "#ore", "cullface": "up"}
			}
		},
		{
			"from": [2, 15.9, 8],
			"to": [4, 16.4, 10],
			"rotation": {"angle": 0, "axis": "x", "origin": [8, 8, 8]},
			"faces": {
				"north": {"uv": [2, 8, 4, 8.5], "rotation": 180, "texture": "#ore", "cullface": "up"},
				"east": {"uv": [3, 8, 3.5, 10], "rotation": 90, "texture": "#ore", "cullface": "up"},
				"south": {"uv": [2, 9, 4, 9.5], "texture": "#ore", "cullface": "up"},
				"west": {"uv": [2, 8, 2.5, 10], "rotation": 270, "texture": "#ore", "cullface": "up"},
				"up": {"uv": [2, 8, 4, 10], "texture": "#ore", "cullface": "up"}
			}
		},
		{
			"from": [6, 16, 3],
			"to": [9, 16.5, 7],
			"rotation": {"angle": 0, "axis": "x", "origin": [8, 8, 8]},
			"faces": {
				"north": {"uv": [6, 3, 9, 3.5], "rotation": 180, "texture": "#ore", "cullface": "up"},
				"east": {"uv": [8, 3, 8.5, 7], "rotation": 90, "texture": "#ore", "cullface": "up"},
				"south": {"uv": [6, 6, 9, 6.5], "texture": "#ore", "cullface": "up"},
				"west": {"uv": [6, 3, 6.5, 7], "rotation": 270, "texture": "#ore", "cullface": "up"},
				"up": {"uv": [6, 3, 9, 7], "texture": "#ore", "cullface": "up"}
			}
		},
		{
			"from": [7, 15.9, 2],
			"to": [8, 16.4, 3],
			"rotation": {"angle": 0, "axis": "x", "origin": [8, 8, 8]},
			"faces": {
				"north": {"uv": [7, 2, 8, 3], "texture": "#ore", "cullface": "up"},
				"east": {"uv": [7, 2, 8, 3], "rotation": 90, "texture": "#ore", "cullface": "up"},
				"west": {"uv": [7, 2, 8, 3], "rotation": 270, "texture": "#ore", "cullface": "up"},
				"up": {"uv": [7, 2, 8, 3], "texture": "#ore", "cullface": "up"}
			}
		},
		{
			"from": [5, 15.9, 4],
			"to": [6, 16.4, 7],
			"rotation": {"angle": 0, "axis": "x", "origin": [8, 8, 8]},
			"faces": {
				"north": {"uv": [5, 4, 6, 4.5], "rotation": 180, "texture": "#ore", "cullface": "up"},
				"south": {"uv": [5, 6, 6, 6.5], "texture": "#ore", "cullface": "up"},
				"west": {"uv": [5, 4, 5.5, 7], "rotation": 270, "texture": "#ore", "cullface": "up"},
				"up": {"uv": [5, 4, 6, 7], "texture": "#ore", "cullface": "up"}
			}
		},
		{
			"from": [6, 15.9, 7],
			"to": [7, 16.4, 9],
			"rotation": {"angle": 0, "axis": "x", "origin": [8, 8, 8]},
			"faces": {
				"east": {"uv": [6, 7, 6.5, 9], "rotation": 90, "texture": "#ore", "cullface": "up"},
				"south": {"uv": [6, 8, 7, 8.5], "texture": "#ore", "cullface": "up"},
				"west": {"uv": [6, 7, 6.5, 9], "rotation": 270, "texture": "#ore", "cullface": "up"},
				"up": {"uv": [6, 7, 7, 9], "texture": "#ore", "cullface": "up"}
			}
		},
		{
			"from": [4, 16, 5],
			"to": [5, 16.25, 6],
			"rotation": {"angle": 0, "axis": "x", "origin": [8, 8, 8]},
			"faces": {
				"north": {"uv": [4, 5, 5, 5.5], "rotation": 180, "texture": "#ore", "cullface": "up"},
				"south": {"uv": [4, 5, 5, 5.5], "texture": "#ore", "cullface": "up"},
				"west": {"uv": [4, 5, 4.5, 6], "rotation": 270, "texture": "#ore", "cullface": "up"},
				"up": {"uv": [4, 5, 5, 6], "texture": "#ore", "cullface": "up"}
			}
		},
		{
			"from": [13, 15.9, 7],
			"to": [15, 16.4, 8],
			"rotation": {"angle": 0, "axis": "x", "origin": [8, 8, 8]},
			"faces": {
				"north": {"uv": [13, 7, 15, 7.5], "rotation": 180, "texture": "#ore", "cullface": "up"},
				"east": {"uv": [14, 7, 14.5, 8], "rotation": 90, "texture": "#ore", "cullface": "up"},
				"south": {"uv": [13, 7, 15, 7.5], "texture": "#ore", "cullface": "up"},
				"west": {"uv": [13, 7, 13.5, 8], "rotation": 270, "texture": "#ore", "cullface": "up"},
				"up": {"uv": [13, 7, 15, 8], "texture": "#ore", "cullface": "up"}
			}
		},
		{
			"from": [12, 15.9, 3],
			"to": [14, 16.4, 5],
			"rotation": {"angle": 0, "axis": "x", "origin": [8, 8, 8]},
			"faces": {
				"north": {"uv": [12, 3, 14, 3.5], "rotation": 180, "texture": "#ore", "cullface": "up"},
				"east": {"uv": [13, 3, 13.5, 5], "rotation": 90, "texture": "#ore", "cullface": "up"},
				"south": {"uv": [12, 4, 14, 4.5], "texture": "#ore", "cullface": "up"},
				"west": {"uv": [12, 3, 12.5, 5], "rotation": 270, "texture": "#ore", "cullface": "up"},
				"up": {"uv": [12, 3, 14, 5], "texture": "#ore", "cullface": "up"}
			}
		},
		{
			"from": [13, 15.9, 2],
			"to": [15, 16.4, 4],
			"rotation": {"angle": 0, "axis": "x", "origin": [8, 8, 8]},
			"faces": {
				"north": {"uv": [13, 2, 15, 2.5], "rotation": 180, "texture": "#ore", "cullface": "up"},
				"east": {"uv": [14, 2, 14.5, 4], "rotation": 90, "texture": "#ore", "cullface": "up"},
				"south": {"uv": [13, 3, 15, 3.5], "texture": "#ore", "cullface": "up"},
				"west": {"uv": [13, 2, 13.5, 4], "rotation": 270, "texture": "#ore", "cullface": "up"},
				"up": {"uv": [13, 2, 15, 4], "texture": "#ore", "cullface": "up"}
			}
		},
		{
			"from": [4, 16, 1],
			"to": [5, 16.25, 2],
			"rotation": {"angle": 0, "axis": "x", "origin": [8, 8, 8]},
			"faces": {
				"north": {"uv": [4, 1, 5, 2], "texture": "#ore", "cullface": "up"},
				"east": {"uv": [4, 1, 5, 2], "rotation": 90, "texture": "#ore", "cullface": "up"},
				"south": {"uv": [4, 1, 5, 2], "rotation": 180, "texture": "#ore", "cullface": "up"},
				"west": {"uv": [4, 1, 5, 2], "rotation": 270, "texture": "#ore", "cullface": "up"},
				"up": {"uv": [4, 1, 5, 2], "texture": "#ore", "cullface": "up"}
			}
		},
		{
			"from": [7, 16, 12],
			"to": [8, 16.25, 13],
			"rotation": {"angle": 0, "axis": "x", "origin": [8, 8, 8]},
			"faces": {
				"north": {"uv": [7, 12, 8, 13], "texture": "#ore", "cullface": "up"},
				"east": {"uv": [7, 12, 8, 13], "rotation": 90, "texture": "#ore", "cullface": "up"},
				"south": {"uv": [7, 12, 8, 13], "rotation": 180, "texture": "#ore", "cullface": "up"},
				"west": {"uv": [7, 12, 8, 13], "rotation": 270, "texture": "#ore", "cullface": "up"},
				"up": {"uv": [7, 12, 8, 13], "texture": "#ore", "cullface": "up"}
			}
		},
		{
			"from": [1, -0.5, 2],
			"to": [6, 0, 3],
			"rotation": {"angle": 0, "axis": "x", "origin": [8, 8, 8]},
			"faces": {
				"north": {"uv": [1, 13, 6, 13.5], "rotation": 180, "texture": "#ore", "cullface": "down"},
				"east": {"uv": [5, 13, 5.5, 14], "rotation": 270, "texture": "#ore", "cullface": "down"},
				"south": {"uv": [1, 13, 6, 13.5], "texture": "#ore", "cullface": "down"},
				"west": {"uv": [1, 13, 1.5, 14], "rotation": 90, "texture": "#ore", "cullface": "down"},
				"down": {"uv": [1, 13, 6, 14], "texture": "#ore", "cullface": "down"}
			}
		},
		{
			"from": [2, -0.4, 3],
			"to": [5, 0.1, 4],
			"rotation": {"angle": 0, "axis": "x", "origin": [8, 8, 8]},
			"faces": {
				"east": {"uv": [4, 12, 4.5, 13], "rotation": 270, "texture": "#ore", "cullface": "down"},
				"south": {"uv": [2, 12, 5, 12.5], "texture": "#ore", "cullface": "down"},
				"west": {"uv": [2, 12, 2.5, 13], "rotation": 90, "texture": "#ore", "cullface": "down"},
				"down": {"uv": [2, 12, 5, 13], "texture": "#ore", "cullface": "down"}
			}
		},
		{
			"from": [3, -0.4, 1],
			"to": [5, 0.1, 2],
			"rotation": {"angle": 0, "axis": "x", "origin": [8, 8, 8]},
			"faces": {
				"north": {"uv": [3, 14, 5, 14.5], "rotation": 180, "texture": "#ore", "cullface": "down"},
				"east": {"uv": [4, 14, 4.5, 15], "rotation": 270, "texture": "#ore", "cullface": "down"},
				"west": {"uv": [3, 14, 3.5, 15], "rotation": 90, "texture": "#ore", "cullface": "down"},
				"down": {"uv": [3, 14, 5, 15], "texture": "#ore", "cullface": "down"}
			}
		},
		{
			"from": [9, -0.5, 4],
			"to": [15, 0, 5],
			"rotation": {"angle": 0, "axis": "x", "origin": [8, 8, 8]},
			"faces": {
				"north": {"uv": [9, 11, 15, 11.5], "rotation": 180, "texture": "#ore", "cullface": "down"},
				"east": {"uv": [14, 11, 14.5, 12], "rotation": 270, "texture": "#ore", "cullface": "down"},
				"south": {"uv": [9, 11, 15, 11.5], "texture": "#ore", "cullface": "down"},
				"west": {"uv": [9, 11, 9.5, 12], "rotation": 90, "texture": "#ore", "cullface": "down"},
				"down": {"uv": [9, 11, 15, 12], "texture": "#ore", "cullface": "down"}
			}
		},
		{
			"from": [10, -0.4, 5],
			"to": [13, 0.1, 6],
			"rotation": {"angle": 0, "axis": "x", "origin": [8, 8, 8]},
			"faces": {
				"east": {"uv": [12, 10, 12.5, 11], "rotation": 270, "texture": "#ore", "cullface": "down"},
				"south": {"uv": [10, 10, 13, 10.5], "texture": "#ore", "cullface": "down"},
				"west": {"uv": [10, 10, 10.5, 11], "rotation": 90, "texture": "#ore", "cullface": "down"},
				"down": {"uv": [10, 10, 13, 11], "texture": "#ore", "cullface": "down"}
			}
		},
		{
			"from": [10, -0.5, 2],
			"to": [12, 0, 4],
			"rotation": {"angle": 0, "axis": "x", "origin": [8, 8, 8]},
			"faces": {
				"north": {"uv": [10, 13, 12, 13.5], "rotation": 180, "texture": "#ore", "cullface": "down"},
				"east": {"uv": [11, 12, 11.5, 14], "rotation": 270, "texture": "#ore", "cullface": "down"},
				"west": {"uv": [10, 12, 10.5, 14], "rotation": 90, "texture": "#ore", "cullface": "down"},
				"down": {"uv": [10, 12, 12, 14], "texture": "#ore", "cullface": "down"}
			}
		},
		{
			"from": [12, -0.4, 3],
			"to": [13, 0.1, 4],
			"rotation": {"angle": 0, "axis": "x", "origin": [8, 8, 8]},
			"faces": {
				"north": {"uv": [12, 12, 13, 12.5], "rotation": 180, "texture": "#ore", "cullface": "down"},
				"east": {"uv": [12, 12, 12.5, 13], "rotation": 270, "texture": "#ore", "cullface": "down"},
				"down": {"uv": [12, 12, 13, 13], "texture": "#ore", "cullface": "down"}
			}
		},
		{
			"from": [14, -0.4, 1],
			"to": [15, 0.1, 2],
			"rotation": {"angle": 0, "axis": "x", "origin": [8, 8, 8]},
			"faces": {
				"north": {"uv": [14, 14, 15, 15], "texture": "#ore", "cullface": "down"},
				"east": {"uv": [14, 14, 15, 15], "rotation": 270, "texture": "#ore", "cullface": "down"},
				"south": {"uv": [14, 14, 15, 15], "rotation": 180, "texture": "#ore", "cullface": "down"},
				"west": {"uv": [14, 14, 15, 15], "rotation": 90, "texture": "#ore", "cullface": "down"},
				"down": {"uv": [14, 14, 15, 15], "texture": "#ore", "cullface": "down"}
			}
		},
		{
			"from": [2, -0.4, 6],
			"to": [4, 0.1, 8],
			"rotation": {"angle": 0, "axis": "x", "origin": [8, 8, 8]},
			"faces": {
				"north": {"uv": [2, 9, 4, 9.5], "rotation": 180, "texture": "#ore", "cullface": "down"},
				"east": {"uv": [3, 8, 3.5, 10], "rotation": 270, "texture": "#ore", "cullface": "down"},
				"south": {"uv": [2, 8, 4, 8.5], "texture": "#ore", "cullface": "down"},
				"west": {"uv": [2, 8, 2.5, 10], "rotation": 90, "texture": "#ore", "cullface": "down"},
				"down": {"uv": [2, 8, 4, 10], "texture": "#ore", "cullface": "down"}
			}
		},
		{
			"from": [6, -0.5, 9],
			"to": [9, 0, 13],
			"rotation": {"angle": 0, "axis": "x", "origin": [8, 8, 8]},
			"faces": {
				"north": {"uv": [6, 6, 9, 6.5], "rotation": 180, "texture": "#ore", "cullface": "down"},
				"east": {"uv": [8, 3, 8.5, 7], "rotation": 270, "texture": "#ore", "cullface": "down"},
				"south": {"uv": [6, 3, 9, 3.5], "texture": "#ore", "cullface": "down"},
				"west": {"uv": [6, 3, 6.5, 7], "rotation": 90, "texture": "#ore", "cullface": "down"},
				"down": {"uv": [6, 3, 9, 7], "texture": "#ore", "cullface": "down"}
			}
		},
		{
			"from": [7, -0.4, 13],
			"to": [8, 0.1, 14],
			"rotation": {"angle": 0, "axis": "x", "origin": [8, 8, 8]},
			"faces": {
				"east": {"uv": [7, 2, 8, 3], "rotation": 270, "texture": "#ore", "cullface": "down"},
				"south": {"uv": [7, 2, 8, 3], "rotation": 180, "texture": "#ore", "cullface": "down"},
				"west": {"uv": [7, 2, 8, 3], "rotation": 90, "texture": "#ore", "cullface": "down"},
				"down": {"uv": [7, 2, 8, 3], "texture": "#ore", "cullface": "down"}
			}
		},
		{
			"from": [5, -0.4, 9],
			"to": [6, 0.1, 12],
			"rotation": {"angle": 0, "axis": "x", "origin": [8, 8, 8]},
			"faces": {
				"north": {"uv": [5, 6, 6, 6.5], "rotation": 180, "texture": "#ore", "cullface": "down"},
				"south": {"uv": [5, 4, 6, 4.5], "texture": "#ore", "cullface": "down"},
				"west": {"uv": [5, 4, 5.5, 7], "rotation": 90, "texture": "#ore", "cullface": "down"},
				"down": {"uv": [5, 4, 6, 7], "texture": "#ore", "cullface": "down"}
			}
		},
		{
			"from": [6, -0.4, 7],
			"to": [7, 0.1, 9],
			"rotation": {"angle": 0, "axis": "x", "origin": [8, 8, 8]},
			"faces": {
				"north": {"uv": [6, 8, 7, 8.5], "rotation": 180, "texture": "#ore", "cullface": "down"},
				"east": {"uv": [6, 7, 6.5, 9], "rotation": 270, "texture": "#ore", "cullface": "down"},
				"west": {"uv": [6, 7, 6.5, 9], "rotation": 90, "texture": "#ore", "cullface": "down"},
				"down": {"uv": [6, 7, 7, 9], "texture": "#ore", "cullface": "down"}
			}
		},
		{
			"from": [4, -0.25, 10],
			"to": [5, 0, 11],
			"rotation": {"angle": 0, "axis": "x", "origin": [8, 8, 8]},
			"faces": {
				"north": {"uv": [4, 5, 5, 5.5], "rotation": 180, "texture": "#ore", "cullface": "down"},
				"south": {"uv": [4, 5, 5, 5.5], "texture": "#ore", "cullface": "down"},
				"west": {"uv": [4, 5, 4.5, 6], "rotation": 90, "texture": "#ore", "cullface": "down"},
				"down": {"uv": [4, 5, 5, 6], "texture": "#ore", "cullface": "down"}
			}
		},
		{
			"from": [13, -0.4, 8],
			"to": [15, 0.1, 9],
			"rotation": {"angle": 0, "axis": "x", "origin": [8, 8, 8]},
			"faces": {
				"north": {"uv": [13, 7, 15, 7.5], "rotation": 180, "texture": "#ore", "cullface": "down"},
				"east": {"uv": [14, 7, 14.5, 8], "rotation": 270, "texture": "#ore", "cullface": "down"},
				"south": {"uv": [13, 7, 15, 7.5], "texture": "#ore", "cullface": "down"},
				"west": {"uv": [13, 7, 13.5, 8], "rotation": 90, "texture": "#ore", "cullface": "down"},
				"down": {"uv": [13, 7, 15, 8], "texture": "#ore", "cullface": "down"}
			}
		},
		{
			"from": [12, -0.4, 11],
			"to": [14, 0.1, 13],
			"rotation": {"angle": 0, "axis": "x", "origin": [8, 8, 8]},
			"faces": {
				"north": {"uv": [12, 4, 14, 4.5], "rotation": 180, "texture": "#ore", "cullface": "down"},
				"east": {"uv": [13, 3, 13.5, 5], "rotation": 270, "texture": "#ore", "cullface": "down"},
				"south": {"uv": [12, 3, 14, 3.5], "texture": "#ore", "cullface": "down"},
				"west": {"uv": [12, 3, 12.5, 5], "rotation": 90, "texture": "#ore", "cullface": "down"},
				"down": {"uv": [12, 3, 14, 5], "texture": "#ore", "cullface": "down"}
			}
		},
		{
			"from": [13, -0.4, 12],
			"to": [15, 0.1, 14],
			"rotation": {"angle": 0, "axis": "x", "origin": [8, 8, 8]},
			"faces": {
				"north": {"uv": [13, 3, 15, 3.5], "rotation": 180, "texture": "#ore", "cullface": "down"},
				"east": {"uv": [14, 2, 14.5, 4], "rotation": 270, "texture": "#ore", "cullface": "down"},
				"south": {"uv": [13, 2, 15, 2.5], "texture": "#ore", "cullface": "down"},
				"west": {"uv": [13, 2, 13.5, 4], "rotation": 90, "texture": "#ore", "cullface": "down"},
				"down": {"uv": [13, 2, 15, 4], "texture": "#ore", "cullface": "down"}
			}
		},
		{
			"from": [4, -0.25, 14],
			"to": [5, 0, 15],
			"rotation": {"angle": 0, "axis": "x", "origin": [8, 8, 8]},
			"faces": {
				"north": {"uv": [4, 1, 5, 2], "texture": "#ore", "cullface": "down"},
				"east": {"uv": [4, 1, 5, 2], "rotation": 270, "texture": "#ore", "cullface": "down"},
				"south": {"uv": [4, 1, 5, 2], "rotation": 180, "texture": "#ore", "cullface": "down"},
				"west": {"uv": [4, 1, 5, 2], "rotation": 90, "texture": "#ore", "cullface": "down"},
				"down": {"uv": [4, 1, 5, 2], "texture": "#ore", "cullface": "down"}
			}
		},
		{
			"from": [7, -0.25, 3],
			"to": [8, 0, 4],
			"rotation": {"angle": 0, "axis": "x", "origin": [8, 8, 8]},
			"faces": {
				"north": {"uv": [7, 12, 8, 13], "texture": "#ore", "cullface": "down"},
				"east": {"uv": [7, 12, 8, 13], "rotation": 270, "texture": "#ore", "cullface": "down"},
				"south": {"uv": [7, 12, 8, 13], "rotation": 180, "texture": "#ore", "cullface": "down"},
				"west": {"uv": [7, 12, 8, 13], "rotation": 90, "texture": "#ore", "cullface": "down"},
				"down": {"uv": [7, 12, 8, 13], "texture": "#ore", "cullface": "down"}
			}
		}
	],
	"groups": [0,
		{
			"name": "N",
			"origin": [8, 8, 8],
			"children": [
				{
					"name": "1_1",
					"origin": [8, 8, 8],
					"children": [1, 2, 3]
				},
				{
					"name": "2_1",
					"origin": [8, 8, 8],
					"children": [4, 5, 6, 7, 8]
				},
				{
					"name": "3_1",
					"origin": [8, 8, 8],
					"children": [9]
				},
				{
					"name": "4_1",
					"origin": [8, 8, 8],
					"children": [10, 11, 12, 13, 14]
				},
				{
					"name": "5_1",
					"origin": [8, 8, 8],
					"children": [15]
				},
				{
					"name": "6_1",
					"origin": [8, 8, 8],
					"children": [16, 17]
				},
				{
					"name": "7_1",
					"origin": [8, 8, 8],
					"children": [18, 19]
				}
			]
		},
		{
			"name": "W",
			"origin": [8, 8, 8],
			"children": [
				{
					"name": "1_1",
					"origin": [8, 8, 8],
					"children": [20, 21, 22]
				},
				{
					"name": "2_1",
					"origin": [8, 8, 8],
					"children": [23, 24, 25, 26, 27]
				},
				{
					"name": "3_1",
					"origin": [8, 8, 8],
					"children": [28]
				},
				{
					"name": "4_1",
					"origin": [8, 8, 8],
					"children": [29, 30, 31, 32, 33]
				},
				{
					"name": "5_1",
					"origin": [8, 8, 8],
					"children": [34]
				},
				{
					"name": "6_1",
					"origin": [8, 8, 8],
					"children": [35, 36]
				},
				{
					"name": "7_1",
					"origin": [8, 8, 8],
					"children": [37, 38]
				}
			]
		},
		{
			"name": "S",
			"origin": [8, 8, 8],
			"children": [
				{
					"name": "1_1",
					"origin": [8, 8, 8],
					"children": [39, 40, 41]
				},
				{
					"name": "2_1",
					"origin": [8, 8, 8],
					"children": [42, 43, 44, 45, 46]
				},
				{
					"name": "3_1",
					"origin": [8, 8, 8],
					"children": [47]
				},
				{
					"name": "4_1",
					"origin": [8, 8, 8],
					"children": [48, 49, 50, 51, 52]
				},
				{
					"name": "5_1",
					"origin": [8, 8, 8],
					"children": [53]
				},
				{
					"name": "6_1",
					"origin": [8, 8, 8],
					"children": [54, 55]
				},
				{
					"name": "7_1",
					"origin": [8, 8, 8],
					"children": [56, 57]
				}
			]
		},
		{
			"name": "E",
			"origin": [8, 8, 8],
			"children": [
				{
					"name": "1_1",
					"origin": [8, 8, 8],
					"children": [58, 59, 60]
				},
				{
					"name": "2_1",
					"origin": [8, 8, 8],
					"children": [61, 62, 63, 64, 65]
				},
				{
					"name": "3_1",
					"origin": [8, 8, 8],
					"children": [66]
				},
				{
					"name": "4_1",
					"origin": [8, 8, 8],
					"children": [67, 68, 69, 70, 71]
				},
				{
					"name": "5_1",
					"origin": [8, 8, 8],
					"children": [72]
				},
				{
					"name": "6_1",
					"origin": [8, 8, 8],
					"children": [73, 74]
				},
				{
					"name": "7_1",
					"origin": [8, 8, 8],
					"children": [75, 76]
				}
			]
		},
		{
			"name": "U",
			"origin": [8, 8, 8],
			"children": [
				{
					"name": "1_1",
					"origin": [8, 8, 8],
					"children": [77, 78, 79]
				},
				{
					"name": "2_1",
					"origin": [8, 8, 8],
					"children": [80, 81, 82, 83, 84]
				},
				{
					"name": "3_1",
					"origin": [8, 8, 8],
					"children": [85]
				},
				{
					"name": "4_1",
					"origin": [8, 8, 8],
					"children": [86, 87, 88, 89, 90]
				},
				{
					"name": "5_1",
					"origin": [8, 8, 8],
					"children": [91]
				},
				{
					"name": "6_1",
					"origin": [8, 8, 8],
					"children": [92, 93]
				},
				{
					"name": "7_1",
					"origin": [8, 8, 8],
					"children": [94, 95]
				}
			]
		},
		{
			"name": "D",
			"origin": [8, 8, 8],
			"children": [
				{
					"name": "1_1",
					"origin": [8, 8, 8],
					"children": [96, 97, 98]
				},
				{
					"name": "2_1",
					"origin": [8, 8, 8],
					"children": [99, 100, 101, 102, 103]
				},
				{
					"name": "3_1",
					"origin": [8, 8, 8],
					"children": [104]
				},
				{
					"name": "4_1",
					"origin": [8, 8, 8],
					"children": [105, 106, 107, 108, 109]
				},
				{
					"name": "5_1",
					"origin": [8, 8, 8],
					"children": [110]
				},
				{
					"name": "6_1",
					"origin": [8, 8, 8],
					"children": [111, 112]
				},
				{
					"name": "7_1",
					"origin": [8, 8, 8],
					"children": [113, 114]
				}
			]
		}
	]
}