{
	"credit": "Made by TheWaschtlPlays using Blockbench",
	"textures": {
		"2": "custom_textures/leaves/bushy_jungle_leaves_02",
		"particle": "blocks/leaves_jungle",
		"all": "blocks/leaves_jungle"
	},
	"elements": [
		{
			"from": [0, 0, 0],
			"to": [16, 16, 16],
			"faces": {
				"north": {"uv": [0, 0, 16, 16], "texture": "#all", "cullface": "north", "tintindex": 0},
				"east": {"uv": [0, 0, 16, 16], "texture": "#all", "cullface": "east", "tintindex": 0},
				"south": {"uv": [0, 0, 16, 16], "texture": "#all", "cullface": "south", "tintindex": 0},
				"west": {"uv": [0, 0, 16, 16], "texture": "#all", "cullface": "west", "tintindex": 0},
				"up": {"uv": [0, 0, 16, 16], "texture": "#all", "cullface": "up", "tintindex": 0},
				"down": {"uv": [0, 0, 16, 16], "texture": "#all", "cullface": "down", "tintindex": 0}
			}
		},
		{
			"name": "bush",
			"from": [-8, -14, 8],
			"to": [24, 18, 8],
			"rotation": {"angle": 45, "axis": "y", "origin": [8, 3, 8]},
			"faces": {
				"north": {"uv": [16, 0, 0, 16], "texture": "#2", "tintindex": 0},
				"south": {"uv": [0, 0, 16, 16], "texture": "#2", "tintindex": 0}
			}
		},
		{
			"name": "bush",
			"from": [-8, -15, 8],
			"to": [24, 17, 8],
			"rotation": {"angle": -45, "axis": "y", "origin": [8, 2, 8]},
			"faces": {
				"north": {"uv": [16, 0, 0, 16], "texture": "#2", "tintindex": 0},
				"south": {"uv": [0, 0, 16, 16], "texture": "#2", "tintindex": 0}
			}
		}
	],
	"groups": [
		{
			"name": "leaves0",
			"origin": [8, 8, 8],
			"children": [0,
				{
					"name": "bush",
					"origin": [8, 8, 8],
					"children": [1, 2]
				}
			]
		}
	]
}