{
	"credit": "Made by playtrix using Blockbench",
	"ambientocclusion": false,
	"textures": {
		"0": "#crop",
		"particle": "#crop"
	},
	"elements": [
		{
			"from": [5, -1, 3.25],
			"to": [21, 15, 3.25],
			"rotation": {"angle": 22.5, "axis": "y", "origin": [13, 8, 4]},
			"shade": false,
			"faces": {
				"north": {"uv": [16, 0, 0, 16], "texture": "#0"},
				"south": {"uv": [0, 0, 16, 16], "texture": "#0"}
			}
		},
		{
			"from": [13, -1, -4.75],
			"to": [13, 15, 11.25],
			"rotation": {"angle": 22.5, "axis": "y", "origin": [13, 8, 4]},
			"shade": false,
			"faces": {
				"east": {"uv": [0, 0, 16, 16], "texture": "#0"},
				"west": {"uv": [16, 0, 0, 16], "texture": "#0"}
			}
		}
	]
}