{
	"credit": "Made by TheWaschtlPlays using Blockbench",
	"textures": {
		"0": "block/bookshelf",
		"particle": "block/bookshelf"
	},
	"elements": [
		{
			"from": [5, 1, 0.5],
			"to": [7, 6, 1],
			"faces": {
				"north": {"uv": [11, 10, 13, 15], "texture": "#0", "cullface": "north"},
				"east": {"uv": [11, 10, 11.5, 15], "texture": "#0", "cullface": "north"},
				"west": {"uv": [12, 10, 12.5, 15], "texture": "#0", "cullface": "north"},
				"up": {"uv": [11, 10, 13, 10.5], "rotation": 180, "texture": "#0", "cullface": "north"}
			}
		}
	],
	"groups": [
		{
			"name": "bottom",
			"origin": [8, 8, 8],
			"children": [
				{
					"name": "1112",
					"origin": [8, 8, 8],
					"children": [0]
				}
			]
		}
	]
}