{
	"credit": "Made by TheWaschtlPlays with Blockbench",
	"textures": {
		"0": "custom_textures/bottle",
		"particle": "blocks/brewing_stand",
		"stand": "blocks/brewing_stand"
	},
	"elements": [
		{
			"name": "Glass",
			"from": [7.2, 2, 1.5],
			"to": [10.2, 2.5, 4.5],
			"rotation": {"angle": 45, "axis": "y", "origin": [8, 8, 8]},
			"faces": {
				"north": {"uv": [0, 0, 6, 0.5], "texture": "#0"},
				"east": {"uv": [0, 0, 6, 0.5], "texture": "#0"},
				"south": {"uv": [0, 5, 6, 5.5], "texture": "#0"},
				"west": {"uv": [0, 5, 6, 5.5], "texture": "#0"},
				"up": {"uv": [6, 6, 0, 0], "rotation": 270, "texture": "#0"}
			}
		},
		{
			"name": "Glass",
			"from": [7.2, 5.5, 1.5],
			"to": [10.2, 6, 4.5],
			"rotation": {"angle": 45, "axis": "y", "origin": [8, 8, 8]},
			"faces": {
				"north": {"uv": [0, 0, 6, 1], "texture": "#0"},
				"east": {"uv": [0, 5, 6, 6], "texture": "#0"},
				"south": {"uv": [0, 0, 6, 1], "texture": "#0"},
				"west": {"uv": [0, 5, 6, 6], "texture": "#0"},
				"up": {"uv": [0, 0, 6, 6], "rotation": 270, "texture": "#0"}
			}
		},
		{
			"name": "Glass",
			"from": [7.2, 2.5, 1],
			"to": [10.2, 5.5, 1.5],
			"rotation": {"angle": 45, "axis": "y", "origin": [8, 8, 8]},
			"faces": {
				"north": {"uv": [0, 0, 6, 6], "texture": "#0"},
				"east": {"uv": [0, 0, 1, 6], "texture": "#0"},
				"south": {"uv": [0, 0, 6, 6], "texture": "#0"},
				"west": {"uv": [0, 0, 1, 6], "texture": "#0"},
				"up": {"uv": [0, 0, 1, 6], "rotation": 270, "texture": "#0"},
				"down": {"uv": [0, 0, 1, 6], "rotation": 90, "texture": "#0"}
			}
		},
		{
			"name": "Glass",
			"from": [10.2, 2.5, 1.5],
			"to": [10.7, 5.5, 4.5],
			"shade": false,
			"rotation": {"angle": 45, "axis": "y", "origin": [8, 8, 8]},
			"faces": {
				"north": {"uv": [0, 0, 0.5, 6], "texture": "#0"},
				"east": {"uv": [6, 0, 0, 6], "texture": "#0"},
				"south": {"uv": [0, 0, 6, 0.5], "rotation": 270, "texture": "#0"},
				"west": {"uv": [0, 0, 6, 6], "texture": "#0"},
				"up": {"uv": [0, 0, 0.5, 6], "texture": "#0"},
				"down": {"uv": [0, 0, 0.5, 6], "texture": "#0"}
			}
		},
		{
			"name": "Glass",
			"from": [7.2, 2.5, 4.5],
			"to": [10.2, 5.5, 5],
			"rotation": {"angle": 45, "axis": "y", "origin": [8, 8, 8]},
			"faces": {
				"north": {"uv": [0, 0, 6, 6], "texture": "#0"},
				"east": {"uv": [0, 0, 1, 6], "texture": "#0"},
				"south": {"uv": [0, 0, 6, 6], "texture": "#0"},
				"west": {"uv": [0, 0, 1, 6], "texture": "#0"},
				"up": {"uv": [0, 0, 1, 6], "rotation": 270, "texture": "#0"},
				"down": {"uv": [0, 0, 1, 6], "rotation": 90, "texture": "#0"}
			}
		},
		{
			"name": "Glass",
			"from": [6.7, 2.5, 1.5],
			"to": [7.2, 5.5, 4.5],
			"rotation": {"angle": 45, "axis": "y", "origin": [8, 8, 8]},
			"faces": {
				"north": {"uv": [0, 0, 6, 0.5], "rotation": 270, "texture": "#0"},
				"east": {"uv": [0, 0, 6, 6], "texture": "#0"},
				"south": {"uv": [0, 0, 6, 0.5], "rotation": 270, "texture": "#0"},
				"west": {"uv": [0, 0, 6, 6], "texture": "#0"},
				"up": {"uv": [0, 0, 1, 6], "rotation": 180, "texture": "#0"},
				"down": {"uv": [0, 0, 1, 6], "texture": "#0"}
			}
		},
		{
			"name": "Cap",
			"from": [8.2, 6, 2],
			"to": [9.2, 7, 2.5],
			"rotation": {"angle": 45, "axis": "y", "origin": [8, 8, 8]},
			"faces": {
				"north": {"uv": [9, 0, 10, 1], "texture": "#0"},
				"east": {"uv": [9, 0, 10, 1], "texture": "#0"},
				"south": {"uv": [9, 0, 10, 1], "texture": "#0"},
				"west": {"uv": [9, 0, 10, 1], "texture": "#0"},
				"up": {"uv": [9, 0, 10, 1], "rotation": 270, "texture": "#0"}
			}
		},
		{
			"name": "Cap",
			"from": [8.2, 6, 3.5],
			"to": [9.2, 7, 4],
			"rotation": {"angle": 45, "axis": "y", "origin": [8, 8, 8]},
			"faces": {
				"north": {"uv": [9, 0, 10, 1], "texture": "#0"},
				"east": {"uv": [9, 0, 10, 1], "texture": "#0"},
				"south": {"uv": [9, 0, 10, 1], "texture": "#0"},
				"west": {"uv": [9, 0, 10, 1], "texture": "#0"},
				"up": {"uv": [9, 0, 10, 1], "rotation": 270, "texture": "#0"}
			}
		},
		{
			"name": "Cap",
			"from": [7.7, 6, 2.5],
			"to": [8.2, 7, 3.5],
			"rotation": {"angle": 45, "axis": "y", "origin": [8, 8, 8]},
			"faces": {
				"north": {"uv": [9, 0, 10, 1], "texture": "#0"},
				"east": {"uv": [9, 0, 10, 1], "texture": "#0"},
				"south": {"uv": [9, 0, 10, 1], "texture": "#0"},
				"west": {"uv": [9, 0, 10, 1], "texture": "#0"},
				"up": {"uv": [9, 0, 10, 1], "rotation": 270, "texture": "#0"}
			}
		},
		{
			"name": "Cap",
			"from": [8.2, 6, 2.5],
			"to": [9.2, 7, 3.5],
			"rotation": {"angle": 45, "axis": "y", "origin": [8, 8, 8]},
			"faces": {
				"up": {"uv": [11, 1, 10, 0], "rotation": 270, "texture": "#0"}
			}
		},
		{
			"name": "Cap",
			"from": [9.2, 6, 2.5],
			"to": [9.7, 7, 3.5],
			"rotation": {"angle": 45, "axis": "y", "origin": [8, 8, 8]},
			"faces": {
				"north": {"uv": [9, 0, 10, 1], "texture": "#0"},
				"east": {"uv": [9, 0, 10, 1], "texture": "#0"},
				"south": {"uv": [9, 0, 10, 1], "texture": "#0"},
				"west": {"uv": [9, 0, 10, 1], "texture": "#0"},
				"up": {"uv": [9, 0, 10, 1], "rotation": 270, "texture": "#0"}
			}
		},
		{
			"from": [7.2, 2.5, 1.5],
			"to": [10.2, 4, 4.5],
			"rotation": {"angle": 45, "axis": "y", "origin": [8, 8, 8]},
			"faces": {
				"north": {"uv": [11, 0, 14, 1.5], "texture": "#0"},
				"east": {"uv": [11, 0, 14, 1.5], "texture": "#0"},
				"south": {"uv": [11, 0, 14, 1.5], "texture": "#0"},
				"west": {"uv": [11, 0, 14, 1.5], "texture": "#0"},
				"up": {"uv": [11, 0, 14, 3], "rotation": 270, "texture": "#0"},
				"down": {"uv": [11, 0, 14, 3], "rotation": 90, "texture": "#0"}
			}
		},
		{
			"from": [7.5, 9, 6],
			"to": [8.5, 13.5, 7],
			"rotation": {"angle": 45, "axis": "y", "origin": [8, 8, 8]},
			"faces": {
				"north": {"uv": [9, 2, 10, 6.5], "texture": "#stand"},
				"east": {"uv": [9, 2, 10, 6.5], "texture": "#stand"},
				"south": {"uv": [9, 2, 10, 6.5], "texture": "#stand"},
				"west": {"uv": [9, 2, 10, 6.5], "texture": "#stand"},
				"up": {"uv": [9, 2, 10, 3], "rotation": 270, "texture": "#stand"},
				"down": {"uv": [9, 6, 10, 7], "rotation": 90, "texture": "#stand"}
			}
		},
		{
			"from": [7.5, 12, 3],
			"to": [8.5, 14, 6],
			"rotation": {"angle": 45, "axis": "y", "origin": [8, 8, 8]},
			"faces": {
				"north": {"uv": [12, 2, 13, 4], "texture": "#stand"},
				"east": {"uv": [10, 2, 13, 4], "texture": "#stand"},
				"south": {"uv": [5, 2, 6, 4], "texture": "#stand"},
				"west": {"uv": [3, 2, 6, 4], "texture": "#stand"},
				"up": {"uv": [10, 2, 13, 3], "rotation": 270, "texture": "#stand"},
				"down": {"uv": [10, 3, 13, 4], "rotation": 90, "texture": "#stand"}
			}
		},
		{
			"from": [7.5, 14, 3],
			"to": [8.5, 15, 5],
			"rotation": {"angle": 45, "axis": "y", "origin": [8, 8, 8]},
			"faces": {
				"north": {"uv": [3, 1, 4, 2], "texture": "#stand"},
				"east": {"uv": [3, 1, 5, 2], "texture": "#stand"},
				"south": {"uv": [4, 1, 5, 2], "texture": "#stand"},
				"west": {"uv": [3, 1, 5, 2], "texture": "#stand"},
				"up": {"uv": [11, 1, 13, 2], "rotation": 270, "texture": "#stand"}
			}
		},
		{
			"from": [7.5, 15, 3],
			"to": [8.5, 16, 4],
			"rotation": {"angle": 45, "axis": "y", "origin": [8, 8, 8]},
			"faces": {
				"north": {"uv": [12, 0, 13, 1], "texture": "#stand"},
				"east": {"uv": [12, 0, 13, 1], "texture": "#stand"},
				"south": {"uv": [12, 0, 13, 1], "texture": "#stand"},
				"west": {"uv": [12, 0, 13, 1], "texture": "#stand"},
				"up": {"uv": [12, 0, 13, 1], "rotation": 270, "texture": "#stand"},
				"down": {"uv": [12, 0, 13, 1], "rotation": 90, "texture": "#stand"}
			}
		},
		{
			"from": [7.75, 11.25, 2.5],
			"to": [8.25, 12.75, 3.25],
			"rotation": {"angle": 45, "axis": "y", "origin": [8, 8, 8]},
			"faces": {
				"north": {"uv": [13, 3, 14, 5], "texture": "#stand"},
				"east": {"uv": [13, 3, 14, 5], "texture": "#stand"},
				"south": {"uv": [13, 3, 14, 5], "texture": "#stand"},
				"west": {"uv": [13, 3, 14, 5], "texture": "#stand"},
				"up": {"uv": [13, 3, 13.5, 3.5], "rotation": 270, "texture": "#stand"},
				"down": {"uv": [13, 4, 13.5, 4.5], "rotation": 90, "texture": "#stand"}
			}
		},
		{
			"from": [7.75, 9, 3.25],
			"to": [8.25, 12, 3.75],
			"rotation": {"angle": 45, "axis": "y", "origin": [8, 8, 8]},
			"faces": {
				"north": {"uv": [12, 4, 12.5, 7], "texture": "#stand"},
				"east": {"uv": [12, 4, 12.5, 7], "texture": "#stand"},
				"south": {"uv": [12, 4, 12.5, 7], "texture": "#stand"},
				"west": {"uv": [12, 4, 12.5, 7], "texture": "#stand"},
				"down": {"uv": [12, 7, 12.5, 7.5], "rotation": 270, "texture": "#stand"}
			}
		},
		{
			"from": [8.45, 7, 2.75],
			"to": [8.95, 8, 3.25],
			"rotation": {"angle": 45, "axis": "y", "origin": [8, 8, 8]},
			"faces": {
				"north": {"uv": [12, 8, 12.5, 10], "texture": "#stand"},
				"east": {"uv": [12, 8, 12.5, 10], "texture": "#stand"},
				"south": {"uv": [12, 8, 12.5, 10], "texture": "#stand"},
				"west": {"uv": [12, 8, 12.5, 10], "texture": "#stand"},
				"up": {"uv": [12, 8, 12.5, 8.5], "rotation": 90, "texture": "#stand"}
			}
		},
		{
			"from": [8.1, 8, 3],
			"to": [8.6, 9, 3.5],
			"rotation": {"angle": 45, "axis": "y", "origin": [8, 8, 8]},
			"faces": {
				"north": {"uv": [12, 6, 12.5, 8], "texture": "#stand"},
				"east": {"uv": [12, 6, 12.5, 8], "texture": "#stand"},
				"south": {"uv": [12, 6, 12.5, 8], "texture": "#stand"},
				"west": {"uv": [12, 6, 12.5, 8], "texture": "#stand"},
				"up": {"uv": [12, 6, 12.5, 8], "rotation": 90, "texture": "#stand"},
				"down": {"uv": [12, 6, 12.5, 8], "rotation": 270, "texture": "#stand"}
			}
		}
	],
	"groups": [
		{
			"name": "Bottle",
			"origin": [8, 8, 8],
			"children": [0, 1, 2, 3, 4, 5, 6, 7, 8, 9, 10, 11]
		},
		{
			"name": "3D_brewingstand_empty0",
			"origin": [8, 8, 8],
			"children": [12, 13, 14, 15, 16, 17, 18, 19]
		}
	]
}