{
	"credit": "Made by TheWaschtlPlays using Blockbench",
	"ambientocclusion": false,
	"textures": {
		"particle": "#crop"
	},
	"elements": [
		{
			"name": "1_2",
			"from": [5, 0, 0],
			"to": [5, 16, 16],
			"shade": false,
			"rotation": {"angle": 22.5, "axis": "y", "origin": [8, 8, 8]},
			"faces": {
				"east": {"uv": [16, 0, 0, 16], "texture": "#crop", "tintindex": 0},
				"west": {"uv": [0, 0, 16, 16], "texture": "#crop", "tintindex": 0}
			}
		},
		{
			"name": "2_1",
			"from": [12, 0, 0],
			"to": [12, 16, 16],
			"shade": false,
			"faces": {
				"east": {"uv": [16, 0, 0, 16], "texture": "#crop", "tintindex": 0},
				"west": {"uv": [0, 0, 16, 16], "texture": "#crop", "tintindex": 0}
			}
		},
		{
			"name": "4_1",
			"from": [0, 0, 12],
			"to": [16, 16, 12],
			"shade": false,
			"faces": {
				"north": {"uv": [16, 0, 0, 16], "texture": "#crop", "tintindex": 0},
				"south": {"uv": [0, 0, 16, 16], "texture": "#crop", "tintindex": 0}
			}
		},
		{
			"name": "3_3",
			"from": [0, 0, 5],
			"to": [16, 16, 5],
			"shade": false,
			"rotation": {"angle": -22.5, "axis": "y", "origin": [9, 8, 5]},
			"faces": {
				"north": {"uv": [16, 0, 0, 16], "texture": "#crop", "tintindex": 0},
				"south": {"uv": [0, 0, 16, 16], "texture": "#crop", "tintindex": 0}
			}
		},
		{
			"name": "5_1",
			"from": [-2, 0, 7],
			"to": [14, 16, 7],
			"shade": false,
			"rotation": {"angle": 45, "axis": "y", "origin": [6, 8, 7]},
			"faces": {
				"north": {"uv": [16, 0, 0, 16], "texture": "#crop", "tintindex": 0},
				"south": {"uv": [0, 0, 16, 16], "texture": "#crop", "tintindex": 0}
			}
		}
	]
}