{
	"credit": "Made by playtrix with Blockbench",
	"textures": {
		"0": "blocks/bookshelf",
		"particle": "blocks/bookshelf"
	},
	"elements": [
		{
			"from": [12, 9, 0.2],
			"to": [14, 14, 1],
			"faces": {
				"north": {"uv": [4, 2, 6, 7], "texture": "#0", "cullface": "north"},
				"east": {"uv": [4, 2, 4.8, 7], "texture": "#0", "cullface": "north"},
				"west": {"uv": [5, 2, 5.8, 7], "texture": "#0", "cullface": "north"},
				"up": {"uv": [4, 2, 6, 2.8], "texture": "#0", "cullface": "north"}
			}
		} 
	],
	"groups": [
		{
			"name": "top",
			"origin": [8, 8, 8],
			"children": [
				{
					"name": "45",
					"origin": [8, 8, 8],
					"children": [0, 1]
				}
			]
		}
	]
}