{
	"credit": "Made by TheWaschtlPlays using Blockbench",
	"elements": [
		{
			"from": [0, 0, 0],
			"to": [16, 16, 16],
			"faces": {
				"north": {"uv": [0, 0, 16, 16], "texture": "#ore", "cullface": "north"},
				"east": {"uv": [0, 0, 16, 16], "texture": "#ore", "cullface": "east"},
				"south": {"uv": [0, 0, 16, 16], "texture": "#ore", "cullface": "south"},
				"west": {"uv": [0, 0, 16, 16], "texture": "#ore", "cullface": "west"},
				"up": {"uv": [0, 0, 16, 16], "texture": "#ore", "cullface": "up"},
				"down": {"uv": [0, 0, 16, 16], "texture": "#ore", "cullface": "down"}
			}
		},
		{
			"name": "Element",
			"from": [11, 2, -0.4],
			"to": [13, 3, 0],
			"faces": {
				"north": {"uv": [3, 13, 5, 14], "texture": "#ore", "cullface": "north"},
				"east": {"uv": [3, 13, 3.4, 14], "texture": "#ore", "cullface": "north"},
				"west": {"uv": [4, 13, 4.4, 14], "texture": "#ore", "cullface": "north"},
				"up": {"uv": [3, 13, 5, 13.4], "rotation": 180, "texture": "#ore", "cullface": "north"},
				"down": {"uv": [3, 13, 5, 13.4], "rotation": 180, "texture": "#ore", "cullface": "north"}
			}
		},
		{
			"name": "Element",
			"from": [7, 12, -0.4],
			"to": [9, 13, 0],
			"faces": {
				"north": {"uv": [3, 13, 5, 14], "texture": "#ore", "cullface": "north"},
				"east": {"uv": [3, 13, 3.4, 14], "texture": "#ore", "cullface": "north"},
				"west": {"uv": [4, 13, 4.4, 14], "texture": "#ore", "cullface": "north"},
				"up": {"uv": [3, 13, 5, 13.4], "rotation": 180, "texture": "#ore", "cullface": "north"},
				"down": {"uv": [3, 13, 5, 13.4], "rotation": 180, "texture": "#ore", "cullface": "north"}
			}
		},
		{
			"name": "Element",
			"from": [13, 7, -0.4],
			"to": [15, 8, 0],
			"faces": {
				"north": {"uv": [1, 8, 3, 9], "texture": "#ore", "cullface": "north"},
				"east": {"uv": [1, 8, 1.4, 9], "texture": "#ore", "cullface": "north"},
				"west": {"uv": [2, 8, 2.4, 9], "texture": "#ore", "cullface": "north"},
				"up": {"uv": [1, 8, 3, 8.4], "rotation": 180, "texture": "#ore", "cullface": "north"},
				"down": {"uv": [1, 8, 3, 8.4], "rotation": 180, "texture": "#ore", "cullface": "north"}
			}
		},
		{
			"name": "Element",
			"from": [2, 13, -0.4],
			"to": [4, 14, 0],
			"faces": {
				"north": {"uv": [1, 8, 3, 9], "texture": "#ore", "cullface": "north"},
				"east": {"uv": [1, 8, 1.4, 9], "texture": "#ore", "cullface": "north"},
				"west": {"uv": [2, 8, 2.4, 9], "texture": "#ore", "cullface": "north"},
				"up": {"uv": [1, 8, 3, 8.4], "rotation": 180, "texture": "#ore", "cullface": "north"},
				"down": {"uv": [1, 8, 3, 8.4], "rotation": 180, "texture": "#ore", "cullface": "north"}
			}
		},
		{
			"name": "Element",
			"from": [4, 9, -0.5],
			"to": [6, 11, 0],
			"faces": {
				"north": {"uv": [10, 5, 12, 7], "texture": "#ore", "cullface": "north"},
				"east": {"uv": [10, 5, 10.4, 7], "texture": "#ore", "cullface": "north"},
				"west": {"uv": [11, 5, 11.4, 7], "texture": "#ore", "cullface": "north"},
				"up": {"uv": [10, 5, 12, 5.4], "rotation": 180, "texture": "#ore", "cullface": "north"},
				"down": {"uv": [10, 6, 12, 6.4], "rotation": 180, "texture": "#ore", "cullface": "north"}
			}
		},
		{
			"name": "Element",
			"from": [2, 3, -0.5],
			"to": [8, 4, 0],
			"faces": {
				"north": {"uv": [8, 12, 14, 13], "texture": "#ore", "cullface": "north"},
				"east": {"uv": [8, 12, 8.5, 13], "texture": "#ore", "cullface": "north"},
				"west": {"uv": [13, 12, 13.5, 13], "texture": "#ore", "cullface": "north"},
				"up": {"uv": [8, 12, 14, 12.5], "rotation": 180, "texture": "#ore", "cullface": "north"},
				"down": {"uv": [8, 12, 14, 12.5], "rotation": 180, "texture": "#ore", "cullface": "north"}
			}
		},
		{
			"name": "Element",
			"from": [5, 6, -0.25],
			"to": [9, 7, 0],
			"faces": {
				"north": {"uv": [7, 9, 11, 10], "texture": "#ore", "cullface": "north"},
				"east": {"uv": [7, 9, 7.5, 10], "texture": "#ore", "cullface": "north"},
				"west": {"uv": [10, 9, 10.5, 10], "texture": "#ore", "cullface": "north"},
				"up": {"uv": [7, 9, 11, 9.5], "rotation": 180, "texture": "#ore", "cullface": "north"},
				"down": {"uv": [7, 9, 11, 9.5], "rotation": 180, "texture": "#ore", "cullface": "north"}
			}
		},
		{
			"name": "Element",
			"from": [8, 9, -0.4],
			"to": [13, 10, 0],
			"faces": {
				"north": {"uv": [3, 6, 8, 7], "texture": "#ore", "cullface": "north"},
				"east": {"uv": [3, 6, 3.5, 7], "texture": "#ore", "cullface": "north"},
				"west": {"uv": [7, 6, 7.5, 7], "texture": "#ore", "cullface": "north"},
				"up": {"uv": [3, 6, 8, 6.5], "rotation": 180, "texture": "#ore", "cullface": "north"},
				"down": {"uv": [3, 6, 8, 6.5], "rotation": 180, "texture": "#ore", "cullface": "north"}
			}
		},
		{
			"name": "Element",
			"from": [3, 4, -0.5],
			"to": [5, 5, 0],
			"faces": {
				"north": {"uv": [11, 11, 13, 12], "texture": "#ore", "cullface": "north"},
				"east": {"uv": [11, 11, 11.5, 12], "texture": "#ore", "cullface": "north"},
				"west": {"uv": [13, 12, 13.5, 13], "texture": "#ore", "cullface": "north"},
				"up": {"uv": [11, 11, 13, 11.5], "rotation": 180, "texture": "#ore", "cullface": "north"}
			}
		},
		{
			"name": "Element",
			"from": [6, 7, -0.25],
			"to": [8, 8, 0],
			"faces": {
				"north": {"uv": [8, 8, 10, 9], "texture": "#ore", "cullface": "north"},
				"east": {"uv": [8, 8, 8.5, 9], "texture": "#ore", "cullface": "north"},
				"west": {"uv": [9, 8, 9.5, 9], "texture": "#ore", "cullface": "north"},
				"up": {"uv": [8, 8, 10, 8.5], "rotation": 180, "texture": "#ore", "cullface": "north"}
			}
		},
		{
			"name": "Element",
			"from": [9, 10, -0.4],
			"to": [11, 11, 0],
			"faces": {
				"north": {"uv": [5, 5, 7, 6], "texture": "#ore", "cullface": "north"},
				"east": {"uv": [5, 5, 5.5, 6], "texture": "#ore", "cullface": "north"},
				"west": {"uv": [6, 5, 6.5, 6], "texture": "#ore", "cullface": "north"},
				"up": {"uv": [5, 5, 7, 5.5], "rotation": 180, "texture": "#ore", "cullface": "north"}
			}
		},
		{
			"name": "Element",
			"from": [5, 2, -0.5],
			"to": [7, 3, 0],
			"faces": {
				"north": {"uv": [9, 13, 11, 14], "texture": "#ore", "cullface": "north"},
				"east": {"uv": [9, 13, 9.5, 14], "texture": "#ore", "cullface": "north"},
				"west": {"uv": [10, 13, 10.5, 14], "texture": "#ore", "cullface": "north"},
				"down": {"uv": [9, 13, 11, 13.5], "rotation": 180, "texture": "#ore", "cullface": "north"}
			}
		},
		{
			"name": "Element",
			"from": [11, 5, -0.25],
			"to": [12, 6, 0],
			"faces": {
				"north": {"uv": [4, 10, 5, 11], "texture": "#ore", "cullface": "north"},
				"east": {"uv": [4, 10, 4.4, 11], "texture": "#ore", "cullface": "north"},
				"west": {"uv": [4, 10, 4.4, 11], "texture": "#ore", "cullface": "north"},
				"up": {"uv": [4, 10, 5, 10.4], "rotation": 180, "texture": "#ore", "cullface": "north"},
				"down": {"uv": [4, 10, 5, 10.4], "rotation": 180, "texture": "#ore", "cullface": "north"}
			}
		},
		{
			"name": "Element",
			"from": [11, 13, -0.25],
			"to": [12, 14, 0],
			"faces": {
				"north": {"uv": [4, 10, 5, 11], "texture": "#ore", "cullface": "north"},
				"east": {"uv": [4, 10, 4.4, 11], "texture": "#ore", "cullface": "north"},
				"west": {"uv": [4, 10, 4.4, 11], "texture": "#ore", "cullface": "north"},
				"up": {"uv": [4, 10, 5, 10.4], "rotation": 180, "texture": "#ore", "cullface": "north"},
				"down": {"uv": [4, 10, 5, 10.4], "rotation": 180, "texture": "#ore", "cullface": "north"}
			}
		},
		{
			"name": "Element",
			"from": [-0.4, 2, 3],
			"to": [0, 3, 5],
			"faces": {
				"north": {"uv": [3, 13, 3.4, 14], "texture": "#ore", "cullface": "west"},
				"south": {"uv": [4, 13, 4.4, 14], "texture": "#ore", "cullface": "west"},
				"west": {"uv": [3, 13, 5, 14], "texture": "#ore", "cullface": "west"},
				"up": {"uv": [3, 13, 5, 13.4], "rotation": 90, "texture": "#ore", "cullface": "west"},
				"down": {"uv": [3, 13, 5, 13.4], "rotation": 270, "texture": "#ore", "cullface": "west"}
			}
		},
		{
			"name": "Element",
			"from": [-0.4, 12, 7],
			"to": [0, 13, 9],
			"faces": {
				"north": {"uv": [3, 13, 3.4, 14], "texture": "#ore", "cullface": "west"},
				"south": {"uv": [4, 13, 4.4, 14], "texture": "#ore", "cullface": "west"},
				"west": {"uv": [3, 13, 5, 14], "texture": "#ore", "cullface": "west"},
				"up": {"uv": [3, 13, 5, 13.4], "rotation": 90, "texture": "#ore", "cullface": "west"},
				"down": {"uv": [3, 13, 5, 13.4], "rotation": 270, "texture": "#ore", "cullface": "west"}
			}
		},
		{
			"name": "Element",
			"from": [-0.4, 7, 1],
			"to": [0, 8, 3],
			"faces": {
				"north": {"uv": [1, 8, 1.4, 9], "texture": "#ore", "cullface": "west"},
				"south": {"uv": [2, 8, 2.4, 9], "texture": "#ore", "cullface": "west"},
				"west": {"uv": [1, 8, 3, 9], "texture": "#ore", "cullface": "west"},
				"up": {"uv": [1, 8, 3, 8.4], "rotation": 90, "texture": "#ore", "cullface": "west"},
				"down": {"uv": [1, 8, 3, 8.4], "rotation": 270, "texture": "#ore", "cullface": "west"}
			}
		},
		{
			"name": "Element",
			"from": [-0.4, 13, 12],
			"to": [0, 14, 14],
			"faces": {
				"north": {"uv": [1, 8, 1.4, 9], "texture": "#ore", "cullface": "west"},
				"south": {"uv": [2, 8, 2.4, 9], "texture": "#ore", "cullface": "west"},
				"west": {"uv": [1, 8, 3, 9], "texture": "#ore", "cullface": "west"},
				"up": {"uv": [1, 8, 3, 8.4], "rotation": 90, "texture": "#ore", "cullface": "west"},
				"down": {"uv": [1, 8, 3, 8.4], "rotation": 270, "texture": "#ore", "cullface": "west"}
			}
		},
		{
			"name": "Element",
			"from": [-0.5, 9, 10],
			"to": [0, 11, 12],
			"faces": {
				"north": {"uv": [10, 5, 10.4, 7], "texture": "#ore", "cullface": "west"},
				"south": {"uv": [11, 5, 11.4, 7], "texture": "#ore", "cullface": "west"},
				"west": {"uv": [10, 5, 12, 7], "texture": "#ore", "cullface": "west"},
				"up": {"uv": [10, 5, 12, 5.4], "rotation": 90, "texture": "#ore", "cullface": "west"},
				"down": {"uv": [10, 6, 12, 6.4], "rotation": 270, "texture": "#ore", "cullface": "west"}
			}
		},
		{
			"name": "Element",
			"from": [-0.5, 3, 8],
			"to": [0, 4, 14],
			"faces": {
				"north": {"uv": [8, 12, 8.5, 13], "texture": "#ore", "cullface": "west"},
				"south": {"uv": [13, 12, 13.5, 13], "texture": "#ore", "cullface": "west"},
				"west": {"uv": [8, 12, 14, 13], "texture": "#ore", "cullface": "west"},
				"up": {"uv": [8, 12, 14, 12.5], "rotation": 90, "texture": "#ore", "cullface": "west"},
				"down": {"uv": [8, 12, 14, 12.5], "rotation": 270, "texture": "#ore", "cullface": "west"}
			}
		},
		{
			"name": "Element",
			"from": [-0.25, 6, 7],
			"to": [0, 7, 11],
			"faces": {
				"north": {"uv": [7, 9, 7.5, 10], "texture": "#ore", "cullface": "west"},
				"south": {"uv": [10, 9, 10.5, 10], "texture": "#ore", "cullface": "west"},
				"west": {"uv": [7, 9, 11, 10], "texture": "#ore", "cullface": "west"},
				"up": {"uv": [7, 9, 11, 9.5], "rotation": 90, "texture": "#ore", "cullface": "west"},
				"down": {"uv": [7, 9, 11, 9.5], "rotation": 270, "texture": "#ore", "cullface": "west"}
			}
		},
		{
			"name": "Element",
			"from": [-0.4, 9, 3],
			"to": [0, 10, 8],
			"faces": {
				"north": {"uv": [3, 6, 3.5, 7], "texture": "#ore", "cullface": "west"},
				"south": {"uv": [7, 6, 7.5, 7], "texture": "#ore", "cullface": "west"},
				"west": {"uv": [3, 6, 8, 7], "texture": "#ore", "cullface": "west"},
				"up": {"uv": [3, 6, 8, 6.5], "rotation": 90, "texture": "#ore", "cullface": "west"},
				"down": {"uv": [3, 6, 8, 6.5], "rotation": 270, "texture": "#ore", "cullface": "west"}
			}
		},
		{
			"name": "Element",
			"from": [-0.5, 4, 11],
			"to": [0, 5, 13],
			"faces": {
				"north": {"uv": [11, 11, 11.5, 12], "texture": "#ore", "cullface": "west"},
				"south": {"uv": [13, 12, 13.5, 13], "texture": "#ore", "cullface": "west"},
				"west": {"uv": [11, 11, 13, 12], "texture": "#ore", "cullface": "west"},
				"up": {"uv": [11, 11, 13, 11.5], "rotation": 90, "texture": "#ore", "cullface": "west"}
			}
		},
		{
			"name": "Element",
			"from": [-0.25, 7, 8],
			"to": [0, 8, 10],
			"faces": {
				"north": {"uv": [8, 8, 8.5, 9], "texture": "#ore", "cullface": "west"},
				"south": {"uv": [9, 8, 9.5, 9], "texture": "#ore", "cullface": "west"},
				"west": {"uv": [8, 8, 10, 9], "texture": "#ore", "cullface": "west"},
				"up": {"uv": [8, 8, 10, 8.5], "rotation": 90, "texture": "#ore", "cullface": "west"}
			}
		},
		{
			"name": "Element",
			"from": [-0.4, 10, 5],
			"to": [0, 11, 7],
			"faces": {
				"north": {"uv": [5, 5, 5.5, 6], "texture": "#ore", "cullface": "west"},
				"south": {"uv": [6, 5, 6.5, 6], "texture": "#ore", "cullface": "west"},
				"west": {"uv": [5, 5, 7, 6], "texture": "#ore", "cullface": "west"},
				"up": {"uv": [5, 5, 7, 5.5], "rotation": 90, "texture": "#ore", "cullface": "west"}
			}
		},
		{
			"name": "Element",
			"from": [-0.5, 2, 9],
			"to": [0, 3, 11],
			"faces": {
				"north": {"uv": [9, 13, 9.5, 14], "texture": "#ore", "cullface": "west"},
				"south": {"uv": [10, 13, 10.5, 14], "texture": "#ore", "cullface": "west"},
				"west": {"uv": [9, 13, 11, 14], "texture": "#ore", "cullface": "west"},
				"down": {"uv": [9, 13, 11, 13.5], "rotation": 270, "texture": "#ore", "cullface": "west"}
			}
		},
		{
			"name": "Element",
			"from": [-0.25, 5, 4],
			"to": [0, 6, 5],
			"faces": {
				"north": {"uv": [4, 10, 4.4, 11], "texture": "#ore", "cullface": "west"},
				"south": {"uv": [4, 10, 4.4, 11], "texture": "#ore", "cullface": "west"},
				"west": {"uv": [4, 10, 5, 11], "texture": "#ore", "cullface": "west"},
				"up": {"uv": [4, 10, 5, 10.4], "rotation": 90, "texture": "#ore", "cullface": "west"},
				"down": {"uv": [4, 10, 5, 10.4], "rotation": 270, "texture": "#ore", "cullface": "west"}
			}
		},
		{
			"name": "Element",
			"from": [-0.25, 13, 4],
			"to": [0, 14, 5],
			"faces": {
				"north": {"uv": [4, 10, 4.4, 11], "texture": "#ore", "cullface": "west"},
				"south": {"uv": [4, 10, 4.4, 11], "texture": "#ore", "cullface": "west"},
				"west": {"uv": [4, 10, 5, 11], "texture": "#ore", "cullface": "west"},
				"up": {"uv": [4, 10, 5, 10.4], "rotation": 90, "texture": "#ore", "cullface": "west"},
				"down": {"uv": [4, 10, 5, 10.4], "rotation": 270, "texture": "#ore", "cullface": "west"}
			}
		},
		{
			"name": "Element",
			"from": [16, 2, 11],
			"to": [16.4, 3, 13],
			"faces": {
				"north": {"uv": [4, 13, 4.4, 14], "texture": "#ore", "cullface": "east"},
				"east": {"uv": [3, 13, 5, 14], "texture": "#ore", "cullface": "east"},
				"south": {"uv": [3, 13, 3.4, 14], "texture": "#ore", "cullface": "east"},
				"up": {"uv": [3, 13, 5, 13.4], "rotation": 270, "texture": "#ore", "cullface": "east"},
				"down": {"uv": [3, 13, 5, 13.4], "rotation": 90, "texture": "#ore", "cullface": "east"}
			}
		},
		{
			"name": "Element",
			"from": [16, 12, 7],
			"to": [16.4, 13, 9],
			"faces": {
				"north": {"uv": [4, 13, 4.4, 14], "texture": "#ore", "cullface": "east"},
				"east": {"uv": [3, 13, 5, 14], "texture": "#ore", "cullface": "east"},
				"south": {"uv": [3, 13, 3.4, 14], "texture": "#ore", "cullface": "east"},
				"up": {"uv": [3, 13, 5, 13.4], "rotation": 270, "texture": "#ore", "cullface": "east"},
				"down": {"uv": [3, 13, 5, 13.4], "rotation": 90, "texture": "#ore", "cullface": "east"}
			}
		},
		{
			"name": "Element",
			"from": [16, 7, 13],
			"to": [16.4, 8, 15],
			"faces": {
				"north": {"uv": [2, 8, 2.4, 9], "texture": "#ore", "cullface": "east"},
				"east": {"uv": [1, 8, 3, 9], "texture": "#ore", "cullface": "east"},
				"south": {"uv": [1, 8, 1.4, 9], "texture": "#ore", "cullface": "east"},
				"up": {"uv": [1, 8, 3, 8.4], "rotation": 270, "texture": "#ore", "cullface": "east"},
				"down": {"uv": [1, 8, 3, 8.4], "rotation": 90, "texture": "#ore", "cullface": "east"}
			}
		},
		{
			"name": "Element",
			"from": [16, 13, 2],
			"to": [16.4, 14, 4],
			"faces": {
				"north": {"uv": [2, 8, 2.4, 9], "texture": "#ore", "cullface": "east"},
				"east": {"uv": [1, 8, 3, 9], "texture": "#ore", "cullface": "east"},
				"south": {"uv": [1, 8, 1.4, 9], "texture": "#ore", "cullface": "east"},
				"up": {"uv": [1, 8, 3, 8.4], "rotation": 270, "texture": "#ore", "cullface": "east"},
				"down": {"uv": [1, 8, 3, 8.4], "rotation": 90, "texture": "#ore", "cullface": "east"}
			}
		},
		{
			"name": "Element",
			"from": [16, 9, 4],
			"to": [16.5, 11, 6],
			"faces": {
				"north": {"uv": [11, 5, 11.4, 7], "texture": "#ore", "cullface": "east"},
				"east": {"uv": [10, 5, 12, 7], "texture": "#ore", "cullface": "east"},
				"south": {"uv": [10, 5, 10.4, 7], "texture": "#ore", "cullface": "east"},
				"up": {"uv": [10, 5, 12, 5.4], "rotation": 270, "texture": "#ore", "cullface": "east"},
				"down": {"uv": [10, 6, 12, 6.4], "rotation": 90, "texture": "#ore", "cullface": "east"}
			}
		},
		{
			"name": "Element",
			"from": [16, 3, 2],
			"to": [16.5, 4, 8],
			"faces": {
				"north": {"uv": [13, 12, 13.5, 13], "texture": "#ore", "cullface": "east"},
				"east": {"uv": [8, 12, 14, 13], "texture": "#ore", "cullface": "east"},
				"south": {"uv": [8, 12, 8.5, 13], "texture": "#ore", "cullface": "east"},
				"up": {"uv": [8, 12, 14, 12.5], "rotation": 270, "texture": "#ore", "cullface": "east"},
				"down": {"uv": [8, 12, 14, 12.5], "rotation": 90, "texture": "#ore", "cullface": "east"}
			}
		},
		{
			"name": "Element",
			"from": [16, 6, 5],
			"to": [16.25, 7, 9],
			"faces": {
				"north": {"uv": [10, 9, 10.5, 10], "texture": "#ore", "cullface": "east"},
				"east": {"uv": [7, 9, 11, 10], "texture": "#ore", "cullface": "east"},
				"south": {"uv": [7, 9, 7.5, 10], "texture": "#ore", "cullface": "east"},
				"up": {"uv": [7, 9, 11, 9.5], "rotation": 270, "texture": "#ore", "cullface": "east"},
				"down": {"uv": [7, 9, 11, 9.5], "rotation": 90, "texture": "#ore", "cullface": "east"}
			}
		},
		{
			"name": "Element",
			"from": [16, 9, 8],
			"to": [16.4, 10, 13],
			"faces": {
				"north": {"uv": [7, 6, 7.5, 7], "texture": "#ore", "cullface": "east"},
				"east": {"uv": [3, 6, 8, 7], "texture": "#ore", "cullface": "east"},
				"south": {"uv": [3, 6, 3.5, 7], "texture": "#ore", "cullface": "east"},
				"up": {"uv": [3, 6, 8, 6.5], "rotation": 270, "texture": "#ore", "cullface": "east"},
				"down": {"uv": [3, 6, 8, 6.5], "rotation": 90, "texture": "#ore", "cullface": "east"}
			}
		},
		{
			"name": "Element",
			"from": [16, 4, 3],
			"to": [16.5, 5, 5],
			"faces": {
				"north": {"uv": [13, 12, 13.5, 13], "texture": "#ore", "cullface": "east"},
				"east": {"uv": [11, 11, 13, 12], "texture": "#ore", "cullface": "east"},
				"south": {"uv": [11, 11, 11.5, 12], "texture": "#ore", "cullface": "east"},
				"up": {"uv": [11, 11, 13, 11.5], "rotation": 270, "texture": "#ore", "cullface": "east"}
			}
		},
		{
			"name": "Element",
			"from": [16, 7, 6],
			"to": [16.25, 8, 8],
			"faces": {
				"north": {"uv": [9, 8, 9.5, 9], "texture": "#ore", "cullface": "east"},
				"east": {"uv": [8, 8, 10, 9], "texture": "#ore", "cullface": "east"},
				"south": {"uv": [8, 8, 8.5, 9], "texture": "#ore", "cullface": "east"},
				"up": {"uv": [8, 8, 10, 8.5], "rotation": 270, "texture": "#ore", "cullface": "east"}
			}
		},
		{
			"name": "Element",
			"from": [16, 10, 9],
			"to": [16.4, 11, 11],
			"faces": {
				"north": {"uv": [6, 5, 6.5, 6], "texture": "#ore", "cullface": "east"},
				"east": {"uv": [5, 5, 7, 6], "texture": "#ore", "cullface": "east"},
				"south": {"uv": [5, 5, 5.5, 6], "texture": "#ore", "cullface": "east"},
				"up": {"uv": [5, 5, 7, 5.5], "rotation": 270, "texture": "#ore", "cullface": "east"}
			}
		},
		{
			"name": "Element",
			"from": [16, 2, 5],
			"to": [16.5, 3, 7],
			"faces": {
				"north": {"uv": [10, 13, 10.5, 14], "texture": "#ore", "cullface": "east"},
				"east": {"uv": [9, 13, 11, 14], "texture": "#ore", "cullface": "east"},
				"south": {"uv": [9, 13, 9.5, 14], "texture": "#ore", "cullface": "east"},
				"down": {"uv": [9, 13, 11, 13.5], "rotation": 90, "texture": "#ore", "cullface": "east"}
			}
		},
		{
			"name": "Element",
			"from": [16, 5, 11],
			"to": [16.25, 6, 12],
			"faces": {
				"north": {"uv": [4, 10, 4.4, 11], "texture": "#ore", "cullface": "east"},
				"east": {"uv": [4, 10, 5, 11], "texture": "#ore", "cullface": "east"},
				"south": {"uv": [4, 10, 4.4, 11], "texture": "#ore", "cullface": "east"},
				"up": {"uv": [4, 10, 5, 10.4], "rotation": 270, "texture": "#ore", "cullface": "east"},
				"down": {"uv": [4, 10, 5, 10.4], "rotation": 90, "texture": "#ore", "cullface": "east"}
			}
		},
		{
			"name": "Element",
			"from": [16, 13, 11],
			"to": [16.25, 14, 12],
			"faces": {
				"north": {"uv": [4, 10, 4.4, 11], "texture": "#ore", "cullface": "east"},
				"east": {"uv": [4, 10, 5, 11], "texture": "#ore", "cullface": "east"},
				"south": {"uv": [4, 10, 4.4, 11], "texture": "#ore", "cullface": "east"},
				"up": {"uv": [4, 10, 5, 10.4], "rotation": 270, "texture": "#ore", "cullface": "east"},
				"down": {"uv": [4, 10, 5, 10.4], "rotation": 90, "texture": "#ore", "cullface": "east"}
			}
		},
		{
			"name": "Element",
			"from": [3, 2, 16],
			"to": [5, 3, 16.4],
			"faces": {
				"east": {"uv": [4, 13, 4.4, 14], "texture": "#ore", "cullface": "south"},
				"south": {"uv": [3, 13, 5, 14], "texture": "#ore", "cullface": "south"},
				"west": {"uv": [3, 13, 3.4, 14], "texture": "#ore", "cullface": "south"},
				"up": {"uv": [3, 13, 5, 13.4], "texture": "#ore"},
				"down": {"uv": [3, 13, 5, 13.4], "texture": "#ore", "cullface": "south"}
			}
		},
		{
			"name": "Element",
			"from": [7, 12, 16],
			"to": [9, 13, 16.4],
			"faces": {
				"east": {"uv": [4, 13, 4.4, 14], "texture": "#ore", "cullface": "south"},
				"south": {"uv": [3, 13, 5, 14], "texture": "#ore", "cullface": "south"},
				"west": {"uv": [3, 13, 3.4, 14], "texture": "#ore", "cullface": "south"},
				"up": {"uv": [3, 13, 5, 13.4], "texture": "#ore"},
				"down": {"uv": [3, 13, 5, 13.4], "texture": "#ore", "cullface": "south"}
			}
		},
		{
			"name": "Element",
			"from": [1, 7, 16],
			"to": [3, 8, 16.4],
			"faces": {
				"east": {"uv": [2, 8, 2.4, 9], "texture": "#ore", "cullface": "south"},
				"south": {"uv": [1, 8, 3, 9], "texture": "#ore", "cullface": "south"},
				"west": {"uv": [1, 8, 1.4, 9], "texture": "#ore", "cullface": "south"},
				"up": {"uv": [1, 8, 3, 8.4], "texture": "#ore"},
				"down": {"uv": [1, 8, 3, 8.4], "texture": "#ore", "cullface": "south"}
			}
		},
		{
			"name": "Element",
			"from": [12, 13, 16],
			"to": [14, 14, 16.4],
			"faces": {
				"east": {"uv": [2, 8, 2.4, 9], "texture": "#ore", "cullface": "south"},
				"south": {"uv": [1, 8, 3, 9], "texture": "#ore", "cullface": "south"},
				"west": {"uv": [1, 8, 1.4, 9], "texture": "#ore", "cullface": "south"},
				"up": {"uv": [1, 8, 3, 8.4], "texture": "#ore"},
				"down": {"uv": [1, 8, 3, 8.4], "texture": "#ore", "cullface": "south"}
			}
		},
		{
			"name": "Element",
			"from": [10, 9, 16],
			"to": [12, 11, 16.5],
			"faces": {
				"east": {"uv": [11, 5, 11.4, 7], "texture": "#ore", "cullface": "south"},
				"south": {"uv": [10, 5, 12, 7], "texture": "#ore", "cullface": "south"},
				"west": {"uv": [10, 5, 10.4, 7], "texture": "#ore", "cullface": "south"},
				"up": {"uv": [10, 5, 12, 5.4], "texture": "#ore"},
				"down": {"uv": [10, 6, 12, 6.4], "texture": "#ore", "cullface": "south"}
			}
		},
		{
			"name": "Element",
			"from": [8, 3, 16],
			"to": [14, 4, 16.5],
			"faces": {
				"east": {"uv": [13, 12, 13.5, 13], "texture": "#ore", "cullface": "south"},
				"south": {"uv": [8, 12, 14, 13], "texture": "#ore", "cullface": "south"},
				"west": {"uv": [8, 12, 8.5, 13], "texture": "#ore", "cullface": "south"},
				"up": {"uv": [8, 12, 14, 12.5], "texture": "#ore"},
				"down": {"uv": [8, 12, 14, 12.5], "texture": "#ore", "cullface": "south"}
			}
		},
		{
			"name": "Element",
			"from": [7, 6, 16],
			"to": [11, 7, 16.25],
			"faces": {
				"east": {"uv": [10, 9, 10.5, 10], "texture": "#ore", "cullface": "south"},
				"south": {"uv": [7, 9, 11, 10], "texture": "#ore", "cullface": "south"},
				"west": {"uv": [7, 9, 7.5, 10], "texture": "#ore", "cullface": "south"},
				"up": {"uv": [7, 9, 11, 9.5], "texture": "#ore"},
				"down": {"uv": [7, 9, 11, 9.5], "texture": "#ore", "cullface": "south"}
			}
		},
		{
			"name": "Element",
			"from": [3, 9, 16],
			"to": [8, 10, 16.4],
			"faces": {
				"east": {"uv": [7, 6, 7.5, 7], "texture": "#ore", "cullface": "south"},
				"south": {"uv": [3, 6, 8, 7], "texture": "#ore", "cullface": "south"},
				"west": {"uv": [3, 6, 3.5, 7], "texture": "#ore", "cullface": "south"},
				"up": {"uv": [3, 6, 8, 6.5], "texture": "#ore"},
				"down": {"uv": [3, 6, 8, 6.5], "texture": "#ore", "cullface": "south"}
			}
		},
		{
			"name": "Element",
			"from": [11, 4, 16],
			"to": [13, 5, 16.5],
			"faces": {
				"east": {"uv": [13, 12, 13.5, 13], "texture": "#ore", "cullface": "south"},
				"south": {"uv": [11, 11, 13, 12], "texture": "#ore", "cullface": "south"},
				"west": {"uv": [11, 11, 11.5, 12], "texture": "#ore", "cullface": "south"},
				"up": {"uv": [11, 11, 13, 11.5], "texture": "#ore"}
			}
		},
		{
			"name": "Element",
			"from": [8, 7, 16],
			"to": [10, 8, 16.25],
			"faces": {
				"east": {"uv": [9, 8, 9.5, 9], "texture": "#ore", "cullface": "south"},
				"south": {"uv": [8, 8, 10, 9], "texture": "#ore", "cullface": "south"},
				"west": {"uv": [8, 8, 8.5, 9], "texture": "#ore", "cullface": "south"},
				"up": {"uv": [8, 8, 10, 8.5], "texture": "#ore"}
			}
		},
		{
			"name": "Element",
			"from": [5, 10, 16],
			"to": [7, 11, 16.4],
			"faces": {
				"east": {"uv": [6, 5, 6.5, 6], "texture": "#ore", "cullface": "south"},
				"south": {"uv": [5, 5, 7, 6], "texture": "#ore", "cullface": "south"},
				"west": {"uv": [5, 5, 5.5, 6], "texture": "#ore", "cullface": "south"},
				"up": {"uv": [5, 5, 7, 5.5], "texture": "#ore"}
			}
		},
		{
			"name": "Element",
			"from": [9, 2, 16],
			"to": [11, 3, 16.5],
			"faces": {
				"east": {"uv": [10, 13, 10.5, 14], "texture": "#ore", "cullface": "south"},
				"south": {"uv": [9, 13, 11, 14], "texture": "#ore", "cullface": "south"},
				"west": {"uv": [9, 13, 9.5, 14], "texture": "#ore", "cullface": "south"},
				"down": {"uv": [9, 13, 11, 13.5], "texture": "#ore", "cullface": "south"}
			}
		},
		{
			"name": "Element",
			"from": [4, 5, 16],
			"to": [5, 6, 16.25],
			"faces": {
				"east": {"uv": [4, 10, 4.4, 11], "texture": "#ore", "cullface": "south"},
				"south": {"uv": [4, 10, 5, 11], "texture": "#ore", "cullface": "south"},
				"west": {"uv": [4, 10, 4.4, 11], "texture": "#ore", "cullface": "south"},
				"up": {"uv": [4, 10, 5, 10.4], "texture": "#ore"},
				"down": {"uv": [4, 10, 5, 10.4], "texture": "#ore", "cullface": "south"}
			}
		},
		{
			"name": "Element",
			"from": [4, 13, 16],
			"to": [5, 14, 16.25],
			"faces": {
				"east": {"uv": [4, 10, 4.4, 11], "texture": "#ore", "cullface": "south"},
				"south": {"uv": [4, 10, 5, 11], "texture": "#ore", "cullface": "south"},
				"west": {"uv": [4, 10, 4.4, 11], "texture": "#ore", "cullface": "south"},
				"up": {"uv": [4, 10, 5, 10.4], "texture": "#ore"},
				"down": {"uv": [4, 10, 5, 10.4], "texture": "#ore", "cullface": "south"}
			}
		},
		{
			"name": "Element",
			"from": [3, 16, 13],
			"to": [5, 16.4, 14],
			"faces": {
				"north": {"uv": [3, 13, 5, 13.4], "rotation": 180, "texture": "#ore", "cullface": "up"},
				"east": {"uv": [4, 13, 4.4, 14], "rotation": 90, "texture": "#ore", "cullface": "up"},
				"south": {"uv": [3, 13, 5, 13.4], "texture": "#ore", "cullface": "up"},
				"west": {"uv": [3, 13, 3.4, 14], "rotation": 270, "texture": "#ore", "cullface": "up"},
				"up": {"uv": [3, 13, 5, 14], "texture": "#ore", "cullface": "up"}
			}
		},
		{
			"name": "Element",
			"from": [7, 16, 3],
			"to": [9, 16.4, 4],
			"faces": {
				"north": {"uv": [3, 13, 5, 13.4], "rotation": 180, "texture": "#ore", "cullface": "up"},
				"east": {"uv": [4, 13, 4.4, 14], "rotation": 90, "texture": "#ore", "cullface": "up"},
				"south": {"uv": [3, 13, 5, 13.4], "texture": "#ore", "cullface": "up"},
				"west": {"uv": [3, 13, 3.4, 14], "rotation": 270, "texture": "#ore", "cullface": "up"},
				"up": {"uv": [3, 13, 5, 14], "texture": "#ore", "cullface": "up"}
			}
		},
		{
			"name": "Element",
			"from": [1, 16, 8],
			"to": [3, 16.4, 9],
			"faces": {
				"north": {"uv": [1, 8, 3, 8.4], "rotation": 180, "texture": "#ore", "cullface": "up"},
				"east": {"uv": [2, 8, 2.4, 9], "rotation": 90, "texture": "#ore", "cullface": "up"},
				"south": {"uv": [1, 8, 3, 8.4], "texture": "#ore", "cullface": "up"},
				"west": {"uv": [1, 8, 1.4, 9], "rotation": 270, "texture": "#ore", "cullface": "up"},
				"up": {"uv": [1, 8, 3, 9], "texture": "#ore", "cullface": "up"}
			}
		},
		{
			"name": "Element",
			"from": [12, 16, 2],
			"to": [14, 16.4, 3],
			"faces": {
				"north": {"uv": [1, 8, 3, 8.4], "rotation": 180, "texture": "#ore", "cullface": "up"},
				"east": {"uv": [2, 8, 2.4, 9], "rotation": 90, "texture": "#ore", "cullface": "up"},
				"south": {"uv": [1, 8, 3, 8.4], "texture": "#ore", "cullface": "up"},
				"west": {"uv": [1, 8, 1.4, 9], "rotation": 270, "texture": "#ore", "cullface": "up"},
				"up": {"uv": [1, 8, 3, 9], "texture": "#ore", "cullface": "up"}
			}
		},
		{
			"name": "Element",
			"from": [10, 16, 5],
			"to": [12, 16.5, 7],
			"faces": {
				"north": {"uv": [10, 5, 12, 5.4], "rotation": 180, "texture": "#ore", "cullface": "up"},
				"east": {"uv": [11, 5, 11.4, 7], "rotation": 90, "texture": "#ore", "cullface": "up"},
				"south": {"uv": [10, 6, 12, 6.4], "texture": "#ore", "cullface": "up"},
				"west": {"uv": [10, 5, 10.4, 7], "rotation": 270, "texture": "#ore", "cullface": "up"},
				"up": {"uv": [10, 5, 12, 7], "texture": "#ore", "cullface": "up"}
			}
		},
		{
			"name": "Element",
			"from": [8, 16, 12],
			"to": [14, 16.5, 13],
			"faces": {
				"north": {"uv": [8, 12, 14, 12.5], "rotation": 180, "texture": "#ore", "cullface": "up"},
				"east": {"uv": [13, 12, 13.5, 13], "rotation": 90, "texture": "#ore", "cullface": "up"},
				"south": {"uv": [8, 12, 14, 12.5], "texture": "#ore", "cullface": "up"},
				"west": {"uv": [8, 12, 8.5, 13], "rotation": 270, "texture": "#ore", "cullface": "up"},
				"up": {"uv": [8, 12, 14, 13], "texture": "#ore", "cullface": "up"}
			}
		},
		{
			"name": "Element",
			"from": [7, 16, 9],
			"to": [11, 16.25, 10],
			"faces": {
				"north": {"uv": [7, 9, 11, 9.5], "rotation": 180, "texture": "#ore", "cullface": "up"},
				"east": {"uv": [10, 9, 10.5, 10], "rotation": 90, "texture": "#ore", "cullface": "up"},
				"south": {"uv": [7, 9, 11, 9.5], "texture": "#ore", "cullface": "up"},
				"west": {"uv": [7, 9, 7.5, 10], "rotation": 270, "texture": "#ore", "cullface": "up"},
				"up": {"uv": [7, 9, 11, 10], "texture": "#ore", "cullface": "up"}
			}
		},
		{
			"name": "Element",
			"from": [3, 16, 6],
			"to": [8, 16.4, 7],
			"faces": {
				"north": {"uv": [3, 6, 8, 6.5], "rotation": 180, "texture": "#ore", "cullface": "up"},
				"east": {"uv": [7, 6, 7.5, 7], "rotation": 90, "texture": "#ore", "cullface": "up"},
				"south": {"uv": [3, 6, 8, 6.5], "texture": "#ore", "cullface": "up"},
				"west": {"uv": [3, 6, 3.5, 7], "rotation": 270, "texture": "#ore", "cullface": "up"},
				"up": {"uv": [3, 6, 8, 7], "texture": "#ore", "cullface": "up"}
			}
		},
		{
			"name": "Element",
			"from": [11, 16, 11],
			"to": [13, 16.5, 12],
			"faces": {
				"north": {"uv": [11, 11, 13, 11.5], "rotation": 180, "texture": "#ore", "cullface": "up"},
				"east": {"uv": [13, 12, 13.5, 13], "rotation": 90, "texture": "#ore", "cullface": "up"},
				"west": {"uv": [11, 11, 11.5, 12], "rotation": 270, "texture": "#ore", "cullface": "up"},
				"up": {"uv": [11, 11, 13, 12], "texture": "#ore", "cullface": "up"}
			}
		},
		{
			"name": "Element",
			"from": [8, 16, 8],
			"to": [10, 16.25, 9],
			"faces": {
				"north": {"uv": [8, 8, 10, 8.5], "rotation": 180, "texture": "#ore", "cullface": "up"},
				"east": {"uv": [9, 8, 9.5, 9], "rotation": 90, "texture": "#ore", "cullface": "up"},
				"west": {"uv": [8, 8, 8.5, 9], "rotation": 270, "texture": "#ore", "cullface": "up"},
				"up": {"uv": [8, 8, 10, 9], "texture": "#ore", "cullface": "up"}
			}
		},
		{
			"name": "Element",
			"from": [5, 16, 5],
			"to": [7, 16.4, 6],
			"faces": {
				"north": {"uv": [5, 5, 7, 5.5], "rotation": 180, "texture": "#ore", "cullface": "up"},
				"east": {"uv": [6, 5, 6.5, 6], "rotation": 90, "texture": "#ore", "cullface": "up"},
				"west": {"uv": [5, 5, 5.5, 6], "rotation": 270, "texture": "#ore", "cullface": "up"},
				"up": {"uv": [5, 5, 7, 6], "texture": "#ore", "cullface": "up"}
			}
		},
		{
			"name": "Element",
			"from": [9, 16, 13],
			"to": [11, 16.5, 14],
			"faces": {
				"east": {"uv": [10, 13, 10.5, 14], "rotation": 90, "texture": "#ore", "cullface": "up"},
				"south": {"uv": [9, 13, 11, 13.5], "texture": "#ore", "cullface": "up"},
				"west": {"uv": [9, 13, 9.5, 14], "rotation": 270, "texture": "#ore", "cullface": "up"},
				"up": {"uv": [9, 13, 11, 14], "texture": "#ore", "cullface": "up"}
			}
		},
		{
			"name": "Element",
			"from": [4, 16, 10],
			"to": [5, 16.25, 11],
			"faces": {
				"north": {"uv": [4, 10, 5, 10.4], "rotation": 180, "texture": "#ore", "cullface": "up"},
				"east": {"uv": [4, 10, 4.4, 11], "rotation": 90, "texture": "#ore", "cullface": "up"},
				"south": {"uv": [4, 10, 5, 10.4], "texture": "#ore", "cullface": "up"},
				"west": {"uv": [4, 10, 4.4, 11], "rotation": 270, "texture": "#ore", "cullface": "up"},
				"up": {"uv": [4, 10, 5, 11], "texture": "#ore", "cullface": "up"}
			}
		},
		{
			"name": "Element",
			"from": [4, 16, 2],
			"to": [5, 16.25, 3],
			"faces": {
				"north": {"uv": [4, 10, 5, 10.4], "rotation": 180, "texture": "#ore", "cullface": "up"},
				"east": {"uv": [4, 10, 4.4, 11], "rotation": 90, "texture": "#ore", "cullface": "up"},
				"south": {"uv": [4, 10, 5, 10.4], "texture": "#ore", "cullface": "up"},
				"west": {"uv": [4, 10, 4.4, 11], "rotation": 270, "texture": "#ore", "cullface": "up"},
				"up": {"uv": [4, 10, 5, 11], "texture": "#ore", "cullface": "up"}
			}
		},
		{
			"name": "Element",
			"from": [3, -0.4, 2],
			"to": [5, 0, 3],
			"faces": {
				"north": {"uv": [3, 13, 5, 13.4], "rotation": 180, "texture": "#ore", "cullface": "down"},
				"east": {"uv": [4, 13, 4.4, 14], "rotation": 270, "texture": "#ore", "cullface": "down"},
				"south": {"uv": [3, 13, 5, 13.4], "texture": "#ore", "cullface": "down"},
				"west": {"uv": [3, 13, 3.4, 14], "rotation": 90, "texture": "#ore", "cullface": "down"},
				"down": {"uv": [3, 13, 5, 14], "texture": "#ore", "cullface": "down"}
			}
		},
		{
			"name": "Element",
			"from": [7, -0.4, 12],
			"to": [9, 0, 13],
			"faces": {
				"north": {"uv": [3, 13, 5, 13.4], "rotation": 180, "texture": "#ore", "cullface": "down"},
				"east": {"uv": [4, 13, 4.4, 14], "rotation": 270, "texture": "#ore", "cullface": "down"},
				"south": {"uv": [3, 13, 5, 13.4], "texture": "#ore", "cullface": "down"},
				"west": {"uv": [3, 13, 3.4, 14], "rotation": 90, "texture": "#ore", "cullface": "down"},
				"down": {"uv": [3, 13, 5, 14], "texture": "#ore", "cullface": "down"}
			}
		},
		{
			"name": "Element",
			"from": [1, -0.4, 7],
			"to": [3, 0, 8],
			"faces": {
				"north": {"uv": [1, 8, 3, 8.4], "rotation": 180, "texture": "#ore", "cullface": "down"},
				"east": {"uv": [2, 8, 2.4, 9], "rotation": 270, "texture": "#ore", "cullface": "down"},
				"south": {"uv": [1, 8, 3, 8.4], "texture": "#ore", "cullface": "down"},
				"west": {"uv": [1, 8, 1.4, 9], "rotation": 90, "texture": "#ore", "cullface": "down"},
				"down": {"uv": [1, 8, 3, 9], "texture": "#ore", "cullface": "down"}
			}
		},
		{
			"name": "Element",
			"from": [12, -0.4, 13],
			"to": [14, 0, 14],
			"faces": {
				"north": {"uv": [1, 8, 3, 8.4], "rotation": 180, "texture": "#ore", "cullface": "down"},
				"east": {"uv": [2, 8, 2.4, 9], "rotation": 270, "texture": "#ore", "cullface": "down"},
				"south": {"uv": [1, 8, 3, 8.4], "texture": "#ore", "cullface": "down"},
				"west": {"uv": [1, 8, 1.4, 9], "rotation": 90, "texture": "#ore", "cullface": "down"},
				"down": {"uv": [1, 8, 3, 9], "texture": "#ore", "cullface": "down"}
			}
		},
		{
			"name": "Element",
			"from": [10, -0.5, 9],
			"to": [12, 0, 11],
			"faces": {
				"north": {"uv": [10, 6, 12, 6.4], "rotation": 180, "texture": "#ore", "cullface": "down"},
				"east": {"uv": [11, 5, 11.4, 7], "rotation": 270, "texture": "#ore", "cullface": "down"},
				"south": {"uv": [10, 5, 12, 5.4], "texture": "#ore", "cullface": "down"},
				"west": {"uv": [10, 5, 10.4, 7], "rotation": 90, "texture": "#ore", "cullface": "down"},
				"down": {"uv": [10, 5, 12, 7], "texture": "#ore", "cullface": "down"}
			}
		},
		{
			"name": "Element",
			"from": [8, -0.5, 3],
			"to": [14, 0, 4],
			"faces": {
				"north": {"uv": [8, 12, 14, 12.5], "rotation": 180, "texture": "#ore", "cullface": "down"},
				"east": {"uv": [13, 12, 13.5, 13], "rotation": 270, "texture": "#ore", "cullface": "down"},
				"south": {"uv": [8, 12, 14, 12.5], "texture": "#ore", "cullface": "down"},
				"west": {"uv": [8, 12, 8.5, 13], "rotation": 90, "texture": "#ore", "cullface": "down"},
				"down": {"uv": [8, 12, 14, 13], "texture": "#ore", "cullface": "down"}
			}
		},
		{
			"name": "Element",
			"from": [7, -0.25, 6],
			"to": [11, 0, 7],
			"faces": {
				"north": {"uv": [7, 9, 11, 9.5], "rotation": 180, "texture": "#ore", "cullface": "down"},
				"east": {"uv": [10, 9, 10.5, 10], "rotation": 270, "texture": "#ore", "cullface": "down"},
				"south": {"uv": [7, 9, 11, 9.5], "texture": "#ore", "cullface": "down"},
				"west": {"uv": [7, 9, 7.5, 10], "rotation": 90, "texture": "#ore", "cullface": "down"},
				"down": {"uv": [7, 9, 11, 10], "texture": "#ore", "cullface": "down"}
			}
		},
		{
			"name": "Element",
			"from": [3, -0.4, 9],
			"to": [8, 0, 10],
			"faces": {
				"north": {"uv": [3, 6, 8, 6.5], "rotation": 180, "texture": "#ore", "cullface": "down"},
				"east": {"uv": [7, 6, 7.5, 7], "rotation": 270, "texture": "#ore", "cullface": "down"},
				"south": {"uv": [3, 6, 8, 6.5], "texture": "#ore", "cullface": "down"},
				"west": {"uv": [3, 6, 3.5, 7], "rotation": 90, "texture": "#ore", "cullface": "down"},
				"down": {"uv": [3, 6, 8, 7], "texture": "#ore", "cullface": "down"}
			}
		},
		{
			"name": "Element",
			"from": [11, -0.5, 4],
			"to": [13, 0, 5],
			"faces": {
				"east": {"uv": [13, 12, 13.5, 13], "rotation": 270, "texture": "#ore", "cullface": "down"},
				"south": {"uv": [11, 11, 13, 11.5], "texture": "#ore", "cullface": "down"},
				"west": {"uv": [11, 11, 11.5, 12], "rotation": 90, "texture": "#ore", "cullface": "down"},
				"down": {"uv": [11, 11, 13, 12], "texture": "#ore", "cullface": "down"}
			}
		},
		{
			"name": "Element",
			"from": [8, -0.25, 7],
			"to": [10, 0, 8],
			"faces": {
				"east": {"uv": [9, 8, 9.5, 9], "rotation": 270, "texture": "#ore", "cullface": "down"},
				"south": {"uv": [8, 8, 10, 8.5], "texture": "#ore", "cullface": "down"},
				"west": {"uv": [8, 8, 8.5, 9], "rotation": 90, "texture": "#ore", "cullface": "down"},
				"down": {"uv": [8, 8, 10, 9], "texture": "#ore", "cullface": "down"}
			}
		},
		{
			"name": "Element",
			"from": [5, -0.4, 10],
			"to": [7, 0, 11],
			"faces": {
				"east": {"uv": [6, 5, 6.5, 6], "rotation": 270, "texture": "#ore", "cullface": "down"},
				"south": {"uv": [5, 5, 7, 5.5], "texture": "#ore", "cullface": "down"},
				"west": {"uv": [5, 5, 5.5, 6], "rotation": 90, "texture": "#ore", "cullface": "down"},
				"down": {"uv": [5, 5, 7, 6], "texture": "#ore", "cullface": "down"}
			}
		},
		{
			"name": "Element",
			"from": [9, -0.5, 2],
			"to": [11, 0, 3],
			"faces": {
				"north": {"uv": [9, 13, 11, 13.5], "rotation": 180, "texture": "#ore", "cullface": "down"},
				"east": {"uv": [10, 13, 10.5, 14], "rotation": 270, "texture": "#ore", "cullface": "down"},
				"west": {"uv": [9, 13, 9.5, 14], "rotation": 90, "texture": "#ore", "cullface": "down"},
				"down": {"uv": [9, 13, 11, 14], "texture": "#ore", "cullface": "down"}
			}
		},
		{
			"name": "Element",
			"from": [4, -0.25, 5],
			"to": [5, 0, 6],
			"faces": {
				"north": {"uv": [4, 10, 5, 10.4], "rotation": 180, "texture": "#ore", "cullface": "down"},
				"east": {"uv": [4, 10, 4.4, 11], "rotation": 270, "texture": "#ore", "cullface": "down"},
				"south": {"uv": [4, 10, 5, 10.4], "texture": "#ore", "cullface": "down"},
				"west": {"uv": [4, 10, 4.4, 11], "rotation": 90, "texture": "#ore", "cullface": "down"},
				"down": {"uv": [4, 10, 5, 11], "texture": "#ore", "cullface": "down"}
			}
		},
		{
			"name": "Element",
			"from": [4, -0.25, 13],
			"to": [5, 0, 14],
			"faces": {
				"north": {"uv": [4, 10, 5, 10.4], "rotation": 180, "texture": "#ore", "cullface": "down"},
				"east": {"uv": [4, 10, 4.4, 11], "rotation": 270, "texture": "#ore", "cullface": "down"},
				"south": {"uv": [4, 10, 5, 10.4], "texture": "#ore", "cullface": "down"},
				"west": {"uv": [4, 10, 4.4, 11], "rotation": 90, "texture": "#ore", "cullface": "down"},
				"down": {"uv": [4, 10, 5, 11], "texture": "#ore", "cullface": "down"}
			}
		}
	],
	"groups": [0,
		{
			"name": "N",
			"origin": [7, 21, 11],
			"children": [1, 2, 3, 4, 5, 6, 7, 8, 9, 10, 11, 12, 13, 14]
		},
		{
			"name": "W",
			"origin": [7, 21, 11],
			"children": [15, 16, 17, 18, 19, 20, 21, 22, 23, 24, 25, 26, 27, 28]
		},
		{
			"name": "E",
			"origin": [7, 21, 11],
			"children": [29, 30, 31, 32, 33, 34, 35, 36, 37, 38, 39, 40, 41, 42]
		},
		{
			"name": "S",
			"origin": [7, 21, 11],
			"children": [43, 44, 45, 46, 47, 48, 49, 50, 51, 52, 53, 54, 55, 56]
		},
		{
			"name": "U",
			"origin": [7, 21, 11],
			"children": [57, 58, 59, 60, 61, 62, 63, 64, 65, 66, 67, 68, 69, 70]
		},
		{
			"name": "D",
			"origin": [7, 21, 11],
			"children": [71, 72, 73, 74, 75, 76, 77, 78, 79, 80, 81, 82, 83, 84]
		}
	]
}