{
	"credit": "Made by TheWaschtlPlays using Blockbench",
	"textures": {
		"particle": "#texture"
	},
	"elements": [
		{
			"name": "North top bar",
			"from": [7, 12, 0],
			"to": [9, 15, 9],
			"faces": {
				"north": {"uv": [7, 1, 9, 4], "texture": "#texture", "cullface": "north"},
				"east": {"uv": [0, 1, 9, 4], "texture": "#texture"},
				"west": {"uv": [0, 1, 9, 4], "texture": "#texture"},
				"up": {"uv": [7, 0, 9, 9], "texture": "#texture"},
				"down": {"uv": [7, 0, 9, 9], "texture": "#texture"}
			}
		},
		{
			"name": "North lower bar",
			"from": [7, 6, 0],
			"to": [9, 9, 9],
			"faces": {
				"north": {"uv": [7, 7, 9, 10], "texture": "#texture", "cullface": "north"},
				"east": {"uv": [0, 7, 9, 10], "texture": "#texture"},
				"west": {"uv": [0, 7, 9, 10], "texture": "#texture"},
				"up": {"uv": [7, 0, 9, 9], "texture": "#texture"},
				"down": {"uv": [7, 0, 9, 9], "texture": "#texture"}
			}
		},
		{
			"name": "Element",
			"from": [6, 0, 6],
			"to": [10, 16, 10],
			"faces": {
				"north": {"uv": [6, 0, 10, 16], "texture": "#texture"},
				"east": {"uv": [6, 0, 10, 16], "texture": "#texture"},
				"south": {"uv": [6, 0, 10, 16], "texture": "#texture"},
				"west": {"uv": [6, 0, 10, 16], "texture": "#texture"},
				"up": {"uv": [6, 6, 10, 10], "texture": "#texture", "cullface": "up"},
				"down": {"uv": [6, 6, 10, 10], "texture": "#texture", "cullface": "down"}
			}
		},
		{
			"name": "Nibble",
			"from": [6.5, 15, 6.5],
			"to": [9.5, 16.49, 9.5],
			"faces": {
				"north": {"uv": [6, 0, 9, 1.5], "texture": "#texture", "cullface": "up"},
				"east": {"uv": [6, 0, 9, 1.5], "texture": "#texture", "cullface": "up"},
				"south": {"uv": [6, 0, 9, 1.5], "texture": "#texture", "cullface": "up"},
				"west": {"uv": [6, 0, 9, 1.5], "texture": "#texture", "cullface": "up"},
				"up": {"uv": [6, 6, 10, 10], "texture": "#texture", "cullface": "up"}
			}
		},
		{
			"name": "Cube",
			"from": [6.75, 0, 5.5],
			"to": [9.25, 16, 6],
			"faces": {
				"north": {"uv": [6, 0, 9, 16], "texture": "#texture"},
				"east": {"uv": [5, 0, 5.5, 16], "texture": "#texture"},
				"west": {"uv": [9, 0, 9.5, 16], "texture": "#texture"},
				"up": {"uv": [7, 6, 9, 6.5], "texture": "#texture", "cullface": "up"},
				"down": {"uv": [7, 9, 9, 9.5], "texture": "#texture", "cullface": "down"}
			}
		},
		{
			"name": "Cube",
			"from": [6.75, 0, 10],
			"to": [9.25, 16, 10.5],
			"faces": {
				"east": {"uv": [9, 0, 9.5, 16], "texture": "#texture"},
				"south": {"uv": [6, 0, 9, 16], "texture": "#texture"},
				"west": {"uv": [5, 0, 5.5, 16], "texture": "#texture"},
				"up": {"uv": [7, 9, 9, 9.5], "texture": "#texture", "cullface": "up"},
				"down": {"uv": [7, 5, 9, 5.5], "texture": "#texture", "cullface": "down"}
			}
		},
		{
			"name": "Cube",
			"from": [5.5, 0, 6.75],
			"to": [6, 16, 9.25],
			"faces": {
				"north": {"uv": [5, 0, 5.5, 16], "texture": "#texture"},
				"south": {"uv": [9, 0, 9.5, 16], "texture": "#texture"},
				"west": {"uv": [6, 0, 9, 16], "texture": "#texture"},
				"up": {"uv": [6, 7, 5, 9], "texture": "#texture", "cullface": "up"},
				"down": {"uv": [11, 7, 10, 9], "texture": "#texture", "cullface": "down"}
			}
		},
		{
			"name": "Cube",
			"from": [10, 0, 6.75],
			"to": [10.5, 16, 9.25],
			"faces": {
				"north": {"uv": [9, 0, 9.5, 16], "texture": "#texture"},
				"east": {"uv": [6, 0, 9, 16], "texture": "#texture"},
				"south": {"uv": [5, 0, 5.5, 16], "texture": "#texture"},
				"up": {"uv": [6, 7, 5, 9], "texture": "#texture", "cullface": "up"},
				"down": {"uv": [11, 7, 10, 9], "texture": "#texture", "cullface": "down"}
			}
		}
	],
	"groups": [0, 1,
		{
			"name": "fence_post",
			"origin": [8, 8, 8],
			"children": [2, 3, 4, 5, 6, 7]
		}
	]
}