{
	"credit": "Originally made by playtrix using MrCrayfish's Modeleditor, later remastered & de-botched by TheWaschtlPlays using Blockbench",
	"ambientocclusion": false,
	"textures": {
		"1": "blocks/cauldron_side",
		"2": "blocks/planks_oak",
		"gold_block": "blocks/gold_block",
		"redstone_dark": "custom_textures/redstone_dark",
		"iron_block": "blocks/iron_block",
		"particle": "blocks/rail_golden"
	},
	"elements": [
		{
			"name": "Wood",
			"from": [0, 0, 18.5],
			"to": [16, 1, 20.5],
			"rotation": {"angle": -45, "axis": "x", "origin": [8, 1, 0]},
			"faces": {
				"north": {"uv": [0, 0, 16, 1], "texture": "#2"},
				"east": {"uv": [0, 0, 2, 1], "texture": "#2", "cullface": "east"},
				"south": {"uv": [0, 0, 16, 1], "texture": "#2"},
				"west": {"uv": [0, 0, 2, 1], "texture": "#2", "cullface": "west"},
				"up": {"uv": [0, 0, 16, 2], "texture": "#2"},
				"down": {"uv": [0, 0, 16, 2], "texture": "#2"}
			}
		},
		{
			"name": "Wood",
			"from": [0, 0, 14.5],
			"to": [16, 1, 16.5],
			"rotation": {"angle": -45, "axis": "x", "origin": [8, 1, 0]},
			"faces": {
				"north": {"uv": [0, 0, 16, 1], "texture": "#2"},
				"east": {"uv": [0, 0, 2, 1], "texture": "#2", "cullface": "east"},
				"south": {"uv": [0, 0, 16, 1], "texture": "#2"},
				"west": {"uv": [0, 0, 2, 1], "texture": "#2", "cullface": "west"},
				"up": {"uv": [0, 0, 16, 2], "texture": "#2"},
				"down": {"uv": [0, 0, 16, 2], "texture": "#2"}
			}
		},
		{
			"name": "Wood",
			"from": [0, 0, 10.5],
			"to": [16, 1, 12.5],
			"rotation": {"angle": -45, "axis": "x", "origin": [8, 1, 0]},
			"faces": {
				"north": {"uv": [0, 0, 16, 1], "texture": "#2"},
				"east": {"uv": [0, 0, 2, 1], "texture": "#2", "cullface": "east"},
				"south": {"uv": [0, 0, 16, 1], "texture": "#2"},
				"west": {"uv": [0, 0, 2, 1], "texture": "#2", "cullface": "west"},
				"up": {"uv": [0, 0, 16, 2], "texture": "#2"},
				"down": {"uv": [0, 0, 16, 2], "texture": "#2"}
			}
		},
		{
			"name": "Wood",
			"from": [0, 0, 6.5],
			"to": [16, 1, 8.5],
			"rotation": {"angle": -45, "axis": "x", "origin": [8, 1, 0]},
			"faces": {
				"north": {"uv": [0, 0, 16, 1], "texture": "#2"},
				"east": {"uv": [0, 0, 2, 1], "texture": "#2", "cullface": "east"},
				"south": {"uv": [0, 0, 16, 1], "texture": "#2"},
				"west": {"uv": [0, 0, 2, 1], "texture": "#2", "cullface": "west"},
				"up": {"uv": [0, 0, 16, 2], "texture": "#2"},
				"down": {"uv": [0, 0, 16, 2], "texture": "#2"}
			}
		},
		{
			"name": "Wood",
			"from": [0, 0, 2.5],
			"to": [16, 1, 4.5],
			"rotation": {"angle": -45, "axis": "x", "origin": [8, 1, 0]},
			"faces": {
				"north": {"uv": [0, 0, 16, 1], "texture": "#2"},
				"east": {"uv": [0, 0, 2, 1], "texture": "#2", "cullface": "east"},
				"south": {"uv": [0, 0, 16, 1], "texture": "#2"},
				"west": {"uv": [0, 0, 2, 1], "texture": "#2", "cullface": "west"},
				"up": {"uv": [0, 0, 16, 2], "texture": "#2"},
				"down": {"uv": [0, 0, 16, 2], "texture": "#2"}
			}
		},
		{
			"name": "Rail1",
			"from": [1.501, 1, -1],
			"to": [3.501, 2, 23],
			"rotation": {"angle": -45, "axis": "x", "origin": [7, 1, 0]},
			"faces": {
				"north": {"uv": [0, 4, 2, 5], "texture": "#iron_block"},
				"east": {"uv": [0, 0, 16, 1], "texture": "#iron_block"},
				"south": {"uv": [14, 5, 16, 6], "texture": "#iron_block"},
				"west": {"uv": [0, 1, 16, 2], "texture": "#iron_block"},
				"up": {"uv": [14, 0, 16, 16], "texture": "#iron_block"},
				"down": {"uv": [14, 0, 16, 16], "texture": "#iron_block"}
			}
		},
		{
			"name": "Rail2",
			"from": [12.499, 1, -1],
			"to": [14.499, 2, 23],
			"rotation": {"angle": -45, "axis": "x", "origin": [7, 1, 0]},
			"faces": {
				"north": {"uv": [3, 4, 5, 5], "texture": "#iron_block"},
				"east": {"uv": [0, 5, 16, 6], "texture": "#iron_block"},
				"south": {"uv": [0, 6, 2, 7], "texture": "#iron_block"},
				"west": {"uv": [0, 0, 16, 1], "texture": "#iron_block"},
				"up": {"uv": [0, 0, 2, 16], "texture": "#iron_block"},
				"down": {"uv": [0, 0, 2, 16], "texture": "#iron_block"}
			}
		},
		{
			"name": "Gold1",
			"from": [0.751, 1, -1],
			"to": [1.251, 2, 23],
			"rotation": {"angle": -45, "axis": "x", "origin": [7, 1, 0]},
			"faces": {
				"north": {"uv": [1, 6, 3, 7], "texture": "#gold_block"},
				"east": {"uv": [0, 8, 16, 9], "texture": "#gold_block"},
				"south": {"uv": [4, 8, 6, 9], "texture": "#gold_block"},
				"west": {"uv": [0, 1, 16, 2], "texture": "#gold_block"},
				"up": {"uv": [12, 0, 12.5, 16], "texture": "#gold_block"},
				"down": {"uv": [11, 0, 11.5, 16], "texture": "#gold_block"}
			}
		},
		{
			"name": "Gold2",
			"from": [14.749, 1, -1],
			"to": [15.249, 2, 23],
			"rotation": {"angle": -45, "axis": "x", "origin": [7, 1, 0]},
			"faces": {
				"north": {"uv": [2, 3, 4, 4], "texture": "#gold_block"},
				"east": {"uv": [0, 8, 16, 9], "texture": "#gold_block"},
				"south": {"uv": [4, 8, 6, 9], "texture": "#gold_block"},
				"west": {"uv": [0, 1, 16, 2], "texture": "#gold_block"},
				"up": {"uv": [12, 0, 12.5, 16], "texture": "#gold_block"},
				"down": {"uv": [11, 0, 11.5, 16], "texture": "#gold_block"}
			}
		},
		{
			"name": "Redstone1",
			"from": [3.752, 1, -1],
			"to": [4.252, 2, 23],
			"rotation": {"angle": -45, "axis": "x", "origin": [7, 1, 0]},
			"faces": {
				"north": {"uv": [1, 2, 1.5, 3], "texture": "#redstone_dark"},
				"east": {"uv": [0, 3, 16, 4], "texture": "#redstone_dark"},
				"south": {"uv": [1, 2, 1.5, 3], "texture": "#redstone_dark"},
				"west": {"uv": [0, 2, 16, 3], "texture": "#redstone_dark"},
				"up": {"uv": [2, 0, 2.5, 16], "texture": "#redstone_dark"},
				"down": {"uv": [14, 0, 14.5, 16], "texture": "#redstone_dark"}
			}
		},
		{
			"name": "Redstone2",
			"from": [11.748, 1, -1],
			"to": [12.248, 2, 23],
			"rotation": {"angle": -45, "axis": "x", "origin": [7, 1, 0]},
			"faces": {
				"north": {"uv": [0, 0, 0.5, 1], "texture": "#redstone_dark"},
				"east": {"uv": [0, 2, 16, 3], "texture": "#redstone_dark"},
				"south": {"uv": [0, 0, 0.5, 1], "texture": "#redstone_dark"},
				"west": {"uv": [0, 13, 16, 14], "texture": "#redstone_dark"},
				"up": {"uv": [2, 0, 2.5, 16], "texture": "#redstone_dark"},
				"down": {"uv": [1, 0, 1.5, 16], "texture": "#redstone_dark"}
			}
		},
		{
			"name": "RailTop1",
			"from": [1.502, 17, 15.55],
			"to": [3.502, 18, 16],
			"faces": {
				"north": {"uv": [0, 8, 2, 9], "texture": "#iron_block"},
				"east": {"uv": [0, 4, 0.4, 5], "texture": "#iron_block"},
				"south": {"uv": [14, 6, 16, 7], "texture": "#iron_block"},
				"west": {"uv": [5, 6, 5.45, 7], "texture": "#iron_block"},
				"up": {"uv": [14, 6, 16, 6.4], "texture": "#iron_block"},
				"down": {"uv": [14, 4, 16, 4.4], "texture": "#iron_block"}
			}
		},
		{
			"name": "RailTop2",
			"from": [12.498, 17, 15.55],
			"to": [14.498, 18, 16],
			"faces": {
				"north": {"uv": [0, 7, 2, 8], "texture": "#iron_block"},
				"east": {"uv": [1, 6, 1.4, 7], "texture": "#iron_block"},
				"south": {"uv": [0, 7, 2, 8], "texture": "#iron_block"},
				"west": {"uv": [2, 5, 2.4, 6], "texture": "#iron_block"},
				"up": {"uv": [0, 4, 2, 4.45], "texture": "#iron_block"},
				"down": {"uv": [0, 5, 2, 5.45], "texture": "#iron_block"}
			}
		},
		{
			"name": "GoldTop1",
			"from": [0.752, 17, 15.55],
			"to": [1.252, 18, 16],
			"faces": {
				"north": {"uv": [0, 3, 0.5, 5], "texture": "#gold_block"},
				"east": {"uv": [11, 0, 11.45, 1], "texture": "#gold_block"},
				"south": {"uv": [2, 4, 2.5, 5], "texture": "#gold_block"},
				"west": {"uv": [15, 1, 15.45, 2], "texture": "#gold_block"},
				"up": {"uv": [15, 0, 15.5, 0.45], "texture": "#gold_block"},
				"down": {"uv": [5, 5, 5.5, 5.45], "texture": "#gold_block"}
			}
		},
		{
			"name": "GoldTop2",
			"from": [14.748, 17, 15.55],
			"to": [15.248, 18, 16],
			"faces": {
				"north": {"uv": [2, 2, 2.5, 3], "texture": "#gold_block"},
				"east": {"uv": [0, 9, 0.45, 10], "texture": "#gold_block"},
				"south": {"uv": [5, 6, 5.5, 7], "texture": "#gold_block"},
				"west": {"uv": [15, 2, 15.45, 3], "texture": "#gold_block"},
				"up": {"uv": [12, 15, 12.5, 15.45], "texture": "#gold_block"},
				"down": {"uv": [0, 0, 0.5, 0.45], "texture": "#gold_block"}
			}
		},
		{
			"name": "RedstoneTop1",
			"from": [3.75, 17, 15.55],
			"to": [4.25, 18, 16],
			"faces": {
				"north": {"uv": [5, 4, 5.5, 5], "texture": "#redstone_dark"},
				"east": {"uv": [2, 4, 2.45, 5], "texture": "#redstone_dark"},
				"south": {"uv": [4, 3, 4.5, 4], "texture": "#redstone_dark"},
				"west": {"uv": [2, 3, 2.45, 5], "texture": "#redstone_dark"},
				"up": {"uv": [3, 4, 3.5, 4.45], "texture": "#redstone_dark"},
				"down": {"uv": [4, 5, 4.5, 5.45], "texture": "#redstone_dark"}
			}
		},
		{
			"name": "RedstoneTop2",
			"from": [11.75, 17, 15.55],
			"to": [12.25, 18, 16],
			"faces": {
				"north": {"uv": [3, 4, 3.5, 5], "texture": "#redstone_dark"},
				"east": {"uv": [2, 2, 2.45, 3], "texture": "#redstone_dark"},
				"south": {"uv": [3, 4, 3.5, 5], "texture": "#redstone_dark"},
				"west": {"uv": [1, 3, 1.45, 4], "texture": "#redstone_dark"},
				"up": {"uv": [3, 3, 3.5, 3.45], "texture": "#redstone_dark"},
				"down": {"uv": [3, 4, 3.5, 4.45], "texture": "#redstone_dark"}
			}
		},
		{
			"name": "Holder",
			"from": [11.5, 0.25, 3],
			"to": [15.5, 1.25, 4],
			"rotation": {"angle": -45, "axis": "x", "origin": [8, 1, 0]},
			"faces": {
				"north": {"uv": [0, 0, 4, 1], "texture": "#1"},
				"east": {"uv": [0, 0, 1, 1], "texture": "#1"},
				"south": {"uv": [0, 0, 4, 1], "texture": "#1"},
				"west": {"uv": [0, 0, 1, 1], "texture": "#1"},
				"up": {"uv": [4, 4, 12, 6], "texture": "#1"},
				"down": {"uv": [0, 0, 4, 1], "texture": "#1"}
			}
		},
		{
			"name": "Holder",
			"from": [0.5, 0.25, 3],
			"to": [4.5, 1.25, 4],
			"rotation": {"angle": -45, "axis": "x", "origin": [8, 1, 0]},
			"faces": {
				"north": {"uv": [0, 0, 4, 1], "texture": "#1"},
				"east": {"uv": [0, 0, 1, 1], "texture": "#1"},
				"south": {"uv": [0, 0, 4, 1], "texture": "#1"},
				"west": {"uv": [0, 0, 1, 1], "texture": "#1"},
				"up": {"uv": [4, 4, 12, 6], "texture": "#1"},
				"down": {"uv": [0, 0, 4, 1], "texture": "#1"}
			}
		},
		{
			"name": "Holder",
			"from": [0.5, 0.25, 7],
			"to": [4.5, 1.25, 8],
			"rotation": {"angle": -45, "axis": "x", "origin": [8, 1, 0]},
			"faces": {
				"north": {"uv": [0, 0, 4, 1], "texture": "#1"},
				"east": {"uv": [0, 0, 1, 1], "texture": "#1"},
				"south": {"uv": [0, 0, 4, 1], "texture": "#1"},
				"west": {"uv": [0, 0, 1, 1], "texture": "#1"},
				"up": {"uv": [4, 4, 12, 6], "texture": "#1"},
				"down": {"uv": [0, 0, 4, 1], "texture": "#1"}
			}
		},
		{
			"name": "Holder",
			"from": [0.5, 0.25, 11],
			"to": [4.5, 1.25, 12],
			"rotation": {"angle": -45, "axis": "x", "origin": [8, 1, 0]},
			"faces": {
				"north": {"uv": [0, 0, 4, 1], "texture": "#1"},
				"east": {"uv": [0, 0, 1, 1], "texture": "#1"},
				"south": {"uv": [0, 0, 4, 1], "texture": "#1"},
				"west": {"uv": [0, 0, 1, 1], "texture": "#1"},
				"up": {"uv": [4, 4, 12, 6], "texture": "#1"},
				"down": {"uv": [0, 0, 4, 1], "texture": "#1"}
			}
		},
		{
			"name": "Holder",
			"from": [0.5, 0.25, 15],
			"to": [4.5, 1.25, 16],
			"rotation": {"angle": -45, "axis": "x", "origin": [8, 1, 0]},
			"faces": {
				"north": {"uv": [0, 0, 4, 1], "texture": "#1"},
				"east": {"uv": [0, 0, 1, 1], "texture": "#1"},
				"south": {"uv": [0, 0, 4, 1], "texture": "#1"},
				"west": {"uv": [0, 0, 1, 1], "texture": "#1"},
				"up": {"uv": [4, 4, 12, 6], "texture": "#1"},
				"down": {"uv": [0, 0, 4, 1], "texture": "#1"}
			}
		},
		{
			"name": "Holder",
			"from": [0.5, 0.25, 19],
			"to": [4.5, 1.25, 20],
			"rotation": {"angle": -45, "axis": "x", "origin": [8, 1, 0]},
			"faces": {
				"north": {"uv": [0, 0, 4, 1], "texture": "#1"},
				"east": {"uv": [0, 0, 1, 1], "texture": "#1"},
				"south": {"uv": [0, 0, 4, 1], "texture": "#1"},
				"west": {"uv": [0, 0, 1, 1], "texture": "#1"},
				"up": {"uv": [4, 4, 12, 6], "texture": "#1"},
				"down": {"uv": [0, 0, 4, 1], "texture": "#1"}
			}
		},
		{
			"name": "Holder",
			"from": [11.5, 0.25, 19],
			"to": [15.5, 1.25, 20],
			"rotation": {"angle": -45, "axis": "x", "origin": [8, 1, 0]},
			"faces": {
				"north": {"uv": [0, 0, 4, 1], "texture": "#1"},
				"east": {"uv": [0, 0, 1, 1], "texture": "#1"},
				"south": {"uv": [0, 0, 4, 1], "texture": "#1"},
				"west": {"uv": [0, 0, 1, 1], "texture": "#1"},
				"up": {"uv": [4, 4, 12, 6], "texture": "#1"},
				"down": {"uv": [0, 0, 4, 1], "texture": "#1"}
			}
		},
		{
			"name": "Holder",
			"from": [11.5, 0.25, 15],
			"to": [15.5, 1.25, 16],
			"rotation": {"angle": -45, "axis": "x", "origin": [8, 1, 0]},
			"faces": {
				"north": {"uv": [0, 0, 4, 1], "texture": "#1"},
				"east": {"uv": [0, 0, 1, 1], "texture": "#1"},
				"south": {"uv": [0, 0, 4, 1], "texture": "#1"},
				"west": {"uv": [0, 0, 1, 1], "texture": "#1"},
				"up": {"uv": [4, 4, 12, 6], "texture": "#1"},
				"down": {"uv": [0, 0, 4, 1], "texture": "#1"}
			}
		},
		{
			"name": "Holder",
			"from": [11.5, 0.25, 11],
			"to": [15.5, 1.25, 12],
			"rotation": {"angle": -45, "axis": "x", "origin": [8, 1, 0]},
			"faces": {
				"north": {"uv": [0, 0, 4, 1], "texture": "#1"},
				"east": {"uv": [0, 0, 1, 1], "texture": "#1"},
				"south": {"uv": [0, 0, 4, 1], "texture": "#1"},
				"west": {"uv": [0, 0, 1, 1], "texture": "#1"},
				"up": {"uv": [4, 4, 12, 6], "texture": "#1"},
				"down": {"uv": [0, 0, 4, 1], "texture": "#1"}
			}
		},
		{
			"name": "Holder",
			"from": [11.5, 0.25, 7],
			"to": [15.5, 1.25, 8],
			"rotation": {"angle": -45, "axis": "x", "origin": [8, 1, 0]},
			"faces": {
				"north": {"uv": [0, 0, 4, 1], "texture": "#1"},
				"east": {"uv": [0, 0, 1, 1], "texture": "#1"},
				"south": {"uv": [0, 0, 4, 1], "texture": "#1"},
				"west": {"uv": [0, 0, 1, 1], "texture": "#1"},
				"up": {"uv": [4, 4, 12, 6], "texture": "#1"},
				"down": {"uv": [0, 0, 4, 1], "texture": "#1"}
			}
		}
	],
	"display": {
		"thirdperson_righthand": {
			"rotation": [75, 315, 0],
			"translation": [0, 2.5, 0],
			"scale": [0.375, 0.375, 0.375]
		},
		"firstperson_righthand": {
			"rotation": [0, 315, 0],
			"translation": [0, 2.5, 0],
			"scale": [0.4, 0.4, 0.4]
		},
		"ground": {
			"translation": [0, 3, 0],
			"scale": [0.25, 0.25, 0.25]
		},
		"gui": {
			"rotation": [30, 45, 0],
			"scale": [0.625, 0.625, 0.625]
		},
		"head": {
			"rotation": [0, 180, 0]
		},
		"fixed": {
			"rotation": [0, 180, 0]
		}
	},
	"groups": [
		{
			"name": "Wood",
			"origin": [8, 1, 0],
			"children": [0, 1, 2, 3, 4]
		},
		{
			"name": "Rail",
			"origin": [7, 1, 0],
			"children": [5, 6, 7, 8, 9, 10, 11, 12, 13, 14, 15, 16]
		},
		{
			"name": "Holder",
			"origin": [8, 1, 0],
			"children": [17, 18, 19, 20, 21, 22, 23, 24, 25, 26]
		}
	]
}