{
	"credit": "Made by TheWaschtlPlays using Blockbench",
	"ambientocclusion": false,
	"textures": {
		"cauldron_side": "blocks/cauldron_side",
		"particle": "blocks/planks_oak",
		"oak_planks": "blocks/planks_oak"
	},
	"elements": [
		{
			"name": "Cube",
			"from": [2, 0, 15],
			"to": [4, 16, 16],
			"faces": {
				"north": {"uv": [8, 0, 10, 16], "texture": "#oak_planks"},
				"east": {"uv": [7, 0, 8, 16], "texture": "#oak_planks"},
				"south": {"uv": [8, 0, 10, 16], "texture": "#oak_planks", "cullface": "south"},
				"west": {"uv": [10, 0, 11, 16], "texture": "#oak_planks"},
				"up": {"uv": [8, 0, 10, 1], "texture": "#oak_planks", "cullface": "up"},
				"down": {"uv": [9, 15, 11, 16], "texture": "#oak_planks", "cullface": "down"}
			}
		},
		{
			"name": "Cube",
			"from": [12, 0, 15],
			"to": [14, 16, 16],
			"faces": {
				"north": {"uv": [2, 0, 4, 16], "texture": "#oak_planks"},
				"east": {"uv": [1, 0, 2, 16], "texture": "#oak_planks"},
				"south": {"uv": [2, 0, 4, 16], "texture": "#oak_planks", "cullface": "south"},
				"west": {"uv": [4, 0, 5, 16], "texture": "#oak_planks"},
				"up": {"uv": [2, 0, 4, 1], "texture": "#oak_planks", "cullface": "up"},
				"down": {"uv": [2, 15, 4, 16], "texture": "#oak_planks", "cullface": "down"}
			}
		},
		{
			"name": "Cube",
			"from": [1, 1, 14.5],
			"to": [15, 3, 15.5],
			"faces": {
				"north": {"uv": [1, 13, 15, 15], "texture": "#oak_planks"},
				"east": {"uv": [0, 13, 1, 15], "texture": "#oak_planks"},
				"south": {"uv": [1, 13, 15, 15], "texture": "#oak_planks", "cullface": "south"},
				"west": {"uv": [15, 13, 16, 15], "texture": "#oak_planks"},
				"up": {"uv": [1, 12, 15, 13], "texture": "#oak_planks"},
				"down": {"uv": [1, 15, 15, 16], "texture": "#oak_planks"}
			}
		},
		{
			"name": "Cube",
			"from": [1, 5, 14.5],
			"to": [15, 7, 15.5],
			"faces": {
				"north": {"uv": [1, 9, 15, 11], "texture": "#oak_planks"},
				"east": {"uv": [0, 9, 1, 11], "texture": "#oak_planks"},
				"south": {"uv": [1, 9, 15, 11], "texture": "#oak_planks", "cullface": "south"},
				"west": {"uv": [15, 9, 16, 11], "texture": "#oak_planks"},
				"up": {"uv": [1, 8, 15, 9], "texture": "#oak_planks"},
				"down": {"uv": [1, 11, 15, 12], "texture": "#oak_planks"}
			}
		},
		{
			"name": "Cube",
			"from": [1, 9, 14.5],
			"to": [15, 11, 15.5],
			"faces": {
				"north": {"uv": [1, 5, 15, 7], "texture": "#oak_planks"},
				"east": {"uv": [0, 5, 1, 7], "texture": "#oak_planks"},
				"south": {"uv": [1, 5, 15, 7], "texture": "#oak_planks", "cullface": "south"},
				"west": {"uv": [15, 5, 16, 7], "texture": "#oak_planks"},
				"up": {"uv": [1, 4, 15, 5], "texture": "#oak_planks"},
				"down": {"uv": [1, 7, 15, 8], "texture": "#oak_planks"}
			}
		},
		{
			"name": "Cube",
			"from": [1, 13, 14.5],
			"to": [15, 15, 15.5],
			"faces": {
				"north": {"uv": [1, 1, 15, 3], "texture": "#oak_planks"},
				"east": {"uv": [0, 1, 1, 3], "texture": "#oak_planks"},
				"south": {"uv": [1, 1, 15, 3], "texture": "#oak_planks", "cullface": "south"},
				"west": {"uv": [15, 1, 16, 3], "texture": "#oak_planks"},
				"up": {"uv": [1, 0, 15, 1], "texture": "#oak_planks"},
				"down": {"uv": [1, 3, 15, 4], "texture": "#oak_planks"}
			}
		},
		{
			"name": "nail",
			"from": [2.75, 1.75, 14.25],
			"to": [3.25, 2.25, 14.75],
			"faces": {
				"north": {"uv": [4, 2, 6, 4], "texture": "#cauldron_side"},
				"east": {"uv": [4, 4, 6, 6], "texture": "#cauldron_side"},
				"west": {"uv": [4, 4, 6, 6], "texture": "#cauldron_side"},
				"up": {"uv": [4, 4, 6, 6], "texture": "#cauldron_side"},
				"down": {"uv": [4, 4, 6, 6], "texture": "#cauldron_side"}
			}
		},
		{
			"name": "Cube",
			"from": [2.75, 5.75, 14.25],
			"to": [3.25, 6.25, 14.75],
			"faces": {
				"north": {"uv": [4, 2, 6, 4], "texture": "#cauldron_side"},
				"east": {"uv": [4, 4, 6, 6], "texture": "#cauldron_side"},
				"west": {"uv": [4, 4, 6, 6], "texture": "#cauldron_side"},
				"up": {"uv": [4, 4, 6, 6], "texture": "#cauldron_side"},
				"down": {"uv": [4, 4, 6, 6], "texture": "#cauldron_side"}
			}
		},
		{
			"name": "Cube",
			"from": [2.75, 9.75, 14.25],
			"to": [3.25, 10.25, 14.75],
			"faces": {
				"north": {"uv": [4, 2, 6, 4], "texture": "#cauldron_side"},
				"east": {"uv": [4, 4, 6, 6], "texture": "#cauldron_side"},
				"west": {"uv": [4, 4, 6, 6], "texture": "#cauldron_side"},
				"up": {"uv": [4, 4, 6, 6], "texture": "#cauldron_side"},
				"down": {"uv": [4, 4, 6, 6], "texture": "#cauldron_side"}
			}
		},
		{
			"name": "Cube",
			"from": [2.75, 13.75, 14.25],
			"to": [3.25, 14.25, 14.75],
			"faces": {
				"north": {"uv": [4, 2, 6, 4], "texture": "#cauldron_side"},
				"east": {"uv": [4, 4, 6, 6], "texture": "#cauldron_side"},
				"west": {"uv": [4, 4, 6, 6], "texture": "#cauldron_side"},
				"up": {"uv": [4, 4, 6, 6], "texture": "#cauldron_side"},
				"down": {"uv": [4, 4, 6, 6], "texture": "#cauldron_side"}
			}
		},
		{
			"name": "Cube",
			"from": [12.75, 13.75, 14.25],
			"to": [13.25, 14.25, 14.75],
			"faces": {
				"north": {"uv": [4, 2, 6, 4], "texture": "#cauldron_side"},
				"east": {"uv": [4, 4, 6, 6], "texture": "#cauldron_side"},
				"west": {"uv": [4, 4, 6, 6], "texture": "#cauldron_side"},
				"up": {"uv": [4, 4, 6, 6], "texture": "#cauldron_side"},
				"down": {"uv": [4, 4, 6, 6], "texture": "#cauldron_side"}
			}
		},
		{
			"name": "Cube",
			"from": [12.75, 9.75, 14.25],
			"to": [13.25, 10.25, 14.75],
			"faces": {
				"north": {"uv": [4, 2, 6, 4], "texture": "#cauldron_side"},
				"east": {"uv": [4, 4, 6, 6], "texture": "#cauldron_side"},
				"west": {"uv": [4, 4, 6, 6], "texture": "#cauldron_side"},
				"up": {"uv": [4, 4, 6, 6], "texture": "#cauldron_side"},
				"down": {"uv": [4, 4, 6, 6], "texture": "#cauldron_side"}
			}
		},
		{
			"name": "Cube",
			"from": [12.75, 5.75, 14.25],
			"to": [13.25, 6.25, 14.75],
			"faces": {
				"north": {"uv": [4, 2, 6, 4], "texture": "#cauldron_side"},
				"east": {"uv": [4, 4, 6, 6], "texture": "#cauldron_side"},
				"west": {"uv": [4, 4, 6, 6], "texture": "#cauldron_side"},
				"up": {"uv": [4, 4, 6, 6], "texture": "#cauldron_side"},
				"down": {"uv": [4, 4, 6, 6], "texture": "#cauldron_side"}
			}
		},
		{
			"name": "Cube",
			"from": [12.75, 1.75, 14.25],
			"to": [13.25, 2.25, 14.75],
			"faces": {
				"north": {"uv": [4, 2, 6, 4], "texture": "#cauldron_side"},
				"east": {"uv": [4, 4, 6, 6], "texture": "#cauldron_side"},
				"west": {"uv": [4, 4, 6, 6], "texture": "#cauldron_side"},
				"up": {"uv": [4, 4, 6, 6], "texture": "#cauldron_side"},
				"down": {"uv": [4, 4, 6, 6], "texture": "#cauldron_side"}
			}
		}
	],
	"display": {
		"thirdperson_righthand": {
			"rotation": [75, 315, 0],
			"translation": [0, 2.5, 0],
			"scale": [0.375, 0.375, 0.375]
		},
		"firstperson_righthand": {
			"rotation": [0, 315, 0],
			"translation": [0, 2.5, 0],
			"scale": [0.4, 0.4, 0.4]
		},
		"ground": {
			"translation": [0, 3, 0],
			"scale": [0.25, 0.25, 0.25]
		},
		"gui": {
			"rotation": [30, 45, 0],
			"scale": [0.625, 0.625, 0.625]
		},
		"head": {
			"rotation": [0, 180, 0]
		},
		"fixed": {
			"rotation": [0, 180, 0]
		}
	}
}