{
	"credit": "Made by TheWaschtlPlays using Blockbench",
	"ambientocclusion": false,
	"textures": {
		"0": "blocks/planks_oak",
		"2": "blocks/cauldron_side",
		"iron_block": "blocks/iron_block",
		"particle": "blocks/rail_normal"
	},
	"elements": [
		{
			"name": "Wood corner",
			"from": [15, 0, 15],
			"to": [16, 1, 16],
			"faces": {
				"east": {"uv": [5, 5, 6, 6], "texture": "#0", "cullface": "east"},
				"south": {"uv": [4, 5, 5, 6], "texture": "#0", "cullface": "south"},
				"up": {"uv": [5, 8, 6, 9], "texture": "#0"},
				"down": {"uv": [4, 0, 5, 1], "texture": "#0", "cullface": "down"}
			}
		},
		{
			"name": "Wood",
			"from": [13, 0, 0],
			"to": [15, 1, 16],
			"faces": {
				"north": {"uv": [0, 0, 2, 1], "texture": "#0", "cullface": "north"},
				"east": {"uv": [0, 0, 16, 1], "texture": "#0"},
				"south": {"uv": [0, 0, 2, 1], "texture": "#0", "cullface": "south"},
				"west": {"uv": [0, 0, 16, 1], "texture": "#0"},
				"up": {"uv": [0, 0, 2, 16], "texture": "#0"},
				"down": {"uv": [0, 0, 2, 16], "texture": "#0", "cullface": "down"}
			}
		},
		{
			"name": "Wood",
			"from": [13, 0, -0.25],
			"to": [15, 0.997, 15.75],
			"rotation": {"angle": 22.5, "axis": "y", "origin": [14, 0, 14]},
			"faces": {
				"north": {"uv": [0, 0, 2, 1], "texture": "#0"},
				"east": {"uv": [0, 0, 16, 1], "texture": "#0"},
				"south": {"uv": [0, 0, 2, 1], "texture": "#0"},
				"west": {"uv": [0, 0, 16, 1], "texture": "#0"},
				"up": {"uv": [0, 0, 2, 16], "texture": "#0"},
				"down": {"uv": [0, 0, 2, 16], "texture": "#0", "cullface": "down"}
			}
		},
		{
			"name": "Wood",
			"from": [-0.15, 0, 13],
			"to": [15.85, 0.998, 15],
			"rotation": {"angle": -45, "axis": "y", "origin": [14, 0, 14]},
			"faces": {
				"north": {"uv": [0, 0, 16, 1], "texture": "#0"},
				"east": {"uv": [0, 0, 2, 1], "texture": "#0"},
				"south": {"uv": [0, 0, 16, 1], "texture": "#0"},
				"west": {"uv": [0, 0, 2, 1], "texture": "#0"},
				"up": {"uv": [0, 0, 16, 2], "texture": "#0"},
				"down": {"uv": [0, 0, 16, 2], "texture": "#0", "cullface": "down"}
			}
		},
		{
			"name": "Wood",
			"from": [-0.25, 0, 13],
			"to": [15.75, 0.999, 15],
			"rotation": {"angle": -22.5, "axis": "y", "origin": [14, 0, 14]},
			"faces": {
				"north": {"uv": [0, 0, 16, 1], "texture": "#0"},
				"east": {"uv": [0, 0, 2, 1], "texture": "#0"},
				"south": {"uv": [0, 0, 16, 1], "texture": "#0"},
				"west": {"uv": [0, 0, 2, 1], "texture": "#0"},
				"up": {"uv": [0, 0, 16, 2], "texture": "#0"},
				"down": {"uv": [0, 0, 16, 2], "texture": "#0", "cullface": "down"}
			}
		},
		{
			"name": "Wood",
			"from": [0, 0, 13],
			"to": [16, 1, 15],
			"faces": {
				"north": {"uv": [0, 0, 16, 1], "texture": "#0"},
				"east": {"uv": [0, 0, 2, 1], "texture": "#0", "cullface": "east"},
				"south": {"uv": [0, 0, 16, 1], "texture": "#0"},
				"west": {"uv": [0, 0, 2, 1], "texture": "#0", "cullface": "west"},
				"up": {"uv": [0, 0, 16, 2], "texture": "#0"},
				"down": {"uv": [0, 0, 16, 2], "texture": "#0", "cullface": "down"}
			}
		},
		{
			"name": "Rail",
			"from": [1.5, 1, 11],
			"to": [3.5, 2, 16],
			"faces": {
				"east": {"uv": [2, 0, 7, 1], "texture": "#iron_block"},
				"south": {"uv": [14, 4, 16, 5], "texture": "#iron_block", "cullface": "south"},
				"west": {"uv": [6, 1, 11, 2], "texture": "#iron_block"},
				"up": {"uv": [14, 4, 16, 9], "texture": "#iron_block"},
				"down": {"uv": [14, 3, 16, 8], "texture": "#iron_block"}
			}
		},
		{
			"name": "Rail",
			"from": [2.3, 1, 6.35],
			"to": [4.3, 1.999, 11.25],
			"rotation": {"angle": -22.5, "axis": "y", "origin": [2.5, 1, 9]},
			"faces": {
				"north": {"uv": [0, 0, 2, 1], "texture": "#iron_block"},
				"east": {"uv": [0, 0, 5, 1], "texture": "#iron_block"},
				"south": {"uv": [0, 0, 2, 1], "texture": "#iron_block"},
				"west": {"uv": [2, 2, 7, 3], "texture": "#iron_block"},
				"up": {"uv": [14, 4, 16, 9], "texture": "#iron_block"},
				"down": {"uv": [14, 4, 16, 9], "texture": "#iron_block"}
			}
		},
		{
			"name": "Rail",
			"from": [3.3, 1, 4.65],
			"to": [7.8, 2, 6.65],
			"rotation": {"angle": 45, "axis": "y", "origin": [5.5, 2, 5.5]},
			"faces": {
				"north": {"uv": [2, 0, 7, 1], "texture": "#iron_block"},
				"east": {"uv": [0, 0, 2, 1], "texture": "#iron_block"},
				"south": {"uv": [3, 3, 8, 4], "texture": "#iron_block"},
				"west": {"uv": [0, 0, 2, 1], "texture": "#iron_block"},
				"up": {"uv": [4, 14, 9, 16], "texture": "#iron_block"},
				"down": {"uv": [8, 0, 13, 2], "texture": "#iron_block"}
			}
		},
		{
			"name": "Rail",
			"from": [6.35, 1, 2.3],
			"to": [11.25, 1.999, 4.3],
			"rotation": {"angle": 22.5, "axis": "y", "origin": [9, 1, 2.5]},
			"faces": {
				"north": {"uv": [0, 0, 5, 1], "texture": "#iron_block"},
				"east": {"uv": [0, 0, 2, 1], "texture": "#iron_block"},
				"south": {"uv": [3, 3, 8, 4], "texture": "#iron_block"},
				"west": {"uv": [0, 0, 2, 1], "texture": "#iron_block"},
				"up": {"uv": [5, 14, 10, 16], "texture": "#iron_block"},
				"down": {"uv": [6, 0, 11, 2], "texture": "#iron_block"}
			}
		},
		{
			"name": "Rail",
			"from": [11, 1, 1.5],
			"to": [16, 2, 3.5],
			"faces": {
				"north": {"uv": [1, 2, 6, 3], "texture": "#iron_block"},
				"east": {"uv": [0, 2, 2, 3], "texture": "#iron_block", "cullface": "east"},
				"south": {"uv": [3, 0, 8, 1], "texture": "#iron_block"},
				"up": {"uv": [14, 5, 16, 10], "rotation": 90, "texture": "#iron_block"},
				"down": {"uv": [0, 6, 2, 11], "rotation": 90, "texture": "#iron_block"}
			}
		},
		{
			"name": "Rail",
			"from": [14.5, 1, 12.5],
			"to": [16, 2, 14.5],
			"faces": {
				"north": {"uv": [3, 0, 4.5, 1], "texture": "#iron_block"},
				"east": {"uv": [0, 0, 2, 1], "texture": "#iron_block", "cullface": "east"},
				"south": {"uv": [3, 2, 4.5, 3], "texture": "#iron_block"},
				"west": {"uv": [4, 0, 6, 1], "texture": "#iron_block"},
				"up": {"uv": [0, 7, 2, 8.5], "rotation": 90, "texture": "#iron_block"},
				"down": {"uv": [14, 10, 16, 11.5], "texture": "#iron_block"}
			}
		},
		{
			"name": "Rail",
			"from": [12.6, 1, 13.3],
			"to": [15.4, 1.999, 15.3],
			"rotation": {"angle": 45, "axis": "y", "origin": [14, 1, 14]},
			"faces": {
				"north": {"uv": [10, 0, 13, 1], "texture": "#iron_block"},
				"south": {"uv": [3, 3, 6, 4], "texture": "#iron_block"},
				"up": {"uv": [11, 0, 13.8, 2.75], "texture": "#iron_block"},
				"down": {"uv": [6, 0, 8.8, 3], "texture": "#iron_block"}
			}
		},
		{
			"name": "Rail",
			"from": [12.5, 1, 14.5],
			"to": [14.5, 2, 16],
			"faces": {
				"north": {"uv": [3, 0, 5, 1], "texture": "#iron_block"},
				"east": {"uv": [2, 3, 3.5, 4], "texture": "#iron_block"},
				"south": {"uv": [0, 5, 2, 6], "texture": "#iron_block", "cullface": "south"},
				"west": {"uv": [3, 0, 4.5, 1], "texture": "#iron_block"},
				"up": {"uv": [0, 5, 2, 6.5], "texture": "#iron_block"},
				"down": {"uv": [0, 5, 2, 6.5], "texture": "#iron_block"}
			}
		},
		{
			"name": "Holder",
			"from": [0.5, 0.25, 13.5],
			"to": [4.5, 1.25, 14.5],
			"faces": {
				"north": {"uv": [3, 3, 11, 5], "texture": "#2"},
				"east": {"uv": [0, 0, 1, 1], "texture": "#2"},
				"south": {"uv": [0, 0, 4, 1], "texture": "#2"},
				"west": {"uv": [0, 0, 1, 1], "texture": "#2"},
				"up": {"uv": [4, 9, 12, 11], "texture": "#2"}
			}
		},
		{
			"name": "Holder",
			"from": [3.65, 0.25, 5],
			"to": [7.65, 1.25, 6],
			"rotation": {"angle": -45, "axis": "y", "origin": [5.5, 2, 5.5]},
			"faces": {
				"north": {"uv": [3, 3, 11, 5], "texture": "#2"},
				"east": {"uv": [0, 0, 1, 1], "texture": "#2"},
				"south": {"uv": [0, 0, 4, 1], "texture": "#2"},
				"west": {"uv": [0, 0, 1, 1], "texture": "#2"},
				"up": {"uv": [4, 9, 12, 11], "texture": "#2"}
			}
		},
		{
			"name": "Holder",
			"from": [13.5, 0.25, 0.5],
			"to": [14.5, 1.25, 4.5],
			"faces": {
				"north": {"uv": [0, 0, 1, 1], "texture": "#2"},
				"east": {"uv": [0, 0, 4, 1], "texture": "#2"},
				"south": {"uv": [0, 0, 1, 1], "texture": "#2"},
				"west": {"uv": [0, 0, 4, 1], "texture": "#2"},
				"up": {"uv": [5, 3, 7, 11], "texture": "#2"}
			}
		},
		{
			"name": "Holder",
			"from": [15.81, 0.25, 5],
			"to": [19.81, 1.25, 6],
			"rotation": {"angle": -45, "axis": "y", "origin": [5.5, 2, 5.5]},
			"faces": {
				"north": {"uv": [3, 3, 11, 5], "texture": "#2"},
				"east": {"uv": [0, 0, 1, 1], "texture": "#2"},
				"south": {"uv": [0, 0, 4, 1], "texture": "#2"},
				"west": {"uv": [0, 0, 1, 1], "texture": "#2"},
				"up": {"uv": [4, 9, 12, 11], "texture": "#2"}
			}
		},
		{
			"name": "Nail",
			"from": [3.875, 1.1, 13.875],
			"to": [4.125, 1.35, 14.125],
			"faces": {
				"north": {"uv": [3, 6, 7, 10], "texture": "#iron_block"},
				"east": {"uv": [3, 6, 7, 10], "texture": "#iron_block"},
				"south": {"uv": [3, 6, 7, 10], "texture": "#iron_block"},
				"west": {"uv": [3, 6, 7, 10], "texture": "#iron_block"},
				"up": {"uv": [3, 5, 7, 9], "texture": "#iron_block"}
			}
		},
		{
			"name": "Nail",
			"from": [0.875, 1.1, 13.875],
			"to": [1.125, 1.35, 14.125],
			"faces": {
				"north": {"uv": [3, 6, 7, 10], "texture": "#iron_block"},
				"east": {"uv": [3, 6, 7, 10], "texture": "#iron_block"},
				"south": {"uv": [3, 6, 7, 10], "texture": "#iron_block"},
				"west": {"uv": [3, 6, 7, 10], "texture": "#iron_block"},
				"up": {"uv": [3, 5, 7, 9], "texture": "#iron_block"}
			}
		},
		{
			"name": "Nail",
			"from": [13.875, 1.1, 3.875],
			"to": [14.125, 1.35, 4.125],
			"faces": {
				"north": {"uv": [3, 6, 7, 10], "texture": "#iron_block"},
				"east": {"uv": [3, 6, 7, 10], "texture": "#iron_block"},
				"south": {"uv": [3, 6, 7, 10], "texture": "#iron_block"},
				"west": {"uv": [3, 6, 7, 10], "texture": "#iron_block"},
				"up": {"uv": [3, 5, 7, 9], "texture": "#iron_block"}
			}
		},
		{
			"name": "Nail",
			"from": [21.45, 1.1, 0],
			"to": [21.7, 1.35, 0.25],
			"rotation": {"angle": -45, "axis": "y", "origin": [0.125, 0, 0.125]},
			"faces": {
				"north": {"uv": [3, 6, 7, 10], "texture": "#iron_block"},
				"east": {"uv": [3, 6, 7, 10], "texture": "#iron_block"},
				"south": {"uv": [3, 6, 7, 10], "texture": "#iron_block"},
				"west": {"uv": [3, 6, 7, 10], "texture": "#iron_block"},
				"up": {"uv": [3, 5, 7, 9], "texture": "#iron_block"}
			}
		},
		{
			"name": "Nail",
			"from": [18.45, 1.1, 0],
			"to": [18.7, 1.35, 0.25],
			"rotation": {"angle": -45, "axis": "y", "origin": [0.125, 0, 0.125]},
			"faces": {
				"north": {"uv": [3, 6, 7, 10], "texture": "#iron_block"},
				"east": {"uv": [3, 6, 7, 10], "texture": "#iron_block"},
				"south": {"uv": [3, 6, 7, 10], "texture": "#iron_block"},
				"west": {"uv": [3, 6, 7, 10], "texture": "#iron_block"},
				"up": {"uv": [3, 5, 7, 9], "texture": "#iron_block"}
			}
		},
		{
			"name": "Nail",
			"from": [9.25, 1.1, 0],
			"to": [9.5, 1.35, 0.25],
			"rotation": {"angle": -45, "axis": "y", "origin": [0.125, 0, 0.125]},
			"faces": {
				"north": {"uv": [3, 6, 7, 10], "texture": "#iron_block"},
				"east": {"uv": [3, 6, 7, 10], "texture": "#iron_block"},
				"south": {"uv": [3, 6, 7, 10], "texture": "#iron_block"},
				"west": {"uv": [3, 6, 7, 10], "texture": "#iron_block"},
				"up": {"uv": [3, 5, 7, 9], "texture": "#iron_block"}
			}
		},
		{
			"name": "Nail",
			"from": [6.25, 1.1, 0],
			"to": [6.5, 1.35, 0.25],
			"rotation": {"angle": -45, "axis": "y", "origin": [0.125, 0, 0.125]},
			"faces": {
				"north": {"uv": [3, 6, 7, 10], "texture": "#iron_block"},
				"east": {"uv": [3, 6, 7, 10], "texture": "#iron_block"},
				"south": {"uv": [3, 6, 7, 10], "texture": "#iron_block"},
				"west": {"uv": [3, 6, 7, 10], "texture": "#iron_block"},
				"up": {"uv": [3, 5, 7, 9], "texture": "#iron_block"}
			}
		},
		{
			"name": "Nail",
			"from": [13.875, 1.1, 0.875],
			"to": [14.125, 1.35, 1.125],
			"faces": {
				"north": {"uv": [3, 6, 7, 10], "texture": "#iron_block"},
				"east": {"uv": [3, 6, 7, 10], "texture": "#iron_block"},
				"south": {"uv": [3, 6, 7, 10], "texture": "#iron_block"},
				"west": {"uv": [3, 6, 7, 10], "texture": "#iron_block"},
				"up": {"uv": [3, 5, 7, 9], "texture": "#iron_block"}
			}
		}
	],
	"display": {
		"thirdperson_righthand": {
			"rotation": [75, 315, 0],
			"translation": [0, 2.5, 0],
			"scale": [0.375, 0.375, 0.375]
		},
		"firstperson_righthand": {
			"rotation": [0, 315, 0],
			"translation": [0, 2.5, 0],
			"scale": [0.4, 0.4, 0.4]
		},
		"ground": {
			"translation": [0, 3, 0],
			"scale": [0.25, 0.25, 0.25]
		},
		"gui": {
			"rotation": [30, 45, 0],
			"scale": [0.625, 0.625, 0.625]
		},
		"head": {
			"rotation": [0, 180, 0]
		},
		"fixed": {
			"rotation": [0, 180, 0]
		}
	},
	"groups": [
		{
			"name": "Wood",
			"origin": [8, 8, 8],
			"children": [0, 1, 2, 3, 4, 5]
		},
		{
			"name": "Rail",
			"origin": [8, 8, 8],
			"children": [6, 7, 8, 9, 10, 11, 12, 13]
		},
		{
			"name": "Holder",
			"origin": [5.5, 2, 5.5],
			"children": [14, 15, 16, 17]
		},
		{
			"name": "Nail",
			"origin": [8, 8, 8],
			"children": [18, 19, 20, 21, 22, 23, 24, 25]
		}
	]
}