{
	"credit": "Made by TheWaschtlPlays using Blockbench",
	"ambientocclusion": false,
	"textures": {
		"particle": "blocks/redstone_torch_off",
		"redstone_torch_off": "blocks/redstone_torch_off"
	},
	"elements": [
		{
			"name": "Cube",
			"from": [-1, 3.5, 7],
			"to": [1, 13.5, 9],
			"rotation": {"angle": -22.5, "axis": "z", "origin": [0, 3.5, 8]},
			"faces": {
				"north": {"uv": [7, 6, 9, 16], "texture": "#redstone_torch_off"},
				"east": {"uv": [7, 6, 9, 16], "texture": "#redstone_torch_off"},
				"south": {"uv": [7, 6, 9, 16], "texture": "#redstone_torch_off"},
				"west": {"uv": [7, 6, 9, 16], "texture": "#redstone_torch_off"},
				"down": {"uv": [7, 14, 9, 16], "texture": "#redstone_torch_off"}
			}
		},
		{
			"name": "Cube",
			"from": [-1.25, 11.25, 6.75],
			"to": [1.25, 13.75, 9.25],
			"rotation": {"angle": -22.5, "axis": "z", "origin": [0, 3.5, 8]},
			"faces": {
				"north": {"uv": [7, 6, 9, 8], "texture": "#redstone_torch_off"},
				"east": {"uv": [7, 6, 9, 8], "rotation": 90, "texture": "#redstone_torch_off"},
				"south": {"uv": [7, 6, 9, 8], "texture": "#redstone_torch_off"},
				"west": {"uv": [7, 6, 9, 8], "texture": "#redstone_torch_off"},
				"up": {"uv": [7, 6, 9, 8], "texture": "#redstone_torch_off"},
				"down": {"uv": [7, 6, 9, 8], "texture": "#redstone_torch_off"}
			}
		}
	],
	"display": {
		"thirdperson_righthand": {
			"rotation": [0, 315, 0],
			"translation": [0, 2.5, 1],
			"scale": [0.375, 0.375, 0.375]
		},
		"firstperson_righthand": {
			"rotation": [0, 315, 0],
			"translation": [0, 2.5, 0],
			"scale": [0.4, 0.4, 0.4]
		},
		"ground": {
			"translation": [0, 3, 0],
			"scale": [0.25, 0.25, 0.25]
		},
		"gui": {
			"rotation": [30, 45, 0],
			"translation": [0, 2, 0]
		},
		"head": {
			"rotation": [0, 180, 0]
		},
		"fixed": {
			"rotation": [0, 180, 0]
		}
	}
}