{
	"multipart":[
				{ "apply": [
							{ "model": "block/ores/lapis_ore/1_1", "y": 0 , "weight":	99	 },
							{ "model": "block/ores/lapis_ore/1_2", "y": 0 , "weight":	95	 },
							{ "model": "block/_placeholder", "y": 0 , "weight":	59	 }
							]
				},
				{ "apply": [
							{ "model": "block/ores/lapis_ore/2_1", "y": 0 , "weight":	97	 },
							{ "model": "block/ores/lapis_ore/2_2", "y": 0 , "weight":	92	 },
							{ "model": "block/_placeholder", "y": 0 , "weight":	59	 }
							]
				},
				{ "apply": [
							{ "model": "block/ores/lapis_ore/3_1", "y": 0 , "weight":	97	 },
							{ "model": "block/ores/lapis_ore/3_2", "y": 0 , "weight":	95	 },
							{ "model": "block/_placeholder", "y": 0 , "weight":	58	 }
							]
				},
				{ "apply": [
							{ "model": "block/ores/lapis_ore/4_1", "y": 0 , "weight":	95	 },
							{ "model": "block/ores/lapis_ore/4_2", "y": 0 , "weight":	92	 },
							{ "model": "block/_placeholder", "y": 0 , "weight":	51	 }
							]
				},
				{ "apply": [
							{ "model": "block/ores/lapis_ore/5_1", "y": 0 , "weight":	96	 },
							{ "model": "block/ores/lapis_ore/5_2", "y": 0 , "weight":	91	 },
							{ "model": "block/_placeholder", "y": 0 , "weight":	54	 }
							]
				},
				{ "apply": [
							{ "model": "block/ores/lapis_ore/6_1", "y": 0 , "weight":	95	 },
							{ "model": "block/ores/lapis_ore/6_2", "y": 0 , "weight":	91	 }
							]
				},
				{ "apply": [
							{ "model": "block/ores/lapis_ore/7_1", "y": 0 , "weight":	97	 },
							{ "model": "block/ores/lapis_ore/7_2", "y": 0 , "weight":	93	 },
							{ "model": "block/_placeholder", "y": 0 , "weight":	57	 }
							]
				},
				{ "apply": [
							{ "model": "block/ores/lapis_ore/8_2", "y": 0 , "weight":	98	 },
							{ "model": "block/_placeholder", "y": 0 , "weight":	52	 }
							]
				},
				{ "apply": [
							{ "model": "block/ores/lapis_ore/9_1", "y": 0 , "weight":	92	 },
							{ "model": "block/ores/lapis_ore/9_2", "y": 0 , "weight":	94	 },
							{ "model": "block/_placeholder", "y": 0 , "weight":	58	 }
							]
				},
				{ "apply": [
							{ "model": "block/ores/lapis_ore/10_1", "y": 0 , "weight":	94	 },
							{ "model": "block/ores/lapis_ore/10_2", "y": 0 , "weight":	96	 },
							{ "model": "block/_placeholder", "y": 0 , "weight":	51	 }
							]
				},
				{ "apply": [
							{ "model": "block/ores/lapis_ore/11_1", "y": 0 , "weight":	94	 },
							{ "model": "block/ores/lapis_ore/11_2", "y": 0 , "weight":	96	 }
							]
				},
				
				
				
				
				
				{ "apply": [
							{ "model": "block/ores/lapis_ore/1_1", "y": 90 , "weight":	95	 },
							{ "model": "block/ores/lapis_ore/1_2", "y": 90 , "weight":	93	 },
							{ "model": "block/_placeholder", "y": 90 , "weight":	59	 }
							]
				},
				{ "apply": [
							{ "model": "block/ores/lapis_ore/2_1", "y": 90 , "weight":	97	 },
							{ "model": "block/ores/lapis_ore/2_2", "y": 90 , "weight":	94	 },
							{ "model": "block/_placeholder", "y": 90 , "weight":	54	 }
							]
				},
				{ "apply": [
							{ "model": "block/ores/lapis_ore/3_1", "y": 90 , "weight":	97	 },
							{ "model": "block/ores/lapis_ore/3_2", "y": 90 , "weight":	96	 },
							{ "model": "block/_placeholder", "y": 90 , "weight":	54	 }
							]
				},
				{ "apply": [
							{ "model": "block/ores/lapis_ore/4_1", "y": 90 , "weight":	98	 },
							{ "model": "block/ores/lapis_ore/4_2", "y": 90 , "weight":	93	 },
							{ "model": "block/_placeholder", "y": 90 , "weight":	50	 }
							]
				},
				{ "apply": [
							{ "model": "block/ores/lapis_ore/5_1", "y": 90 , "weight":	95	 },
							{ "model": "block/ores/lapis_ore/5_2", "y": 90 , "weight":	98	 },
							{ "model": "block/_placeholder", "y": 90 , "weight":	56	 }
							]
				},
				{ "apply": [
							{ "model": "block/ores/lapis_ore/6_1", "y": 90 , "weight":	99	 },
							{ "model": "block/ores/lapis_ore/6_2", "y": 90 , "weight":	94	 }
							]
				},
				{ "apply": [
							{ "model": "block/ores/lapis_ore/7_1", "y": 90 , "weight":	97	 },
							{ "model": "block/ores/lapis_ore/7_2", "y": 90 , "weight":	97	 },
							{ "model": "block/_placeholder", "y": 90 , "weight":	52	 }
							]
				},
				{ "apply": [
							{ "model": "block/ores/lapis_ore/8_2", "y": 90 , "weight":	93	 },
							{ "model": "block/_placeholder", "y": 90 , "weight":	52	 }
							]
				},
				{ "apply": [
							{ "model": "block/ores/lapis_ore/9_1", "y": 90 , "weight":	94	 },
							{ "model": "block/ores/lapis_ore/9_2", "y": 90 , "weight":	97	 },
							{ "model": "block/_placeholder", "y": 90 , "weight":	55	 }
							]
				},
				{ "apply": [
							{ "model": "block/ores/lapis_ore/10_1", "y": 90 , "weight":	93	 },
							{ "model": "block/ores/lapis_ore/10_2", "y": 90 , "weight":	92	 },
							{ "model": "block/_placeholder", "y": 90 , "weight":	56	 }
							]
				},
				{ "apply": [
							{ "model": "block/ores/lapis_ore/11_1", "y": 90 , "weight":	94	 },
							{ "model": "block/ores/lapis_ore/11_2", "y": 90 , "weight":	96	 }
							]
				},
				
				
				
				{ "apply": [
							{ "model": "block/ores/lapis_ore/1_1", "y": 180 , "weight":	92	 },
							{ "model": "block/ores/lapis_ore/1_2", "y": 180 , "weight":	97	 },
							{ "model": "block/_placeholder", "y": 180 , "weight":	57	 }
							]
				},
				{ "apply": [
							{ "model": "block/ores/lapis_ore/2_1", "y": 180 , "weight":	92	 },
							{ "model": "block/ores/lapis_ore/2_2", "y": 180 , "weight":	96	 },
							{ "model": "block/_placeholder", "y": 180 , "weight":	52	 }
							]
				},
				{ "apply": [
							{ "model": "block/ores/lapis_ore/3_1", "y": 180 , "weight":	92	 },
							{ "model": "block/ores/lapis_ore/3_2", "y": 180 , "weight":	96	 },
							{ "model": "block/_placeholder", "y": 180 , "weight":	58	 }
							]
				},
				{ "apply": [
							{ "model": "block/ores/lapis_ore/4_1", "y": 180 , "weight":	95	 },
							{ "model": "block/ores/lapis_ore/4_2", "y": 180 , "weight":	92	 },
							{ "model": "block/_placeholder", "y": 180 , "weight":	57	 }
							]
				},
				{ "apply": [
							{ "model": "block/ores/lapis_ore/5_1", "y": 180 , "weight":	93	 },
							{ "model": "block/ores/lapis_ore/5_2", "y": 180 , "weight":	96	 },
							{ "model": "block/_placeholder", "y": 180 , "weight":	52	 }
							]
				},
				{ "apply": [
							{ "model": "block/ores/lapis_ore/6_1", "y": 180 , "weight":	92	 },
							{ "model": "block/ores/lapis_ore/6_2", "y": 180 , "weight":	96	 }
							]
				},
				{ "apply": [
							{ "model": "block/ores/lapis_ore/7_1", "y": 180 , "weight":	90	 },
							{ "model": "block/ores/lapis_ore/7_2", "y": 180 , "weight":	92	 },
							{ "model": "block/_placeholder", "y": 180 , "weight":	54	 }
							]
				},
				{ "apply": [
							{ "model": "block/ores/lapis_ore/8_2", "y": 180 , "weight":	96	 },
							{ "model": "block/_placeholder", "y": 180 , "weight":	54	 }
							]
				},
				{ "apply": [
							{ "model": "block/ores/lapis_ore/9_1", "y": 180 , "weight":	92	 },
							{ "model": "block/ores/lapis_ore/9_2", "y": 180 , "weight":	92	 },
							{ "model": "block/_placeholder", "y": 180 , "weight":	58	 }
							]
				},
				{ "apply": [
							{ "model": "block/ores/lapis_ore/10_1", "y": 180 , "weight":	97	 },
							{ "model": "block/ores/lapis_ore/10_2", "y": 180 , "weight":	93	 },
							{ "model": "block/_placeholder", "y": 180 , "weight":	55	 }
							]
				},
				{ "apply": [
							{ "model": "block/ores/lapis_ore/11_1", "y": 180 , "weight":	94	 },
							{ "model": "block/ores/lapis_ore/11_2", "y": 180 , "weight":	96	 }
							]
				},
				
				
				
				{ "apply": [
							{ "model": "block/ores/lapis_ore/1_1", "y": 270 , "weight":	92	 },
							{ "model": "block/ores/lapis_ore/1_2", "y": 270 , "weight":	95	 },
							{ "model": "block/_placeholder", "y": 270 , "weight":	52	 }
							]
				},
				{ "apply": [
							{ "model": "block/ores/lapis_ore/2_1", "y": 270 , "weight":	92	 },
							{ "model": "block/ores/lapis_ore/2_2", "y": 270 , "weight":	95	 },
							{ "model": "block/_placeholder", "y": 270 , "weight":	57	 }
							]
				},
				{ "apply": [
							{ "model": "block/ores/lapis_ore/3_1", "y": 270 , "weight":	93	 },
							{ "model": "block/ores/lapis_ore/3_2", "y": 270 , "weight":	96	 },
							{ "model": "block/_placeholder", "y": 270 , "weight":	50	 }
							]
				},
				{ "apply": [
							{ "model": "block/ores/lapis_ore/4_1", "y": 270 , "weight":	92	 },
							{ "model": "block/ores/lapis_ore/4_2", "y": 270 , "weight":	96	 },
							{ "model": "block/_placeholder", "y": 270 , "weight":	58	 }
							]
				},
				{ "apply": [
							{ "model": "block/ores/lapis_ore/5_1", "y": 270 , "weight":	92	 },
							{ "model": "block/ores/lapis_ore/5_2", "y": 270 , "weight":	96	 },
							{ "model": "block/_placeholder", "y": 270 , "weight":	56	 }
							]
				},
				{ "apply": [
							{ "model": "block/ores/lapis_ore/6_1", "y": 270 , "weight":	99	 },
							{ "model": "block/ores/lapis_ore/6_2", "y": 270 , "weight":	95	 }
							]
				},
				{ "apply": [
							{ "model": "block/ores/lapis_ore/7_1", "y": 270 , "weight":	92	 },
							{ "model": "block/ores/lapis_ore/7_2", "y": 270 , "weight":	95	 },
							{ "model": "block/_placeholder", "y": 270 , "weight":	53	 }
							]
				},
				{ "apply": [
							{ "model": "block/ores/lapis_ore/8_2", "y": 270 , "weight":	93	 },
							{ "model": "block/_placeholder", "y": 270 , "weight":	58	 }
							]
				},
				{ "apply": [
							{ "model": "block/ores/lapis_ore/9_1", "y": 270 , "weight":	93	 },
							{ "model": "block/ores/lapis_ore/9_2", "y": 270 , "weight":	96	 },
							{ "model": "block/_placeholder", "y": 270 , "weight":	52	 }
							]
				},
				{ "apply": [
							{ "model": "block/ores/lapis_ore/10_1", "y": 270 , "weight":	92	 },
							{ "model": "block/ores/lapis_ore/10_2", "y": 270 , "weight":	95	 },
							{ "model": "block/_placeholder", "y": 270 , "weight":	58	 }
							]
				},
				{ "apply": [
							{ "model": "block/ores/lapis_ore/11_1", "y": 270 , "weight":	94	 },
							{ "model": "block/ores/lapis_ore/11_2", "y": 270 , "weight":	96	 }
							]
				},
				
				
				
				{ "apply": [
							{ "model": "block/ores/lapis_ore/1_1", "x": 90 , "weight":	96	 },
							{ "model": "block/ores/lapis_ore/1_2", "x": 90 , "weight":	93	 },
							{ "model": "block/_placeholder", "x": 90 , "weight":	59	 }
							]
				},
				{ "apply": [
							{ "model": "block/ores/lapis_ore/2_1", "x": 90 , "weight":	94	 },
							{ "model": "block/ores/lapis_ore/2_2", "x": 90 , "weight":	92	 },
							{ "model": "block/_placeholder", "x": 90 , "weight":	51	 }
							]
				},
				{ "apply": [
							{ "model": "block/ores/lapis_ore/3_1", "x": 90 , "weight":	97	 },
							{ "model": "block/ores/lapis_ore/3_2", "x": 90 , "weight":	93	 },
							{ "model": "block/_placeholder", "x": 90 , "weight":	50	 }
							]
				},
				{ "apply": [
							{ "model": "block/ores/lapis_ore/4_1", "x": 90 , "weight":	92	 },
							{ "model": "block/ores/lapis_ore/4_2", "x": 90 , "weight":	95	 },
							{ "model": "block/_placeholder", "x": 90 , "weight":	52	 }
							]
				},
				{ "apply": [
							{ "model": "block/ores/lapis_ore/5_1", "x": 90 , "weight":	96	 },
							{ "model": "block/ores/lapis_ore/5_2", "x": 90 , "weight":	92	 },
							{ "model": "block/_placeholder", "x": 90 , "weight":	59	 }
							]
				},
				{ "apply": [
							{ "model": "block/ores/lapis_ore/6_1", "x": 90 , "weight":	91	 },
							{ "model": "block/ores/lapis_ore/6_2", "x": 90 , "weight":	96	 }
							]
				},
				{ "apply": [
							{ "model": "block/ores/lapis_ore/7_1", "x": 90 , "weight":	97	 },
							{ "model": "block/ores/lapis_ore/7_2", "x": 90 , "weight":	93	 },
							{ "model": "block/_placeholder", "x": 90 , "weight":	58	 }
							]
				},
				{ "apply": [
							{ "model": "block/ores/lapis_ore/8_2", "x": 90 , "weight":	98	 },
							{ "model": "block/_placeholder", "x": 90 , "weight":	59	 }
							]
				},
				{ "apply": [
							{ "model": "block/ores/lapis_ore/9_1", "x": 90 , "weight":	91	 },
							{ "model": "block/ores/lapis_ore/9_2", "x": 90 , "weight":	93	 },
							{ "model": "block/_placeholder", "x": 90 , "weight":	53	 }
							]
				},
				{ "apply": [
							{ "model": "block/ores/lapis_ore/10_1", "x": 90 , "weight":	91	 },
							{ "model": "block/ores/lapis_ore/10_2", "x": 90 , "weight":	99	 },
							{ "model": "block/_placeholder", "x": 90 , "weight":	53	 }
							]
				},
				{ "apply": [
							{ "model": "block/ores/lapis_ore/11_1", "x": 90 , "weight":	94	 },
							{ "model": "block/ores/lapis_ore/11_2", "x": 90 , "weight":	96	 }
							]
				},
				
				
				
				{ "apply": [
							{ "model": "block/ores/lapis_ore/1_1", "x": 270 , "weight":	92	 },
							{ "model": "block/ores/lapis_ore/1_2", "x": 270 , "weight":	98	 },
							{ "model": "block/_placeholder", "x": 270 , "weight":	59	 }
							]
				},
				{ "apply": [
							{ "model": "block/ores/lapis_ore/2_1", "x": 270 , "weight":	92	 },
							{ "model": "block/ores/lapis_ore/2_2", "x": 270 , "weight":	93	 },
							{ "model": "block/_placeholder", "x": 270 , "weight":	52	 }
							]
				},
				{ "apply": [
							{ "model": "block/ores/lapis_ore/3_1", "x": 270 , "weight":	98	 },
							{ "model": "block/ores/lapis_ore/3_2", "x": 270 , "weight":	93	 },
							{ "model": "block/_placeholder", "x": 270 , "weight":	53	 }
							]
				},
				{ "apply": [
							{ "model": "block/ores/lapis_ore/4_1", "x": 270 , "weight":	91	 },
							{ "model": "block/ores/lapis_ore/4_2", "x": 270 , "weight":	97	 },
							{ "model": "block/_placeholder", "x": 270 , "weight":	59	 }
							]
				},
				{ "apply": [
							{ "model": "block/ores/lapis_ore/5_1", "x": 270 , "weight":	95	 },
							{ "model": "block/ores/lapis_ore/5_2", "x": 270 , "weight":	97	 },
							{ "model": "block/_placeholder", "x": 270 , "weight":	50	 }
							]
				},
				{ "apply": [
							{ "model": "block/ores/lapis_ore/6_1", "x": 270 , "weight":	96	 },
							{ "model": "block/ores/lapis_ore/6_2", "x": 270 , "weight":	92	 }
							]
				},
				{ "apply": [
							{ "model": "block/ores/lapis_ore/7_1", "x": 270 , "weight":	91	 },
							{ "model": "block/ores/lapis_ore/7_2", "x": 270 , "weight":	98	 },
							{ "model": "block/_placeholder", "x": 270 , "weight":	58	 }
							]
				},
				{ "apply": [
							{ "model": "block/ores/lapis_ore/8_2", "x": 270 , "weight":	98	 },
							{ "model": "block/_placeholder", "x": 270 , "weight":	52	 }
							]
				},
				{ "apply": [
							{ "model": "block/ores/lapis_ore/9_1", "x": 270 , "weight":	91	 },
							{ "model": "block/ores/lapis_ore/9_2", "x": 270 , "weight":	91	 },
							{ "model": "block/_placeholder", "x": 270 , "weight":	56	 }
							]
				},
				{ "apply": [
							{ "model": "block/ores/lapis_ore/10_1", "x": 270 , "weight":	92	 },
							{ "model": "block/ores/lapis_ore/10_2", "x": 270 , "weight":	96	 },
							{ "model": "block/_placeholder", "x": 270 , "weight":	51	 }
							]
				},
				{ "apply": [
							{ "model": "block/ores/lapis_ore/11_1", "x": 270 , "weight":	94	 },
							{ "model": "block/ores/lapis_ore/11_2", "x": 270 , "weight":	96	 }
							]
				},
				{ "apply": { "model": "block/stone"}}
		
	]
}