{
	"credit": "Made by playtrix using Blockbench",
	"ambientocclusion": false,
	"textures": {
		"0": "#crop",
		"particle": "#crop"
	},
	"elements": [
		{
			"from": [4, -1, 11.25],
			"to": [20, 15, 11.25],
			"rotation": {"angle": -22.5, "axis": "y", "origin": [13, 8, 12]},
			"shade": false,
			"faces": {
				"north": {"uv": [0, 0, 16, 16], "texture": "#0"},
				"south": {"uv": [16, 0, 0, 16], "texture": "#0"}
			}
		},
		{
			"from": [12, -1, 3.25],
			"to": [12, 15, 19.25],
			"rotation": {"angle": -22.5, "axis": "y", "origin": [13, 8, 12]},
			"shade": false,
			"faces": {
				"east": {"uv": [16, 0, 0, 16], "texture": "#0"},
				"west": {"uv": [0, 0, 16, 16], "texture": "#0"}
			}
		}
	]
}