{
	"credit": "Made by playtrix with Blockbench",
	"textures": {
		"0": "blocks/bookshelf",
		"particle": "blocks/bookshelf"
	},
	"elements": [
		{
			"from": [4, 9, 0.2],
			"to": [5, 13, 1],
			"faces": {
				"north": {"uv": [14, 3, 15, 7], "texture": "#0", "cullface": "north"},
				"east": {"uv": [14, 3, 14.8, 7], "texture": "#0", "cullface": "north"},
				"west": {"uv": [14, 3, 14.8, 7], "texture": "#0", "cullface": "north"},
				"up": {"uv": [14, 3, 15, 3.8], "texture": "#0", "cullface": "north"}
			}
		} 
	],
	"groups": [
		{
			"name": "top",
			"origin": [8, 8, 8],
			"children": [
				{
					"name": "1414",
					"origin": [8, 8, 8],
					"children": [0, 1]
				}
			]
		}
	]
}