{
	"credit": "Made by TheWaschtlPlays using Blockbench",
	"textures": {
		"0": "blocks/bookshelf",
		"particle": "blocks/bookshelf"
	},
	"elements": [
		{
			"from": [1, 9, 0.5],
			"to": [2, 12, 1],
			"faces": {
				"north": {"uv": [6, 4, 7, 7], "texture": "#0", "cullface": "north"},
				"east": {"uv": [6, 4, 6.75, 7], "texture": "#0", "cullface": "north"},
				"up": {"uv": [6, 4, 7, 4.75], "texture": "#0", "cullface": "north"}
			}
		}
	],
	"groups": [
		{
			"name": "top",
			"origin": [8, 8, 8],
			"children": [
				{
					"name": "66",
					"origin": [8, 8, 8],
					"children": [0]
				}
			]
		}
	]
}