{
	"credit": "Made by TheWaschtlPlays using Blockbench",
	"ambientocclusion": false,
	"textures": {
		"2": "custom_textures/doors/acacia/acacia_door_side_0",
		"3": "custom_textures/doors/acacia/acacia_door_side_1",
		"particle": "custom_textures/doors/acacia/acacia_door_top_clean",
		"bottom": "custom_textures/doors/acacia/acacia_door_top_clean"
	},
	"elements": [
		{
			"name": "Cube",
			"from": [0, 13, 0],
			"to": [3, 16, 16],
			"faces": {
				"north": {"uv": [6, 0, 3, 3], "texture": "#3", "cullface": "north"},
				"east": {"uv": [0, 0, 16, 3], "texture": "#bottom"},
				"south": {"uv": [0, 0, 3, 3], "texture": "#3", "cullface": "south"},
				"west": {"uv": [16, 0, 0, 3], "texture": "#bottom", "cullface": "west"},
				"up": {"uv": [16, 0, 0, 3], "rotation": 90, "texture": "#2", "cullface": "up"},
				"down": {"uv": [16, 3, 0, 2], "rotation": 270, "texture": "#bottom"}
			}
		},
		{
			"name": "Cube",
			"from": [0, 0, 0],
			"to": [3, 1, 16],
			"faces": {
				"north": {"uv": [6, 15, 3, 16], "texture": "#3", "cullface": "north"},
				"east": {"uv": [0, 15, 16, 16], "texture": "#bottom"},
				"west": {"uv": [16, 15, 0, 16], "texture": "#bottom", "cullface": "west"},
				"up": {"uv": [16, 16, 0, 15], "rotation": 90, "texture": "#bottom"}
			}
		},
		{
			"name": "Cube",
			"from": [0, 1, 13],
			"to": [3, 13, 16],
			"faces": {
				"north": {"uv": [2, 3, 3, 15], "texture": "#bottom"},
				"east": {"uv": [0, 3, 3, 15], "texture": "#bottom"},
				"south": {"uv": [0, 3, 3, 15], "texture": "#3", "cullface": "south"},
				"west": {"uv": [3, 3, 0, 15], "texture": "#bottom", "cullface": "west"}
			}
		},
		{
			"name": "Cube",
			"from": [0.5, 1, 9],
			"to": [2.5, 13, 11],
			"faces": {
				"north": {"uv": [9, 3, 11, 15], "texture": "#bottom"},
				"east": {"uv": [5, 3, 7, 15], "texture": "#bottom"},
				"south": {"uv": [9, 3, 11, 15], "texture": "#bottom"},
				"west": {"uv": [7, 3, 5, 15], "texture": "#bottom", "cullface": "west"}
			}
		},
		{
			"name": "Cube",
			"from": [0.5, 1, 5],
			"to": [2.5, 13, 7],
			"faces": {
				"north": {"uv": [5, 3, 7, 15], "texture": "#bottom"},
				"east": {"uv": [9, 3, 11, 15], "texture": "#bottom"},
				"south": {"uv": [5, 3, 7, 15], "texture": "#bottom"},
				"west": {"uv": [11, 3, 9, 15], "texture": "#bottom", "cullface": "west"}
			}
		},
		{
			"name": "Cube",
			"from": [0, 1, 0],
			"to": [3, 13, 3],
			"faces": {
				"north": {"uv": [6, 3, 3, 15], "texture": "#3", "cullface": "north"},
				"east": {"uv": [13, 3, 16, 15], "texture": "#bottom"},
				"south": {"uv": [14, 3, 13, 15], "texture": "#bottom"},
				"west": {"uv": [16, 3, 13, 15], "texture": "#bottom", "cullface": "west"}
			}
		},
		{
			"name": "Hinge",
			"from": [-0.25, 9.75, 15],
			"to": [3.25, 12.25, 16.25],
			"rotation": {"angle": 0, "axis": "y", "origin": [7.75, 17.75, 8]},
			"faces": {
				"north": {"uv": [1, 4, 0, 6], "texture": "#bottom"},
				"east": {"uv": [1, 4, 0, 6], "texture": "#bottom"},
				"south": {"uv": [1, 4, 0, 6], "texture": "#bottom"},
				"west": {"uv": [1, 4, 0, 6], "texture": "#bottom"},
				"up": {"uv": [0, 5, 1, 4], "texture": "#bottom"},
				"down": {"uv": [0, 6, 1, 5], "texture": "#bottom"}
			}
		},
		{
			"from": [-0.75, 0, 1],
			"to": [-0.25, 1, 4],
			"rotation": {"angle": 0, "axis": "y", "origin": [1.5, 0.5, 14.5]},
			"faces": {
				"north": {"uv": [15, 14, 15.5, 15], "texture": "#2", "cullface": "west"},
				"east": {"uv": [13, 14, 16, 15], "texture": "#2", "cullface": "west"},
				"south": {"uv": [13, 14, 13.5, 15], "texture": "#2", "cullface": "west"},
				"west": {"uv": [13, 14, 16, 15], "rotation": 180, "texture": "#2", "cullface": "west"},
				"up": {"uv": [16, 14, 13, 14.5], "rotation": 90, "texture": "#2", "cullface": "west"},
				"down": {"uv": [13, 14, 16, 14.5], "rotation": 90, "texture": "#2", "cullface": "west"}
			}
		},
		{
			"from": [-0.75, -1, 1],
			"to": [-0.25, 0, 2],
			"rotation": {"angle": 0, "axis": "y", "origin": [1.5, 0.5, 14.5]},
			"faces": {
				"north": {"uv": [15, 15, 16, 16], "texture": "#2", "cullface": "west"},
				"east": {"uv": [15, 15, 16, 16], "texture": "#2", "cullface": "west"},
				"south": {"uv": [15, 15, 16, 16], "texture": "#2", "cullface": "west"},
				"west": {"uv": [15, 15, 16, 16], "texture": "#2", "cullface": "west"},
				"down": {"uv": [15, 15, 16, 16], "rotation": 180, "texture": "#2", "cullface": "west"}
			}
		},
		{
			"from": [3.25, 0, 1],
			"to": [3.75, 1, 4],
			"rotation": {"angle": 0, "axis": "y", "origin": [1.5, 0.5, 14.5]},
			"faces": {
				"north": {"uv": [15, 14, 15.5, 15], "texture": "#2"},
				"east": {"uv": [13, 14, 16, 15], "texture": "#2"},
				"south": {"uv": [13, 14, 13.5, 15], "texture": "#2"},
				"west": {"uv": [13, 14, 16, 15], "rotation": 180, "texture": "#2"},
				"up": {"uv": [13, 14, 16, 14.5], "rotation": 270, "texture": "#2"},
				"down": {"uv": [13, 14, 16, 14.5], "rotation": 90, "texture": "#2"}
			}
		},
		{
			"from": [3.25, -1, 1],
			"to": [3.75, 0, 2],
			"rotation": {"angle": 0, "axis": "y", "origin": [1.5, 0.5, 14.5]},
			"faces": {
				"north": {"uv": [15, 15, 16, 16], "texture": "#2"},
				"east": {"uv": [15, 15, 16, 16], "texture": "#2"},
				"south": {"uv": [15, 15, 16, 16], "texture": "#2"},
				"west": {"uv": [15, 15, 16, 16], "texture": "#2"},
				"down": {"uv": [15, 15, 16, 16], "rotation": 180, "texture": "#2"}
			}
		},
		{
			"from": [-0.25, 0.25, 1.25],
			"to": [3.25, 0.75, 1.75],
			"rotation": {"angle": 0, "axis": "y", "origin": [1.5, 0.5, 14.5]},
			"faces": {
				"north": {"uv": [13, 14, 13.5, 14.5], "texture": "#2"},
				"south": {"uv": [13, 14, 13.5, 14.5], "texture": "#2"},
				"up": {"uv": [13, 14, 13.5, 14.5], "rotation": 180, "texture": "#2"},
				"down": {"uv": [13, 14, 13.5, 14.5], "rotation": 180, "texture": "#2"}
			}
		}
	],
	"groups": [
		0,
		1,
		2,
		3,
		4,
		5,
		6,
		{
			"name": "Handle",
			"origin": [8, 8, 8],
			"color": 0,
			"children": [
				{
					"name": "HandleE",
					"origin": [8, 8, 8],
					"color": 0,
					"children": [7, 8]
				},
				{
					"name": "HandleW",
					"origin": [8, 8, 8],
					"color": 0,
					"children": [9, 10]
				},
				11
			]
		}
	]
}