{
	"credit": "Made by TheWaschtlPlays using Blockbench",
	"textures": {
		"5": "blocks/anvil_base",
		"6": "blocks/planks_spruce",
		"particle": "blocks/crafting_table_front"
	},
	"elements": [
		{
			"name": "drawer",
			"from": [2, 1.5, 0],
			"to": [6, 3.5, 1],
			"faces": {
				"north": {"uv": [0, 0, 4, 2], "texture": "#6", "cullface": "north"},
				"east": {"uv": [0, 0, 4, 2], "texture": "#6", "cullface": "north"},
				"west": {"uv": [0, 0, 4, 2], "texture": "#6", "cullface": "north"},
				"up": {"uv": [0, 0, 4, 2], "texture": "#6", "cullface": "north"},
				"down": {"uv": [0, 0, 4, 2], "texture": "#6", "cullface": "north"}
			}
		},
		{
			"name": "drawer",
			"from": [2, 5.5, 0],
			"to": [6, 7.5, 1],
			"faces": {
				"north": {"uv": [0, 0, 4, 2], "texture": "#6", "cullface": "north"},
				"east": {"uv": [0, 0, 4, 2], "texture": "#6", "cullface": "north"},
				"west": {"uv": [0, 0, 4, 2], "texture": "#6", "cullface": "north"},
				"up": {"uv": [0, 0, 4, 2], "texture": "#6", "cullface": "north"},
				"down": {"uv": [0, 0, 4, 2], "texture": "#6", "cullface": "north"}
			}
		},
		{
			"name": "drawer",
			"from": [2, 9.5, 0],
			"to": [6, 11.5, 1],
			"faces": {
				"north": {"uv": [0, 0, 4, 2], "texture": "#6", "cullface": "north"},
				"east": {"uv": [0, 0, 4, 2], "texture": "#6", "cullface": "north"},
				"west": {"uv": [0, 0, 4, 2], "texture": "#6", "cullface": "north"},
				"up": {"uv": [0, 0, 4, 2], "texture": "#6", "cullface": "north"},
				"down": {"uv": [0, 0, 4, 2], "texture": "#6", "cullface": "north"}
			}
		},
		{
			"name": "drawer",
			"from": [3, 2.5, -0.5],
			"to": [5, 3, 0.5],
			"faces": {
				"north": {"uv": [1, 0, 3, 0.5], "texture": "#5", "cullface": "north"},
				"east": {"uv": [1, 0, 3, 0.5], "texture": "#5", "cullface": "north"},
				"west": {"uv": [1, 0, 3, 0.5], "texture": "#5", "cullface": "north"},
				"up": {"uv": [1, 0, 3, 0.5], "texture": "#5", "cullface": "north"},
				"down": {"uv": [1, 0, 3, 0.5], "texture": "#5", "cullface": "north"}
			}
		},
		{
			"name": "drawer",
			"from": [3, 6.5, -0.5],
			"to": [5, 7, 0.5],
			"faces": {
				"north": {"uv": [1, 0, 3, 0.5], "texture": "#5", "cullface": "north"},
				"east": {"uv": [1, 0, 3, 0.5], "texture": "#5", "cullface": "north"},
				"west": {"uv": [1, 0, 3, 0.5], "texture": "#5", "cullface": "north"},
				"up": {"uv": [1, 0, 3, 0.5], "texture": "#5", "cullface": "north"},
				"down": {"uv": [1, 0, 3, 0.5], "texture": "#5", "cullface": "north"}
			}
		},
		{
			"name": "drawer",
			"from": [3, 10.5, -0.5],
			"to": [5, 11, 0.5],
			"faces": {
				"north": {"uv": [1, 0, 3, 0.5], "texture": "#5", "cullface": "north"},
				"east": {"uv": [1, 0, 3, 0.5], "texture": "#5", "cullface": "north"},
				"west": {"uv": [1, 0, 3, 0.5], "texture": "#5", "cullface": "north"},
				"up": {"uv": [1, 0, 3, 0.5], "texture": "#5", "cullface": "north"},
				"down": {"uv": [1, 0, 3, 0.5], "texture": "#5", "cullface": "north"}
			}
		}
	],
	"display": {
		"thirdperson_righthand": {
			"rotation": [75, 45, 0],
			"translation": [0, 2.5, 0],
			"scale": [0.375, 0.375, 0.375]
		},
		"thirdperson_lefthand": {
			"rotation": [75, 45, 0],
			"translation": [0, 2.5, 0],
			"scale": [0.375, 0.375, 0.375]
		},
		"firstperson_righthand": {
			"rotation": [0, 135, 0],
			"scale": [0.4, 0.4, 0.4]
		},
		"firstperson_lefthand": {
			"rotation": [0, 135, 0],
			"scale": [0.4, 0.4, 0.4]
		},
		"ground": {
			"translation": [0, 3, 0],
			"scale": [0.25, 0.25, 0.25]
		},
		"gui": {
			"rotation": [30, -135, 0],
			"scale": [0.625, 0.625, 0.625]
		},
		"fixed": {
			"scale": [0.5, 0.5, 0.5]
		}
	},
	"groups": [
		{
			"name": "Drawers",
			"origin": [8, 8, 8],
			"children": [0, 1, 2, 3, 4, 5]
		}
	]
}